reach_id,dry_season_year,observed_days,expected_days,complete_season,routed_unimpaired_streamflow_volume_m3,routed_pumped_streamflow_volume_m3,routed_streamflow_depletion_volume_m3,integrated_routed_impaired_streamflow_fraction_pct,integrated_routed_streamflow_depletion_fraction_pct,local_unimpaired_streamflow_volume_m3,local_streamflow_depletion_volume_m3,integrated_local_streamflow_depletion_fraction_pct,routed_streamflow_depletion_mean_m3d,routed_streamflow_depletion_maximum_m3d,routed_natural_zero_flow_days,routed_pumped_zero_flow_days,routed_pumped_near_zero_flow_days,pumping_created_near_zero_flow_days,fraction_defined_days,days_with_at_least_50pct_depletion,days_with_at_least_90pct_depletion,routed_unimpaired_streamflow_mean_m3d,routed_unimpaired_streamflow_median_m3d,routed_unimpaired_streamflow_minimum_m3d,routed_unimpaired_streamflow_p05_m3d,routed_unimpaired_streamflow_minimum_7day_mean_m3d,routed_unimpaired_streamflow_minimum_30day_mean_m3d,routed_pumped_streamflow_mean_m3d,routed_pumped_streamflow_median_m3d,routed_pumped_streamflow_minimum_m3d,routed_pumped_streamflow_p05_m3d,routed_pumped_streamflow_minimum_7day_mean_m3d,routed_pumped_streamflow_minimum_30day_mean_m3d,depletion_volume_rank_within_season,depletion_fraction_rank_within_season,downstream_reach_id,is_outlet_reach,stream_node_count,reach_length_m,incremental_area_m2,upstream_area_m2
1,2010,31,153,False,5700.133326050955,5317.209371098397,382.92395495255784,93.28219301112652,6.717806988873488,5700.133326050955,382.92395495255784,6.717806988873488,12.352385643630898,16.585341192105204,0,0,0,0,31,0,0,183.8752685822888,183.4915814221243,163.69154265884796,165.52584575866015,167.4653854100806,183.15433598551328,171.52288293865797,170.01693136575003,147.10620146674276,149.0952435713313,151.14028481651124,170.50655623437828,,,38.0,False,12,746.272418510985,421789.3896951097,421789.3896951097
2,2010,31,153,False,2.7470274006460967e-13,1.6147633868794863e-13,1.1322640137666104e-13,,,2.7470274006460967e-13,1.1322640137666104e-13,,3.652464560537453e-15,4.0726175075166183e-14,18,19,31,0,0,0,0,8.861378711761603e-15,0.0,0.0,0.0,1.6229559983663408e-15,7.889679483171607e-15,5.208914151224149e-15,0.0,0.0,0.0,0.0,4.457544145375772e-15,,,22.0,False,4,241.93580558405597,451917.20762117615,451917.20762117615
3,2010,31,153,False,5588.02212738206,5419.633704588892,168.38842279316762,96.9866185395358,3.01338146046419,5588.02212738206,168.38842279316762,3.01338146046419,5.431884606231214,7.576900748873641,0,0,0,0,31,0,0,180.25877830264707,179.83585481185165,158.3864424003943,160.45147716771717,162.55101235048798,179.4497945255341,174.8268936964159,174.11017559669784,150.80954165152065,153.0339020007836,155.301477595904,173.90949450527594,,,23.0,False,11,655.5258419543384,891281.1523157916,891281.1523157916
4,2010,31,153,False,659.8935961567325,537.2061722916163,122.68742386511622,81.40799901989404,18.592000980105965,659.8935961567325,122.68742386511622,18.592000980105965,3.9576588343585875,5.127962938160685,0,0,0,0,31,0,0,21.286890198604272,21.05872666306926,18.505846373302496,18.720521880410736,18.930949218370294,21.15929450930798,17.329231364245683,16.980413764512242,13.377883435141811,13.717028460583734,14.063119625936219,17.142376246363998,,,31.0,False,7,412.6236419737836,291235.53168042,291235.53168042
5,2010,31,153,False,3650.558993597233,3365.037336635353,285.5216569618796,92.17868667613205,7.821313323867935,3650.558993597233,285.5216569618796,7.821313323867935,9.210376031028375,12.141526542423819,0,0,0,0,31,0,0,117.7599675353946,117.07467309852856,103.45422727375534,104.62956634225006,105.83375400337313,117.19747205347389,108.54959150436623,106.94805865596985,91.31270073133152,92.70033239736566,94.1358100285183,107.79632704724888,,,32.0,False,12,683.5244610776874,399193.5287079231,399193.5287079231
6,2010,31,153,False,462.6886679533982,333.50429887192774,129.1843690814704,72.07963409761273,27.920365902387264,462.6886679533982,129.1843690814704,27.920365902387264,4.167237712305497,5.396161206743829,0,0,0,0,31,0,0,14.925440901722522,14.810501700030917,11.102994208987042,11.446759641631363,11.801032384697177,14.784182976272344,10.758203189417028,10.362630456381298,5.706833002243212,6.121762288026712,6.553992494625729,10.53557336239526,,,24.0,False,8,442.9416076497891,444385.2526979965,444385.2526979965
7,2010,31,153,False,1049.2855713336749,998.9383413128301,50.34723002084479,95.2017609508485,4.798239049151499,1049.2855713336749,50.34723002084479,4.798239049151499,1.6241041942207997,2.1471139829400947,0,0,0,0,31,0,0,33.84792165592499,33.8601171939037,30.14660316280518,30.514256313286708,30.883891721125348,33.726651091709115,32.22381746170419,32.09465399390933,27.999489179865087,28.396062001005618,28.79723468760032,32.06479059318153,,,26.0,False,3,191.9259536664315,266129.0193512085,266129.0193512085
8,2010,31,153,False,152.1134473820468,136.00450223540338,16.108945146643435,89.40991383478128,10.590086165218748,152.1134473820468,16.108945146643435,10.590086165218748,0.5196433918272076,0.6138249780989439,0,0,1,1,31,0,0,4.906885399420863,4.493999376081579,1.6090771758273434,1.8779068153741725,2.153762960173356,4.753894798688065,4.387242007593657,4.0153181262645905,0.9952521977283996,1.2758671828106403,1.5641183743416274,4.228780572058126,,,29.0,False,4,221.47080382426637,256086.4152742944,256086.4152742944
9,2010,31,153,False,933.6651485565383,856.827531936218,76.83761662032023,91.770324003299,8.229675996701008,933.6651485565383,76.83761662032023,8.229675996701008,2.4786327942038784,3.3504359037069307,0,0,0,0,31,0,0,30.118230598598004,30.039709423579744,26.676784594649703,26.991738970624912,27.315232499412073,29.99426209841674,27.63959780439413,27.338710108488616,23.326348690942773,23.680268989118566,24.05540401878717,27.45363096098226,,,24.0,False,16,926.2333821795478,728088.8290157933,728088.8290157933
10,2010,31,153,False,3578.6161084487776,3397.8242219871263,180.79188646165161,94.94799439272578,5.052005607274245,3578.6161084487776,180.79188646165161,5.052005607274245,5.831996337472633,7.17213354303837,0,0,0,0,31,0,0,115.43922930479928,114.94145267428665,101.38381345656758,102.6838568188093,104.00736849694954,114.9197652856921,109.60723296732665,108.99098627681383,94.21167991352921,95.56215910611961,96.92692728279778,109.0041261077404,,,23.0,False,3,191.73267478750427,286214.23091195483,286214.23091195483
11,2010,31,153,False,4521.021786762745,3924.5521225954903,596.4696641672557,86.80675094480458,13.193249055195436,4521.021786762745,596.4696641672557,13.193249055195436,19.24095690862115,26.577772333683583,0,0,0,0,31,0,0,145.83941247621763,144.9052675288549,120.72580088287248,122.99691082904997,125.37096684171625,144.89741015165518,126.59845556759647,124.51172620878516,94.1480285491889,96.65018462101159,99.39889739647502,125.21172423573914,,,34.0,False,46,2573.649529595932,1749923.8448572643,1749923.8448572643
12,2010,31,153,False,885.2646274911565,830.8453423885234,54.41928510263315,93.85276634661689,6.147233653383127,885.2646274911565,54.41928510263315,6.147233653383127,1.7554608097623596,2.421573383650504,0,0,0,0,31,0,0,28.556923467456652,28.617567428245522,27.281206936563578,27.424964437313847,27.56534754574549,28.521533771971928,26.8014626576943,26.806869688886806,24.859633552913074,25.055457027726987,25.250984151337637,26.737245724819296,,,21.0,False,5,250.04925958719105,283703.5808656616,283703.5808656616
13,2010,31,153,False,99.54855978523615,95.01262902020254,4.535930765033615,95.44349935868551,4.556500641314481,99.54855978523615,4.535930765033615,4.556500641314481,0.14632034725914886,0.18411342415485255,0,0,0,0,31,0,0,3.211243864039876,3.133651756485319,2.117403649731612,2.2033741750325335,2.295146249450449,3.165356379087086,3.0649235167807265,2.963545528323613,1.935379460284359,2.0203129886505504,2.1117075642691145,3.0145176500504443,,,22.0,False,1,50.00985191669315,263618.3671985846,263618.3671985846
14,2010,31,153,False,534.2596450380254,497.3323162540728,36.927328783952554,93.08813062582627,6.91186937417373,534.2596450380254,36.927328783952554,6.91186937417373,1.19120415432105,1.6332093070958802,0,0,0,0,31,0,0,17.23418209800082,17.242957409398628,15.50315552372101,15.678848560216036,15.854101451013625,17.1773576528201,16.042977943679766,15.981250459366539,13.869946216625129,14.074823229876781,14.281768349684848,15.962025632832711,,,25.0,False,3,171.26767302837195,286214.2295021044,286214.2295021044
15,2010,31,153,False,1382.074137852377,1316.6564362208271,65.41770163154987,95.26670097935533,4.733299020644673,1382.074137852377,65.41770163154987,4.733299020644673,2.1102484397274153,2.848271869816955,0,0,0,0,31,0,0,44.583036704915386,44.48244120531524,39.10071482490156,39.61289179644937,40.13549454204845,44.38821874936729,42.47278826518797,42.27873005388988,36.252442955084604,36.81752626455638,37.396882712016236,42.240616044180875,,,21.0,False,3,171.26767302837195,303788.7854001284,303788.7854001284
16,2010,31,153,False,709.5188763084346,662.2571033996214,47.261772908813114,93.33889844415245,6.661101555847539,709.5188763084346,47.261772908813114,6.661101555847539,1.5245733196391327,2.173208565785064,0,0,0,0,31,0,0,22.88770568736886,22.680131342353747,16.78356255598893,17.345055339969583,17.924891772270502,22.660613096330355,21.36313236772972,21.003010864194806,14.610353990203865,15.202987738978791,15.82293607686911,21.092673431133466,,,30.0,False,15,959.243210574303,728088.830096841,728088.830096841
17,2010,31,153,False,19658.85101704715,19163.068457115653,495.7825599314979,97.47806949906901,2.521930500931009,19658.85101704715,495.7825599314979,2.521930500931009,15.992985804241867,21.660605813667075,0,0,0,0,31,0,0,634.1564844208758,632.4210504130999,579.3121028002199,584.3614849626989,589.4943318114817,632.1329358536495,618.163498616634,615.3658711721544,557.6514969865528,563.1002109387181,568.6635699799516,615.8211890921455,,,35.0,False,31,1696.2663260597874,1323113.1465500633,1323113.1465500633
18,2010,31,153,False,2961.425677380814,2554.530013293513,406.89566408730036,86.26014263349087,13.73985736650912,2961.425677380814,406.89566408730036,13.73985736650912,13.125666583461301,18.17876918217955,0,0,0,0,31,0,0,95.52986056067141,95.37862576723522,85.27992705419743,86.2471317834582,87.23366795117397,95.1688840914899,82.40419397721013,81.42694683075062,67.10115787201788,68.36045678245432,69.65402021136278,81.75460243422896,,,39.0,False,7,496.02988004490794,396682.87857353204,396682.87857353204
19,2010,31,153,False,3107.1294337665663,2935.381074964123,171.74835880244333,94.47244273328374,5.527557266716251,3107.1294337665663,171.74835880244333,5.527557266716251,5.540269638788494,7.747902469585711,0,0,0,0,31,0,0,100.22998173440538,99.85815584290161,83.28102408363094,84.84683994643628,86.44907562954293,99.62025561926112,94.68971209561687,93.98221044105254,75.53312161404523,77.25013141081368,79.0150622893424,93.95911811759139,,,36.0,False,7,433.86175925048747,404214.83336243127,404214.83336243127
20,2010,31,153,False,1878.5906683819867,1831.4176194190632,47.17304896292354,97.48891284531115,2.511087154688853,1878.5906683819867,47.17304896292354,2.511087154688853,1.5217112568685012,2.1062638421799846,0,0,0,0,31,0,0,60.59969898006407,60.486643134049,55.80831062141408,56.251810010698904,56.70450365649237,60.42618282584292,59.07798772319558,58.892359441970854,53.702046779234095,54.175771057215236,54.67730162759983,58.874765202468815,,,28.0,False,5,270.9008191041778,409236.13807318325,409236.13807318325
21,2010,31,153,False,3340.913153711391,3096.896430142579,244.01672356881176,92.69610695214463,7.303893047855367,1073.5743883678574,124.1797368346287,11.566942931958138,7.871507211897153,10.97559840401324,0,0,0,0,31,0,0,107.77139205520616,107.59428167698786,96.24365557465347,97.33488270903466,98.44360798585933,107.365510993362,99.899884843309,99.29413261054711,85.26805717064023,86.57704410906962,87.9194580615456,99.33267019739381,,,27.0,False,11,654.5594475581136,394172.2247361882,981664.5910019783
22,2010,31,153,False,463.47387539264884,385.3394917516484,78.13438364100045,83.14157759705311,16.85842240294689,363.92531560741236,73.59845287596673,20.223504581737235,2.5204639884193694,3.327095751339251,0,0,0,0,31,0,0,14.950770173956414,14.719144790766467,10.600913590222866,10.957914113997166,11.336141264117842,14.777920620477195,12.430306185537045,11.952371218669011,7.273817838883615,7.655111062229572,8.055596119540393,12.196328585427034,,,25.0,False,16,925.2669877830901,394172.2269855382,1109707.801805299
23,2010,31,153,False,10151.125680566613,9696.963100135634,454.1625804309775,95.52598800642937,4.47401199357062,984.487444735774,104.98227117615808,10.663647539388805,14.650405820354115,19.71677040387101,0,0,0,0,31,0,0,327.455667115052,326.28840398502183,285.1710437877555,289.0946437761929,293.09600895820125,325.88551122977424,312.8052612946979,310.8648502162948,265.45427338388447,269.678047800059,273.98840738019277,310.9381962447782,,,37.0,False,8,483.6783322879794,173234.92754020586,1350730.3107679524
24,2010,31,153,False,1423.3410639278702,1157.5491373877967,265.79192654007335,81.3261955777071,18.673804422292896,26.98724741793392,59.76994083828271,221.4747577352539,8.573933114195915,11.469788966861557,0,0,0,0,31,0,0,45.914227868640985,45.695053709093486,38.388257338185895,39.06621144938699,39.764758329374274,45.63709479453568,37.34029475444506,36.36200988794778,26.918468371324337,27.73595270748728,28.59976152821999,36.85984198400713,,,26.0,False,8,546.0397319625324,170724.27853797673,1343198.3602517666
25,2010,31,153,False,1208.2322799310725,986.045399420572,222.18688051050034,81.61058231922294,18.389417680777054,210.49875950039822,107.12516808554734,50.8911160995914,7.167318726145172,10.050085754992597,0,0,0,0,31,0,0,38.97523483648621,38.445642087659856,26.531212071264235,27.60515227425777,28.724135512174037,38.496205791673965,31.807916110341033,30.584357093132414,16.481126316271638,17.685730970584366,18.949632763419213,31.13575090660491,,,33.0,False,16,967.7432223359499,401704.18460896594,1797626.2159163693
26,2010,31,153,False,2797.9178732646287,2435.693397336126,362.22447592850244,87.05378455208705,12.946215447912936,325.2912380030834,46.085319367584205,14.167402617572925,11.68466051382266,15.70697016414318,0,0,0,0,31,0,0,90.25541526660093,90.04492060494371,79.00521820308522,80.0522416867578,81.12201569317354,89.8557483275529,78.57075475277826,77.27124580777303,63.29824803894204,64.53898469023113,65.83526596867519,77.88404155446179,,,27.0,False,4,242.1290844629832,75319.5354052506,1684646.9150082257
27,2010,31,153,False,6273.638172278838,5646.561991814458,627.07618046438,90.00458484782841,9.995415152171592,134.8071453028187,20.83498096706594,15.45539809500758,20.22826388594774,27.63690092207449,0,0,0,0,31,0,0,202.37542491222058,201.96203168939093,179.2754712574887,181.4386415842839,183.64375005817277,201.5559803943408,182.14716102627284,180.13413034430644,151.63857033541422,154.22591148257118,156.90599683066324,180.85852583718014,,,28.0,False,8,504.91644956468326,82851.48632940903,2749162.992339613
28,2010,31,153,False,9346.950216500432,8619.138246320997,727.8119701794352,92.21337491565315,7.786625084346853,1194.7213758396076,53.562740752131816,4.483283034463984,23.4778054896592,32.01104889256757,0,0,0,0,31,0,0,301.51452311291723,300.8875275087961,271.9605946744954,274.7035834167207,277.50504224368467,300.4538873440784,278.03671762325797,275.6225397505874,239.9495457819278,243.17829674990358,246.5383276444156,276.44280441970216,,,29.0,False,6,341.762230538241,173234.92950894168,3331634.0599217378
29,2010,31,153,False,10140.5820604588,9381.685421569613,758.8966388891868,92.51624182552247,7.483758174477523,641.5183965763206,14.975723563107902,2.334418411542195,24.480536738360865,33.236875815706526,0,0,0,0,31,0,0,327.1155503373807,326.0638278696504,294.1589115333268,297.17811814836165,300.26348328309945,325.8969608601144,302.63501359901977,299.7903577006617,260.92203571762025,264.4434408223698,268.1053590831546,300.86675827654085,,,30.0,False,2,141.72282287053707,22595.86023219582,3610316.335428228
30,2010,31,153,False,11022.70054207321,10207.02909257268,815.6714495005274,92.60007612120874,7.3999238787912445,172.59960530597505,9.513037702527635,5.511621933122875,26.311982241952496,35.84656868979431,0,0,0,0,31,0,0,355.57098522816807,354.31112954885805,316.504259477614,320.0853940281387,323.75106788989376,354.12503673532893,329.2590029862155,326.0169189106225,280.6576907878197,284.77835867935323,289.06777050422943,327.2105170455314,,,31.0,False,1,70.86141143461126,5021.302404239921,4343426.467929309
31,2010,31,153,False,12726.730774847969,11652.08562780287,1074.6451470451013,91.55599999672393,8.444000003276088,1044.136636618029,136.28627367945785,13.052532484722567,34.66597248532585,47.305539200840656,0,0,0,0,31,0,0,410.5397024144507,408.9966860836491,368.0250091468156,371.87149460175164,375.80209222019226,408.9372334867667,375.8737299291248,371.80705884611683,320.71946994597494,325.33802099533415,330.1494053620328,373.4859694703227,,,32.0,False,8,483.8716111678379,138085.8141556785,4772747.813765408
32,2010,31,153,False,17323.314354166476,15900.612867859005,1422.7014863074708,91.78735975563883,8.212640244361166,946.0245857212703,62.53468230048967,6.610259737891677,45.89359633249906,62.07449607198697,0,0,0,0,31,0,0,558.8165920698863,556.4208335152939,498.35509522382165,503.69567329053007,509.15928722483307,556.511607528297,512.9229957373873,506.96150934936065,436.2805991518347,442.64226715865993,449.25820682225196,509.6038949094999,,,33.0,False,2,120.87126335196169,100426.0452376852,5272367.387711016
33,2010,31,153,False,24443.412793949734,22216.45490296407,2226.957890985668,90.88933321317192,9.110666786828096,5911.866159852192,582.069524167697,9.845783182991575,71.83735132211832,100.0133725165872,0,0,0,0,31,0,0,788.4971869016046,784.9997659774401,693.4452000302936,701.8461097245324,710.4862183555617,784.9023205284991,716.6598355794862,707.5756628084765,593.4318275137064,603.629166672117,614.2489185536108,711.3660911900272,,,34.0,False,21,1342.5152812697781,723067.5289204444,7793061.13254783
34,2010,31,153,False,29495.59167872497,26624.155074312846,2871.4366044121216,90.26486182854478,9.735138171455212,531.1570980124841,48.00904925919705,9.03857812290191,92.6269872391007,128.8391140870715,0,0,0,0,31,0,0,951.4706993137087,946.9983860147017,830.8310403758318,841.5385329295439,852.591015234674,946.9131180252294,858.843712074608,847.4676374476628,701.9919262887603,714.7655091411624,728.2152937771134,852.0947310746501,,,35.0,False,5,292.3322152595349,42681.06853455562,9585666.045939649
35,2010,31,153,False,49837.53757585182,46450.59759165701,3386.939984194806,93.20403826324694,6.7959617367530365,683.0948800796991,19.720819851186846,2.8869810660688815,109.2561285224131,151.42422087185741,0,0,0,0,31,0,0,1607.6625024468326,1601.4359652960657,1431.1475703581239,1447.0011428021496,1463.2849562033214,1601.0447260918531,1498.4063739244198,1484.1486033833198,1279.7233494862664,1298.0600294497408,1317.1906258791919,1489.2588622586436,,,36.0,False,2,120.87126335289301,17574.557946998793,10926353.75043671
36,2010,31,153,False,56187.02786853641,52447.702031000066,3739.3258375363466,93.34485916164594,6.655140838354066,3242.3608589180303,180.63749453909668,5.571171821984523,120.6234141140757,167.30140325713523,0,0,0,0,31,0,0,1812.4847699527875,1805.6970023694862,1610.764457137068,1628.9437159688218,1647.6079382977148,1804.9597899865325,1691.8613558387117,1676.2391280239192,1443.4630538799327,1464.4242118798788,1486.247889221695,1681.5470249700977,,,37.0,False,9,554.3464648439374,246043.8139298122,11576612.397728955
37,2010,31,153,False,74952.33049791378,70411.32524807968,4541.005249834092,93.94147557565206,6.058524424347935,8614.176948810747,347.51683186676877,4.034243015111805,146.48404031722876,202.4292524735506,0,0,0,0,31,0,0,2417.8171128359286,2409.1363445729758,2139.8905678048286,2165.1048119924353,2190.9644447756687,2407.507848541955,2271.3330725186993,2252.163599093181,1937.461315331278,1965.9126815055997,1995.422134570576,2257.670916207157,,,38.0,False,14,868.1100762587881,718046.2255687247,13645388.934065633
38,2010,31,153,False,89053.92483153207,83743.56288537667,5310.361946155401,94.03691419979378,5.96308580020621,8401.461007567343,386.4327413687496,4.599589773977203,171.30199826307745,236.47540520148323,0,0,0,0,31,0,0,2872.707252630067,2863.320012044537,2555.8325417497676,2584.642034830319,2614.235305787241,2861.013182886388,2701.405254366989,2679.6304442206474,2319.3571365482844,2351.8951429339695,2385.6073932011755,2685.788136220705,,,39.0,False,14,826.7935149833677,389150.92921974434,14456329.252980487
39,2010,31,153,False,93047.10823896162,87188.64071378537,5858.467525176251,93.70376185132947,6.296238148670519,1031.757730048739,141.20991493355018,13.686344266776619,188.98282339278228,260.3643505994346,0,0,0,0,31,0,0,3001.5196206116652,2991.9774689320443,2674.33456495798,2704.116235391329,2734.7012698069716,2989.462112535066,2812.536797218883,2789.47101749169,2413.9702143585455,2447.8295768047537,2482.905568248137,2796.1852102939793,,,,True,3,100.40626159310341,42681.0689361062,14895693.200490125
1,2011,153,153,True,49730.43373252779,38513.93155535066,11216.502177177128,77.44539643972456,22.55460356027543,49730.43373252779,11216.502177177128,22.55460356027543,73.31047174625574,92.38002503659439,0,0,0,0,153,0,0,325.0355145916849,295.3314646426122,164.89834376998698,174.09578115578526,168.31230175785214,183.90426305977098,251.72504284542916,207.1225240608408,116.06858521839845,121.43683644286045,118.20461384926524,125.62032024118301,15,13,38.0,False,12,746.272418510985,421789.3896951097,421789.3896951097
2,2011,153,153,True,1.146584363537503,1.2150548643333739e-12,1.1465843635362882,1.0597169322845307e-10,99.99999999989406,1.146584363537503,1.1465843635362882,99.99999999989406,0.007494015447949596,1.1250541365041933,71,81,153,1,1,1,1,0.007494015447957536,2.1094237467877974e-15,0.0,0.0,0.0,4.5805784956585926e-15,7.941535061002444e-15,0.0,0.0,0.0,0.0,5.850027935239964e-15,39,1,22.0,False,4,241.93580558405597,451917.20762117615,451917.20762117615
3,2011,153,153,True,45903.97180759575,41061.89370561579,4842.078101979971,89.45172299626861,10.548277003731407,45903.97180759575,4842.078101979971,10.548277003731407,31.647569293986734,42.03201554331312,0,0,0,0,153,0,0,300.0259595267696,265.5997930032805,134.87429801937668,144.04029856932323,138.39753566094663,153.32942137579315,268.3783902327829,225.02130815696535,110.18286828817908,117.56127375820489,113.10127684510896,124.62184770638699,23,36,23.0,False,11,655.5258419543384,891281.1523157916,891281.1523157916
4,2011,153,153,True,7802.473115802772,4758.530240909747,3043.942874893025,60.98746090226235,39.01253909773765,7802.473115802772,3043.942874893025,39.01253909773765,19.89505146988905,27.10877429133346,0,0,0,0,153,101,0,50.99655631243642,37.228525721498514,15.943200425781502,17.053095547001114,16.38142195497867,18.05828261085348,31.101504842547364,11.574433021979313,3.3797620029961495,4.202804285941611,3.7643688881956545,4.5483678750768,27,3,31.0,False,7,412.6236419737836,291235.53168042,291235.53168042
5,2011,153,153,True,33351.02633979426,27076.348678685674,6274.677661108588,81.18595332815387,18.81404667184613,33351.02633979426,6274.677661108588,18.81404667184613,41.01096510528489,58.44516553987552,0,0,0,0,153,0,0,217.9805643123808,185.1270225736029,96.5550328356671,102.10714846672951,98.71726074997365,107.84160647828793,176.9695992070959,133.41672220336633,70.5509119682069,73.87037508021498,71.7952436128832,77.22224611641695,20,22,32.0,False,12,683.5244610776874,399193.5287079231,399193.5287079231
6,2011,153,153,True,6254.874330002434,3934.7283290249366,2320.1460009774974,62.90659286552613,37.093407134473864,6254.874330002434,2320.1460009774974,37.093407134473864,15.164352947565343,21.719359242595054,0,36,51,51,153,99,54,40.88153156864336,27.09473249725388,7.356650998935863,8.093573769822312,7.644646889578104,9.269042114211826,25.717178621078016,9.609909337924151,0.0,0.0,0.0,1.4048022004923647e-14,28,4,24.0,False,8,442.9416076497891,444385.2526979965,444385.2526979965
7,2011,153,153,True,6980.2524305283605,5765.417550765713,1214.834879762647,82.59611823707796,17.40388176292203,6980.2524305283605,1214.834879762647,17.40388176292203,7.940097253350634,9.690132962227349,0,0,0,0,153,0,0,45.62256490541412,42.45263291429091,24.627745960565726,26.36821384371854,25.306832105958232,28.024641395334186,37.68246765206348,33.790122837605765,17.537614165738397,19.01690654977684,18.122276583363167,20.21803919488076,35,24,26.0,False,3,191.9259536664315,266129.0193512085,266129.0193512085
8,2011,153,153,True,4408.342952358325,3966.738373793032,441.60457856529274,89.98252669227905,10.017473307720946,4408.342952358325,441.60457856529274,10.017473307720946,2.886304435067273,4.566964048175333,12,23,31,12,134,20,6,28.812699035021733,20.871295839669404,0.0,0.0,0.0,0.8620420776844241,25.92639459995446,16.60338296816095,0.0,0.0,0.0,0.10008641484712463,37,37,29.0,False,4,221.47080382426637,256086.4152742944,256086.4152742944
9,2011,153,153,True,6595.206619086477,5059.353092675718,1535.8535264107607,76.71257907271607,23.28742092728395,6595.206619086477,1535.8535264107607,23.28742092728395,10.038258342553991,13.579614932828015,0,0,0,0,153,0,0,43.1059256149443,36.13558473236756,20.468887221091038,21.508578853077438,20.87116771768178,22.645972929369623,33.06766727239031,24.476850520807183,13.037212007592649,13.910828629855267,13.384874871376615,14.47401327495795,31,11,24.0,False,16,926.2333821795478,728088.8290157933,728088.8290157933
10,2011,153,153,True,28888.908947635366,25163.815616512897,3725.093331122474,87.10545511471322,12.894544885286791,28888.908947635366,3725.093331122474,12.894544885286791,24.347015236094602,32.56260390775765,0,0,0,0,153,0,0,188.81639835055793,171.68016343871068,89.9773055612935,95.63005802836723,92.19388329589084,101.44204986945846,164.46938311446337,140.7950763151021,69.94300433219293,75.25300448389244,72.0247779431756,80.19007017792394,26,33,23.0,False,3,191.73267478750427,286214.23091195483,286214.23091195483
11,2011,153,153,True,45100.946600862626,32741.08729198586,12359.85930887677,72.59512218610426,27.404877813895748,45100.946600862626,12359.85930887677,27.404877813895748,80.78339417566517,103.66989738900787,0,0,0,0,153,65,0,294.777428763808,236.15093134891288,92.90089670995044,100.96232457057812,95.97501303945289,110.32218087513589,213.99403458814288,136.06040277116884,35.69304274770242,41.43607835616723,37.989581015097876,45.63123586002591,14,8,34.0,False,46,2573.649529595932,1749923.8448572643,1749923.8448572643
12,2011,153,153,True,7129.098810232583,5726.147601348244,1402.9512088843367,80.32077761538883,19.679222384611133,7129.098810232583,1402.9512088843367,19.679222384611133,9.16961574434207,15.110706323914677,0,0,0,0,153,0,0,46.59541706034368,33.743509819411535,24.995543740392186,25.78012877879647,25.306010085331103,26.460990735145213,37.425801316001596,23.952908271118424,19.40898937682336,19.881596021082615,19.598037106175145,20.247081334449724,32,20,21.0,False,5,250.04925958719105,283703.5808656616,283703.5808656616
13,2011,153,153,True,1647.933126373871,1310.3306661095646,337.60246026430616,79.51358250761241,20.486417492387577,1647.933126373871,337.60246026430616,20.486417492387577,2.206552027871282,3.6429560421366762,0,0,27,21,147,0,0,10.77080474754164,6.358316761999453,0.8661171305057465,1.0710918634573963,0.9435313099122948,1.3296806084432906,8.564252719670357,3.9827891300365454,0.4719899368026339,0.5895064385551444,0.51638331725145,0.7336065181208238,38,18,22.0,False,1,50.00985191669315,263618.3671985846,263618.3671985846
14,2011,153,153,True,5201.310915034453,4343.526885815114,857.7840292193393,83.5083108233368,16.491689176663215,5201.310915034453,857.7840292193393,16.491689176663215,5.606431563525094,9.995383896337358,0,0,0,0,153,0,0,33.99549617669577,21.91710070038978,12.841555697440613,12.887396730178587,12.844310040402446,13.843041807836764,28.389064613170678,15.288684911514052,11.555781610473993,11.640045609781303,11.63302670710389,11.707304066597924,36,28,25.0,False,3,171.26767302837195,286214.2295021044,286214.2295021044
15,2011,153,153,True,10015.026868908597,8282.988056133567,1732.0388127750282,82.70559994050438,17.294400059495594,10015.026868908597,1732.0388127750282,17.294400059495594,11.320515116176654,14.496341519279682,0,0,0,0,153,0,0,65.45769195365096,59.80025253904433,31.463042325224762,33.81124999774206,32.37245556053585,36.04338468769853,54.13717683747429,47.280348417880575,22.49875431386632,24.383060611356647,23.23504633318506,26.168417835349718,30,26,21.0,False,3,171.26767302837195,303788.7854001284,303788.7854001284
16,2011,153,153,True,10993.46914517722,9746.31509744142,1247.154047735798,88.65550054067401,11.344499459325979,10993.46914517722,1247.154047735798,11.344499459325979,8.151333645332013,11.384140668398643,0,0,0,0,153,3,0,71.85273951096222,44.2166009652896,8.771228180955832,10.98066621010862,9.62486071630492,13.354860688340437,63.7014058656302,34.56746148971616,4.099465541225353,6.012247671346862,4.844986624557847,7.7803498250453815,34,35,30.0,False,15,959.243210574303,728088.830096841,728088.830096841
17,2011,153,153,True,152980.5407445605,142519.06874848437,10461.471996076147,93.16156685996802,6.838433140031976,152980.5407445605,10461.471996076147,6.838433140031976,68.375633961282,88.83504822515181,0,0,0,0,153,0,0,999.8728153239249,912.9883701087599,557.7073083555856,582.5493556178949,567.361366487136,607.2700073017537,931.4971813626429,827.0936142716901,504.9868702517027,527.21096284587,513.5870860132596,549.2468647447087,18,39,35.0,False,31,1696.2663260597874,1323113.1465500633,1323113.1465500633
18,2011,153,153,True,24896.463302297496,13850.10870258162,11046.354599715876,55.63082809960202,44.36917190039799,24896.463302297496,11046.354599715876,44.36917190039799,72.19839607657435,91.15223405950229,0,0,0,0,153,98,0,162.72198236795748,147.5662311098021,85.51968558736644,90.36397165299343,87.42348877213728,94.9929450071845,90.52358629138314,59.169335793547425,29.467845078054765,32.82976494941965,30.886860980144224,33.70203163019638,16,2,39.0,False,7,496.02988004490794,396682.87857353204,396682.87857353204
19,2011,153,153,True,28479.945691241945,24730.304895059176,3749.640796182767,86.83410131173163,13.16589868826837,28479.945691241945,3749.640796182767,13.16589868826837,24.507456184201093,30.945281695537716,0,0,0,0,153,0,0,186.14343589047022,165.32960165416134,71.77876233524046,79.03537280707518,74.60151482784181,86.37987367588329,161.63597970626913,137.51646537432725,51.06001917953397,57.561721176936366,53.60019333788352,63.70992094315311,25,32,36.0,False,7,433.86175925048747,404214.83336243127,404214.83336243127
20,2011,153,153,True,15613.76434744382,14247.488514967237,1366.2758324765794,91.24954237765053,8.750457622349455,15613.76434744382,1366.2758324765794,8.750457622349455,8.929907401807709,12.871069353791157,0,0,0,0,153,0,0,102.05074736891385,78.96599547792067,51.84728081008722,53.21566778689399,52.37967652004073,54.96042259061214,93.12083996710612,68.47877497731149,46.21844612601527,47.414009718415784,46.68890842894611,48.501890858621856,33,38,28.0,False,5,270.9008191041778,409236.13807318325,409236.13807318325
21,2011,153,153,True,28187.61288272972,22093.940100349086,6093.672782380636,78.38173524046738,21.618264759532618,11043.487203588546,2958.6827607212717,26.791200154239842,39.827926682226376,55.38167578037914,0,0,0,0,153,0,0,184.23276393940995,146.1396660446924,81.24994887966483,86.30539305997657,83.2193594314429,91.1490711751758,144.40483725718357,102.08199529680874,53.600078401280335,56.5510133395737,54.77274436688525,59.51849276407089,21,15,27.0,False,11,654.5594475581136,394172.2247361882,981664.5910019783
22,2011,153,153,True,7383.089745002893,5164.699025798134,2218.390719204759,69.95308474062318,30.046915259376817,5734.010034265485,1879.641674576917,32.78057874584266,14.499285746436334,20.99363399503813,0,13,42,42,153,94,44,48.25548852943068,26.69051697234579,5.030191993282691,5.920880957040724,5.368255612726339,7.011679251861337,33.75620278299434,9.556810933529366,0.0,0.0,0.0,0.1300443354739799,29,6,25.0,False,16,925.2669877830901,394172.2269855382,1109707.801805299
23,2011,153,153,True,86382.34901676964,75665.13350383652,10717.215512933139,87.59328076288762,12.406719237112407,11589.468261538528,2150.0440798306945,18.551706008514245,70.04716021524928,93.29770679883399,0,0,0,0,153,0,0,564.5905164494748,496.95930650763586,245.16068317781543,262.3487619515921,251.81691790350075,279.9774300836534,494.54335623422566,407.8627657737802,189.60002856663766,204.18626219318458,195.34747443005458,217.67413367376682,17,34,37.0,False,8,483.6783322879794,173234.92754020586,1350730.3107679524
24,2011,153,153,True,14111.570098834452,9288.141492875868,4823.428605958583,65.81933426134505,34.180665738654945,1261.4891497455394,967.4290785703246,76.6894490345374,31.525677163127995,44.09366045693868,0,0,0,0,153,96,0,92.23248430610754,65.40364828715497,28.19785699323574,30.0257193616152,28.907554999059197,32.40293379955395,60.70680714297953,27.88831917696087,8.886964129491151,9.993932891113605,9.366066819277773,10.589720119141672,24,5,26.0,False,8,546.0397319625324,170724.27853797673,1343198.3602517666
25,2011,153,153,True,21775.532893584266,16273.14274442937,5502.390149154894,74.73131805295075,25.268681947049227,9191.13223354692,2426.2154007307963,26.39735061013809,35.96333430820192,51.30284456705638,0,2,15,15,153,79,35,142.32374440251155,85.64918743530097,13.14044750299307,16.28469016395445,14.3294005459483,20.797008477391362,106.3604100943096,40.722272332347,0.0,6.561862164744527e-13,4.128760825291725e-13,1.148878635627532,22,10,33.0,False,16,967.7432223359499,401704.18460896594,1797626.2159163693
26,2011,153,153,True,23154.040401134025,16267.1477407243,6886.892660409723,70.25619485369637,29.74380514630363,2062.217871771214,848.6291746884942,41.151286016138386,45.01237032947532,59.82281792684735,0,0,0,0,153,40,0,151.33359739303285,119.23177846244882,63.27991475343061,66.8505216524488,64.66953970780614,70.88763034358875,106.32122706355752,65.98519914777386,35.34706364986797,37.2055237408329,36.231193154646306,38.323767188290525,19,7,27.0,False,4,242.1290844629832,75319.5354052506,1684646.9150082257
27,2011,153,153,True,52783.851939397115,39373.674788497665,13410.177150899444,74.59416723452445,25.405832765475534,1442.1986555333644,429.61170810908345,29.788663750362556,87.64821667254539,118.04710821434142,0,0,0,0,153,0,0,344.9924963359289,271.4024575031814,148.2849132717945,156.99322045485462,151.67524345375656,165.97361225993237,257.3442796633834,170.32273394113537,91.26959505142156,96.37889035913915,93.32041424102509,99.95764143779039,13,9,28.0,False,8,504.91644956468326,82851.48632940903,2749162.992339613
28,2011,153,153,True,76373.28270784285,60543.47571260865,15829.80699523422,79.27310908477078,20.726890915229234,7975.66642100193,1053.3540118581966,13.207097140929205,103.46279081852431,139.1312214748612,0,0,0,0,153,0,0,499.1717824042017,396.94035397392514,235.46274668029756,246.14929628655568,239.61983479401533,257.47547467661246,395.70899158567744,276.1751501534411,169.14554925685442,175.69004042793415,171.76385627842095,180.41107803428505,12,17,29.0,False,6,341.762230538241,173234.92950894168,3331634.0599217378
29,2011,153,153,True,84222.72368356057,67701.53096539834,16521.192718162238,80.38392491290685,19.61607508709316,3441.098023359389,249.78114436272466,7.258762832884213,107.98165175269436,145.80621009081023,0,0,0,0,153,0,0,550.4753181932064,439.3416087842535,255.67287395351894,266.56131868967003,259.90419007484314,278.83594731513557,442.493666440512,312.11153918275363,188.28402143707342,194.9895242070266,190.96526253642762,199.92017609622943,11,21,30.0,False,2,141.72282287053707,22595.86023219582,3610316.335428228
30,2011,153,153,True,96080.29616236102,78150.03027909105,17930.26588326996,81.33824873627516,18.661751263724824,864.1033336232115,161.91911737192336,18.7383974892206,117.1912802828102,158.4798136525148,0,0,0,0,153,0,0,627.9757919108563,489.1497541825374,270.00094951765516,283.09992843843446,275.0863100570121,297.750192864849,510.78451162804606,350.8272512393015,197.318265478874,205.8990205896069,200.73200910731364,212.49553948746077,10,23,31.0,False,1,70.86141143461126,5021.302404239921,4343426.467929309
31,2011,153,153,True,110049.92449433822,86630.97204515702,23418.95244918121,78.71970148386058,21.28029851613942,6167.155216174444,2444.7436910182264,39.641351730640054,153.0650486874589,208.31926787186887,0,0,0,0,153,0,0,719.2805522505766,563.2952932790765,318.3876333576444,332.7453846395372,323.96738432299435,348.5917290659608,566.2155035631177,377.62818586840257,224.47215702337294,233.02615860498602,227.9148058398389,238.36822961522225,9,16,32.0,False,8,483.8716111678379,138085.8141556785,4772747.813765408
32,2011,153,153,True,151201.40611288772,120229.55813673166,30971.84797615607,79.5161640540351,20.483835945964902,7800.455278755252,1278.21786586627,16.386452074759408,202.43037892912463,277.75979826101184,0,0,0,0,153,0,0,988.244484397959,795.6254822593024,439.6929563064391,461.0767264149805,448.00706501303137,484.20454068476226,785.8141054688344,547.4694995563282,314.0908542549653,327.199879981794,319.2639734025537,336.9571383443481,8,19,33.0,False,2,120.87126335196169,100426.0452376852,5272367.387711016
33,2011,153,153,True,222837.3915141394,174518.3279105168,48319.063603622606,78.31644712976427,21.68355287023573,49860.4525076674,11844.825478311648,23.755952628970192,315.81087322629156,421.12433490438934,0,0,0,0,153,0,0,1456.4535393081005,1160.1237250956929,604.6766140472906,638.2346637849827,617.686720877163,675.1809390548589,1140.642666081809,772.9643381681999,407.53982776678856,425.16643970890766,414.55625862665204,438.7843610126081,7,14,34.0,False,21,1342.5152812697781,723067.5289204444,7793061.13254783
34,2011,153,153,True,271340.55013669044,209919.18565986145,61421.36447682899,77.36373555449512,22.636264445504874,3402.212021688398,742.441564329604,21.82231911464343,401.4468266459411,531.3344856006286,0,0,0,0,153,0,0,1773.467647952225,1415.971954504605,713.9338098407418,755.6734893330487,730.0632882376694,802.1362312005056,1372.020821306284,922.5996120496638,456.25305041380113,479.59881727434987,465.56132306611704,497.19507176995006,6,12,35.0,False,5,292.3322152595349,42681.06853455562,9585666.045939649
35,2011,153,153,True,428571.87674942147,356327.3669868438,72244.50976257768,83.14296535028645,16.857034649713565,4250.78586817054,361.6732896725433,8.508386469916463,472.1863383175012,623.2018734416779,0,0,0,0,153,0,0,2801.1233774471993,2356.1129237932946,1292.6442366856636,1359.71514293434,1318.618852748801,1431.3784178272913,2328.937039129698,1773.8482752793643,980.1338943430762,1026.140678178085,998.2148624588343,1066.112883909579,5,27,36.0,False,2,120.87126335289301,17574.557946998793,10926353.75043671
36,2011,153,153,True,483384.41865925095,403678.0136138627,79706.40504538832,83.5107624555902,16.489237544409814,26332.596218587543,3712.254486627874,14.097563551320029,520.9568957214923,686.2113537487121,0,0,0,0,153,0,0,3159.3752853545816,2671.05970669133,1458.2997497088693,1536.2467741584608,1488.5067853105159,1618.8865284209144,2638.4183896330896,2029.8868479095956,1108.5305356495915,1162.580578191954,1129.7669231805862,1210.904923892635,4,29,37.0,False,9,554.3464648439374,246043.8139298122,11576612.397728955
37,2011,153,153,True,641772.4328121077,540589.6253522324,101182.80745987533,84.23384952567778,15.766150474322213,72005.66513608705,10759.186901553869,14.942139456971272,661.3255389534336,863.6154791068811,0,0,0,0,153,0,0,4194.591064131423,3596.2174076672427,1925.3189629626602,2034.9692006233608,1967.816571191944,2150.186296162639,3533.2655251779893,2779.976331855577,1474.7260336791305,1554.3659446995662,1505.9889138211133,1626.8614791042587,3,31,38.0,False,14,868.1100762587881,718046.2255687247,13645388.934065633
38,2011,153,153,True,752398.0297281744,629492.7756742064,122905.25405396808,83.66486232049664,16.335137679503383,60895.163183539,10505.94441691562,17.25251049126929,803.3023140782227,1045.281547549745,0,0,0,0,153,0,0,4917.634181229898,4266.14549573265,2343.6729463772363,2471.6053414175235,2393.1304573843818,2605.561241723347,4114.331867151676,3279.2049465079194,1794.0221554045975,1885.9587144118066,1830.1574934449177,1968.269848332708,2,30,39.0,False,14,826.7935149833677,389150.92921974434,14456329.252980487
39,2011,153,153,True,782474.9020531933,646372.4964624521,136102.40559074114,82.60616343941356,17.393836560586422,5180.409022721318,2150.7969370571777,41.51789805831478,889.5582064754323,1156.3739338392033,0,0,0,0,153,0,0,5114.2150460993025,4447.28550743422,2462.390430328291,2595.186178286477,2513.75909655694,2733.7920165189444,4224.65683962387,3353.685401890426,1852.5091335888899,1945.5334371355323,1889.1209119356267,2027.264532974556,1,25,,True,3,100.40626159310341,42681.0689361062,14895693.200490125
1,2012,153,153,True,37963.79713958778,26687.75751251394,11276.039627073846,70.29791412694215,29.702085873057854,37963.79713958778,11276.039627073846,29.702085873057854,73.69960540571141,96.97827922073037,0,0,0,0,153,0,0,248.1293930692012,227.38460073327678,132.02968127391378,138.0613981504951,134.35079366077926,144.85290191810034,174.4297876634898,136.31436270308768,82.96419946160185,86.98709114775988,84.57030019816993,89.75805821475896,16,5,38.0,False,12,746.272418510985,421789.3896951097,421789.3896951097
2,2012,153,153,True,283.97261527527587,152.87026796642928,131.1023473088466,53.83274997071133,46.16725002928867,283.97261527527587,131.1023473088466,46.16725002928867,0.8568780869859254,10.23349176079529,80,64,142,5,16,9,5,1.8560301651978814,0.0,0.0,0.0,0.0,3.8305686716259564e-15,0.9991520782119561,3.5637737604571244e-15,0.0,0.0,0.0,6.229352147566938e-15,39,2,22.0,False,4,241.93580558405597,451917.20762117615,451917.20762117615
3,2012,153,153,True,47361.95508469756,42278.854813212834,5083.100271484733,89.26754551750535,10.732454482494663,47361.95508469756,5083.100271484733,10.732454482494663,33.22287759140348,43.724290503700985,0,0,0,0,153,0,0,309.5552619914873,271.39108231796746,137.611376404585,146.8724370681127,141.22302311718255,156.0790366269952,276.33238440008387,229.01950615404286,111.5229775007818,118.52490956419628,114.31979765876339,126.03188548142744,23,35,23.0,False,11,655.5258419543384,891281.1523157916,891281.1523157916
4,2012,153,153,True,8589.547645037279,5514.960807845285,3074.5868371919946,64.20548596679156,35.79451403320844,8589.547645037279,3074.5868371919946,35.79451403320844,20.095338805176436,26.96070276849158,0,0,0,0,153,98,0,56.14083428128941,39.41546211351194,16.656099869153117,17.766863771453508,17.095218434598394,18.816864763277994,36.045495476112976,14.007191834313874,4.045696586305643,4.881076030045489,4.437662344447021,5.2181288095660365,27,3,31.0,False,7,412.6236419737836,291235.53168042,291235.53168042
5,2012,153,153,True,30376.817178084235,24436.30922214217,5940.5079559420665,80.44394209862143,19.556057901378576,30376.817178084235,5940.5079559420665,19.556057901378576,38.82684938524226,54.06948100993645,0,0,0,0,153,0,0,198.5412887456486,168.35947697389884,83.99168702959838,89.0868935620944,85.97298265094916,94.3016346705278,159.71443936040632,117.58413449630784,61.4148056683145,64.15527099553574,62.52112269381396,65.88693002825232,22,15,32.0,False,12,683.5244610776874,399193.5287079231,399193.5287079231
6,2012,153,153,True,7629.930859445882,5209.138171804469,2420.792687641413,68.27241645781805,31.727583542181947,7629.930859445882,2420.792687641413,31.727583542181947,15.822174429028843,22.811737671504172,0,32,40,40,153,88,42,49.86882914670511,32.46179261199527,8.264476025270223,9.286153522928954,8.58047194867982,10.932130602078493,34.04665471767626,14.289317132908787,0.0,0.0,0.0,0.0,29,4,24.0,False,8,442.9416076497891,444385.2526979965,444385.2526979965
7,2012,153,153,True,7648.744537456792,6420.095877095997,1228.6486603607968,83.93659698864356,16.063403011356456,7648.744537456792,1228.6486603607968,16.063403011356456,8.03038340105096,9.88029840634124,0,0,0,0,153,0,0,49.9917943624627,44.12801812449293,26.4520106075918,28.25074802401527,27.1582548505096,29.939975652400992,41.961410961411744,35.95286572740369,19.40342036907455,20.940952876089902,20.011297566186848,22.19238638676444,35,29,26.0,False,3,191.9259536664315,266129.0193512085,266129.0193512085
8,2012,153,153,True,5308.550201174066,4842.912831736726,465.63736943734,91.228539774676,8.771460225323992,5308.550201174066,465.63736943734,8.771460225323992,3.0433814995904576,4.525627638490114,5,15,22,11,142,17,6,34.69640654362135,24.865623466532664,0.0,0.4314822434709771,0.02742414604273575,1.752884562847413,31.653025044030887,20.588393599567894,0.0,0.0,0.0,0.5792504951982976,38,37,29.0,False,4,221.47080382426637,256086.4152742944,256086.4152742944
9,2012,153,153,True,7656.230959579576,6093.99179137364,1562.239168205936,79.59519277234915,20.40480722765086,7656.230959579576,1562.239168205936,20.40480722765086,10.210713517685857,14.138969621202698,0,0,0,0,153,0,0,50.0407252260103,39.21072581340621,22.15590024347817,23.36655754519615,22.621464732860634,24.701282119784064,39.83001170832444,27.85503821864143,15.0934551111718,16.04567266237636,15.472237396978487,16.679875407804463,31,13,24.0,False,16,926.2333821795478,728088.8290157933,728088.8290157933
10,2012,153,153,True,26005.494167608224,22214.29208390235,3791.202083705872,85.42153416016183,14.578465839838168,26005.494167608224,3791.202083705872,14.578465839838168,24.77909858631289,32.22230850093956,0,0,0,0,153,0,0,169.97055011508644,152.222670747462,79.91241416859846,85.1287691872713,81.94813724232002,90.2709276847389,145.19145152877354,121.0089346243816,59.52614783752141,64.18734908450261,61.35346431964557,68.52134369969686,26,32,23.0,False,3,191.73267478750427,286214.23091195483,286214.23091195483
11,2012,153,153,True,50512.47034964367,37702.896525943055,12809.573823700608,74.64076942775978,25.359230572240207,50512.47034964367,12809.573823700608,25.359230572240207,83.72270473006934,107.31175115294954,0,0,0,0,153,53,0,330.1468650303508,257.35021460721686,98.8337312413383,107.81054332470471,102.20428788214856,118.12985080668408,246.42416030028141,154.2288302352149,40.048859158409385,46.1846814866659,42.48514481287355,51.009285764346416,14,9,34.0,False,46,2573.649529595932,1749923.8448572643,1749923.8448572643
12,2012,153,153,True,8091.3855397526195,6657.360885901113,1434.0246538515073,82.27714342857342,17.72285657142658,8091.3855397526195,1434.0246538515073,17.72285657142658,9.372710155892205,16.029190274473244,0,0,0,0,153,0,0,52.88487280884065,35.4384817865258,25.806121167426483,26.57572615383208,26.11179103577097,27.21978040256679,43.51216265294845,24.952753415194984,20.24954386868331,20.71770324031256,20.437203998618948,21.10073986390474,32,22,21.0,False,5,250.04925958719105,283703.5808656616,283703.5808656616
13,2012,153,153,True,2470.9700682799057,1991.6883744630948,479.2816938168106,80.60350062635729,19.396499373642705,2470.9700682799057,479.2816938168106,19.396499373642705,3.132560090305952,5.187923043154058,0,0,11,11,153,0,0,16.150131165228142,9.369808471718196,1.346911783419044,1.6555164755026186,1.4636744197467608,2.039912317690832,13.017571074922188,5.949312903147051,0.7459832758183872,0.9259739996686702,0.8141123197546675,1.143351297369679,37,17,22.0,False,1,50.00985191669315,263618.3671985846,263618.3671985846
14,2012,153,153,True,6270.358604763069,5312.0602030450555,958.2984017180133,84.71700803539252,15.282991964607477,6270.358604763069,958.2984017180133,15.282991964607477,6.263388246522963,10.962908357159506,0,0,0,0,153,0,0,40.982735978843586,23.056110846769908,13.230640896354732,14.133756006871419,13.584768742148881,14.982558941473053,34.71934773232062,16.488565506590305,11.673542536567219,11.731253952525268,11.674719811170826,11.884608511536491,36,31,25.0,False,3,171.26767302837195,286214.2295021044,286214.2295021044
15,2012,153,153,True,10954.547483357363,9208.316492339694,1746.2309910176673,84.05930510894567,15.940694891054326,10954.547483357363,1746.2309910176673,15.940694891054326,11.413274451095864,15.35023071591695,0,0,0,0,153,0,0,71.59834956442721,63.76113692171589,33.99144206297424,36.41568344112143,34.96109576285719,38.7661070213786,60.18507511333134,51.54650784925531,24.920168852179895,26.992355607220407,25.729267168797403,28.97749880478729,30,30,21.0,False,3,171.26767302837195,303788.7854001284,303788.7854001284
16,2012,153,153,True,13318.136155539774,12038.759372171207,1279.3767833685642,90.39372500455778,9.606274995442199,13318.136155539774,1279.3767833685642,9.606274995442199,8.361939760578851,12.68368484076234,0,0,0,0,153,0,0,87.04664153947564,50.85692412221958,11.14049494631854,13.56922025020875,12.078450644023288,16.1648074077961,78.68470177889678,41.51438938825601,6.452609591760881,8.594836184780005,7.286245996859762,10.617245852883014,34,36,30.0,False,15,959.243210574303,728088.830096841,728088.830096841
17,2012,153,153,True,128940.84785722353,117778.62642787644,11162.221429347097,91.34314562464563,8.656854375354387,128940.84785722353,11162.221429347097,8.656854375354387,72.95569561664769,96.59927389305494,0,0,0,0,153,0,0,842.7506395896963,764.4575378629436,477.8793259195049,498.1444490535806,485.7944485604009,518.1145143499291,769.7949439730487,677.4913230804998,421.94331181868387,440.6791579794792,429.24846757768233,458.01711021234985,17,38,35.0,False,31,1696.2663260597874,1323113.1465500633,1323113.1465500633
18,2012,153,153,True,21556.58330555392,9931.17678736896,11625.406518184958,46.07027304187976,53.929726958120234,21556.58330555392,11625.406518184958,53.929726958120234,75.98304913846378,96.0267374329345,0,0,0,0,153,111,0,140.89270134348968,124.71938838318238,69.2523930792084,73.05087725427671,70.7130220417993,76.83593417927028,64.90965220502589,32.65106415621161,11.03497662448121,13.812917042443933,12.272994577648486,14.887533614682464,15,1,39.0,False,7,496.02988004490794,396682.87857353204,396682.87857353204
19,2012,153,153,True,28268.46641984876,24467.4237559486,3801.042663900156,86.5537712324173,13.446228767582689,28268.46641984876,3801.042663900156,13.446228767582689,24.84341610392259,31.64179557652406,0,0,0,0,153,0,0,184.76121843038405,164.09407143897462,69.23907999208498,76.47019573912937,72.05030799988523,83.82212765893077,159.91780232646144,135.42152921336367,48.352300554750386,54.79714877768446,50.869155736260275,60.907404176281105,25,33,36.0,False,7,433.86175925048747,404214.83336243127,404214.83336243127
20,2012,153,153,True,16911.73652790577,15539.987133001381,1371.7493949043865,91.88877267191994,8.111227328080034,16911.73652790577,1371.7493949043865,8.111227328080034,8.965682319636512,12.51200642978165,0,0,0,0,153,0,0,110.53422567258673,83.48302402536493,52.91710193626487,54.364914347258136,53.47992891543547,56.451976336662966,101.5685433529502,72.1819342628853,47.5119643362584,48.79268678163071,48.014966868103436,50.072827327954414,33,39,28.0,False,5,270.9008191041778,409236.13807318325,409236.13807318325
21,2012,153,153,True,31361.733925701148,25249.818514774408,6111.91541092674,80.51155135297547,19.488448647024537,12315.800902591167,2931.6597660575653,23.804052933664774,39.94715954854078,57.728681123106696,0,0,0,0,153,0,0,204.97865310915782,156.3474732725096,86.11030623680992,91.31925102286291,88.170725818816,96.3489015321027,165.03149356061704,111.75239030585186,58.00193573116971,61.692547692906494,59.34745967472171,65.15902217550018,20,16,27.0,False,11,654.5594475581136,394172.2247361882,981664.5910019783
22,2012,153,153,True,10432.414913377535,7729.791690146767,2702.6232232307702,74.0939825949102,25.906017405089816,7677.472229822354,2092.2391821051133,27.251667208616198,17.664204073403727,26.719928645929556,0,0,10,10,153,82,6,68.18571838808846,35.61998470988976,6.906912476871614,8.157220066304813,7.381519958747025,9.682394095534875,50.52151431468475,16.294355951050733,0.42299134022668267,0.9018280654594698,0.6093654267079737,1.313491798293533,28,8,25.0,False,16,925.2669877830901,394172.2269855382,1109707.801805299
23,2012,153,153,True,84851.93294606864,73749.64161747425,11102.291328594381,86.9156883725313,13.084311627468674,11484.483693762848,2227.9889734037765,19.39999248389184,72.56399561172799,94.0050785879464,0,0,0,0,153,0,0,554.5877970331284,482.9271571555515,237.3780941844454,254.23552860391786,243.9459828145243,271.12269179678214,482.0238014214003,390.96614580718267,179.82468908777616,193.36986823111513,185.1904550201346,206.66566949166827,18,34,37.0,False,8,483.6783322879794,173234.92754020586,1350730.3107679524
24,2012,153,153,True,16995.081702317835,12066.600965000307,4928.480737317526,71.00054696032812,28.999453039671867,1708.919883292376,945.4488814701771,55.324353746103725,32.21229240076815,46.021195776866826,0,0,0,0,153,78,0,111.07896537462638,74.48299002548717,30.843796547074035,33.138396539519164,31.64890406574085,36.19865369222302,78.86667297385821,36.847500787429844,11.480945149541542,12.358743978679673,11.972546507535997,13.099596047645113,24,6,26.0,False,8,546.0397319625324,170724.27853797673,1343198.3602517666
25,2012,153,153,True,27183.178158467726,21079.147710657762,6104.030447809966,77.54482418418569,22.455175815814325,10480.404640327119,2443.1088228611834,23.31120702592384,39.8956238418952,57.67982948572673,0,0,5,5,153,73,9,177.66783110109625,99.85006486338094,16.5642636428704,21.07402563900457,18.298239239833425,26.080248209247817,137.77220725920105,52.78390416406076,1.910194225018813e-12,1.852975714237733,0.5480934911713506,3.4818786349629254,21,11,33.0,False,16,967.7432223359499,401704.18460896594,1797626.2159163693
26,2012,153,153,True,26893.976039069104,19895.361612021232,6998.614427047869,73.97701843386442,26.022981566135567,2250.1497992944755,841.4850293695459,37.39684485154677,45.742577954561234,62.10704305994676,0,0,0,0,153,12,0,175.7776211703863,130.3734116041265,67.75292828275455,71.84951709071309,69.26547853520806,76.60403581523535,130.03504321582506,77.39021372636441,39.440909972666475,41.67837774723442,40.385615588982255,42.7356517100872,19,7,27.0,False,4,242.1290844629832,75319.5354052506,1684646.9150082257
27,2012,153,153,True,59960.09685514684,46425.6340376234,13534.462817523447,77.42755010849908,22.572449891500934,1704.3868903765997,423.93297954883803,24.87304859844153,88.46054129100293,122.76388019086602,0,0,0,0,153,0,0,391.89605787677675,293.3706867616478,157.69112515886616,167.09261278189067,161.30055712273202,176.99420791318954,303.4355165857739,192.06157393321857,99.85152848694068,105.87011177092874,102.14149184805225,110.13260032489623,13,10,28.0,False,8,504.91644956468326,82851.48632940903,2749162.992339613
28,2012,153,153,True,85215.81787525644,69272.31280640083,15943.505068855615,81.29043942030272,18.70956057969729,8343.984492203821,1037.2928564277786,12.431624931673475,104.20591548271643,144.59400040640617,0,0,0,0,153,0,0,556.9661299036369,424.99645257949715,246.39728370536014,257.8529250334629,250.81251621406506,270.49986620133507,452.7602144209205,303.412114884278,179.43403944255508,187.02431324868843,182.3437149278581,192.60909741668013,12,21,29.0,False,6,341.762230538241,173234.92950894168,3331634.0599217378
29,2012,153,153,True,94024.92227880318,77372.93310361549,16651.98917518769,82.28981341158558,17.710186588414427,3500.5542023726775,242.84673689473584,6.937379707765536,108.83653055678228,151.47248211476267,0,0,0,0,153,0,0,614.5419756784521,471.5745264460065,266.78519962339976,278.84446131817424,271.3245603091962,292.83593304492075,505.70544512166987,343.56243762205173,198.78507903528944,206.59122296810187,201.77376833714268,212.78874968347085,11,23,30.0,False,2,141.72282287053707,22595.86023219582,3610316.335428228
30,2012,153,153,True,108211.8308695584,90123.01626277223,18088.814606786178,83.28388452405825,16.716115475941763,868.7724352154502,157.44864822992565,18.123117383538922,118.22754644958286,164.84479602463387,0,0,0,0,153,0,0,707.2668684284863,528.0347180070097,283.48365592617995,297.97302863984663,288.96149281611093,314.5619151603422,589.0393219789034,389.25162806970593,210.17128693685638,220.0826307323364,213.98078371214052,228.20087061462874,10,27,31.0,False,1,70.86141143461126,5021.302404239921,4343426.467929309
31,2012,153,153,True,123242.78117100551,99657.94322248524,23584.837948520297,80.86310798537147,19.136892014628554,6441.402656409837,2421.436504542121,37.59175809530476,154.14926763738757,213.89190176671525,0,0,0,0,153,0,0,805.5083736667027,605.4416978348265,332.7228779543444,348.5038150941782,338.70802194913307,366.375111815823,651.3591060293153,419.8025546567003,238.02428307118575,247.92670583400323,241.86521024901307,254.8431691470698,9,19,32.0,False,8,483.8716111678379,138085.8141556785,4772747.813765408
32,2012,153,153,True,160460.4969521984,129733.24362476935,30727.253327429004,80.8505807279266,19.149419272073384,6840.898603108616,1201.9074229666448,17.569437769776012,200.83172109430723,278.8924580968554,0,0,0,0,153,0,0,1048.7614179882248,814.8188843161062,437.90498171945524,460.0688399944841,446.37198333186734,484.4758162402279,847.9296968939174,567.9148035318187,315.181763767886,328.8974719300539,320.5508515005472,338.44694373101566,8,18,33.0,False,2,120.87126335196169,100426.0452376852,5272367.387711016
33,2012,153,153,True,237633.4163350861,189206.12912935525,48427.28720573086,79.62101123966349,20.37898876033651,49989.74122442001,11596.003430491894,23.196766269370567,316.51821703092065,432.4307447627326,0,0,0,0,153,0,0,1553.1595838894516,1189.3701028709415,604.2255437251754,638.9239756115426,617.5781377575997,677.4382264206366,1236.641366858531,803.883495488943,406.48001180950024,426.5171882371488,414.1979705259534,440.3789699902029,7,14,34.0,False,21,1342.5152812697781,723067.5289204444,7793061.13254783
34,2012,153,153,True,291655.22838578274,229628.84210567444,62026.3862801083,78.73297639016991,21.267023609830094,3509.3417010529583,789.5252506768278,22.497816340880547,405.4012175170477,546.7368259183925,0,0,0,0,153,0,0,1906.2433227828938,1466.7630952702957,719.4697456477359,763.279598185896,736.2435406915145,812.2893729265829,1500.842105265846,971.6498111632453,459.4290812608489,485.5797547834223,469.57932112984497,504.04446678006536,6,12,35.0,False,5,292.3322152595349,42681.06853455562,9585666.045939649
35,2012,153,153,True,424418.5266931391,350866.6054361833,73551.92125695593,82.66995509596711,17.330044904032913,3822.4504501328774,363.31354750053026,9.504728766017115,480.7315114833721,646.339153773451,0,0,0,0,153,0,0,2773.977298647968,2255.378907668422,1216.3468726232131,1280.8152369315792,1241.189076930163,1350.1891011841367,2293.2457871645965,1670.348766831803,898.3112026427498,943.5345436403447,915.8997126871158,979.5839710285707,5,25,36.0,False,2,120.87126335289301,17574.557946998793,10926353.75043671
36,2012,153,153,True,476045.3446694729,395225.422429682,80819.92223979085,83.02264203509738,16.977357964902613,23358.35155648498,3466.958318934769,14.84247854798742,528.2347858809859,706.2062090758604,0,0,0,0,153,0,0,3111.407481499823,2550.099827074965,1371.3673463552395,1444.888685371787,1399.7283737532746,1524.5636810540423,2583.1726956188363,1909.9613686600746,1018.615121832531,1071.775163485957,1039.3174968413873,1114.9187413281031,4,26,37.0,False,9,554.3464648439374,246043.8139298122,11576612.397728955
37,2012,153,153,True,628983.3605441763,525864.7413927788,103118.61915139752,83.60550920422084,16.394490795779173,68086.08292863483,11196.405583012285,16.44448483656773,673.9779029503106,891.7961004900312,0,0,0,0,153,0,0,4111.002356497885,3439.157811763401,1816.8036748501668,1920.610249253704,1856.9536546902218,2031.5526817165708,3437.024453547574,2617.9053093810094,1361.47352906416,1437.639163225239,1391.239813592534,1503.1865235208336,3,28,38.0,False,14,868.1100762587881,718046.2255687247,13645388.934065633
38,2012,153,153,True,714842.1662511616,589828.7059622484,125013.46028891322,82.51173948726054,17.488260512739455,47895.0085673975,10618.801510441855,22.170998248176858,817.0814397968185,1072.6605246515383,0,0,0,0,153,0,0,4672.171021249423,3966.70579903465,2161.470431755326,2278.0883480426296,2206.5751920758653,2402.664356817041,3855.089581452604,2971.080842911329,1605.2646858481305,1689.83320337038,1638.3855766486945,1761.2015685301042,2,24,39.0,False,14,826.7935149833677,389150.92921974434,14456329.252980487
39,2012,153,153,True,741604.3835961213,602686.8798777155,138917.5037184059,81.26797699808898,18.732023001911024,5205.634039405817,2278.6369113077326,43.77251443453027,907.9575406431759,1189.710381647993,0,0,0,0,153,0,0,4847.087474484453,4124.981963442644,2263.845258331499,2384.2800027959324,2310.4176776657705,2512.6622854861266,3939.1299338412778,3018.0503196150557,1646.3123313601247,1731.2590747574507,1679.6318771693336,1801.451373556985,1,20,,True,3,100.40626159310341,42681.0689361062,14895693.200490125
1,2013,153,153,True,25403.29084624821,15195.049861839118,10208.240984409093,59.81528123189308,40.184718768106926,25403.29084624821,10208.240984409093,40.184718768106926,66.72052930986335,80.60389505433375,0,0,0,0,153,52,0,166.03458069443275,154.0015809379902,98.64791053806495,102.68026053811369,100.2277705360939,106.73912551104765,99.3140513845694,77.70333756680661,52.145744081296584,53.46777934228896,52.86543512304819,54.464538908856504,18,6,38.0,False,12,746.272418510985,421789.3896951097,421789.3896951097
2,2013,153,153,True,1.9472986234549187e-12,1.1931925240092169e-12,7.541060994457018e-13,,,1.9472986234549187e-12,7.541060994457018e-13,,4.928798035592822e-15,1.474376176702208e-13,78,72,153,0,0,0,0,1.2727441983365482e-14,0.0,0.0,0.0,1.1419436824715897e-15,4.4796150661486305e-15,7.79864394777266e-15,4.1782881159178655e-16,0.0,0.0,0.0,2.8920258594454345e-15,39,,22.0,False,4,241.93580558405597,451917.20762117615,451917.20762117615
3,2013,153,153,True,28528.78984509715,23849.806188462073,4678.9836566350805,83.59908120168936,16.40091879831066,28528.78984509715,4678.9836566350805,16.40091879831066,30.581592527026668,38.58104423192631,0,0,0,0,153,0,0,186.46267872612518,166.99336389462388,90.67737331697118,96.31567764379953,92.88079378413893,101.72082020416651,155.88108619909852,128.41231966269757,68.48204174960907,71.3238595160101,69.59250908236312,74.6573719221181,24,35,23.0,False,11,655.5258419543384,891281.1523157916,891281.1523157916
4,2013,153,153,True,4428.841509199162,1700.8862470085257,2727.955262190636,38.404766652308716,61.595233347691284,4428.841509199162,2727.955262190636,61.595233347691284,17.829772955494352,25.826999239552045,0,42,76,76,153,119,84,28.946676530713475,22.63565876443138,12.2197822655386,12.918264820029995,12.496573467912993,13.502332148155057,11.116903575219123,1.1474293490350687,0.0,0.0,0.0,9.844717633692805e-14,27,2,31.0,False,7,412.6236419737836,291235.53168042,291235.53168042
5,2013,153,153,True,17649.072253166785,11857.308699365178,5791.7635538016075,67.1837506769661,32.816249323033894,17649.072253166785,5791.7635538016075,32.816249323033894,37.8546637503373,54.85552761701016,0,0,0,0,153,18,0,115.35341341939075,101.03110210711289,61.877951348890576,64.78229596989625,63.021685486009275,67.53893281536809,77.49874966905345,52.80780565869226,35.35547455306218,37.4586762272323,36.59576190739913,38.43767769652246,20,11,32.0,False,12,683.5244610776874,399193.5287079231,399193.5287079231
6,2013,153,153,True,4343.0663124346665,2240.30411880103,2102.7621936336363,51.58346563548427,48.41653436451573,4343.0663124346665,2102.7621936336363,48.41653436451573,13.743543749239453,21.1304447531432,0,44,78,78,153,114,81,28.386054329638345,18.932067552648345,5.992932519534085,6.706676030029386,6.272015075415488,7.40508321266268,14.64251058039889,0.38360338872363897,0.0,0.0,0.0,7.808568606530268e-14,29,3,24.0,False,8,442.9416076497891,444385.2526979965,444385.2526979965
7,2013,153,153,True,5779.636261807758,4575.592585239532,1204.043676568226,79.16748352271524,20.832516477284756,5779.636261807758,1204.043676568226,20.832516477284756,7.8695665135178166,10.45938409201974,0,0,0,0,153,0,0,37.77540040397228,37.65356691706481,20.081586873515658,21.632308430415037,20.68941993324043,23.129773896024258,29.90583389045446,27.757021637295313,12.980517839478294,14.28350061222931,13.495545764618205,15.321290136034285,35,31,26.0,False,3,191.9259536664315,266129.0193512085,266129.0193512085
8,2013,153,153,True,2395.0862497046396,2065.4520116040303,329.63423810060874,86.23706189531757,13.762938104682409,2395.0862497046396,329.63423810060874,13.762938104682409,2.154472144448423,4.48401780188715,38,53,58,14,109,24,11,15.654158494801566,8.25066861815105,0.0,0.0,0.0,0.0,13.499686350353139,5.299298559044321,0.0,0.0,0.0,0.0,37,36,29.0,False,4,221.47080382426637,256086.4152742944,256086.4152742944
9,2013,153,153,True,5962.747865941263,4290.053387366536,1672.6944785747266,71.94759000076084,28.052409999239163,5962.747865941263,1672.6944785747266,28.052409999239163,10.932643650815207,13.722033911816798,0,0,0,0,153,0,0,38.9722082741259,35.1712444349777,20.04710860482527,21.04433802683284,20.43447775105156,22.073343698392662,28.039564623310696,21.926725025028897,10.924630988948332,11.751126470357288,11.251303637342122,12.269268300590126,31,17,24.0,False,16,926.2333821795478,728088.8290157933,728088.8290157933
10,2013,153,153,True,15930.919746654647,12086.049376762978,3844.8703698916693,75.86535849131336,24.13464150868664,15930.919746654647,3844.8703698916693,24.13464150868664,25.12987169863836,33.20776729599937,0,0,0,0,153,0,0,104.12365847486697,95.56746164731985,50.18999799288522,52.63434287030779,51.009748341808724,56.29502254676124,78.99378677622862,64.09135118213308,36.246713196616575,37.19686580918842,36.625973497225175,37.93260246377567,26,27,23.0,False,3,191.73267478750427,286214.23091195483,286214.23091195483
11,2013,153,153,True,28402.868068145515,15927.961963161162,12474.906104984351,56.07870981531174,43.92129018468825,28402.868068145515,12474.906104984351,43.92129018468825,81.53533401950557,108.16179199415825,0,0,0,0,153,100,33,185.63966057611447,149.79136774426033,57.29555673338368,62.94586850951371,59.48481130569096,68.9109107671676,104.1043265566089,49.05600606425044,1.2654328421640244,3.999498275591077,3.215994995066061,5.851091064042267,14,4,34.0,False,46,2573.649529595932,1749923.8448572643,1749923.8448572643
12,2013,153,153,True,5172.813275292401,3942.871947062914,1229.9413282294872,76.22297069750768,23.777029302492327,5172.813275292401,1229.9413282294872,23.777029302492327,8.038832210650243,10.838434282120637,0,0,0,0,153,0,0,33.80923709341439,29.71115795286535,22.25044435797379,23.032741583054555,22.557684084936476,23.765081036494916,25.770404882764144,21.571655841302487,16.497386915554088,17.050690047223913,16.71703787626171,17.51178668335066,34,28,21.0,False,5,250.04925958719105,283703.5808656616,283703.5808656616
13,2013,153,153,True,1268.86703388219,969.3791076889559,299.48792619323433,76.39721750222091,23.6027824977791,1268.86703388219,299.48792619323433,23.6027824977791,1.9574374260995708,3.266984560336743,0,0,41,24,136,0,0,8.293248587465294,4.848170940023682,0.6275471990820574,0.7795369275847723,0.6848607526125594,0.9735441725578897,6.335811161365725,2.821087541595173,0.3134654190669603,0.39358269519842753,0.34368193262250724,0.4928538826278459,38,29,22.0,False,1,50.00985191669315,263618.3671985846,263618.3671985846
14,2013,153,153,True,4265.024410682254,3396.835797358519,868.1886133237349,79.64399427235975,20.356005727640262,4265.024410682254,868.1886133237349,20.356005727640262,5.674435381200881,10.504992347778057,0,0,0,0,153,0,0,27.87597654040689,19.488304610835897,12.801172426431917,12.839106459280993,12.820004227932396,13.168678573266956,22.201541159206005,12.23667397679315,10.84355427168364,11.073607553554494,10.938677910509835,11.165002523426784,36,33,25.0,False,3,171.26767302837195,286214.2295021044,286214.2295021044
15,2013,153,153,True,8318.403192511194,6603.8105149325365,1714.5926775786572,79.38795898806332,20.61204101193668,8318.403192511194,1714.5926775786572,20.61204101193668,11.206488088749394,14.03987668657225,0,0,0,0,153,0,0,54.36864831706663,50.86584167534804,25.975560519264803,27.858617815667454,26.70681518580492,29.80258514596427,43.162160228317234,37.536003248110916,17.220060474063132,18.710306657863306,17.803450426946664,20.0833226272678,30,32,21.0,False,3,171.26767302837195,303788.7854001284,303788.7854001284
16,2013,153,153,True,7262.013731930096,6005.42611361202,1256.5876183180758,82.69643015417296,17.303569845827052,7262.013731930096,1256.5876183180758,17.303569845827052,8.212990969399188,11.497640912799397,0,0,6,6,153,43,3,47.464142038758794,31.621632794729194,4.824653815931892,6.552737084434104,5.493991641889538,8.363482771776297,39.25115106935961,21.844719232707206,0.052051938081071114,1.4825913206190504,0.6106657091655856,2.68469950774966,33,34,30.0,False,15,959.243210574303,728088.830096841,728088.830096841
17,2013,153,153,True,88396.96985494174,77499.6039909517,10897.36586399004,87.6722404830477,12.327759516952305,88396.96985494174,10897.36586399004,12.327759516952305,71.22461349013098,91.78236847164561,0,0,0,0,153,0,0,577.7579729081159,544.4912205932028,368.4180808807197,381.4245161167188,373.49062102479076,394.4703982523437,506.53335941798497,458.7174963364407,317.4960333100617,327.62100797677164,321.4970357104341,336.89014339486164,16,37,35.0,False,31,1696.2663260597874,1323113.1465500633,1323113.1465500633
18,2013,153,153,True,13889.185453238,3225.8622364703615,10663.323216767636,23.22571217247526,76.77428782752473,13889.185453238,10663.323216767636,76.77428782752473,69.69492298540939,90.1717838367097,0,70,83,83,153,126,97,90.77898989044445,83.46039891509633,50.59294108317786,52.85291497366695,51.47494344835936,55.045239257736924,21.084066905035044,6.039613253960852e-13,0.0,0.0,0.0,0.0,17,1,39.0,False,7,496.02988004490794,396682.87857353204,396682.87857353204
19,2013,153,153,True,15011.91795636254,11104.821288642544,3907.0966677199967,73.97336783296207,26.026632167037935,15011.91795636254,3907.0966677199967,26.026632167037935,25.53657952758168,34.29659929159578,0,0,0,0,153,47,0,98.11711082589896,88.77867262369864,28.59364299651383,32.798140601148866,30.225884326826982,37.13171730261756,72.58053129831728,55.691457543407466,13.13200230238713,14.126179453971185,13.5483724310892,16.41998872563438,25,23,36.0,False,7,433.86175925048747,404214.83336243127,404214.83336243127
20,2013,153,153,True,11035.790189558593,9737.548915397769,1298.2412741608234,88.23608231163055,11.763917688369446,11035.790189558593,1298.2412741608234,11.763917688369446,8.485237086018454,10.9170126250117,0,0,0,0,153,0,0,72.1293476441738,64.12064606196705,46.782072027282425,48.02008204551265,47.26940926832631,49.161923846294926,63.644110558155354,53.54453832192178,40.095177265442324,41.11570236648519,40.50128601218697,41.929124291950515,32,38,28.0,False,5,270.9008191041778,409236.13807318325,409236.13807318325
21,2013,153,153,True,20481.318384447855,14769.034215494614,5712.2841689532415,72.10978286783156,27.890217132168445,6990.101916644259,2767.750163145097,39.595276237028195,37.33519064675321,46.9396648701735,0,0,0,0,153,0,0,133.86482604214285,118.6213418243799,65.58964934370226,69.20622336565741,67.00125135851961,73.50293549844442,96.52963539538963,73.86452058484544,39.94802864724626,42.520471616819904,40.97211718638617,44.365523379185,21,18,27.0,False,11,654.5594475581136,394172.2247361882,981664.5910019783
22,2013,153,153,True,5688.439386580874,3458.288371625357,2230.151014955517,60.7950289456106,39.20497105438939,4419.572352698682,1930.663088762282,43.68438696525421,14.576150424545864,21.263569234788626,0,37,64,64,153,106,67,37.17934239595343,21.83341201185203,4.452994743502881,5.213891312937129,4.742068129534265,6.138938306632743,22.60319197140756,4.654018622172917,0.0,0.0,0.0,9.08162434143378e-15,28,7,25.0,False,16,925.2669877830901,394172.2269855382,1109707.801805299
23,2013,153,153,True,49675.13806128505,38711.499307148224,10963.638754136826,77.92932404010473,22.070675959895272,5215.428469533252,2439.7847276100774,46.780139769195664,71.65776963488122,92.3875656362323,0,0,0,0,153,0,0,324.6741049757193,290.48321682865264,147.9385778893154,157.39745260240036,151.49621537752446,167.88522280733875,253.01633534083805,199.88949195002837,100.60666409590584,105.25621098888936,102.44539253838467,109.54910033094556,15,30,37.0,False,8,483.6783322879794,173234.92754020586,1350730.3107679524
24,2013,153,153,True,11010.516867910621,6206.2954503622495,4804.221417548371,56.366976453667334,43.633023546332666,704.7026895346917,1028.764745340009,145.9856419760924,31.400139983976285,43.4897433110088,0,0,0,0,153,108,0,71.96416253536354,55.59842412917807,26.34245036924896,28.09248509084037,27.023737362584505,29.868005065347063,40.564022551387254,14.88077587395387,6.00178056478426,7.172960742729242,6.474300321941733,7.813322965935537,23,5,26.0,False,8,546.0397319625324,170724.27853797673,1343198.3602517666
25,2013,153,153,True,12700.789058543523,7860.608969872941,4840.1800886705805,61.89071351110499,38.10928648889499,2747.3252612803935,1741.840460391329,63.401319273697595,31.63516397823909,51.07220169950199,0,27,72,72,153,108,77,83.01169319309493,49.29342290059859,4.617949959610719,6.566674167264927,5.367892520463072,9.085659330893394,51.37652921485582,4.562909136112496,0.0,0.0,6.344131569286608e-17,2.1453949727856526e-13,22,8,33.0,False,16,967.7432223359499,401704.18460896594,1797626.2159163693
26,2013,153,153,True,18636.623433510442,11766.981274170503,6869.642159339938,63.13901934087662,36.86098065912337,1846.470303792063,861.3770652233409,46.64992788967936,44.899621956470185,61.095803071946754,0,0,0,0,153,85,0,121.80799629745387,103.81508404269567,56.87688489810985,60.17938730174537,58.16665159691941,63.454969938079486,76.90837434098368,46.41185748955061,28.252245857458277,29.27561846680023,29.03464345018218,30.674376278116082,19,9,27.0,False,4,242.1290844629832,75319.5354052506,1684646.9150082257
27,2013,153,153,True,40122.99819353003,27089.367938644384,13033.630254885642,67.51581177453642,32.48418822546357,1005.0563755717299,451.70392659246147,44.94314324761217,85.18712584892576,112.1278210866291,0,0,0,0,153,38,0,262.2418182583662,227.1996351892769,126.01935148026884,132.98600965072814,128.7388633819306,140.61485406446474,177.0546924094404,121.09496388380775,70.2730021842959,74.24670648972184,72.05872402485274,76.81247625211005,13,12,28.0,False,8,504.91644956468326,82851.48632940903,2749162.992339613
28,2013,153,153,True,57749.28823243418,42333.14320814584,15416.145024288337,73.30504756657754,26.694952433422458,6590.499849345562,1084.273495241872,16.452067673585343,100.75911780580613,133.59821094083043,0,0,0,0,153,0,0,377.44632831656327,331.4508720744586,206.52736575331588,215.01474782700916,209.8444649914217,224.16822271823776,276.68721051075715,204.96989131348886,140.29510412318348,145.35545735376792,142.53160354832045,148.6623327282039,12,21,29.0,False,6,341.762230538241,173234.92950894168,3331634.0599217378
29,2013,153,153,True,63383.21788180944,47341.750717110524,16041.467164698919,74.69130204999783,25.308697950002177,3238.8433996706235,295.6879023099723,9.12942880597569,104.84619061894719,140.73282109882763,0,0,0,0,153,0,0,414.2693979203231,360.5224367236198,225.9913876674671,234.65854074264962,229.37901782231432,243.9922336759624,309.42320730137595,228.8381766332134,158.2431846755974,163.32635615585164,160.53466036327833,166.7755133169805,11,25,30.0,False,2,141.72282287053707,22595.86023219582,3610316.335428228
30,2013,153,153,True,71506.62550371015,54016.60085814165,17490.02464556852,75.54069357578477,24.459306424215253,861.3938899706275,191.9698625515232,22.28595591246522,114.31388657234326,153.60917130658203,0,0,0,0,153,0,0,467.3635653837265,397.72560274791954,236.37136035940878,246.7673271104891,240.42860208242772,257.9127483814999,353.04967881138333,254.64870242184216,162.95315381082654,170.02679399639842,165.78859669835214,173.96612132898824,10,26,31.0,False,1,70.86141143461126,5021.302404239921,4343426.467929309
31,2013,153,153,True,81655.45396207302,58612.834326813274,23042.619635259754,71.7806729162727,28.219327083727308,5719.986949163695,2824.639727500603,49.3819260883731,150.605357093201,204.907494413218,0,0,0,0,153,0,0,533.695777529889,455.34470514993995,280.78622714840753,291.9751487800124,285.15593893911216,303.82483360009485,383.0904204366881,266.5607977457604,181.92987393860548,186.92881158133892,184.63157346077716,191.3577864386531,9,16,32.0,False,8,483.8716111678379,138085.8141556785,4772747.813765408
32,2013,153,153,True,103618.52771449552,73569.8112119469,30048.71650254861,71.00063360739587,28.99936639260413,4314.001499255701,1214.333313487249,28.14865302426898,196.39683988593862,271.0435839929553,0,0,0,0,153,0,0,677.2452791797093,582.007095088581,357.1446585877107,371.829435123678,362.80400430212893,387.28469002283305,480.8484392937706,334.57723971704536,228.5049856616775,234.77304698400584,233.18550912442876,240.7664760810617,8,14,33.0,False,2,120.87126335196169,100426.0452376852,5272367.387711016
33,2013,153,153,True,146501.58025339126,99346.8542762099,47154.72597718137,67.8128209295614,32.18717907043861,30182.26348035224,12265.829385962174,40.63919657300343,308.2008233802704,424.5838258929505,0,0,0,0,153,43,0,957.5266683228188,810.0291591997803,472.57200764847585,493.60174987891673,480.69746020145516,515.8773174845841,649.3258449425483,415.9201375479717,268.6404231610519,279.65176788271197,276.5136196050252,286.5582839792292,7,13,34.0,False,21,1342.5152812697781,723067.5289204444,7793061.13254783
34,2013,153,153,True,177730.6740664654,117175.19924270798,60555.47482375741,65.92851788706339,34.0714821129366,2826.225744928612,925.8427415916888,32.75898053271307,395.7874171487412,541.1077815226258,0,0,0,0,153,59,0,1161.6383925912771,977.258660664163,545.8872354874097,572.6118198541965,556.2187160485519,600.9104077823964,765.8509754425359,474.6091889881928,279.6400073703796,294.3226162207334,289.58543358339347,303.41872611230974,6,10,35.0,False,5,292.3322152595349,42681.06853455562,9585666.045939649
35,2013,153,153,True,269293.44172067073,197400.37090744486,71893.07081322586,73.3030740170055,26.696925982994486,3165.7977992635815,440.23012547840733,13.90581942980731,469.88935172043045,636.6402209536247,0,0,0,0,153,0,0,1760.0878543834688,1541.9463250573199,931.0859749507645,971.073557134316,946.5899461880365,1012.6754825661404,1290.1985026630382,949.8893536897403,622.6997721784342,644.3827048175716,631.4867581369502,656.3970522296544,5,20,36.0,False,2,120.87126335289301,17574.557946998793,10926353.75043671
36,2013,153,153,True,300119.6072343407,220791.68410890934,79327.92312543132,73.56789719390437,26.43210280609562,15814.247557307408,3527.7556444854545,22.3074517564091,518.4831576825577,701.7342489779769,0,0,0,0,153,0,0,1961.5660603551678,1725.1497660319396,1035.2738636687445,1080.7707494205167,1052.920833325564,1127.9756962779995,1443.08290267261,1072.9573991906318,693.5327085562243,717.0362789370938,703.0821053331717,731.4661578177188,4,22,37.0,False,9,554.3464648439374,246043.8139298122,11576612.397728955
37,2013,153,153,True,390362.30202342325,290561.6090910554,99800.69293236782,74.43382918507858,25.566170814921417,40567.55672779751,9509.13105279969,23.44023604035263,652.2921106690707,878.1092416820109,0,0,0,0,153,0,0,2551.387594924335,2260.8629307935153,1322.1474543244237,1383.8680160526192,1346.0043880948033,1448.5465130418577,1899.0954842552642,1441.3957116874685,898.9794448381876,930.4949917571877,911.6981139740705,951.8458300169244,3,24,38.0,False,14,868.1100762587881,718046.2255687247,13645388.934065633
38,2013,153,153,True,452614.7390262169,331687.9662378833,120926.77278833362,73.28262595944116,26.717374040558838,36849.14615654547,10917.838871556709,29.628471783782125,790.3710639760367,1049.02941466623,0,0,0,0,153,0,0,2958.2662681452084,2648.4062127141947,1595.1327321522056,1665.1822705017792,1622.1952906862994,1738.538405318234,2167.895204169172,1665.435905794228,1072.2118275072976,1107.3275254893765,1086.4119069064923,1129.678273134736,2,19,39.0,False,14,826.7935149833677,389150.92921974434,14456329.252980487
39,2013,153,153,True,471619.66663170006,337334.79926739866,134284.8673643014,71.52687284579082,28.47312715420918,5115.742152245162,2694.771359200143,52.67605909374224,877.6788716621007,1161.8228976408277,0,0,0,0,153,0,0,3082.4814812529416,2765.1187219724925,1678.757897725969,1751.0825113582928,1706.7083665158045,1826.645671430788,2204.802609590841,1677.5997439525577,1092.9407179568632,1127.5652068626234,1106.9654601563627,1148.9501757692708,1,15,,True,3,100.40626159310341,42681.0689361062,14895693.200490125
1,2014,153,153,True,21845.54773466731,11931.152621065215,9914.395113602091,54.61594630621843,45.38405369378155,21845.54773466731,9914.395113602091,45.38405369378155,64.79996806275877,78.36187112033325,0,0,0,0,153,99,0,142.7813577429236,132.06764505737578,83.69207689822346,87.42569042649346,85.15275781527257,91.06046608888408,77.98138968016481,58.80935860964365,38.7278333593841,40.10743740841089,39.58655479464847,41.13309510740776,17,4,38.0,False,12,746.272418510985,421789.3896951097,421789.3896951097
2,2014,153,153,True,61.7828347204803,13.1060333149196,48.676801405560695,21.213065690841635,78.78693430915834,61.7828347204803,48.676801405560695,78.78693430915834,0.31814902879451434,8.716675771444756,78,63,150,5,8,8,5,0.40380937725804117,0.0,0.0,0.0,2.157004733557447e-15,4.77765974930359e-15,0.0856603484635268,4.184699270683957e-15,0.0,0.0,1.2517169704087332e-15,5.17086300822088e-15,39,2,22.0,False,4,241.93580558405597,451917.20762117615,451917.20762117615
3,2014,153,153,True,33935.88699967692,28922.906847108177,5012.980152568747,85.22808567633294,14.771914323667072,33935.88699967692,5012.980152568747,14.771914323667072,32.76457616058005,41.76630895621935,0,0,0,0,153,0,0,221.8031830044243,197.17784460827897,107.04871110004503,113.05023269386328,109.4250835318356,119.3161504408401,189.0386068438443,157.11672467221294,79.90384507045472,85.2285703359937,81.99318247214605,90.06072754190605,23,35,23.0,False,11,655.5258419543384,891281.1523157916,891281.1523157916
4,2014,153,153,True,6328.243238453886,3278.7632947229195,3049.4799437309666,51.81158768991922,48.18841231008078,6328.243238453886,3049.4799437309666,48.18841231008078,19.9312414622939,27.878378549980678,0,0,5,5,153,109,20,41.36106691799925,31.90377065618654,14.48136824305083,15.376139488066322,14.7703973841812,16.406838157809553,21.429825455705355,5.8507548716428355,0.4598254802361712,1.3051725521021131,0.8323457532608673,1.6840533853156776,27,3,31.0,False,7,412.6236419737836,291235.53168042,291235.53168042
5,2014,153,153,True,19946.125107853506,14250.64910191713,5695.476005936376,71.44570198402162,28.554298015978368,19946.125107853506,5695.476005936376,28.554298015978368,37.22533337213318,54.8776208151089,0,0,0,0,153,0,0,130.36683077028437,109.94767165895615,62.802199163652176,65.8755390021977,64.00377517113213,68.82465222941666,93.14149739815117,61.70154413840726,38.391366456061334,39.821511816704636,39.16928064442816,41.12227209091279,22,11,32.0,False,12,683.5244610776874,399193.5287079231,399193.5287079231
6,2014,153,153,True,5977.3332604585885,3672.430107039227,2304.903153419362,61.43927311754864,38.56072688245137,5977.3332604585885,2304.903153419362,38.56072688245137,15.064726492937005,21.895074421368356,0,32,55,55,153,103,63,39.06753765005613,25.556667419021508,7.195753184826794,7.930610401138343,7.482908206536598,8.861916405008511,24.00281115711913,7.946618883379436,0.0,0.0,0.0,1.1846819821433503e-13,29,5,24.0,False,8,442.9416076497891,444385.2526979965,444385.2526979965
7,2014,153,153,True,6712.4932421779795,5496.2371307365465,1216.256111441434,81.8807100795412,18.11928992045882,6712.4932421779795,1216.256111441434,18.11928992045882,7.949386349290418,9.951534147977984,0,0,0,0,153,0,0,43.872504850836464,41.72342245233833,23.824325509920605,25.54218422911231,24.493122507388932,27.18700314723961,35.92311850154606,32.74022278468142,16.700841107584843,18.154714797406783,17.275417949921785,19.33275431832032,35,32,26.0,False,3,191.9259536664315,266129.0193512085,266129.0193512085
8,2014,153,153,True,3851.196225777012,3432.2042995167,418.99192626031237,89.1204731803616,10.879526819638414,3851.196225777012,418.99192626031237,10.879526819638414,2.738509321962826,4.582731059793115,18,33,38,13,128,20,10,25.171217161941254,17.630418333500405,0.0,0.0,0.0,0.35909116636216526,22.43270783997843,13.382911432899137,0.0,0.0,0.0,0.0,38,38,29.0,False,4,221.47080382426637,256086.4152742944,256086.4152742944
9,2014,153,153,True,6681.807105955539,5098.1846061416,1583.6224998139392,76.29948792741345,23.700512072586562,6681.807105955539,1583.6224998139392,23.700512072586562,10.350473854993066,13.653402862033754,0,0,0,0,153,0,0,43.67194186899045,36.96849829835185,20.873752768322667,21.944219569094876,21.28833663778843,23.10383288548574,33.32146801399738,24.88305948025801,13.065856152380766,13.96404805804133,13.423075391786844,14.549179250648082,31,20,24.0,False,16,926.2333821795478,728088.8290157933,728088.8290157933
10,2014,153,153,True,14828.078198637091,11341.509125602848,3486.5690730342435,76.48670969812724,23.513290301872757,14828.078198637091,3486.5690730342435,23.513290301872757,22.78803315708656,30.250047721853747,0,0,0,0,153,0,0,96.91554378194178,87.36978892684593,45.742681574154346,47.374630683591775,46.38052607335611,50.8389333353764,74.12751062485522,57.806557127881234,34.093703077438285,34.749013779263905,34.324500442328144,35.511344122172545,26,21,23.0,False,3,191.73267478750427,286214.23091195483,286214.23091195483
11,2014,153,153,True,34059.07060085091,21304.409013788572,12754.661587062335,62.55135163099935,37.44864836900066,34059.07060085091,12754.661587062335,37.44864836900066,83.36380122262965,112.46468662496044,0,0,0,0,153,93,7,222.60830458072488,172.4051482722407,57.568898695683636,63.3423181269488,59.79758042091132,70.31607715605234,139.24450335809524,66.33992367564895,3.9683941231492454,7.416860062084555,5.349255537547707,9.29390127971068,14,6,34.0,False,46,2573.649529595932,1749923.8448572643,1749923.8448572643
12,2014,153,153,True,6643.839564481104,5278.379978946071,1365.4595855350335,79.44773391526535,20.55226608473467,6643.839564481104,1365.4595855350335,20.55226608473467,8.924572454477342,13.779430544448694,0,0,0,0,153,0,0,43.42378800314447,32.74919526148956,24.529370936556518,25.321279090152093,24.842120399898644,26.02210029675587,34.49921554866713,23.415252028215594,18.95832460526568,19.43677187968754,19.149466076052846,19.81122026009606,32,29,21.0,False,5,250.04925958719105,283703.5808656616,283703.5808656616
13,2014,153,153,True,1989.4351234288515,1557.0255455492013,432.40957787965027,78.2647057555524,21.735294244447605,1989.4351234288515,432.40957787965027,21.735294244447605,2.8262063913702633,4.678876330335225,0,0,21,21,153,0,0,13.002843943979421,7.632346316870544,1.0679519956120955,1.3169612842575777,1.1620799705457026,1.6291123686934463,10.176637552609158,4.610837750439681,0.5581708598769908,0.6954204031359005,0.6100688698898964,0.8622072359939004,37,26,22.0,False,1,50.00985191669315,263618.3671985846,263618.3671985846
14,2014,153,153,True,5079.240433446207,4166.603030397705,912.6374030485024,82.03201019902718,17.967989800972827,5079.240433446207,912.6374030485024,17.967989800972827,5.964950346722238,11.001494438815897,0,0,0,0,153,0,0,33.19764989180528,21.16035367917264,12.842199700378345,12.930562741643321,12.84430320704117,13.84111997939083,27.23269954508304,14.137974164345557,11.40411273045048,11.512191859169665,11.482773951276682,11.562676759869218,36,33,25.0,False,3,171.26767302837195,286214.2295021044,286214.2295021044
15,2014,153,153,True,9695.827130348742,7962.185360187068,1733.6417701616733,82.11971246129966,17.880287538700344,9695.827130348742,1733.6417701616733,17.880287538700344,11.330991961841002,14.011577416180401,0,0,0,0,153,0,0,63.37141915260616,58.67481949026839,30.614788766779625,32.88985307861478,31.496651664817676,35.13016338316028,52.04042719076515,45.86804254663568,21.637255030276826,23.463542965381194,22.351071325511942,25.186482697349327,30,34,21.0,False,3,171.26767302837195,303788.7854001284,303788.7854001284
16,2014,153,153,True,10024.794896117088,8757.787492607284,1267.0074035098046,87.36126358055908,12.638736419440917,10024.794896117088,1267.0074035098046,12.638736419440917,8.281094140586958,11.704589476686863,0,0,0,0,153,8,0,65.52153526873913,41.284006939890475,7.965674025673826,10.056263298390775,8.77421303431301,12.284273880450366,57.24044112815218,31.27006102273159,3.2167268176715353,5.00953553904012,3.916621796684467,6.626232589193302,34,37,30.0,False,15,959.243210574303,728088.830096841,728088.830096841
17,2014,153,153,True,83232.20154280895,71918.32886618993,11313.87267661902,86.40685640064447,13.593143599355518,83232.20154280895,11313.87267661902,13.593143599355518,73.94688023933999,92.98600806311106,0,0,0,0,153,0,0,544.0013172732611,505.55318725617417,335.5798916470248,348.02180383064984,340.4355712875063,361.06626846407624,470.0544370339211,417.9207103213656,282.379558865407,291.2382433391561,285.87640849794246,299.69322678143385,15,36,35.0,False,31,1696.2663260597874,1323113.1465500633,1323113.1465500633
18,2014,153,153,True,12024.179606669954,2391.1905798817133,9632.989026788238,19.886517484779517,80.11348251522047,12024.179606669954,9632.989026788238,80.11348251522047,62.96071259338718,85.28222482329298,0,77,101,101,153,138,106,78.58940919392127,70.07009177733947,41.037763401920465,43.02049162220964,41.79545784925965,44.99478635342016,15.628696600534074,0.0,0.0,0.0,0.0,0.0,18,1,39.0,False,7,496.02988004490794,396682.87857353204,396682.87857353204
19,2014,153,153,True,19534.3920404362,15514.455361022758,4019.9366794134394,79.42123475820404,20.57876524179595,19534.3920404362,4019.9366794134394,20.57876524179595,26.274095943878688,34.980588494626325,0,0,0,0,153,0,0,127.67576497017124,116.44723835877042,41.548766370039765,46.80097610708717,43.58713723498407,52.22459999682545,101.40166902629254,82.94978064243298,21.591958274859778,25.23977899153952,23.051090436082177,29.134075700583686,25,28,36.0,False,7,433.86175925048747,404214.83336243127,404214.83336243127
20,2014,153,153,True,13764.483740238997,12433.64266722975,1330.8410730092478,90.331340440189,9.668659559810996,13764.483740238997,1330.8410730092478,9.668659559810996,8.69830766672711,12.083688619163837,0,0,0,0,153,0,0,89.96394601463396,73.22661281691761,50.24678577261396,51.5359118927728,50.749783389695885,52.843147737795206,81.26563834790686,63.325037853733754,44.27372971415445,45.39895492282569,44.718392486132245,46.36860674512848,33,39,28.0,False,5,270.9008191041778,409236.13807318325,409236.13807318325
21,2014,153,153,True,25961.389569228864,19981.215794759206,5980.173774469657,76.96512446484086,23.03487553515914,9621.722874399014,2881.0724187729493,29.943415086696774,39.08610310110887,51.36791180394354,0,0,0,0,153,0,0,169.68228476620172,138.94510911452065,77.38080551739662,82.26471608895298,79.28389878034305,87.02467581459572,130.59618166509284,94.95484905806481,50.704953962785275,53.60710774796999,51.8579224774337,55.8585170389868,20,24,27.0,False,11,654.5594475581136,394172.2247361882,981664.5910019783
22,2014,153,153,True,7900.56854711615,5337.106560267248,2563.4619868489017,67.55344920354356,32.446550796456435,5849.350588966819,2082.3756075636907,35.60011621617477,16.75465350881635,24.80794901182834,0,15,42,42,153,97,45,51.637702922327776,28.83972193804918,5.663438755274197,6.672078238343517,6.046458365612575,7.901494952729059,34.88304941351142,9.781947568889514,0.0,0.0,0.0,0.118721153236953,28,8,25.0,False,16,925.2669877830901,394172.2269855382,1109707.801805299
23,2014,153,153,True,55416.52128534857,44498.266443800254,10918.254841548314,80.29783431311311,19.702165686886886,6652.55608703456,2418.705615945323,36.357538129730884,71.36114275521774,92.7999197447648,0,0,0,0,153,0,0,362.19948552515405,318.2308757641218,161.93260167668583,171.057769533631,165.52493495802403,182.35728315949422,290.8383427699363,228.25337952126327,111.93203642939204,118.90441722635218,114.65329853634182,124.8866771447736,16,31,37.0,False,8,483.6783322879794,173234.92754020586,1350730.3107679524
24,2014,153,153,True,13708.509967417373,8844.455044436865,4864.054922980508,64.51798966815883,35.48201033184117,1049.369601003246,975.5292697472082,92.96336284323053,31.791208646931427,44.34178603143941,0,0,0,0,153,98,0,89.59810436220505,64.46411469693103,28.421217531930324,30.274382919470206,29.141098424783518,32.42499687138979,57.806895715273626,26.30999539508396,8.895627360061868,9.993938836294262,9.379184588481806,10.60955797196638,24,7,26.0,False,8,546.0397319625324,170724.27853797673,1343198.3602517666
25,2014,153,153,True,18824.741308047236,13100.515375764095,5724.225932283141,69.59200746181762,30.40799253818239,5844.932327484879,2248.1265423857376,38.462832697211475,37.413241387471516,56.077006297098436,0,15,46,46,153,96,53,123.03752488919763,71.71726831672154,9.828795859543114,12.57763384237976,10.849003115532797,16.550544619485432,85.62428350172611,24.539094759895036,0.0,0.0,6.813597305413817e-14,2.369252941984238e-13,21,10,33.0,False,16,967.7432223359499,401704.18460896594,1797626.2159163693
26,2014,153,153,True,22432.05812776879,15499.997712929577,6932.060414839209,69.09752829920689,30.902471700793107,2011.0549181734336,851.7493804172668,42.3533625422263,45.30758441071379,60.22256822237672,0,0,0,0,153,43,0,146.61475900502475,117.42660300205395,62.6997923799662,66.27305037782483,64.0892959536312,70.07186170398083,101.30717459431096,63.25849900010079,34.45017670576945,36.24184519812327,35.331509563913635,37.40016037985583,19,9,27.0,False,4,242.1290844629832,75319.5354052506,1684646.9150082257
27,2014,153,153,True,49708.62979734667,36360.93757651898,13347.692220827688,73.14813891422098,26.851861085779024,1315.1821003490222,435.45803151882257,33.11009413854256,87.23981843678227,112.94056422119598,0,0,0,0,153,0,0,324.89300521141615,262.0333050125502,143.7770272440189,152.30636504974495,147.09709483351148,160.95219373107514,237.65318677463387,160.05163391564614,87.40545820478174,92.44721449115609,89.42949549386535,95.2749947598804,13,13,28.0,False,8,504.91644956468326,82851.48632940903,2749162.992339613
28,2014,153,153,True,70911.80381450357,55172.79267562447,15739.011138879085,77.8048078144361,22.19519218556388,7438.690276917899,1060.4778450421504,14.256244117768839,102.86935384888291,135.1095305828713,0,0,0,0,153,0,0,463.47584192485994,379.4027032355019,228.73823214664642,239.08630371501482,232.76500431167636,249.587783546975,360.6064880759769,258.06375744029106,162.81810528127426,169.16828623997904,165.36274537297228,172.9780003048786,12,25,29.0,False,6,341.762230538241,173234.92950894168,3331634.0599217378
29,2014,153,153,True,78124.57960086668,61706.96847469856,16417.61112616813,78.98534467635588,21.01465532364413,3361.5795605861094,259.6080610287313,7.722799843043645,107.30464788345182,142.27321437938087,0,0,0,0,153,0,0,510.61816732592604,418.2233286281531,248.79118824156845,259.3170042189999,252.88650818469804,270.3324978205881,403.3135194424742,290.41475712422226,181.75476568038303,188.24792044954822,184.35665449946424,192.1485751866032,11,27,30.0,False,2,141.72282287053707,22595.86023219582,3610316.335428228
30,2014,153,153,True,89013.34479080542,71155.34721635137,17857.997574454064,79.93784233541274,20.06215766458727,863.9702938216477,173.37904477613,20.067709042311265,116.71893839512461,155.2642268352534,0,0,0,0,153,0,0,581.7865672601662,465.09691878186436,262.3131603924214,274.9305420351794,267.21738564469905,288.1753478974586,465.0676288650416,325.72486136428125,189.87075153987865,198.1159429774449,193.15834918492115,203.523752819879,10,30,31.0,False,1,70.86141143461126,5021.302404239921,4343426.467929309
31,2014,153,153,True,101365.51322037817,77828.79827291096,23536.71494746719,76.78035241009813,23.21964758990186,6023.9251911188485,2629.2374292821623,43.64658168661326,153.8347382187398,207.67239248847392,0,0,0,0,153,0,0,662.5196942508377,533.2044757789415,309.1458660925112,322.78626986015985,314.3875215864363,337.2258731946151,508.68495603209783,344.46848551241635,213.3037073579823,220.67889502021836,216.61924109444854,225.58029851801783,9,22,32.0,False,8,483.8716111678379,138085.8141556785,4772747.813765408
32,2014,153,153,True,126019.72463596378,95627.12995026002,30392.59468570377,75.88266854772174,24.11733145227828,4708.086307732125,1160.4037323002049,24.647036108799988,198.64440971048217,273.4457308616186,0,0,0,0,153,0,0,823.6583309540116,670.4900642008124,386.7172912109502,403.97396856316294,393.27071071157764,422.30950629932613,625.0139212435295,423.3887176632158,263.2330793190607,271.75946205707817,267.3357892368604,278.1126633308166,8,18,33.0,False,2,120.87126335196169,100426.0452376852,5272367.387711016
33,2014,153,153,True,181704.5525659565,133203.605678121,48500.94688783548,73.30779762921446,26.69220237078553,36860.08662194546,12384.126269848577,33.5976591614286,316.9996528616698,429.2759615276286,0,0,0,0,153,0,0,1187.6114546794543,952.9212051290045,519.7082783525514,544.6128897950043,529.1877943308817,573.3538222895676,870.6118018177843,556.0251247945971,322.80457069355055,332.51585998710425,328.0558018562948,340.9930192297913,7,14,34.0,False,21,1342.5152812697781,723067.5289204444,7793061.13254783
34,2014,153,153,True,218894.08709784673,156693.8692085417,62200.21788930503,71.58433162175768,28.415668378242316,3130.4639310393177,944.6094144072039,30.17474199402746,406.53737182552305,550.13489894176,0,0,0,0,153,36,0,1430.6803078290636,1143.9861025479577,593.461228502007,624.2232242291451,605.2009262773206,660.0451085556783,1024.1429360035406,633.1360254290627,338.91617452349465,351.3176713770756,345.5118140202179,361.95408637744936,6,12,35.0,False,5,292.3322152595349,42681.06853455562,9585666.045939649
35,2014,153,153,True,305196.6511299156,231275.33351216023,73921.31761775541,75.77911902241395,24.220880977586056,3070.3624892599373,407.2270518313519,13.263158772158777,483.14586678271513,646.5648757500962,0,0,0,0,153,0,0,1994.749353790298,1669.1713828260083,945.517604877673,988.9611278243235,962.2063569373951,1038.0674996389453,1511.6034870075832,1067.3381602881898,635.4615219095044,660.8193834756523,645.6530975223139,676.1685499854959,5,17,36.0,False,2,120.87126335289301,17574.557946998793,10926353.75043671
36,2014,153,153,True,341639.678283732,260341.23539978743,81298.44288394453,76.20345409164501,23.79654590835498,16908.635113380173,3357.188586775687,19.85487630588864,531.3623717904871,708.3262638773006,0,0,0,0,153,0,0,2232.939073749882,1882.8735752123685,1062.6854931171488,1112.9037201320807,1082.0063159066597,1168.9602753849822,1701.576701959395,1223.34710668465,715.3471308330855,745.3850589747127,727.4166246592221,765.0473179550697,4,19,37.0,False,9,554.3464648439374,246043.8139298122,11576612.397728955
37,2014,153,153,True,442902.87946942134,340224.4723234082,102678.40714601311,76.81694748315535,23.18305251684465,45846.67990034077,10461.70942052026,22.818903011649702,671.1007003007393,894.6110066977953,0,0,0,0,153,0,0,2894.790061891643,2479.5892671974325,1373.622775095231,1440.90135919432,1399.605917375242,1516.833529257986,2223.689361590903,1644.3630756539387,941.8744413453821,983.2425826404966,958.4023704082158,1012.1666888630076,3,23,38.0,False,14,868.1100762587881,718046.2255687247,13645388.934065633
38,2014,153,153,True,498134.39562290214,374112.76569412276,124021.62992877947,75.10277727887188,24.897222721128127,33385.96841881356,11428.827669164242,34.23242820395141,810.5988884233952,1065.5344789149922,0,0,0,0,153,0,0,3255.78036354838,2823.6656020250903,1618.4301952418757,1693.4640652547034,1647.4444288934058,1776.995197962143,2445.1814751249854,1825.1265565061294,1084.97711316964,1129.0395376275949,1102.6314386399883,1158.063740355554,2,16,39.0,False,14,826.7935149833677,389150.92921974434,14456329.252980487
39,2014,153,153,True,515301.42150602635,378670.73604006774,136630.6854659586,73.48528846152995,26.51471153847006,5142.846276454184,2976.06651039089,57.868082194414455,893.0110161173766,1169.1783587517243,0,0,0,0,153,0,0,3367.9831470982112,2927.038129425811,1692.427039330531,1769.4627999577297,1722.2064119174668,1854.9881675336505,2474.972130980835,1835.5683272669517,1101.2997264157912,1145.0261032497538,1118.8358781404845,1173.3101641623352,1,15,,True,3,100.40626159310341,42681.0689361062,14895693.200490125
1,2015,153,153,True,22907.43436937196,12739.758308289176,10167.676061082786,55.61407752115042,44.385922478849594,22907.43436937196,10167.676061082786,44.385922478849594,66.45539909204436,80.16453883454835,0,0,0,0,153,95,0,149.72179326386902,139.92727986259905,91.0609813597648,94.86419046454846,92.55129401792124,98.50786541536637,83.26639417182469,63.86399719925469,44.27821914252277,45.48757435718637,45.118526828123215,46.51751830256189,17,9,38.0,False,12,746.272418510985,421789.3896951097,421789.3896951097
2,2015,153,153,True,8.270761965654312e-13,1.0024950028658094e-12,-1.7541880630037824e-13,,,8.270761965654312e-13,-1.7541880630037824e-13,,-1.1465281457541061e-15,4.256433290286181e-14,91,74,153,0,0,0,0,5.4057267749374585e-15,0.0,0.0,0.0,0.0,2.6438755875069407e-15,6.552254920691565e-15,7.498023336876021e-16,0.0,0.0,0.0,1.4013735729311581e-15,39,,22.0,False,4,241.93580558405597,451917.20762117615,451917.20762117615
3,2015,153,153,True,25765.18156392611,21181.730056603206,4583.451507322906,82.2106764668012,17.789323533198797,25765.18156392611,4583.451507322906,17.789323533198797,29.95719939426736,37.87806405393482,0,0,0,0,153,0,0,168.39987950278504,154.31470561892047,85.83716924912075,91.04715329654769,87.8753396701768,95.99096546398602,138.4426801085177,116.57217263074612,64.48919203752035,66.9307118465049,65.4458234542872,69.67805242196319,22,36,23.0,False,11,655.5258419543384,891281.1523157916,891281.1523157916
4,2015,153,153,True,3477.0691146727177,960.823832380692,2516.245282292026,27.633153115253233,72.36684688474678,3477.0691146727177,2516.245282292026,72.36684688474678,16.446047596679907,22.72444978356123,0,52,98,98,153,123,103,22.725941925965476,19.071520221226525,10.759448484750639,11.4471556426035,11.030812668355967,12.068724966565359,6.279894329285569,3.2718272535703363e-13,0.0,0.0,2.042487052834321e-14,1.309915139321068e-13,27,2,31.0,False,7,412.6236419737836,291235.53168042,291235.53168042
5,2015,153,153,True,16059.07008093808,9977.12554318007,6081.94453775801,62.127666750908546,37.872333249091454,16059.07008093808,6081.94453775801,37.872333249091454,39.75127148861444,55.80242383559499,0,0,0,0,153,72,0,104.96124235907241,93.07735770632661,58.355015905589475,61.119347538169094,59.43678126403346,63.75079605164083,65.20997087045797,43.86398760982953,29.833901747714243,31.96234525351428,30.79530314613794,32.892818959618396,20,14,32.0,False,12,683.5244610776874,399193.5287079231,399193.5287079231
6,2015,153,153,True,2427.370535541029,844.6008099585807,1582.769725582448,34.79488597196515,65.20511402803484,2427.370535541029,1582.769725582448,65.20511402803484,10.344900167205543,19.308717722714444,0,61,106,106,153,123,108,15.865166898960974,11.663603865358041,3.3718531732387182,3.9409100351438604,3.5948657855309736,4.488452293955455,5.52026673175543,2.1227464230832993e-13,0.0,0.0,6.661338147750939e-15,5.4175298506523955e-14,30,3,24.0,False,8,442.9416076497891,444385.2526979965,444385.2526979965
7,2015,153,153,True,4759.917493253122,3555.1074670720946,1204.8100261810278,74.68842626182557,25.311573738174427,4759.917493253122,1204.8100261810278,25.311573738174427,7.874575334516521,10.350474766840666,0,0,0,0,153,0,0,31.110571851327595,30.97126674832171,14.787583642246403,16.157078703736516,15.323491535521432,17.48304578021532,23.235996516811074,20.9216582936072,7.959556540254128,9.067655140749425,8.397740075813406,9.92159951417857,33,32,26.0,False,3,191.9259536664315,266129.0193512085,266129.0193512085
8,2015,153,153,True,1246.0777282331837,1009.1280212690026,236.94970696418116,80.98435582344028,19.01564417655973,1246.0777282331837,236.94970696418116,19.01564417655973,1.5486908951907266,4.2112983616899875,63,79,85,15,83,30,12,8.14429887734107,2.223084344312463,0.0,0.0,0.0,0.0,6.5956079821503435,0.0,0.0,0.0,0.0,0.0,37,35,29.0,False,4,221.47080382426637,256086.4152742944,256086.4152742944
9,2015,153,153,True,4159.336294163913,2462.368477596425,1696.9678165674893,59.20099514558238,40.79900485441763,4159.336294163913,1696.9678165674893,40.79900485441763,11.091292918741761,13.887845279424228,0,0,0,0,153,81,0,27.185204537019043,25.236630514493243,15.612555814929312,16.264998484528146,15.865835150174949,16.936767268928058,16.093911618277286,12.09453074085521,5.464945306197886,5.763802894263295,5.725164973967674,6.130535177961962,28,12,24.0,False,16,926.2333821795478,728088.8290157933,728088.8290157933
10,2015,153,153,True,14634.587980389726,10803.037016884813,3831.5509635049125,73.81852520454164,26.181474795458342,14634.587980389726,3831.5509635049125,26.181474795458342,25.04281675493407,33.05420871571479,0,0,0,0,153,0,0,95.65090183261259,89.32035268018677,47.41363896710598,49.48744896873002,48.21081902556718,52.97830176416062,70.60808507767851,57.0247165831455,34.174078637473244,34.822756493301775,34.50981001430163,35.57826321924689,25,29,23.0,False,3,191.73267478750427,286214.23091195483,286214.23091195483
11,2015,153,153,True,21199.00616983044,9333.175963906315,11865.830205924129,44.02647883177141,55.9735211682286,21199.00616983044,11865.830205924129,55.9735211682286,77.55444579035378,103.32212427992575,0,29,56,56,153,111,70,138.55559588124473,117.16896205856729,49.17709143942956,53.7928403907538,50.97203108928526,58.4876434528307,61.001150090890945,19.99839633817922,0.0,0.0,0.0,2.5390060424494247e-13,14,6,34.0,False,46,2573.649529595932,1749923.8448572643,1749923.8448572643
12,2015,153,153,True,4298.604892294791,3126.0294267925983,1172.5754655021926,72.72195293863776,27.278047061362237,4298.604892294791,1172.5754655021926,27.278047061362237,7.66389193138688,8.757522556965796,0,0,0,0,153,0,0,28.095456812384256,27.6207299597325,20.04308018307166,20.743372746213687,20.313682389063406,21.41791399134417,20.431564880997374,19.00967931627772,13.840570234639976,14.313678760636364,14.028450417812161,14.705791702044234,34,28,21.0,False,5,250.04925958719105,283703.5808656616,283703.5808656616
13,2015,153,153,True,511.66873910590505,378.04022769965866,133.62851140624642,73.88378433285759,26.116215667142413,511.66873910590505,133.62851140624642,26.116215667142413,0.8733889634395191,1.5512372368835123,0,0,75,22,100,0,0,3.3442401248751965,1.919957708499546,0.22299190273231043,0.27870464296454056,0.24393139633878289,0.3517143578931616,2.4708511614356774,1.0586543551665446,0.10349284217249902,0.1311369498992061,0.11388345660160427,0.1663381812743969,38,30,22.0,False,1,50.00985191669315,263618.3671985846,263618.3671985846
14,2015,153,153,True,2591.836439968285,1955.8812167953038,635.9552231729816,75.46314214253569,24.53685785746432,2591.836439968285,635.9552231729816,24.53685785746432,4.156570086097919,7.354633148251503,0,0,0,0,153,0,0,16.940107450773105,15.267491560595628,11.770929909171205,12.05327712081384,11.88479849530361,12.256507531511392,12.783537364675189,10.871864402260588,8.670796022543607,8.985752672400078,8.797165772463307,9.196162874090682,36,33,25.0,False,3,171.26767302837195,286214.2295021044,286214.2295021044
15,2015,153,153,True,6497.80718220243,4830.030266536769,1667.7769156656598,74.33323475289137,25.666765247108597,6497.80718220243,1667.7769156656598,25.666765247108597,10.900502716769019,14.46199339378235,0,0,0,0,153,0,0,42.46932798825118,40.16998621938647,20.02055916936236,21.4643333878345,20.583157981610007,22.939369666508302,31.56882527148215,26.34409077181178,11.755378678521133,12.655283158998598,12.032911380823752,13.667999375648032,29,31,21.0,False,3,171.26767302837195,303788.7854001284,303788.7854001284
16,2015,153,153,True,3501.052955596928,2490.434994221003,1010.6179613759246,71.13388531412215,28.866114685877825,3501.052955596928,1010.6179613759246,28.866114685877825,6.60534615278382,10.73671375607309,9,49,54,38,137,68,38,22.88269905618907,17.412040875586115,0.0,0.0,0.0,1.2474482401607292,16.277352903405248,7.32487797723253,0.0,0.0,0.0,0.0,35,26,30.0,False,15,959.243210574303,728088.830096841,728088.830096841
17,2015,153,153,True,81584.441705252,70450.75553742978,11133.686167822223,86.35317477804657,13.646825221953431,81584.441705252,11133.686167822223,13.646825221953431,72.76919063936093,92.86217911669598,0,0,0,0,153,0,0,533.231645132366,506.48851085022,348.0395025373973,358.73486392819274,352.216142490442,370.75750563083045,460.4624544930051,418.0943921907506,295.05419777172716,304.17029708056276,298.66210687784394,311.840740322405,15,38,35.0,False,31,1696.2663260597874,1323113.1465500633,1323113.1465500633
18,2015,153,153,True,12104.052861123011,2134.77603159066,9969.276829532351,17.636869700456646,82.36313029954336,12104.052861123011,9969.276829532351,82.36313029954336,65.15867208844674,86.38833608836451,0,64,100,100,153,141,106,79.11145660864713,73.56852797724234,45.821081104808336,47.79264999583394,46.59602637137335,49.64986608078906,13.95278452020039,8.171241461241152e-13,0.0,0.0,0.0,1.4193091146808002e-13,18,1,39.0,False,7,496.02988004490794,396682.87857353204,396682.87857353204
19,2015,153,153,True,13836.312759276012,9901.230522187267,3935.0822370887454,71.5597478493638,28.44025215063619,13836.312759276012,3935.0822370887454,28.44025215063619,25.719491745678074,34.85422281606472,0,0,0,0,153,59,0,90.4334167272942,82.13980315625668,25.85538189329829,29.79563114084208,27.385385602712876,33.850469707430996,64.71392498161612,48.58353920789522,12.149171549879219,13.202981029021451,12.594959951970788,14.17155526712761,24,27,36.0,False,7,433.86175925048747,404214.83336243127,404214.83336243127
20,2015,153,153,True,9423.853642206524,8101.538956748098,1322.3146854584274,85.96842931074197,14.031570689258045,9423.853642206524,1322.3146854584274,14.031570689258045,8.642579643519134,11.466149071704926,0,0,0,0,153,0,0,61.5938146549446,56.96077182458765,43.52721309501382,44.66022863985086,43.97338635070345,45.713514192917536,52.951235011425474,46.28422822465508,36.96251133214892,37.6609487938299,37.241560437780265,38.18263565916555,31,37,28.0,False,5,270.9008191041778,409236.13807318325,409236.13807318325
21,2015,153,153,True,16119.72868640726,10495.696936076336,5624.031750330922,65.11087835446443,34.88912164553557,5323.316611910038,2783.6793691630687,52.29219999680364,36.758377453143275,48.593475455647855,0,0,0,0,153,39,0,105.35770383272718,98.7926022271552,56.03324412906903,59.057023472104866,57.21214181090061,62.02981111357273,68.5993263795839,51.642871438150536,29.67840477869119,31.472111762987513,30.32377529434887,32.741753179198184,21,17,27.0,False,11,654.5594475581136,394172.2247361882,981664.5910019783
22,2015,153,153,True,2204.63777829226,950.3433096315066,1254.2944686607534,43.10655106199143,56.89344893800856,1692.9690391863542,1120.6659572545072,66.19530135017132,8.19800306314218,14.95197333648037,0,53,101,101,153,121,102,14.409397243740262,9.345663030352886,1.9527899301107086,2.2483675794921463,2.065033133132863,2.608822415097523,6.211394180598083,2.514100039263667e-13,0.0,0.0,0.0,2.9535633198444584e-14,32,5,25.0,False,16,925.2669877830901,394172.2269855382,1109707.801805299
23,2015,153,153,True,44895.67823437372,33992.638078365446,10903.040156008277,75.71472225212867,24.28527774787134,4495.908690057884,2488.0376851804585,55.340040394557604,71.26170036606717,92.57497962808307,0,0,0,0,153,0,0,293.43580545342303,268.1301528167441,139.46556498834906,148.01385375692786,142.79287527078108,157.7358523022054,222.17410508735585,177.26087161626018,93.53072286932303,97.54647754832443,95.1262064008718,100.93672974760857,16,34,37.0,False,8,483.6783322879794,173234.92754020586,1350730.3107679524
24,2015,153,153,True,6768.416794263996,2384.2606549680404,4384.156139295956,35.22626823142187,64.77373176857813,181.70996455905382,1104.4185971460192,607.7919831342517,28.65461528951605,41.60699465420987,0,9,46,46,153,119,73,44.238018263163376,37.50223240604722,19.168658191362564,20.408090178241697,19.651811886379484,21.648208187135353,15.583402973647322,3.2275573371421284,0.0,0.0,2.445028306803059e-13,0.10337020374245662,23,4,26.0,False,8,546.0397319625324,170724.27853797673,1343198.3602517666
25,2015,153,153,True,6084.759387587851,2917.884492156398,3166.8748954314533,47.95398316174208,52.046016838257934,1288.285169327307,1276.6252035977184,99.09492354587324,20.69852872831015,43.99158836829764,0,32,99,88,142,108,91,39.76966919992059,26.285581203114162,4.440892098500626e-16,0.3830230535537982,0.009134798802410702,2.079777556692751,19.071140471610445,7.158718062783009e-13,0.0,0.0,5.582835780972216e-15,1.509052142504667e-13,26,7,33.0,False,16,967.7432223359499,401704.18460896594,1797626.2159163693
26,2015,153,153,True,13184.880533748137,6698.457448423351,6486.4230853247855,50.80408147254668,49.195918527453316,1656.5462462310174,897.4569198478011,54.17638788471495,42.39492212630579,58.812686604868276,0,0,0,0,153,111,0,86.17568976305972,78.94131964166397,44.40482883099891,47.014153271385936,45.42403828771369,49.58080514600956,43.78076763675393,27.23294605783709,16.07654828263198,16.87710521523351,16.39968576166629,17.564863035155167,19,8,27.0,False,4,242.1290844629832,75319.5354052506,1684646.9150082257
27,2015,153,153,True,30021.56317862484,17440.80794738745,12580.755231237392,58.09426992064554,41.90573007935446,716.9539584694492,470.30039558168704,65.5970149862458,82.2271583741006,111.98654217041408,0,0,0,0,153,99,0,196.2193671805545,181.8188559740563,103.87826699561973,109.54019538111079,106.08738857233706,115.11323553000426,113.99220880645392,78.86080807387142,48.1238055340291,50.25667972836247,49.952764207958616,52.356189414370604,13,10,28.0,False,8,504.91644956468326,82851.48632940903,2749162.992339613
28,2015,153,153,True,45444.54021215618,30431.73684146873,15012.803370687445,66.96456097784086,33.03543902215914,5999.1233913248125,1109.7334539916242,18.498260189086672,98.12289784763036,134.22162223144926,0,0,0,0,153,0,0,297.02313864154365,275.99552269770686,180.468554468565,187.49703264105898,183.21533141835135,194.34967417551582,198.90024079391327,153.12595575057435,113.56875965068767,116.4786490993208,116.0053556851865,119.29346290985167,12,18,29.0,False,6,341.762230538241,173234.92950894168,3331634.0599217378
29,2015,153,153,True,49838.15270505648,34213.51519077,15624.637514286476,68.64924427124436,31.35075572875564,3147.534764667108,374.88443663485054,11.910414488289199,102.12181381886586,140.379006229347,0,0,0,0,153,0,0,325.7395601637678,298.8227808396525,199.52036616119997,206.7729410482129,202.3614841681817,213.77027174516806,223.61774634490195,171.1848405277156,130.12325378662456,132.87225704278688,132.4030219640719,135.91817616993472,11,20,30.0,False,2,141.72282287053707,22595.86023219582,3610316.335428228
30,2015,153,153,True,54191.760377947125,37326.86297662757,16864.89740131955,68.87922207416871,31.12077792583128,852.5547172937204,229.64192565715186,26.935740428028865,110.22808759032387,153.00787213003986,0,0,0,0,153,0,0,354.1945122741642,321.79668751797664,205.07251565608928,212.32664937500735,207.91452376983855,220.5716399256591,243.96642468384033,182.29910237616903,133.8297292170585,136.87538589621659,136.43170207008757,139.93933240121774,10,22,31.0,False,1,70.86141143461126,5021.302404239921,4343426.467929309
31,2015,153,153,True,62900.46740291944,40367.6642249116,22532.803178007835,64.17704969715055,35.82295030284943,5231.637910299601,3151.6604943962566,60.242328472150895,147.2732233856721,202.63242614290698,0,0,0,0,153,27,0,411.1141660321532,373.93928029438223,247.7724048242525,255.75955686353828,250.90470817665894,264.6751984054878,263.84094264648104,189.56210846164834,142.16051674102255,148.49186604956128,144.9978996336574,151.09557982528935,9,16,32.0,False,8,483.8716111678379,138085.8141556785,4772747.813765408
32,2015,153,153,True,82895.85925846359,53012.581867927685,29883.277390535906,63.950820152111696,36.049179847888304,3936.321774606071,1268.5296747700627,32.22626978702755,195.31553850023468,270.08252539213277,0,0,0,0,153,45,0,541.8030016893046,490.5574965415619,320.4826286766318,331.28603124042024,324.71690014077996,343.42302487767273,346.48746318906984,245.99556686000494,180.36756938501412,189.1918635990069,184.2196586243215,193.10179213237174,8,15,33.0,False,2,120.87126335196169,100426.0452376852,5272367.387711016
33,2015,153,153,True,116876.73785111043,70967.7516359866,45908.986215123834,60.72016805122726,39.27983194877274,27896.11920505898,12858.833929156473,46.09542221494563,300.0587334321819,417.77281975497806,0,0,0,0,153,78,0,763.9002473928787,683.5784351672696,427.1401780995129,442.6587897712968,433.0883623143049,460.6739099503664,463.8415139606967,309.3869890472495,210.75502811107043,223.71053617634072,216.52304460787633,229.1157886580371,7,13,34.0,False,21,1342.5152812697781,723067.5289204444,7793061.13254783
34,2015,153,153,True,140745.0458573313,81996.18631307743,58748.85954425389,58.258666096279015,41.74133390372099,2669.3018363904403,974.043123205925,36.490557565534566,383.9794741454503,529.734967682302,0,0,0,0,153,102,0,919.9022605054333,817.4772514675442,492.25854414115815,512.4188453681589,500.01146414602556,535.1618814704415,535.9227863599832,338.07807257472956,219.5909134590606,232.8666754686716,225.48090387817132,238.65668338288899,6,11,35.0,False,5,292.3322152595349,42681.06853455562,9585666.045939649
35,2015,153,153,True,225395.21934564004,155061.1473978426,70334.0719477974,68.79522460503422,31.20477539496577,3065.7317830567235,451.5262357213035,14.72817153205438,459.6998166522706,626.445177002444,0,0,0,0,153,0,0,1473.1713682721572,1343.574921783466,856.751160605364,887.8436996407751,868.7730051193258,922.8472603836017,1013.4715516198863,772.0705279400224,552.5164385972931,563.3179800654186,558.3240039343688,572.7222665310984,5,21,36.0,False,2,120.87126335289301,17574.557946998793,10926353.75043671
36,2015,153,153,True,254061.32682321695,176255.8419027854,77805.48492043151,69.37531347517098,30.624686524829006,14829.794718300884,3536.3307355453367,23.84612061542083,508.5325811792909,690.7398179475058,0,0,0,0,153,0,0,1660.531547864163,1514.8042588124376,956.4641537974635,992.7243042036436,970.4969756382897,1032.964328073154,1151.998966684872,883.6129592168812,620.0766404624803,632.2293155018759,626.6256409955482,643.0063575902384,4,23,37.0,False,9,554.3464648439374,246043.8139298122,11576612.397728955
37,2015,153,153,True,337679.21322243835,239523.91466444617,98155.2985579922,70.93238354196987,29.06761645803014,38722.208164847725,9446.773481552418,24.396267489022645,641.5378990718444,866.5916675843473,0,0,0,0,153,0,0,2207.0536811924076,2014.9313941420262,1228.7139095218813,1279.7081953336922,1248.3657293676588,1336.1368749808123,1565.5157821205632,1217.760242277498,813.9456347222992,837.248675047991,823.2978658682539,849.3868532852939,3,25,38.0,False,14,868.1100762587881,718046.2255687247,13645388.934065633
38,2015,153,153,True,395532.40390914044,275876.05675594945,119656.34715319099,69.74802924599882,30.25197075400118,34945.756317330095,11333.372534116006,32.43132708647552,782.0676284522286,1039.43374640846,0,0,0,0,153,0,0,2585.179110517258,2376.52736717394,1487.0345815728056,1545.711895850462,1509.6906161314632,1609.865622853606,1803.1114820650291,1413.6118622595166,970.193276787966,993.1491676219954,980.7628293876614,1008.8188586891363,2,24,39.0,False,14,826.7935149833677,389150.92921974434,14456329.252980487
39,2015,153,153,True,412720.1868339435,280202.7564489184,132517.43038502513,67.891701299713,32.108298700286994,5083.730063680079,2891.8064023017905,56.883555304437834,866.1269959805564,1144.6651764320188,0,0,0,0,153,0,0,2697.5175610061665,2483.252732659239,1565.8568216867352,1626.5187813322896,1589.292952214874,1692.5420835693221,1831.3905650256102,1424.3535994837077,987.9043182313033,1008.8502777312025,998.3173765847976,1025.2515721656598,1,19,,True,3,100.40626159310341,42681.0689361062,14895693.200490125
1,2016,153,153,True,40500.67138013574,29057.222244657496,11443.449135478242,71.74503842647191,28.25496157352809,40500.67138013574,11443.449135478242,28.25496157352809,74.7937851992042,96.29790472131302,0,0,0,0,153,0,0,264.71027045840356,244.20687862420078,140.53483642229304,147.7193749035294,143.34047131744848,154.8735168400337,189.91648525919933,150.47847773162542,91.84475734922027,96.20072255377718,93.58194571920136,99.28669952375346,15,10,38.0,False,12,746.272418510985,421789.3896951097,421789.3896951097
2,2016,153,153,True,1.906116415733968e-12,1.2410012160066248e-12,6.651151997273432e-13,,,1.906116415733968e-12,6.651151997273432e-13,,4.3471581681525696e-15,1.509903313490213e-13,77,81,153,0,0,0,0,1.2458277227019399e-14,0.0,0.0,0.0,0.0,4.164614190645614e-15,8.111119058866828e-15,0.0,0.0,0.0,0.0,3.5771413239083894e-15,39,,22.0,False,4,241.93580558405597,451917.20762117615,451917.20762117615
3,2016,153,153,True,40855.09011700484,36041.59882694134,4813.491290063496,88.21813566858341,11.781864331416587,40855.09011700484,4813.491290063496,11.781864331416587,31.460727386035924,41.28890080014122,0,0,0,0,153,0,0,267.0267327908813,239.0850107100364,124.29443207429259,131.43754662345353,127.15204142462616,139.7196174291216,235.56600540484538,198.12454372336092,99.09169457500693,105.27444856312201,101.31021076046231,111.52473431126724,23,35,23.0,False,11,655.5258419543384,891281.1523157916,891281.1523157916
4,2016,153,153,True,6412.03678546035,3422.937931991405,2989.0988534689445,53.38300522157183,46.616994778428165,6412.03678546035,2989.0988534689445,46.616994778428165,19.536593813522515,27.463539446302487,0,0,0,0,153,108,6,41.90873715987157,32.43087784920861,14.625536122987953,15.5295647834922,14.9195991404616,16.549767357816197,22.372143346349052,6.836282590034711,1.304478608853374,2.1305647538365546,1.6765745371146348,2.5010367390060932,27,2,31.0,False,7,412.6236419737836,291235.53168042,291235.53168042
5,2016,153,153,True,28262.08165671528,22019.484327992483,6242.597328722795,77.91175680352083,22.08824319647915,28262.08165671528,6242.597328722795,22.08824319647915,40.80128973021435,55.857873223444784,0,0,0,0,153,0,0,184.71948795238745,160.94115159888332,84.60135623955514,89.47952546197715,86.50152861941095,94.39435297070504,143.9181982221731,107.6739234938791,61.32178710469252,63.68854538832588,62.32114945975776,65.11216720827095,20,18,32.0,False,12,683.5244610776874,399193.5287079231,399193.5287079231
6,2016,153,153,True,5137.48983822115,2933.8094827634823,2203.6803554576677,57.10589363967112,42.89410636032886,5137.48983822115,2203.6803554576677,42.89410636032886,14.403139578154692,20.37969681668628,0,43,67,67,153,106,70,33.57836495569379,23.40094700072876,6.492298544998889,7.1869491283690055,6.763685633428518,7.9360342519548075,19.1752253775391,5.082227054532495,0.0,0.0,0.0,1.4366841050161838e-13,28,3,24.0,False,8,442.9416076497891,444385.2526979965,444385.2526979965
7,2016,153,153,True,6358.305220086095,5154.828652439916,1203.4765676461784,81.07236872108064,18.927631278919364,6358.305220086095,1203.4765676461784,18.927631278919364,7.865859919256068,10.152861089531196,0,0,0,0,153,0,0,41.55755045807905,40.37176068182791,22.5463954735479,24.191814868937232,23.19174501459891,25.789830013710493,33.69169053882298,31.165896568052386,15.419356080527551,16.825745135984686,15.97508860731017,17.961934082703262,35,27,26.0,False,3,191.9259536664315,266129.0193512085,266129.0193512085
8,2016,153,153,True,3484.3510415883484,3078.7611798148896,405.58986177345923,88.35967280757768,11.640327192422331,3484.3510415883484,405.58986177345923,11.640327192422331,2.650914129238296,4.581785637872997,22,36,42,14,125,22,10,22.77353621953169,15.947790399914071,0.0,0.0,0.0,0.16411604136042507,20.122622090293397,11.713754429127798,0.0,0.0,0.0,0.0,37,36,29.0,False,4,221.47080382426637,256086.4152742944,256086.4152742944
9,2016,153,153,True,5876.13558486477,4329.4971868570965,1546.638398007673,73.67932758407808,26.32067241592191,5876.13558486477,1546.638398007673,26.32067241592191,10.108747699396556,12.706180649235911,0,0,0,0,153,0,0,38.40611493375667,33.88551208959809,19.338760581806866,20.27953635770031,19.70383575549076,21.269820751933118,28.29736723436011,21.76639975916057,11.309090976869717,12.12082461233791,11.632204250979935,12.624711959042438,31,11,24.0,False,16,926.2333821795478,728088.8290157933,728088.8290157933
10,2016,153,153,True,25611.64920030193,21769.291292362155,3842.3579079397796,84.99761621014832,15.0023837898517,25611.64920030193,3842.3579079397796,15.0023837898517,25.11345037869137,32.858970926735225,0,0,0,0,153,0,0,167.3964000019734,153.24293061706712,80.67579558581652,85.94401075822844,82.7339584379167,91.07875551397561,142.28294962328206,121.1819919595172,60.021322730394125,64.75135741113981,61.87662588431622,69.11991319070184,25,32,23.0,False,3,191.73267478750427,286214.23091195483,286214.23091195483
11,2016,153,153,True,38815.839941677725,26504.348696814945,12311.491244862777,68.28230108285364,31.71769891714635,38815.839941677725,12311.491244862777,31.71769891714635,80.4672630383188,104.6736267783655,0,0,0,0,153,74,0,253.69830027240343,207.70773574220289,83.94319156862407,91.29012262941775,86.80044600942699,99.03778397913389,173.2310372340846,107.60747077689688,26.38871085087134,31.319140985246868,28.35493334672534,34.64618306191589,14,7,34.0,False,46,2573.649529595932,1749923.8448572643,1749923.8448572643
12,2016,153,153,True,6170.111609554154,4825.275960147925,1344.8356494062295,78.20403042104118,21.795969578958815,6170.111609554154,1344.8356494062295,21.795969578958815,8.789775486315225,13.023044296576202,0,0,0,0,153,0,0,40.32752685983107,31.554122782592337,23.988244492368928,24.77614772244566,24.29894207209957,25.484094123519068,31.53775137351585,22.669207296218666,18.362617882636922,18.833691356330565,18.550631395775138,19.205999284050886,33,20,21.0,False,5,250.04925958719105,283703.5808656616,283703.5808656616
13,2016,153,153,True,1392.5334773476445,1089.9446156314505,302.58886171619423,78.27062209717684,21.729377902823174,1392.5334773476445,302.58886171619423,21.729377902823174,1.9777049785372172,3.2702265595098385,0,0,35,23,141,0,0,9.101525995736239,5.398027010067166,0.718709881043561,0.8907759675688003,0.7836465941506049,1.1090427201189976,7.123821017199023,3.2960730367932913,0.38019022901003907,0.47604357725840474,0.416371625105036,0.5942159677828565,38,21,22.0,False,1,50.00985191669315,263618.3671985846,263618.3671985846
14,2016,153,153,True,4371.93281283571,3567.3218002133985,804.6110126223111,81.59598861492047,18.404011385079514,4371.93281283571,804.6110126223111,18.404011385079514,5.2588955073353665,9.256571492470112,0,0,0,0,153,0,0,28.574724266900066,20.490151392050013,12.7951995827015,12.83795966991534,12.816226231983313,13.17130960176789,23.315828759564695,13.599418867242294,11.070788111806682,11.288492900370573,11.168366793608584,11.396887155272683,36,29,25.0,False,3,171.26767302837195,286214.2295021044,286214.2295021044
15,2016,153,153,True,9133.655479952557,7414.997217391117,1718.6582625614378,81.1832374635356,18.81676253646437,9133.655479952557,1718.6582625614378,18.81676253646437,11.23306053961724,13.767351627245226,0,0,0,0,153,0,0,59.69709464021279,55.669860794934365,28.77698079796336,30.89324627500926,29.597935790343286,33.05291044748054,48.46403410059554,42.65976450076572,19.922496614356522,21.61494295560655,20.584334998821003,23.199433202122506,30,28,21.0,False,3,171.26767302837195,303788.7854001284,303788.7854001284
16,2016,153,153,True,8735.414307873314,7507.858640232771,1227.555667640544,85.9473675274436,14.05263247255641,8735.414307873314,1227.555667640544,14.05263247255641,8.023239657781334,11.084992630701521,0,0,0,0,153,22,0,57.09421116257068,36.86304628747841,6.257129796413675,8.207580127818767,7.01101293417302,10.291658541947283,49.070971504789355,27.472934673523515,1.5826578961953786,3.2418744369478096,2.231366662922474,4.712063741198059,34,34,30.0,False,15,959.243210574303,728088.830096841,728088.830096841
17,2016,153,153,True,131132.51778430073,120212.51601664082,10920.001767659898,91.67254472637964,8.327455273620352,131132.51778430073,10920.001767659898,8.327455273620352,71.37256057294051,94.56611941807728,0,0,0,0,153,0,0,857.0752796359525,786.7036393536061,497.6340327200825,518.0790111652352,505.628781287083,538.8913826634283,785.7027190630118,700.7948518520386,442.8165836409117,461.9760062277376,450.33699317613366,479.5304305984485,17,38,35.0,False,31,1696.2663260597874,1323113.1465500633,1323113.1465500633
18,2016,153,153,True,21285.435830525596,9881.491177069613,11403.944653455981,46.423720217645226,53.57627978235476,21285.435830525596,11403.944653455981,53.57627978235476,74.53558597030053,94.41899137495166,0,0,0,0,153,110,0,139.1204956243503,127.15842306043497,73.30793346974181,77.12662476031731,74.80455009483212,81.28616822716549,64.58490965404975,35.79989064521993,15.57673233860748,18.31136534231228,16.744537237442678,19.36961763838226,16,1,39.0,False,7,496.02988004490794,396682.87857353204,396682.87857353204
19,2016,153,153,True,24751.706258989492,20959.01507334823,3792.69118564126,84.67705156987387,15.322948430126123,24751.706258989492,3792.69118564126,15.322948430126123,24.788831278701046,32.34956507996027,0,0,0,0,153,0,0,161.7758579018921,148.42490628804805,60.814169769839474,67.34266845661172,63.35188699346132,73.99356545332905,136.98702662319104,118.29251091823208,40.05779344140785,45.78395519880402,42.29542080729225,51.15746651386373,26,31,36.0,False,7,433.86175925048747,404214.83336243127,404214.83336243127
20,2016,153,153,True,13778.978278530796,12431.95616933837,1347.022109192424,90.22407843336802,9.775921566631952,13778.978278530796,1347.022109192424,9.775921566631952,8.804066073153098,12.676365853393719,0,0,0,0,153,0,0,90.0586815590248,73.01341584167074,50.17265903250352,51.436785412509266,50.6656620623072,52.752580388346274,81.2546154858717,63.01630071908724,44.16566689105065,45.25680895558226,44.596839478251695,46.19659471621451,32,37,28.0,False,5,270.9008191041778,409236.13807318325,409236.13807318325
21,2016,153,153,True,24774.677032455333,18761.711292340344,6012.965740114986,75.72938798662085,24.270612013379136,9470.909942948621,2949.4718281473183,31.142433471699192,39.300429673954156,50.77962143611339,0,0,0,0,153,0,0,161.92599367617865,134.26071447293128,75.19154709013806,79.88310208208661,77.02054515203012,84.5323359984634,122.62556400222446,90.11874602796794,48.40709191434564,51.1317506854977,49.49145549001685,53.17583352364118,21,14,27.0,False,11,654.5594475581136,394172.2247361882,981664.5910019783
22,2016,153,153,True,5920.72656125987,3845.033088036656,2075.693473223214,64.94191292662013,35.058087073379845,4528.193083912223,1773.104611507019,39.15700100789672,13.566624007994863,19.05264269964631,0,41,53,53,153,100,61,38.69755922392072,22.70273589616705,4.295961984380883,5.0447256645616765,4.5802255435182575,5.959370221763464,25.130935215925856,6.295640680169221,0.0,0.0,0.0,0.0,29,5,25.0,False,16,925.2669877830901,394172.2269855382,1109707.801805299
23,2016,153,153,True,76141.22061486979,65253.6157323529,10887.604882516895,85.70077443650723,14.299225563492778,9674.481297563018,2231.755684513619,23.068478979599597,71.16081622560061,92.62152942817903,0,0,0,0,153,0,0,497.65503669849534,443.2578187904892,222.0112922554676,236.50947624028015,227.73578283582853,252.12919365199275,426.49422047289477,351.611674269629,165.16148066345892,177.67961830607666,169.87125050410398,189.41755889724192,18,33,37.0,False,8,483.6783322879794,173234.92754020586,1350730.3107679524
24,2016,153,153,True,11850.848024636838,7109.522106616516,4741.325918020322,59.99167394465328,40.00832605534672,837.2226015509189,991.0071645549822,118.36841990638858,30.989058287714524,41.591470125226756,0,0,0,0,153,102,0,77.45652303684209,58.88645302977326,26.150129901414058,27.826401558938645,26.802107663395,29.616056971873896,46.46746474912756,19.864710952949558,6.617120608783051,7.764517863798674,7.083585489472975,8.379813756927044,24,4,26.0,False,8,546.0397319625324,170724.27853797673,1343198.3602517666
25,2016,153,153,True,17173.132947874376,11973.792171714465,5199.34077615991,69.72398226962156,30.276017730378452,6880.473573778795,2319.036290314385,33.704602821993795,33.98261945202555,48.52625519447382,0,17,41,41,153,91,48,112.24269900571487,70.78521060182834,9.728819947230985,12.382248387369136,10.749444020846115,15.708067311595421,78.26007955368932,26.44134511443171,0.0,0.0,1.3195793664116147e-13,3.5746220798197704e-13,22,8,33.0,False,16,967.7432223359499,401704.18460896594,1797626.2159163693
26,2016,153,153,True,20120.316989017774,13320.055780212997,6800.261208804775,66.20201753025786,33.79798246974214,1911.1637442948413,855.4587231382746,44.76114229834931,44.44615169153448,58.53175547519322,0,0,0,0,153,53,0,131.5053397975018,110.23844139506726,59.14879698078133,62.47206855432185,60.446709230025405,65.86210220090388,87.0591881059673,55.05930089351021,31.304515173609133,32.60586324218296,32.128758609720606,33.95862363391573,19,6,27.0,False,4,242.1290844629832,75319.5354052506,1684646.9150082257
27,2016,153,153,True,46094.797126974205,32843.1850436496,13251.612083324599,71.2513929786451,28.748607021354893,1199.8031055010981,438.3851344048348,36.53808965778123,86.61184368186012,111.22445101620161,0,0,0,0,153,0,0,301.27318383643274,249.90561844142314,138.0082341386398,146.08978284305832,141.16056146329996,154.20898085101678,214.66134015457257,146.74175688509342,81.92856490337715,86.64117229384249,83.82460037655007,89.10280558630649,13,9,28.0,False,8,504.91644956468326,82851.48632940903,2749162.992339613
28,2016,153,153,True,67284.9409680597,51617.0045308893,15667.936437170389,76.71405189370977,23.285948106290217,7411.1655625547,1069.3022446533691,14.428260111419915,102.40481331483915,133.54570412586992,0,0,0,0,153,0,0,439.7708560003902,366.90095329480675,222.81022358173297,232.67437578720526,226.65500619007017,242.6657400088096,337.366042685551,244.24845438520327,157.1320904039921,163.09946142960902,159.52802443433498,166.49394109178292,12,17,29.0,False,6,341.762230538241,173234.92950894168,3331634.0599217378
29,2016,153,153,True,74125.43473140651,57789.61481101769,16335.819920388814,77.96192362367701,22.03807637632299,3356.1427217584587,262.29362144496474,7.815329775592362,106.77006483914258,140.6913332759953,0,0,0,0,153,0,0,484.4799655647484,404.0374445873539,242.80288222072474,252.83349475879348,246.71233810102507,263.15655168876543,377.7099007256058,274.93216506377826,175.9948274194464,182.08764643692055,178.4419757348622,185.5354257057074,11,19,30.0,False,2,141.72282287053707,22595.86023219582,3610316.335428228
30,2016,153,153,True,83720.8971193218,65987.7968811064,17733.100238215386,78.8187885601111,21.181211439888877,860.0480800419803,169.72465018602935,19.73432115303889,115.90261593604828,152.60945703750684,0,0,0,0,153,0,0,547.1954060086392,446.4828043198506,254.61578040304872,266.5976702554583,259.27943001434824,279.0058975084703,431.2927900725909,306.4841530524574,182.49554248663742,190.20819640044763,185.57771008979742,195.02005153491038,10,22,31.0,False,1,70.86141143461126,5021.302404239921,4343426.467929309
31,2016,153,153,True,96030.98918135416,72764.62439816733,23266.364783186837,75.7720242376673,24.227975762332715,5898.055276572011,2544.165691502504,43.135670525305585,152.06774368095972,203.89913464672185,0,0,0,0,153,0,0,627.6535240611383,514.6491336146213,301.5334260111435,314.5342031455265,306.534494045763,328.1094023866043,475.5857803801786,326.50975332624006,207.17435581246662,213.63828612689576,210.29065464087742,218.35921168498672,9,15,32.0,False,8,483.8716111678379,138085.8141556785,4772747.813765408
32,2016,153,153,True,130970.47576035358,100182.0966622615,30788.379098092082,76.49212242732638,23.507877572673603,6677.404922284133,1279.4169861824485,19.160392414015828,201.23123593524235,271.32656412600943,0,0,0,0,153,0,0,856.0161814402195,716.4243923117233,407.83748899986017,426.9812828837474,415.230803453181,446.7618595638426,654.784945504977,463.95967218126657,284.4649779009269,294.51997365729915,288.9994231987174,301.3633311607399,8,16,33.0,False,2,120.87126335196169,100426.0452376852,5272367.387711016
33,2016,153,153,True,192054.04415884873,144100.9932677392,47953.050891109524,75.03148079951528,24.96851920048471,43910.435450620775,11965.33101685754,27.249401865561282,313.41863327522566,415.0243633619775,0,0,0,0,153,0,0,1255.2551905807106,1039.0858640655915,558.4787914497497,586.1471177194378,569.1587507902983,617.407338248467,941.8365573054849,644.5905276005931,365.2150995793819,379.904457860139,371.4443057131466,388.2268338600383,7,13,34.0,False,21,1342.5152812697781,723067.5289204444,7793061.13254783
34,2016,153,153,True,234044.51131148834,172991.41379737295,61053.09751411533,73.91389476642748,26.086105233572496,3174.6272109618553,788.5553781430273,24.83930634186523,399.03985303343353,526.6352242869772,0,0,0,0,153,0,0,1529.7026883103813,1265.662481620662,658.6430353431065,693.747715315948,672.2141905354339,732.8709111724291,1130.6628352769474,764.4822510340384,404.3364168436847,424.5772738008315,412.51181755885364,435.2609155492006,6,12,35.0,False,5,292.3322152595349,42681.06853455562,9585666.045939649
35,2016,153,153,True,369062.03279057884,296705.13766692183,72356.895123657,80.39438124356853,19.605618756431472,3885.00369478977,383.7958418817652,9.878905453718845,472.92088316115684,624.3900339828274,0,0,0,0,153,0,0,2412.170148958032,2077.071325927681,1175.7200259771728,1231.6804877087093,1197.44613612807,1292.024701233801,1939.2492657968746,1486.8585824565453,864.4219781028887,904.1714123426284,880.2558778459916,932.6629257543825,5,24,36.0,False,2,120.87126335289301,17574.557946998793,10926353.75043671
36,2016,153,153,True,416228.60637846804,336440.42725965986,79788.17911880826,80.83068345229053,19.169316547709485,22414.8673288998,3638.59280951,16.232943769507447,521.4913667895964,684.5024809915419,0,0,0,0,153,0,0,2720.4484077024053,2354.101726080178,1322.2524692827024,1386.9318403185648,1347.2013082117742,1457.094300496978,2198.9570409128096,1705.9445796387922,976.1080576094262,1022.8765865500645,994.7010907448147,1057.4898029603562,4,25,37.0,False,9,554.3464648439374,246043.8139298122,11576612.397728955
37,2016,153,153,True,556111.876718415,454730.7555212074,101381.12119720751,81.76965365396404,18.23034634603595,63742.049725077064,10705.337195882366,16.79478027778377,662.621707171291,868.5891251093676,0,0,0,0,153,0,0,3634.7181484863722,3178.5373089714703,1743.8520197264907,1835.3409021831756,1779.3121655542511,1934.1479450595455,2972.096441315081,2353.6542006080176,1297.805472132497,1365.649660137907,1324.457394364664,1419.988786492738,3,30,38.0,False,14,868.1100762587881,718046.2255687247,13645388.934065633
38,2016,153,153,True,647822.5626019955,524263.53692302573,123559.02567896977,80.92702650202673,19.072973497973248,51210.01450344485,10734.455346284012,20.96163309143745,807.5753312350965,1048.8509484047781,0,0,0,0,153,0,0,4234.134396091474,3740.6031572618995,2108.0979855287273,2214.225571764426,2149.2705246577625,2327.583121110163,3426.5590648563775,2740.5793774282765,1561.5408595170818,1638.6179711720902,1591.8691707447213,1699.6949468710131,2,26,39.0,False,14,826.7935149833677,389150.92921974434,14456329.252980487
39,2016,153,153,True,674257.2638029967,537043.4839081502,137213.7798948465,79.64964009124307,20.35035990875693,5149.2653704756,2250.8095624207654,43.71127530785764,896.8220908159901,1163.9804779394672,0,0,0,0,153,0,0,4406.910220934619,3901.186178135996,2214.5407404997286,2324.5018947373537,2257.215641864864,2442.0351649967415,3510.088130118629,2790.820684088644,1607.406310132982,1684.853005573655,1637.9309958184258,1744.7628748750417,1,23,,True,3,100.40626159310341,42681.0689361062,14895693.200490125
1,2017,153,153,True,54227.43440204712,42979.26324526444,11248.171156782675,79.25741595409491,20.742584045905094,54227.43440204712,11248.171156782675,20.742584045905094,73.51745854106323,94.12984502900713,0,0,0,0,153,0,0,354.42767583037335,318.3979768080254,176.90847583260276,187.39682897082295,181.00193654392865,197.8032138595601,280.9102172893101,231.73735057393182,125.59108517702961,131.34438824295725,127.81849173689844,136.9551501220305,15,10,38.0,False,12,746.272418510985,421789.3896951097,421789.3896951097
2,2017,153,153,True,548.6084580635643,354.1526205001248,194.45583756343936,64.55471389380057,35.445286106199404,548.6084580635643,194.45583756343936,35.445286106199404,1.2709531866891461,10.994516933278094,73,67,137,6,22,10,6,3.585676196493884,3.032845630561664e-15,0.0,0.0,0.0,4.995569648203774e-15,2.3147230098047373,7.594249777977131e-15,0.0,0.0,1.2537088608947115e-15,6.8608820402406065e-15,39,2,22.0,False,4,241.93580558405597,451917.20762117615,451917.20762117615
3,2017,153,153,True,53318.51458757518,48288.401466211646,5030.113121363522,90.56591662338677,9.434083376613215,53318.51458757518,5030.113121363522,9.434083376613215,32.876556348781186,43.08887862954509,0,0,0,0,153,0,0,348.4870234482038,299.86636219074353,150.2322636415301,160.25203811403975,154.12123648821617,170.12548267909105,315.6104670994225,259.24780858204156,122.89340555062478,131.9720243762578,126.44163632445532,140.6304733540157,23,35,23.0,False,11,655.5258419543384,891281.1523157916,891281.1523157916
4,2017,153,153,True,9485.031567327635,6464.479238459895,3020.5523288677396,68.15453583441509,31.845464165584918,9485.031567327635,3020.5523288677396,31.845464165584918,19.742172084102872,27.230428766328714,0,0,0,0,153,90,0,61.993670374690424,41.87199279446567,17.349782382511002,18.44716169816163,17.78494484578597,19.624194085342115,42.25149829058755,17.176064085561556,5.386322452590477,6.1427597690828994,5.784809669551694,6.498365822326906,27,3,31.0,False,7,412.6236419737836,291235.53168042,291235.53168042
5,2017,153,153,True,36873.51873889563,30839.458274635246,6034.0604642603885,83.635788851647,16.36421114835299,36873.51873889563,6034.0604642603885,16.36421114835299,39.43830368797639,57.60907320939015,0,0,0,0,153,0,0,241.00339045029824,200.89301246189865,102.54932416715576,108.48219139116708,104.85805438168583,115.37768291825431,201.56508676232187,150.87022687929266,76.44587705014625,81.15021564171744,78.306166532782,84.90775939312047,22,22,32.0,False,12,683.5244610776874,399193.5287079231,399193.5287079231
6,2017,153,153,True,8538.761659943913,6083.957014040165,2454.8046459037478,71.25104618601249,28.748953813987498,8538.761659943913,2454.8046459037478,28.748953813987498,16.044474809828415,22.901970061843535,0,12,25,25,153,81,37,55.808899738195514,35.756173436133246,8.76976452980769,10.295486513952133,9.327173471128365,11.980182501726318,39.76442492836709,16.990877437501148,0.0,0.0,2.0872192862952943e-14,0.45226063573985614,29,4,24.0,False,8,442.9416076497891,444385.2526979965,444385.2526979965
7,2017,153,153,True,8165.830800625896,6925.371295223336,1240.4595054025601,84.80914513551419,15.190854864485818,8165.830800625896,1240.4595054025601,15.190854864485818,8.1075784666834,11.064505626401647,0,0,0,0,153,0,0,53.37144314134572,45.08788775502004,27.564021988238952,29.389562546450456,28.281209945366925,31.093028310037273,45.26386467466233,37.24738415973542,20.558721266321594,22.131459202847946,21.18066692854787,23.41467246422948,35,25,26.0,False,3,191.9259536664315,266129.0193512085,266129.0193512085
8,2017,153,153,True,5958.648745044872,5479.7146493270075,478.9340957178645,91.96237072849546,8.037629271504539,5958.648745044872,478.9340957178645,8.037629271504539,3.130288207306304,4.4797453119118416,1,11,17,10,146,14,5,38.94541663428021,27.431142449724426,0.0,1.137095546294591,0.38597104316532665,2.447451443300262,35.81512842697391,23.159320253522246,0.0,0.0,0.0,1.046615846758536,38,37,29.0,False,4,221.47080382426637,256086.4152742944,256086.4152742944
9,2017,153,153,True,8327.616648662974,6755.761353623882,1571.8552950390908,81.1247880233361,18.875211976663905,8327.616648662974,1571.8552950390908,18.875211976663905,10.273564019863338,14.009212447622424,0,0,0,0,153,0,0,54.42886698472532,41.25954830571549,22.954592858231436,24.276098450211073,23.4599342747949,25.685748332334512,44.155302964861974,29.355738196422628,16.010296546822158,16.978743167236985,16.395596969501995,17.647563447411436,31,13,24.0,False,16,926.2333821795478,728088.8290157933,728088.8290157933
10,2017,153,153,True,32044.145830597503,28362.443082754537,3681.702747842964,88.51052929509679,11.489470704903212,32044.145830597503,3681.702747842964,11.489470704903212,24.063416652568392,32.074665147013064,0,0,0,0,153,0,0,209.4388616378922,188.47656868715484,97.79766655402406,104.21597096674147,100.26732126061322,110.69707989171707,185.37544498532378,158.12323766631798,78.37617652936974,84.13740222858175,80.63500848778351,89.49525954141019,25,33,23.0,False,3,191.73267478750427,286214.23091195483,286214.23091195483
11,2017,153,153,True,56401.221552923584,43704.79068337504,12696.430869548552,77.48908530707094,22.510914692929074,56401.221552923584,12696.430869548552,22.510914692929074,82.98320829770296,107.23194618160008,0,0,0,0,153,40,0,368.63543498642866,282.48795904194213,109.70737927184251,120.09505379336741,113.70292263374448,131.23243664136825,285.65222668872576,181.24373661067062,51.38491301949372,58.19406403617063,54.04451980185513,63.95727832291661,14,8,34.0,False,46,2573.649529595932,1749923.8448572643,1749923.8448572643
12,2017,153,153,True,8778.971290302583,7325.524757367382,1453.4465329352001,83.4439994747368,16.556000525263187,8778.971290302583,1453.4465329352001,16.556000525263187,9.499650542060131,16.50818116573167,0,0,0,0,153,0,0,57.378897322239105,36.43848555602618,26.274767980819252,27.029874139296535,26.575445327697878,27.644533415944714,47.87924678017897,25.720954141805056,20.70864606480987,21.174079124311845,20.895174285974083,21.638008482650356,32,20,21.0,False,5,250.04925958719105,283703.5808656616,283703.5808656616
13,2017,153,153,True,2907.0615986926737,2378.443073154931,528.6185255377426,81.81605350999558,18.183946490004413,2907.0615986926737,528.6185255377426,18.183946490004413,3.455023042730344,5.746959945891174,0,0,4,4,153,0,0,19.00040260583447,10.921269213238855,1.6015921462507434,1.963396005324247,1.7385749823950416,2.412002069736895,15.545379563104124,7.1092162269290196,0.913367163268528,1.130487915150591,0.9956103486551495,1.3914849258798843,37,15,22.0,False,1,50.00985191669315,263618.3671985846,263618.3671985846
14,2017,153,153,True,7045.408643166204,6070.706392349849,974.7022508163534,86.16542630551626,13.83457369448371,7045.408643166204,974.7022508163534,13.83457369448371,6.370602946512114,10.728748006903594,0,0,0,0,153,0,0,46.04842250435427,24.75831028813157,13.829807676552697,14.741409904858815,14.18799625283046,15.584274092794407,39.67781955784215,17.52373975142298,11.725824289624589,12.045670582271818,11.997457305381712,12.081833149685984,36,31,25.0,False,3,171.26767302837195,286214.2295021044,286214.2295021044
15,2017,153,153,True,11655.154350376211,9897.486201610354,1757.668148765857,84.919391919429,15.080608080570997,11655.154350376211,1757.668148765857,15.080608080570997,11.488027116116713,15.786576744665126,0,0,0,0,153,0,0,76.1774794142236,66.31560517373882,35.53870607012294,37.980577900763365,36.48987323906123,40.42431030476791,64.68945229810689,54.10391533254806,26.452086242313342,28.64365066856032,27.30736297114141,30.75009728269266,30,26,21.0,False,3,171.26767302837195,303788.7854001284,303788.7854001284
16,2017,153,153,True,14953.209201632691,13666.832902647851,1286.37629898484,91.39732293155916,8.602677068440833,14953.209201632691,1286.37629898484,8.602677068440833,8.407688228659085,13.167651567978808,0,0,0,0,153,0,0,97.73339347472347,56.16953378378604,12.571807064704819,15.148085461583738,13.565699337056733,17.866887239325646,89.32570524606439,45.94161044969792,7.924098791030266,10.217329708243183,8.815950340784664,12.400358571527255,34,36,30.0,False,15,959.243210574303,728088.830096841,728088.830096841
17,2017,153,153,True,165244.29614402773,154798.00076640997,10446.295377617775,93.6782717338015,6.321728266198509,165244.29614402773,10446.295377617775,6.321728266198509,68.27644037658676,86.71232865173215,0,0,0,0,153,0,0,1080.0280793727302,979.1571030373905,588.9397061903936,615.2245375755646,599.2180921413654,642.2735939478433,1011.7516389961436,894.3963886039187,535.5399190880418,560.4386207231836,545.3180764686739,584.3209163738546,18,39,35.0,False,31,1696.2663260597874,1323113.1465500633,1323113.1465500633
18,2017,153,153,True,28098.618800670683,17066.700002166053,11031.918798504632,60.738572679446754,39.26142732055325,28098.618800670683,11031.918798504632,39.26142732055325,72.1040444346708,90.66836224526635,0,0,0,0,153,85,0,183.6511032723574,162.98473303903296,92.62360380867024,97.72413006301441,94.6166929340337,102.71332122744788,111.54705883768662,75.23020936536767,37.506718443869616,40.18254626485705,39.64819169560703,41.549729862406586,16,1,39.0,False,7,496.02988004490794,396682.87857353204,396682.87857353204
19,2017,153,153,True,31236.86177039989,27567.678126850766,3669.183643549127,88.25367391091109,11.746326089088925,31236.86177039989,3669.183643549127,11.746326089088925,23.98159244149756,29.393272671065034,0,0,0,0,153,0,0,204.16249523137182,174.89606124888454,77.92718641617229,85.664183855073,80.93745789890474,93.47642984332744,180.1809027898743,149.75425688737383,57.674999309567205,64.70309751822963,60.41957004924474,71.39040339219522,26,32,36.0,False,7,433.86175925048747,404214.83336243127,404214.83336243127
20,2017,153,153,True,18022.41282744789,16642.1716264388,1380.2412010090898,92.34152932671147,7.658470673288546,18022.41282744789,1380.2412010090898,7.658470673288546,9.021184320320849,12.215395951974443,0,0,0,0,153,0,0,117.79354789181627,87.62603803618066,53.7144768899506,55.451381547200256,54.31538123939891,57.633808317578094,108.77236357149543,75.77853086718778,48.471742137363975,49.80469719532273,48.99467252136247,51.280852044515576,33,38,28.0,False,5,270.9008191041778,409236.13807318325,409236.13807318325
21,2017,153,153,True,33832.66771446494,27694.790833478415,6137.876880986524,81.8581350640514,18.14186493594862,13398.54207378615,2926.7621992854665,21.843885574771527,40.11684235938905,59.03256084170249,0,0,0,0,153,0,0,221.1285471533656,163.6166495745261,89.30293532040338,94.58691905366769,91.36747769571973,99.76325394068495,181.01170479397658,118.38995694242061,61.02949251162062,65.30457885002788,62.71390021052499,69.0509463779667,21,16,27.0,False,11,654.5594475581136,394172.2247361882,981664.5910019783
22,2017,153,153,True,12235.405662673658,9408.138965274491,2827.2666973991677,76.8927424611326,23.107257538867398,8779.73560591742,2104.192334297986,23.966465833888996,18.478867303262533,28.390727195038103,0,0,0,0,153,76,0,79.96997165146182,41.04425137894783,7.851801586901825,9.28503223801872,8.395887723342128,11.026205097619663,61.491104348199286,20.789007439847794,1.061874122997825,1.6850315327418257,1.3006139981249087,2.240355293688137,28,7,25.0,False,16,925.2669877830901,394172.2269855382,1109707.801805299
23,2017,153,153,True,98827.3046219582,88011.14154551132,10816.163076446883,89.055491174406,10.944508825594001,13464.644203785538,2104.3472072403983,15.628687809283281,70.6938763166463,93.29821938756214,0,0,0,0,153,0,0,645.9300955683543,556.1282674460954,271.4359467756774,290.59311102830515,278.8453261660371,309.86566453396904,575.236219251708,468.9416236367605,213.9207118058451,231.01260856870948,220.61021615392934,246.93304014754074,17,34,37.0,False,8,483.6783322879794,173234.92754020586,1350730.3107679524
24,2017,153,153,True,18935.455762780657,13974.480120149241,4960.975642631414,73.80060081583746,26.19939918416254,2069.0774541737696,934.3157016885762,45.15614917188636,32.424677402819704,45.91849956442289,0,0,0,0,153,72,0,123.76114877634416,80.33709826625358,32.18406849707048,35.10159611837629,33.27336840951531,38.28679563705478,91.33647137352445,41.631894246072534,12.817573168087764,13.857702400496155,13.53704947482373,14.733955470616438,24,5,26.0,False,8,546.0397319625324,170724.27853797673,1343198.3602517666
25,2017,153,153,True,31297.85721391592,25106.06903556103,6191.788178354891,80.21657477687693,19.783425223123086,12017.042908076057,2389.819230139369,19.886916011037048,40.469203780097324,58.41680903979827,0,0,0,0,153,67,1,204.56115826088836,112.45572971751335,19.520183454130244,24.413298650861144,21.401273631747245,29.848578027938167,164.09195448079106,64.3543427294117,1.9120834581834567,4.505322688572504,2.9301484519368226,6.498292490774539,20,11,33.0,False,16,967.7432223359499,401704.18460896594,1797626.2159163693
26,2017,153,153,True,29498.144225072443,22459.38445082757,7038.7597742448725,76.13829629234044,23.86170370765955,2396.8576616658897,837.3246262108978,34.93426579319406,46.004965844737725,61.600716387838105,0,0,0,0,153,4,0,192.79832826844734,137.4483745973531,70.20732085095075,74.95439842393557,72.01528456263127,79.84934516284426,146.7933624237096,83.6566971377957,41.61684387217096,44.017289890594995,42.58625040477957,45.52022770206695,19,6,27.0,False,4,242.1290844629832,75319.5354052506,1684646.9150082257
27,2017,153,153,True,65242.30309870732,51645.55820891227,13596.744889795049,79.15961846223597,20.840381537764028,1911.4911591699365,420.1082345636514,21.978037018286972,88.86761365879117,124.75864899168403,0,0,0,0,153,0,0,426.4202816908975,308.1861847031438,163.39026734293498,173.52732131974892,167.3030171586527,183.7292657252337,337.55266803210634,205.46420645394545,105.1160160904305,111.79305081483395,107.77369538003576,116.89647661573332,13,9,28.0,False,8,504.91644956468326,82851.48632940903,2749162.992339613
28,2017,153,153,True,91944.54107378665,75940.8656600416,16003.67541374504,82.59420817501073,17.40579182498925,8679.825147631434,1026.6893229409018,11.828456281991654,104.5991857107519,146.51600475983298,0,0,0,0,153,0,0,600.9447129005663,445.24172253668826,253.23948681423582,265.73158803370904,257.98992463723687,278.8365463335591,496.3455271898144,321.87840139037905,185.9612970984944,194.27605165767898,189.26977046465117,200.95659205824404,12,18,29.0,False,6,341.762230538241,173234.92950894168,3331634.0599217378
29,2017,153,153,True,101460.90146900614,84741.5989003661,16719.302568640043,83.52143305788842,16.478566942111573,3557.7116501746314,236.69305917714166,6.652957924949413,109.2764873767323,153.3482334011856,0,0,0,0,153,0,0,663.1431468562494,494.5620368642008,273.7724198782957,287.4487275165358,278.93413081541655,301.9064992379298,553.866659479517,364.8472382552008,205.46231486093936,214.0344539346135,208.8688192196812,221.70413550703879,11,21,30.0,False,2,141.72282287053707,22595.86023219582,3610316.335428228
30,2017,153,153,True,117285.95477354189,99131.64472072737,18154.310052814515,84.5213264556125,15.4786735443875,871.844102903045,148.63118518962708,17.047908530288684,118.65562126022559,167.3591813483065,0,0,0,0,153,0,0,766.5748678009273,556.3430389228979,291.9029067417204,308.15706747953897,298.05910128374757,325.3357230528283,647.9192465407018,415.0360233079761,218.33876113772126,229.16918616391234,222.62504457733195,238.92452629123247,10,23,31.0,False,1,70.86141143461126,5021.302404239921,4343426.467929309
31,2017,153,153,True,133425.102418283,109928.33019064934,23496.77222763366,82.38954154670829,17.610458453291724,6654.116077413476,2321.909845951409,34.89433936737033,153.57367469041608,214.392254106868,0,0,0,0,153,0,0,872.0594929299542,636.8719745641312,341.9264417814266,359.47941989315495,348.59375657928,378.09438979976767,718.4858182395382,450.42336181448513,247.63874149227527,258.54311337939765,251.98740567545954,267.22498063187845,9,17,32.0,False,8,483.8716111678379,138085.8141556785,4772747.813765408
32,2017,153,153,True,178818.4088639815,148057.45021608076,30760.958647900727,82.79765554155048,17.20234445844952,8519.787706802872,1230.1259560066767,14.438457838854916,201.0520173065407,282.01070664541135,0,0,0,0,153,0,0,1168.7477703528202,888.4449552504911,470.9687825992374,496.0737838789902,480.5717380047519,523.3415869257781,967.6957530462795,641.8081408744343,344.9818728689494,361.9550945471773,351.7254122546892,375.62278631368304,8,19,33.0,False,2,120.87126335196169,100426.0452376852,5272367.387711016
33,2017,153,153,True,265409.5444671884,217084.4818692219,48325.06259796652,81.79226647821598,18.207733521784014,55293.27838929096,11372.315771710897,20.56726622654636,315.85008233965044,434.46587961489035,0,0,0,0,153,0,0,1734.7029050143035,1300.80544690894,652.0994234383934,691.9234679973582,667.4007364610786,734.8443369929241,1418.852822674653,918.2734649916617,449.7892900504646,474.0813654750708,459.47216516215457,494.6042932980562,7,14,34.0,False,21,1342.5152812697781,723067.5289204444,7793061.13254783
34,2017,153,153,True,325475.69533883035,263739.4874051746,61736.207933655794,81.03200674649871,18.9679932535013,3664.9293187184276,714.714466140728,19.501452933631285,403.50462701735813,548.0199832537521,0,0,0,0,153,0,0,2127.292126397584,1603.941292629953,778.3137597915842,828.6827155616766,797.6697698243643,882.9467682230894,1723.787499380226,1114.2568418811848,514.4318614362887,545.5506142285852,526.7851054069422,571.6805823496578,6,12,35.0,False,5,292.3322152595349,42681.06853455562,9585666.045939649
35,2017,153,153,True,495127.18316646526,422597.1395677528,72530.04359871245,85.35122973154812,14.648770268451882,4407.191683607078,347.540287438867,7.885753840287286,474.0525725406043,637.2790650708071,0,0,0,0,153,0,0,3236.1253801729754,2611.1515949168906,1388.7862912048404,1465.9546748942932,1418.6217781911644,1547.7717943761224,2762.072807632371,2033.825727171782,1069.4650956941305,1125.9516012891038,1091.781528296088,1176.3377615803945,5,27,36.0,False,2,120.87126335289301,17574.557946998793,10926353.75043671
36,2017,153,153,True,554857.3857507503,475023.8639100765,79833.52184067384,85.61188444258428,14.388115557415716,28493.34081388518,3634.2945984122825,12.754891124038508,521.7877244488486,697.708422132715,0,0,0,0,153,0,0,3626.518861116015,2945.857332290952,1564.4258207161638,1653.1663592461807,1598.766105638458,1746.6140680335423,3104.7311366671665,2312.2723751855,1207.043792132632,1273.6774647786478,1233.247905711234,1333.548818315416,4,29,37.0,False,9,554.3464648439374,246043.8139298122,11576612.397728955
37,2017,153,153,True,732290.8480793595,630752.1048861857,101538.74319317375,86.13409638267528,13.865903617324715,78606.15770665096,10889.058276053023,13.852678458969745,663.6519162952533,876.4171485125044,0,0,0,0,153,0,0,4786.214693329147,3965.953651278724,2075.226531993272,2198.8875009234716,2123.0980322567684,2327.693079266746,4122.562777033893,3159.962126457699,1614.1857996389715,1710.6592708572946,1652.063733409214,1798.3308452838746,3,30,38.0,False,14,868.1100762587881,718046.2255687247,13645388.934065633
38,2017,153,153,True,852505.287171338,729262.2832492588,123243.00392207908,85.54343230749843,14.456567692501535,65987.00468993137,10456.089572122644,15.845679950552576,805.5098295560724,1062.338176477053,0,0,0,0,153,0,0,5571.929981512013,4688.706039983868,2519.5640074587795,2663.5044401202817,2575.356935194023,2812.2084214245056,4766.420151955939,3711.845163826538,1957.994778984436,2068.082189063506,2001.1922585826032,2167.9510814883715,2,28,39.0,False,14,826.7935149833677,389150.92921974434,14456329.252980487
39,2017,153,153,True,885852.4634704908,749474.7941067214,136377.66936376924,84.60492294286968,15.395077057130315,5248.557498482036,2102.746643185512,40.06332490010177,891.3573161030669,1172.6907644439061,0,0,0,0,153,0,0,5789.885382160071,4885.462974421003,2645.4232902620884,2794.4885755920955,2703.21864535192,2948.2094124241653,4898.528066057002,3802.8807658962637,2023.1588720610862,2134.599067368516,2066.941750228095,2234.3768417975048,1,24,,True,3,100.40626159310341,42681.0689361062,14895693.200490125
1,2018,153,153,True,37831.2589467088,26602.292014384213,11228.966932324587,70.31828375539305,29.681716244606957,37831.2589467088,11228.966932324587,29.681716244606957,73.39194073414762,96.78015202903396,0,0,0,0,153,0,0,247.26313037064574,226.03268686066355,131.12862135990224,137.09806658639584,133.4565311275974,143.8874448172522,173.87118963649812,135.6235296400874,82.10696159520714,86.12281236783453,83.71002406175931,88.89189145501472,16,5,38.0,False,12,746.272418510985,421789.3896951097,421789.3896951097
2,2018,153,153,True,177.99026181003404,83.98105585823902,94.00920595179505,47.18294978849492,52.81705021150509,177.99026181003404,94.00920595179505,52.81705021150509,0.6144392545868957,9.253954831036891,77,83,145,5,13,8,5,1.1633350445100263,0.0,0.0,0.0,7.182016927627711e-16,2.384730134575884e-15,0.5488957899231308,0.0,0.0,0.0,0.0,3.0158363292400532e-15,39,2,22.0,False,4,241.93580558405597,451917.20762117615,451917.20762117615
3,2018,153,153,True,48016.61725560548,42950.97185629049,5065.645399314993,89.45022434140002,10.549775658599996,48016.61725560548,5065.645399314993,10.549775658599996,33.10879345957512,43.6161492099333,0,0,0,0,153,0,0,313.83409970983973,273.2458173055761,138.065810927785,147.41703218479844,141.7119247515583,156.74518865383428,280.7253062502646,231.14966261887844,112.18460082976016,119.36739633239216,115.04517151423035,126.84858416419283,23,35,23.0,False,11,655.5258419543384,891281.1523157916,891281.1523157916
4,2018,153,153,True,9349.313139035554,6203.361563870344,3145.9515751652107,66.35098719680133,33.64901280319869,9349.313139035554,3145.9515751652107,33.64901280319869,20.56177500107981,28.433808691560664,0,0,0,0,153,96,0,61.10662182376179,41.47281887775671,17.240302062695925,18.345001347035453,17.677837821531558,19.481261528805323,40.54484682268199,15.975178866482617,4.6652245407480315,5.506296023731356,5.061652109113072,5.830337881218425,27,3,31.0,False,7,412.6236419737836,291235.53168042,291235.53168042
5,2018,153,153,True,31444.611631227832,25465.51970682791,5979.091924399926,80.9853211274454,19.0146788725546,31444.611631227832,5979.091924399926,19.0146788725546,39.079032185620434,54.67956052562184,0,0,0,0,153,0,0,205.52033745900545,173.11300198884067,85.14630371856778,90.37530586899972,87.17868124746676,95.74611331505727,166.441305273385,122.03200193426511,62.28504810048679,65.07064464528209,63.41069950716638,67.07662662503712,22,16,32.0,False,12,683.5244610776874,399193.5287079231,399193.5287079231
6,2018,153,153,True,8182.339346098157,5738.849709111521,2443.4896369866356,70.13702886630043,29.862971133699578,8182.339346098157,2443.4896369866356,29.862971133699578,15.970520503180625,22.907548682849797,0,18,36,36,153,82,39,53.479342131360504,34.65122755116065,8.574047222978288,9.983773383046673,9.05226301779816,11.650923993681326,37.50882162817988,16.174019689932862,0.0,0.0,0.0,0.23589263261911106,29,4,24.0,False,8,442.9416076497891,444385.2526979965,444385.2526979965
7,2018,153,153,True,8061.594931536856,6820.708436565417,1240.8864949714382,84.60743183563955,15.392568164360457,8061.594931536856,1240.8864949714382,15.392568164360457,8.110369248179335,11.038241681422512,0,0,0,0,153,0,0,52.69016295122128,44.886396999016576,27.328067326244927,29.147247563870295,28.04265278860895,30.84757486567882,44.57979370304194,37.013018394429864,20.310541004037134,21.87610381538553,20.92960036060402,23.152240669955017,35,29,26.0,False,3,191.9259536664315,266129.0193512085,266129.0193512085
8,2018,153,153,True,5869.950822266963,5391.509918596835,478.4409036701294,91.84932006831778,8.15067993168223,5869.950822266963,478.4409036701294,8.15067993168223,3.127064729870127,4.479613818481091,1,11,17,10,146,15,5,38.365691648803676,27.14433155526442,0.0,1.105583695863768,0.3588562896558129,2.413686767303464,35.23862691893356,22.871834412549195,0.0,0.0,0.0,1.0237425784428085,37,38,29.0,False,4,221.47080382426637,256086.4152742944,256086.4152742944
9,2018,153,153,True,7942.8916267593195,6392.268255514828,1550.6233712444914,80.47784806706292,19.522151932937074,7942.8916267593195,1550.6233712444914,19.522151932937074,10.134793276107787,14.03206518854035,0,0,0,0,153,0,0,51.91432435790405,39.94911181351743,22.313974033207078,23.569470020456624,22.79432951173599,24.92741122448457,41.77953108179626,28.304433148060056,15.453399229295417,16.39913774334657,15.829772009090048,17.03253260483288,31,13,24.0,False,16,926.2333821795478,728088.8290157933,728088.8290157933
10,2018,153,153,True,26313.075952046467,22535.17867954232,3777.8972725041467,85.64250990880326,14.357490091196752,26313.075952046467,3777.8972725041467,14.357490091196752,24.692139035974815,32.096990651082706,0,0,0,0,153,0,0,171.9808885754671,152.983073848336,79.97238642231325,85.21330683867913,82.0173525352964,90.38860723583738,147.2887495394923,121.86308225207405,59.66040442908661,64.34640257139861,61.497068892421474,68.71287755732921,26,32,23.0,False,3,191.73267478750427,286214.23091195483,286214.23091195483
11,2018,153,153,True,52038.2487607799,39264.1121978124,12774.13656296749,75.45240882011562,24.54759117988436,52038.2487607799,12774.13656296749,24.54759117988436,83.49108864684634,106.44453666606677,0,0,0,0,153,51,0,340.11927294627384,262.5007579837769,99.32546244976285,108.94659808051843,103.02690978629501,119.35196639584903,256.62818429942746,159.90299493876404,40.93081705038261,47.24622323078204,43.40102839049541,52.32667375333212,14,9,34.0,False,46,2573.649529595932,1749923.8448572643,1749923.8448572643
12,2018,153,153,True,8644.992230907857,7188.7987770848895,1456.193453822969,83.15564184526693,16.844358154733083,8644.992230907857,1456.193453822969,16.844358154733083,9.51760427335274,16.485649938193312,0,0,0,0,153,0,0,56.50321719547619,36.24872794545817,26.175882168783573,26.93376234476528,26.47751748251124,27.553772848431088,46.98561292212346,25.462893927131695,20.60061814049297,21.065672733521463,20.787011443417594,21.510072421572865,32,23,21.0,False,5,250.04925958719105,283703.5808656616,283703.5808656616
13,2018,153,153,True,2257.002101972783,1818.3671056643116,438.63499630847105,80.56559203356203,19.434407966437973,2257.002101972783,438.63499630847105,19.434407966437973,2.866895400708961,4.739889898808212,0,0,14,14,153,0,0,14.751647725312306,8.592083411255695,1.219820885984293,1.5015978429006336,1.3263882354843182,1.853606695086881,11.884752324603344,5.459290088521851,0.6755739181849918,0.8398500370849071,0.7377255369275496,1.038968202961721,38,15,22.0,False,1,50.00985191669315,263618.3671985846,263618.3671985846
14,2018,153,153,True,6588.648823447695,5618.000854768936,970.6479686787584,85.26787517913513,14.73212482086486,6588.648823447695,970.6479686787584,14.73212482086486,6.344104370449402,10.936843288076595,0,0,0,0,153,0,0,43.063064205540485,23.795540997804267,13.340851818536265,14.271986873857841,13.705570217392859,15.155638936235567,36.718959835091084,17.19925125841627,11.681850210921118,11.800607012362635,11.709198187561336,11.934141016317362,36,31,25.0,False,3,171.26767302837195,286214.2295021044,286214.2295021044
15,2018,153,153,True,11483.738265723145,9726.271110648635,1757.4671550745088,84.69603613032328,15.30396386967671,11483.738265723145,1757.4671550745088,15.30396386967671,11.486713431859535,15.738539727244316,0,0,0,0,153,0,0,75.05711284786369,65.49623576052377,35.14758685770964,37.55980528587199,36.08715897455395,39.97504757757034,63.57039941600415,53.346879289342084,26.047783453681248,28.20439145735067,26.88953178561793,30.277516712704962,30,30,21.0,False,3,171.26767302837195,303788.7854001284,303788.7854001284
16,2018,153,153,True,14574.410747203829,13285.85385951847,1288.5568876853595,91.15877197345645,8.841228026543545,14574.410747203829,1288.5568876853595,8.841228026543545,8.421940442387971,13.046387977431237,0,0,0,0,153,0,0,95.25758658303155,54.95564266502346,12.153061331172854,14.711734872888691,13.140223638016291,17.415311676219396,86.83564614064359,44.6807338780351,7.464934407465261,9.732474982211965,8.346416966621451,11.890804513713277,34,36,30.0,False,15,959.243210574303,728088.830096841,728088.830096841
17,2018,153,153,True,130130.12520613562,118939.81578536994,11190.309420765676,91.40067728126795,8.599322718732045,130130.12520613562,11190.309420765676,8.599322718732045,73.13927725990638,96.88628110412435,0,0,0,0,153,0,0,850.5236941577491,768.9643089976705,478.0632546795588,498.4905766244618,486.0401925263181,518.5828631226635,777.3844168978427,681.0886305306574,422.2726652882932,440.982087456003,429.53206349335966,458.52037349506315,17,37,35.0,False,31,1696.2663260597874,1323113.1465500633,1323113.1465500633
18,2018,153,153,True,21435.812259958802,9869.95023429764,11565.862025661161,46.04420917015724,53.955790829842755,21435.812259958802,11565.862025661161,53.955790829842755,75.59386944876576,95.56533513611994,0,0,0,0,153,111,0,140.1033481043059,123.40718077044123,68.4071623118578,72.04771029070815,69.79263244685056,75.81625562126548,64.50947865554012,31.903687425068654,10.260157069922,13.039509092805138,11.503005199792947,14.113654401480835,15,1,39.0,False,7,496.02988004490794,396682.87857353204,396682.87857353204
19,2018,153,153,True,29534.236478015664,25696.225285790963,3838.011192224706,87.00487417346443,12.995125826535581,29534.236478015664,3838.011192224706,12.995125826535581,25.085040472056903,31.57892866374729,0,0,0,0,153,0,0,193.0342253465076,169.01748770212552,72.36268296788609,79.83196881606537,75.2669010366616,87.41524114493156,167.94918487445074,140.91377903820165,51.267037916506226,57.950279879371394,53.87666226983371,64.29758946901349,25,33,36.0,False,7,433.86175925048747,404214.83336243127,404214.83336243127
20,2018,153,153,True,17992.65039813317,16608.4753156652,1384.1750824679684,92.30699729145194,7.693002708548062,17992.65039813317,1384.1750824679684,7.693002708548062,9.04689596384293,12.26452456606853,0,0,0,0,153,0,0,117.59902221002072,87.59003360285783,53.680222619694284,55.42703404421676,54.28374016572457,57.61352433263769,108.55212624617778,75.70540576397549,48.41312330870325,49.74890182404411,48.93711816210119,51.233397112759235,33,39,28.0,False,5,270.9008191041778,409236.13807318325,409236.13807318325
21,2018,153,153,True,33332.00080777367,27178.635466181273,6153.3653415924,81.53916598922764,18.46083401077236,13203.27031114267,2939.7047326949214,22.26497423304292,40.2180741280549,58.92367149175857,0,0,0,0,153,0,0,217.85621442989327,162.14530452503726,88.66244992652824,93.91401303708606,90.71422236071713,99.06052362247773,177.63814030183838,116.86956454177394,60.285340407103554,64.5134048349914,61.95158493413944,68.19278754955091,20,17,27.0,False,11,654.5594475581136,394172.2247361882,981664.5910019783
22,2018,153,153,True,10172.287844646096,7583.859736503415,2588.4281081426825,74.55412049212676,25.44587950787325,7737.295480863279,2055.7839058824165,26.569799627880375,16.917830772174394,25.41898339803322,0,0,12,12,153,82,11,66.48554146827514,34.168336986948546,6.529550877553902,7.709713167301898,6.977402814197718,9.154780175228769,49.56771069610075,15.522961975240477,0.2840406081203396,0.7349082813012053,0.4591780274515397,1.1171224732246554,28,7,25.0,False,16,925.2669877830901,394172.2269855382,1109707.801805299
23,2018,153,153,True,86394.54308536774,75325.85850334875,11068.684582018977,87.18821329828452,12.81178670171546,12064.849877715775,2225.14191019984,18.443179424136552,72.34434367332665,93.73454204659083,0,0,0,0,153,0,0,564.6702162442336,487.87781748121563,238.5482624582757,255.58750434448316,245.1853183242499,272.71232714883683,492.3258725709068,396.35764724703625,181.2420972306407,195.0591710440046,186.70572483215255,208.44544486462277,18,34,37.0,False,8,483.6783322879794,173234.92754020586,1350730.3107679524
24,2018,153,153,True,18150.793283801377,13216.493956686432,4934.299327114941,72.81496599094352,27.185034009056466,2025.5623109438982,940.1863188838138,46.416065001016605,32.25032239944406,46.0611999044477,0,0,0,0,153,75,0,118.63263584183906,77.83623235710928,31.340141302344986,34.0737138083246,32.32453225649236,37.186997164748405,86.38231344239499,39.64012803966342,11.97950798624748,13.072312820120487,12.901619315242835,13.837953881842983,24,6,26.0,False,8,546.0397319625324,170724.27853797673,1343198.3602517666
25,2018,153,153,True,28405.988935322297,22354.484083415075,6051.504851907219,78.69637678981739,21.30362321018259,11645.052267228502,2492.4287750857784,21.403328365472174,39.55231929351123,56.82760204702039,0,0,2,2,153,71,5,185.66005840079933,103.29568561145452,17.480281497450093,22.09930787529292,19.256267128960012,27.229547488449263,146.10773910728807,56.608672907782726,0.5205265104710991,2.9134476037897428,1.4652574820229851,4.631618684130507,21,11,33.0,False,16,967.7432223359499,401704.18460896594,1797626.2159163693
26,2018,153,153,True,28572.374687305193,21556.692637779735,7015.682049525454,75.44592591163747,24.554074088362515,2359.9864719669577,840.4962274390751,35.61445107516036,45.854131042650025,61.844226473595484,0,0,0,0,153,7,0,186.74754697585092,134.686416077187,69.12655832029273,73.68301758408417,70.82689939871548,78.5024235403087,140.89341593320088,81.36714613762007,40.78388831898277,43.15118668626499,41.74032083438391,44.38732775415744,19,8,27.0,False,4,242.1290844629832,75319.5354052506,1684646.9150082257
27,2018,153,153,True,63783.92814049297,50193.910127359835,13590.018013133133,78.69366404778452,21.306335952215466,1879.5526454141104,420.9706220152807,22.397383922307256,88.823647144661,124.77233476304073,0,0,0,0,153,0,0,416.8884192189083,303.89092562283827,161.6659248704978,171.57911818273917,165.4579782292635,181.6744425830427,328.0647720742473,201.58689562511609,103.5337585340517,110.1295937164361,106.15992187928232,114.89752507898706,13,10,28.0,False,8,504.91644956468326,82851.48632940903,2749162.992339613
28,2018,153,153,True,90440.96512689625,74437.20939673108,16003.755730165169,82.3047490617658,17.695250938234196,8664.38658827011,1029.5626345640683,11.882695030689135,104.59971065467431,146.59861702402236,0,0,0,0,153,0,0,591.1174191300408,440.85384911171303,251.4685583470733,263.74538428889804,256.1007158322079,276.7452322383467,486.51770847536653,317.8456029268961,184.3014226450253,192.53921943081446,187.57978751632967,198.88650278515908,12,21,29.0,False,6,341.762230538241,173234.92950894168,3331634.0599217378
29,2018,153,153,True,99858.0294801273,83136.06355386035,16721.965926266923,83.25426005968326,16.74573994031672,3547.1135309640767,239.76929243162635,6.759560705869457,109.29389494292107,153.46246987823565,0,0,0,0,153,0,0,652.6668593472373,489.86392583346867,271.99323663371,285.427372875103,277.0135887589389,299.77669619454934,543.372964404316,360.47626896383247,203.7838845361108,212.27878409788144,207.1607103185167,219.5959167805202,11,25,30.0,False,2,141.72282287053707,22595.86023219582,3610316.335428228
30,2018,153,153,True,115302.88193592771,97136.2111056655,18166.670830262203,84.2443913584422,15.75560864155779,870.4417085966031,156.14801630991826,17.93894005397246,118.73641065530852,166.85225255434773,0,0,0,0,153,0,0,753.6136074243641,550.4278164350962,289.70492062971897,305.69927343212663,295.71301498816007,322.7541987048251,634.8771967690556,409.3414942587095,216.1846909779288,226.91040225366967,220.43028037782196,236.28469592752543,10,28,31.0,False,1,70.86141143461126,5021.302404239921,4343426.467929309
31,2018,153,153,True,131263.6170404779,107526.87667406868,23736.74036640919,81.91674060064223,18.08325939935776,6611.42196551462,2424.11796098178,36.66560648565549,155.1420938980993,216.02440721974335,0,0,0,0,153,0,0,857.9321375194634,630.5382620868588,339.6189546817295,356.9195604728225,346.1405887030416,375.37008521824606,702.7900436213639,442.6095330118797,244.6828645525456,255.42933834996174,248.97105247585287,263.64209983822803,9,20,32.0,False,8,483.8716111678379,138085.8141556785,4772747.813765408
32,2018,153,153,True,169705.5988456575,138784.80758255353,30920.791263104,81.77974594036489,18.220254059635117,6997.370173951782,1204.9589722948815,17.220169039797675,202.09667492224838,281.63504716621287,0,0,0,0,153,0,0,1109.186920559853,845.4481986073922,446.18371254860847,470.0278562512092,455.2485777190177,495.20071205846943,907.0902456376048,595.9379240170204,322.93675791602016,337.56712955450473,328.7822083080782,348.71602839363743,8,19,33.0,False,2,120.87126335196169,100426.0452376852,5272367.387711016
33,2018,153,153,True,249968.41243066662,201334.76307232256,48633.64935834404,80.5440819960268,19.455918003973196,51856.824649686794,11661.353243332815,22.487596034099337,317.86698927022246,435.0720775415323,0,0,0,0,153,0,0,1633.7804734030499,1230.0873186576623,616.7399600551636,653.4077900714669,630.7804727436024,693.2805833805613,1315.913484132827,842.9261705235491,417.3339268234366,438.9642574610075,425.9741594175825,454.9665154753515,7,14,34.0,False,21,1342.5152812697781,723067.5289204444,7793061.13254783
34,2018,153,153,True,305621.214545914,243425.11455233334,62196.09999358062,79.64928577160772,20.35071422839228,3614.55335446746,788.3140722690937,21.809446284553125,406.51045747438314,548.5175532690778,0,0,0,0,153,0,0,1997.524278077869,1513.0336319492003,732.5397134964537,778.9788631135102,750.3381654661927,829.4538368004277,1591.0138206034858,1016.7603377145033,471.22613524247464,499.16425698453594,482.3380952291085,520.0451404831956,6,12,35.0,False,5,292.3322152595349,42681.06853455562,9585666.045939649
35,2018,153,153,True,439581.2425555872,365834.1074175313,73747.13513805586,83.22332074287037,16.776679257129626,3829.9028035376386,360.72572370957414,9.418665230260565,482.0074192029795,648.3842063185612,0,0,0,0,153,0,0,2873.0800167031844,2306.19311784452,1229.6173507669128,1296.8788783672612,1255.5466761657437,1367.8418536258152,2391.0725975002047,1719.1160960593415,910.465969140339,957.4527804806746,928.9713868141062,996.1216024921365,5,24,36.0,False,2,120.87126335289301,17574.557946998793,10926353.75043671
36,2018,153,153,True,493092.9134451902,412041.2008255786,81051.71261961157,83.56258822433453,16.437411775665456,23977.434411587317,3466.566289330997,14.457619734560703,529.7497556837358,708.6233471747278,0,0,0,0,153,0,0,3222.829499641766,2608.1354575830483,1388.2179747583457,1464.8431078315523,1417.7867838503757,1546.4495261648394,2693.07974395803,1966.5837078668387,1034.1898292091626,1089.4243443586852,1055.9296151763715,1135.5098321992257,4,26,37.0,False,9,554.3464648439374,246043.8139298122,11576612.397728955
37,2018,153,153,True,649350.22118748,545894.3869707905,103455.83421668965,84.06779102538877,15.932208974611244,69862.76465692218,11335.437015059106,16.225291213029546,676.1819229848996,894.5844055961179,0,0,0,0,153,0,0,4244.119092728628,3513.1107534798316,1839.4617539494002,1946.981878451299,1881.0555996575406,2060.679687828898,3567.9371697437286,2689.492534083167,1382.367864974463,1461.2626855756882,1413.4179882805183,1530.4015580839234,3,27,38.0,False,14,868.1100762587881,718046.2255687247,13645388.934065633
38,2018,153,153,True,734785.8372701581,609538.924671208,125246.91259895015,82.95463708660179,17.045362913398225,47604.3571359692,10562.11144993589,22.187278823591768,818.6072718885631,1075.3387002816326,0,0,0,0,153,0,0,4802.521812223255,4037.982166294458,2182.5832763289277,2302.799878410502,2229.1355535655994,2430.087570129025,3983.914540334693,3040.731853233325,1624.68234809757,1711.9524023330437,1659.0762010578617,1786.881191886069,2,22,39.0,False,14,826.7935149833677,389150.92921974434,14456329.252980487
39,2018,153,153,True,761424.3189309335,622335.0175248636,139089.30140606972,81.73301036649892,18.266989633501066,5202.6694008165105,2276.526781458449,43.756898739350405,909.0804013468609,1191.905181856771,0,0,0,0,153,0,0,4976.629535496298,4194.940156095115,2284.109522702763,2407.9849291741534,2332.05427676827,2539.062262353043,4067.5491341494353,3086.9606525643044,1664.940128599548,1752.585328273823,1699.5311369215867,1826.3357249211222,1,18,,True,3,100.40626159310341,42681.0689361062,14895693.200490125
1,2019,153,153,True,62653.72652103159,51454.90693102445,11198.819590007137,82.12585234455621,17.874147655443796,62653.72652103159,11198.819590007137,17.874147655443796,73.1948992810924,96.64933526498095,0,0,0,0,153,0,0,409.5014805296182,362.216831535533,196.68760775023023,208.25824054188877,201.1694927451636,219.97094043829352,336.30658124852584,272.90097502878666,142.2703142698261,150.59332660095234,145.55286066496654,157.93097671353428,15,3,38.0,False,12,746.272418510985,421789.3896951097,421789.3896951097
2,2019,153,153,True,4338.306993567184,3617.0123377354857,721.2946558316979,83.37382170276955,16.62617829723045,4338.306993567184,721.2946558316979,16.62617829723045,4.714344155762731,19.732864887527068,64,60,112,9,50,15,10,28.35494767037375,1.7763568394002505e-14,0.0,0.0,0.0,2.372176529282418e-15,23.64060351461102,1.1583733305352143e-14,0.0,0.0,0.0,4.829847139469779e-15,38,4,22.0,False,4,241.93580558405597,451917.20762117615,451917.20762117615
3,2019,153,153,True,70086.86400015948,64860.55379533624,5226.3102048232395,92.54309594332634,7.456904056673655,70086.86400015948,5226.3102048232395,7.456904056673655,34.158890227602875,42.12695483164356,0,0,0,0,153,0,0,458.08407843241486,355.92610152590964,174.03049886332468,185.30642557652996,178.45037131594253,197.41487367242797,423.925188204812,316.4976611277328,146.63455242734182,157.08958582161787,150.729391495385,166.949311152524,23,35,23.0,False,11,655.5258419543384,891281.1523157916,891281.1523157916
4,2019,153,153,True,15649.55004261339,12668.31702562406,2981.2330169893316,80.9500400403111,19.049959959688927,15649.55004261339,2981.2330169893316,19.049959959688927,19.485183117577332,28.673483824931424,0,0,0,0,153,65,0,102.2846408013947,55.55975713586561,20.507124677889934,22.190986005830943,21.148747792205707,24.43824759928539,82.79945768381738,32.30957093030939,9.701737649163146,10.53318895563158,9.972374798057558,11.195400369878223,28,2,31.0,False,7,412.6236419737836,291235.53168042,291235.53168042
5,2019,153,153,True,46109.642097438315,40589.05170595075,5520.590391487565,88.02725386629216,11.972746133707833,46109.642097438315,5520.590391487565,11.972746133707833,36.0822901404416,51.206928606194595,0,0,0,0,153,0,0,301.3702097871785,245.29480205570212,115.49574724492892,123.94204528655307,118.77933962622228,132.5449563375131,265.2879196467369,194.61959571667515,90.68543091079714,96.53263154984685,92.98461215385605,102.64342589430868,22,13,32.0,False,12,683.5244610776874,399193.5287079231,399193.5287079231
6,2019,153,153,True,17581.607135314523,15020.855850580054,2560.7512847344706,85.43505570892361,14.564944291076381,17581.607135314523,2560.7512847344706,14.564944291076381,16.736936501532487,24.955129531934396,0,0,0,0,153,44,0,114.91246493669624,59.16279308484373,13.970710540470375,16.029510766634914,14.769026558919025,18.15756859131806,98.17552843516376,38.377246225356295,3.9885012550488588,5.8613266192110425,4.720407855369836,7.505416558230483,29,6,24.0,False,8,442.9416076497891,444385.2526979965,444385.2526979965
7,2019,153,153,True,13550.256429826211,12226.254713814636,1324.001716011575,90.2289545377367,9.771045462263299,13550.256429826211,1324.001716011575,9.771045462263299,8.653605987003758,15.022479528585947,0,0,0,0,153,0,0,88.56376751520399,50.10750114990344,33.5423800293671,35.430211949383846,34.290074507477804,37.02522566467451,79.91016152820023,44.446480899014304,27.044409499393776,28.780135263518893,27.7324493298369,30.211507934646605,35,29,26.0,False,3,191.9259536664315,266129.0193512085,266129.0193512085
8,2019,153,153,True,11637.571249668212,11117.859594952122,519.7116547160888,95.5341914256301,4.465808574369896,11637.571249668212,519.7116547160888,4.465808574369896,3.39680820075875,4.850245098862885,0,0,0,0,153,0,0,76.06255718737393,42.69064483725855,3.992676080637731,5.6698865483624825,4.62482540673759,8.450466411079743,72.66574898661518,38.73233849471425,2.566122716510062,4.139199448324458,3.176814382867568,6.316074287366962,39,39,29.0,False,4,221.47080382426637,256086.4152742944,256086.4152742944
9,2019,153,153,True,15538.24603927731,13823.697293882491,1714.548745394819,88.96562236779613,11.034377632203867,15538.24603927731,1714.548745394819,11.034377632203867,11.206200950292935,14.69727967587103,0,0,0,0,153,0,0,101.55716365540725,56.72763937698124,28.880506477355834,30.699137680595506,29.588549529291292,32.48396886600209,90.35096270511433,44.29687468530065,21.384288569361566,22.88436048799678,21.972365215439716,24.124866451329606,31,18,24.0,False,16,926.2333821795478,728088.8290157933,728088.8290157933
10,2019,153,153,True,38210.72629061598,34625.36861123245,3585.3576793835327,90.6168816260788,9.383118373921217,38210.72629061598,3585.3576793835327,9.383118373921217,23.43371032276819,30.963644993502697,0,0,0,0,153,0,0,249.74330908899333,216.10449214756918,109.98637007137839,117.1748680981931,112.77251274853712,124.93493025882726,226.30959876622518,186.9725388009426,90.79869296361092,97.21774231724773,93.31914946926004,103.47111237177245,27,30,23.0,False,3,191.73267478750427,286214.23091195483,286214.23091195483
11,2019,153,153,True,87533.70135343743,74358.54677097427,13175.15458246315,84.94847769630414,15.051522303695851,87533.70135343743,13175.15458246315,15.051522303695851,86.11212145400752,109.7941965430856,0,0,0,0,153,0,0,572.1156951205061,384.11352498782514,139.03644144487237,152.281024339851,144.1361385208197,167.01294558250208,486.0035736664985,279.505826768897,76.9295203158457,87.81485668488737,81.12203787628728,97.97911101584833,14,5,34.0,False,46,2573.649529595932,1749923.8448572643,1749923.8448572643
12,2019,153,153,True,14612.788080090613,13089.640176723018,1523.1479033675955,89.57660991852178,10.423390081478214,14612.788080090613,1523.1479033675955,10.423390081478214,9.955215054690166,16.551101915500816,0,0,0,0,153,0,0,95.50841882412165,49.56694009780652,28.429390189862495,29.016589485748533,28.669188359773706,29.573817486404664,85.55320376943149,36.45333426350757,23.72836034497602,24.434979312360877,24.014476918359986,24.896713322755655,32,23,21.0,False,5,250.04925958719105,283703.5808656616,283703.5808656616
13,2019,153,153,True,6057.930354626011,5256.300458403271,801.6298962227386,86.76726457228759,13.232735427712385,6057.930354626011,801.6298962227386,13.232735427712385,5.239411086423128,9.167973346525208,0,0,0,0,153,0,0,39.59431604330726,21.277553761774055,3.281726744213578,3.982025382161763,3.547402974002178,4.839639745486194,34.35490495688412,14.847874691141753,2.0271603257353443,2.4814606682606315,2.199663366661531,3.019747645180779,37,8,22.0,False,1,50.00985191669315,263618.3671985846,263618.3671985846
14,2019,153,153,True,14341.065861414634,13201.987445071518,1139.078416343115,92.05722623861686,7.942773761383129,14341.065861414634,1139.078416343115,7.942773761383129,7.444956969562843,11.971161243659168,0,0,0,0,153,0,0,93.73245661055316,48.30394846467737,16.970863528085168,17.83303124315977,17.3124646937271,18.61435592982235,86.28749964099032,38.06920458174467,13.244938859995855,14.041842522174045,13.56394938436004,14.629411099446184,36,34,25.0,False,3,171.26767302837195,286214.2295021044,286214.2295021044
15,2019,153,153,True,17894.840313518973,16072.533300106992,1822.3070134119826,89.81657851377814,10.183421486221862,17894.840313518973,1822.3070134119826,10.183421486221862,11.910503355633873,15.362132464798563,0,0,0,0,153,0,0,116.95974061123512,82.81015184598141,43.81355526123756,46.74034736219514,44.95631906226634,49.602709085949975,105.04923725560126,67.77849979076254,35.45627199369899,38.11487442413907,36.496791842175604,40.61522668855089,30,27,21.0,False,3,171.26767302837195,303788.7854001284,303788.7854001284
16,2019,153,153,True,29085.695405889663,27699.095568564615,1386.5998373250477,95.23270866322738,4.767291336772613,29085.695405889663,1386.5998373250477,4.767291336772613,9.062744034804233,13.329390124944553,0,0,0,0,153,0,0,190.10258435222002,100.33665130738581,21.70637088500418,25.009459472145625,22.983096298612292,28.539462591225846,181.03984031741578,87.91800379313551,17.376413511688,20.4564419881435,18.57302873170034,23.480908000272205,34,38,30.0,False,15,959.243210574303,728088.830096841,728088.830096841
17,2019,153,153,True,192206.412493568,181761.37727820544,10445.035215362577,94.56571969693671,5.434280303063307,192206.412493568,10445.035215362577,5.434280303063307,68.26820402197762,87.26876179619853,0,0,0,0,153,0,0,1256.251062049464,1104.6557629446927,640.5131385291229,671.6698043328464,652.50122053353,703.3426528387907,1187.9828580274866,1023.1909934747218,588.1273214824855,616.883880056167,599.1895771493156,645.8608849054727,18,36,35.0,False,31,1696.2663260597874,1323113.1465500633,1323113.1465500633
18,2019,153,153,True,33994.63500545116,22940.19701277093,11054.437992680228,67.48181590739948,32.51818409260053,33994.63500545116,11054.437992680228,32.51818409260053,72.25122871032829,88.80749022018749,0,0,0,0,153,70,0,222.1871568983736,186.6085284176797,102.70642979136838,108.30217833367536,104.89534453406998,113.88537401489936,149.9359281880453,99.16278556082754,48.39258692563801,51.22652082987765,49.41182744119798,53.422913859412105,16,1,39.0,False,7,496.02988004490794,396682.87857353204,396682.87857353204
19,2019,153,153,True,40084.122152949836,36447.91029197734,3636.2118609724957,90.92854809917573,9.071451900824284,40084.122152949836,3636.2118609724957,9.071451900824284,23.766090594591475,32.868434386986905,0,0,0,0,153,0,0,261.98772648986824,206.54749357249133,95.42027566836771,104.29467103189609,98.87789231865418,113.14109127429153,238.22163589527676,180.809694119839,75.60802003441515,83.89321963436649,78.8447174009281,91.79083800282628,26,32,36.0,False,7,433.86175925048747,404214.83336243127,404214.83336243127
20,2019,153,153,True,26330.901843217318,24919.419820820163,1411.482022397148,94.63944672004942,5.360553279950558,26330.901843217318,1411.482022397148,5.360553279950558,9.225372695406197,13.518658526963918,0,0,0,0,153,0,0,172.09739766808704,115.02430529911045,59.51578834037505,62.04407063192292,60.50019329521791,64.6230148544915,162.8720249726808,103.96973018546659,54.18304382395132,56.488675418680565,55.084615714301414,58.72844156681039,33,37,28.0,False,5,270.9008191041778,409236.13807318325,409236.13807318325
21,2019,153,153,True,54803.535729016585,48596.05188693056,6207.4838420860215,88.67320555232101,11.326794447678989,22295.907335406995,2862.0289253064448,12.836566291076222,40.5717898175557,58.83911986231601,0,0,0,0,153,0,0,358.19304398050053,221.28320086503453,105.66111049364909,111.71849478569013,108.03054003426756,117.79925282015132,317.6212541629448,166.87578180335365,80.2743852910223,85.80336749549832,82.45245639856022,90.59120376917225,21,16,27.0,False,11,654.5594475581136,394172.2247361882,981664.5910019783
22,2019,153,153,True,29004.10390017106,25148.999461280764,3855.104438890301,86.70841735997381,13.291582640026208,18607.866551977866,2332.1798868358637,12.533300796850199,25.1967610384987,40.847797018695076,0,0,0,0,153,41,0,189.56930653706576,82.00678862590907,14.604168508991002,17.183271888974147,15.592310458430465,20.06669580213189,164.3725454985671,51.777538582863706,5.49865551150498,6.945021711795097,6.0626726994936915,8.622117101475387,25,7,25.0,False,16,925.2669877830901,394172.2269855382,1109707.801805299
23,2019,153,153,True,125993.36070517471,115186.14407743094,10807.216627743761,91.42239196791272,8.577608032087277,17695.770414399256,1995.5487435369878,11.276981430055097,70.63540279571086,89.38713908177374,0,0,0,0,153,0,0,823.4860176808804,658.4979034822358,313.50587868311266,335.32179905659086,322.00519309953853,358.8137764751478,752.8506148851695,572.5141553588118,256.31583632424923,276.09682865563633,264.0640877620081,294.88117685625696,17,33,37.0,False,8,483.6783322879794,173234.92754020586,1350730.3107679524
24,2019,153,153,True,39483.4493692385,34311.70052892738,5171.7488403111165,86.90147663658682,13.098523363413175,6363.59619464667,896.4488101818274,14.08714165326767,33.80228000203344,46.26339195873581,0,0,0,0,153,0,0,258.06176058325815,125.77609250025961,43.637793492238465,47.667883071634385,45.20123782533616,51.79524238059756,224.2594805812247,85.07318430931865,22.968565793632596,26.377482374574704,24.309544622799333,28.94254254033763,24,9,26.0,False,8,546.0397319625324,170724.27853797673,1343198.3602517666
25,2019,153,153,True,65835.62624320481,58477.57855513236,7358.047688072451,88.82360796433996,11.176392035660035,22490.456481619116,2363.8648328390364,10.510524029474295,48.091814954721904,70.49484961963367,0,0,0,0,153,26,0,430.2982107399007,204.9225787824696,36.428711926310356,43.33567667889966,39.08894291928449,50.90383275368379,382.2063957851788,144.6232518864574,14.366821528541992,19.424614046413833,16.344981563411356,24.245326909261262,19,17,33.0,False,16,967.7432223359499,401704.18460896594,1797626.2159163693
26,2019,153,153,True,56999.32524901942,49699.63023890648,7299.695010112933,87.193365924558,12.806634075441995,3965.6194499547073,803.9444537902425,20.272859358691733,47.71042490269891,67.420948115447,0,0,0,0,153,0,0,372.54460947071516,190.3647092468142,87.66384929544407,93.59547915252752,89.97998402615136,99.4346543650997,324.8341845680162,136.5385830567921,58.109527858181565,63.176916284392746,60.1154981347956,66.80719318608975,20,10,27.0,False,4,242.1290844629832,75319.5354052506,1684646.9150082257
27,2019,153,153,True,115723.2697986639,101815.3325440593,13907.93725460459,87.98172806661815,12.018271933381861,3920.408820627885,400.7584024056335,10.222362532626095,90.90155068369013,129.15299370439845,0,0,0,0,153,0,0,756.3612405141431,423.0835248664428,197.58727952577766,209.7635835882011,202.34350549731212,221.92771076320767,665.4596898304529,311.3878628988148,141.28336070268944,151.96753431023072,145.50349885721727,160.36374877807958,13,12,28.0,False,8,504.91644956468326,82851.48632940903,2749162.992339613
28,2019,153,153,True,153142.98275398646,136865.48953687382,16277.493217112638,89.3710485949844,10.628951405015597,11088.811112105255,958.0739401109015,8.640005952171073,106.38884455629176,150.9304474469625,0,0,0,0,153,0,0,1000.9345278038331,595.5445065240881,295.2043023533863,310.845120098002,301.3019059407065,326.70463552527985,894.5456832475413,464.5458720271303,229.69437341116148,243.38567565223573,235.08863044560863,254.65688392697874,12,21,29.0,False,6,341.762230538241,173234.92950894168,3331634.0599217378
29,2019,153,153,True,168783.0608431241,151769.68237352656,17013.378469597563,89.91997278363694,10.080027216363076,4002.5068394694727,216.17359776883944,5.400955112358858,111.19855208887296,157.84541623473024,0,0,0,0,153,0,0,1103.1572604125759,661.2204469303033,319.85636907574155,337.2365814899732,326.60920161773737,355.9691437038727,991.958708323703,524.3504740146798,252.22743323237893,267.5243688948056,258.2459155934431,280.94596547964477,11,28,30.0,False,2,141.72282287053707,22595.86023219582,3610316.335428228
30,2019,153,153,True,198783.95214678877,180263.11835172476,18520.83379506402,90.68293310649764,9.317066893502355,915.195897774973,120.85548814140421,13.205422842828341,121.05120127492823,172.39627311775394,0,0,0,0,153,0,0,1299.241517299273,767.262781113722,347.12847591976197,367.81521831412675,355.1593241423758,390.08240964023724,1178.1903160243448,616.7771804180112,274.59519383734084,292.9438035509714,281.800655224324,309.3040164399155,10,31,31.0,False,1,70.86141143461126,5021.302404239921,4343426.467929309
31,2019,153,153,True,223619.10238335442,200024.22330949362,23594.87907386082,89.44862991471469,10.551370085285324,9185.60019395226,2092.812261807464,22.783620205736344,154.21489590758705,218.15838580903767,0,0,0,0,153,0,0,1461.562760675519,866.7918080983603,401.11130474661866,423.8685711386331,409.9294897614181,448.8813282928958,1307.3478647679322,675.5237523056655,308.6131921158527,327.6214563370673,316.0376393638905,343.9251311117039,9,22,32.0,False,8,483.8716111678379,138085.8141556785,4772747.813765408
32,2019,153,153,True,280147.67289331247,249910.59832674233,30237.07456657016,89.20673719888967,10.793262801110338,10418.928412519726,1121.6051012217786,10.765071577553226,197.62793834359582,279.09804924547643,0,0,0,0,153,0,0,1831.030541786356,1169.296449162145,546.4202377106936,579.6508789986242,559.2973605159794,615.4511534226237,1633.4026034427602,918.7515146651249,423.68237911100874,450.23596373425704,434.06662274337174,474.3381148529767,8,20,33.0,False,2,120.87126335196169,100426.0452376852,5272367.387711016
33,2019,153,153,True,416497.44439606846,368200.47780016315,48296.96659590528,88.40401850101696,11.595981498983043,70514.14525955117,10701.844341262662,15.176875933007349,315.6664483392502,439.3802390600972,0,0,0,0,153,0,0,2722.205518928552,1741.6757835064532,767.7107824468129,819.570749968148,787.8103915570182,874.9025646877549,2406.5390705893014,1343.251953431307,562.7625164051884,603.8324404707612,578.8384742469423,640.8213863229408,7,15,34.0,False,21,1342.5152812697781,723067.5289204444,7793061.13254783
34,2019,153,153,True,508455.2242009316,446315.04682872957,62140.17737220209,87.77863331626514,12.22136668373487,4424.078451425747,668.0561938336659,15.100459930098474,406.1449501451117,555.3920337103095,0,0,0,0,153,0,0,3323.236759483213,2149.2682767700753,923.7347932739356,989.116042573729,949.0381768787322,1059.531531521169,2917.091809338102,1640.5943084025007,653.5547894498143,705.6479532186944,673.8796736830527,752.8046388900067,6,11,35.0,False,5,292.3322152595349,42681.06853455562,9585666.045939649
35,2019,153,153,True,705438.3541929092,632531.6745627614,72906.67963014774,89.6650530557613,10.334946944238684,4776.717498409525,321.467042583065,6.7298734474061295,476.5142459486781,645.2622840425079,0,0,0,0,153,0,0,4610.708197339276,3283.8097375767466,1586.8093025236685,1683.9147420491852,1624.3225022203908,1786.5643434476967,4134.193951390597,2691.0451923432684,1262.336707988333,1343.7195469614535,1293.9338904404544,1420.2946553629,5,24,36.0,False,2,120.87126335289301,17574.557946998793,10926353.75043671
36,2019,153,153,True,780019.553495432,699960.404884772,80059.14861065998,89.7362638857067,10.263736114293296,34497.077149573044,3516.257119539735,10.192913168538553,523.2624092199999,704.5521891154194,0,0,0,0,153,0,0,5098.167016310013,3675.735452820662,1787.8321849059876,1898.154453653522,1830.4982548088244,2013.9875441923623,4574.904607090013,3027.646883650876,1426.78206573825,1520.403232758493,1463.1759872531259,1608.5328190527787,4,25,37.0,False,9,554.3464648439374,246043.8139298122,11576612.397728955
37,2019,153,153,True,998990.7353360126,896794.2673809377,102196.46795507486,89.77002845569925,10.229971544300746,92977.8211354058,11330.10271667112,12.18581224889194,667.9507709482017,881.9559878120899,0,0,0,0,153,0,0,6529.351211346488,4865.586309995227,2373.003425108952,2523.294465927649,2431.2424641407783,2680.6490900533586,5861.400440398285,4045.5634448906385,1907.3669597920714,2035.8748355062344,1957.417608521755,2157.1908659575333,3,26,38.0,False,14,868.1100762587881,718046.2255687247,13645388.934065633
38,2019,153,153,True,1134543.8474924178,1010749.3379076227,123794.50958479494,89.08860950077803,10.911390499221959,72899.38563537334,10399.222039712953,14.2651710286388,809.1144417306859,1069.5803061612605,0,0,0,0,153,0,0,7415.319264656326,5668.564240775333,2854.4489606467405,3026.689617157922,2921.2487982700013,3206.5447227029367,6606.204822925639,4673.295442336538,2286.714680218241,2432.564157703716,2343.59590884581,2568.8874220822545,2,19,39.0,False,14,826.7935149833677,389150.92921974434,14456329.252980487
39,2019,153,153,True,1174025.8250453724,1037154.4090102855,136871.41603508673,88.34170312822572,11.658296871774272,5487.342547503785,2022.468457611576,36.856974757874475,894.5844185299786,1177.6616846349443,0,0,0,0,153,0,0,7673.3714055253095,5889.36329928788,2990.4504416909526,3168.3217226407496,3059.452504293625,3353.80145009708,6778.78698699533,4789.127545716671,2361.2104611524483,2509.6380117331005,2419.0232612272384,2647.439782719725,1,14,,True,3,100.40626159310341,42681.0689361062,14895693.200490125
1,2020,153,153,True,11348.149365774669,2662.176754922068,8685.972610852597,23.45912685068309,76.54087314931688,11348.149365774669,8685.972610852597,76.54087314931688,56.771062816030046,68.05780547966786,0,12,39,39,153,127,67,74.17091088741614,70.48821644299221,51.097537896211584,52.72704405116298,51.73644699456086,54.29440872442121,17.399848071386067,6.606491068569936,0.0,0.0,2.720883682521367e-13,0.27205643928828127,16,6,38.0,False,12,746.272418510985,421789.3896951097,421789.3896951097
2,2020,153,153,True,9.863677201868293e-13,5.631361188252909e-13,4.232316013615384e-13,,,9.863677201868293e-13,4.232316013615384e-13,,2.766219616742081e-15,5.679602776411373e-14,76,100,153,0,0,0,0,6.446847844358362e-15,1.8704329924990941e-16,0.0,0.0,0.0,2.8550386105447402e-15,3.6806282276162804e-15,0.0,0.0,0.0,0.0,1.185142611854382e-16,39,,22.0,False,4,241.93580558405597,451917.20762117615,451917.20762117615
3,2020,153,153,True,12915.690137250027,9123.223234710957,3792.466902539073,70.63674598695079,29.363254013049236,12915.690137250027,3792.466902539073,29.363254013049236,24.787365376072373,29.74853117422547,0,0,0,0,153,0,0,84.41627540686292,79.07852218510581,50.5626332598025,53.02621954470887,51.52688460058388,55.39806455449393,59.628910030790564,50.72972819871541,29.04522893648466,30.58819767783627,29.656625494212907,31.725105597196254,23,34,23.0,False,11,655.5258419543384,891281.1523157916,891281.1523157916
4,2020,153,153,True,2004.077702207906,296.67527669703145,1707.4024255108745,14.80358153629384,85.19641846370617,2004.077702207906,1707.4024255108745,85.19641846370617,11.159492977195258,16.565546043073176,0,67,118,118,153,144,119,13.098547073254288,12.584692817017723,5.835296109788719,6.473330260837629,6.086395494538822,7.0658755693525945,1.939054096059029,8.395872429339192e-14,0.0,0.0,0.0,9.298380763971137e-14,28,2,31.0,False,7,412.6236419737836,291235.53168042,291235.53168042
5,2020,153,153,True,7857.867910708609,2410.5357594889038,5447.332151219705,30.676715196546564,69.32328480345343,7857.867910708609,5447.332151219705,69.32328480345343,35.603478112547094,48.28593083608052,0,0,6,6,153,121,57,51.358613795481105,48.7939396895967,31.54965199415755,33.12897860612143,32.17043692077038,34.60217858388203,15.75513568293401,6.666074300698159,0.1458843163560945,1.168306607926972,0.6072576848881356,1.7189696976952091,20,9,32.0,False,12,683.5244610776874,399193.5287079231,399193.5287079231
6,2020,153,153,True,1383.5271001733463,275.11762718130973,1108.4094729920366,19.885235869021965,80.11476413097803,1383.5271001733463,1108.4094729920366,80.11476413097803,7.244506359425076,14.846956946024804,0,60,123,123,153,141,123,9.042660785446708,7.275484104339912,1.1994792657003717,1.7093039637836942,1.3990005697593102,2.2024870397773624,1.7981544260216322,2.2368407076897282e-13,0.0,0.0,0.0,9.446459157970386e-14,33,3,24.0,False,8,442.9416076497891,444385.2526979965,444385.2526979965
7,2020,153,153,True,3717.6570178627353,2497.881138546487,1219.775879316249,67.18966076065047,32.81033923934954,3717.6570178627353,1219.775879316249,32.81033923934954,7.972391368080059,10.183282931810108,0,0,0,0,153,55,0,24.298411881455785,23.492086790683295,9.680882088451613,10.826334741434794,10.128722858517222,11.943815281697162,16.32602051337573,13.651619436684246,3.2577036446306136,4.1467752298080125,3.610185413027897,4.7789910271568665,31,30,26.0,False,3,191.9259536664315,266129.0193512085,266129.0193512085
8,2020,153,153,True,314.0348849808496,225.93506232367776,88.09982265717179,71.94584841663551,28.054151583364465,314.0348849808496,88.09982265717179,28.054151583364465,0.5758158343605999,2.750897968895484,100,113,118,13,48,17,10,2.0525155881101282,0.0,0.0,0.0,0.0,0.0,1.4766997537495279,0.0,0.0,0.0,0.0,0.0,38,35,29.0,False,4,221.47080382426637,256086.4152742944,256086.4152742944
9,2020,153,153,True,3544.7610528425616,1677.3024116047366,1867.458641237825,47.31778493954337,52.682215060456635,3544.7610528425616,1867.458641237825,52.682215060456635,12.20561203423415,15.685156219488576,0,0,0,0,153,104,0,23.168372894395826,21.536149492262112,13.988439529900283,14.509533691559215,14.190576209962652,15.049438749891133,10.962760860161676,6.76550874262071,1.789933228521305,2.3805326816207955,2.024288638676738,2.6894516391870065,26,14,24.0,False,16,926.2333821795478,728088.8290157933,728088.8290157933
10,2020,153,153,True,6305.404736757067,3633.679745710806,2671.7249910462606,57.62801750898617,42.37198249101382,6305.404736757067,2671.7249910462606,42.37198249101382,17.462254843439613,21.167909433131786,0,0,0,0,153,51,0,41.211795665078874,39.80801558455749,32.39783565202337,33.09451745018294,32.673521959545766,33.71106983061245,23.749540821639254,19.644973744509162,15.301979786470376,16.27731014053067,15.693183790853956,16.812777098033372,24,25,23.0,False,3,191.73267478750427,286214.23091195483,286214.23091195483
11,2020,153,153,True,8158.042927948825,1747.6852097348883,6410.357718213937,21.422848901020778,78.57715109897923,8158.042927948825,6410.357718213937,78.57715109897923,41.89776286414338,79.03584456867678,0,56,117,117,153,139,119,53.32054201273742,43.339046492157735,10.452397054875355,12.685425626185577,11.32071136747412,14.971969353414632,11.42277914859404,2.6290081223123707e-13,0.0,0.0,2.2838873649431793e-14,1.0966042888564213e-13,17,4,34.0,False,46,2573.649529595932,1749923.8448572643,1749923.8448572643
12,2020,153,153,True,3676.6086858568224,2542.3118086549334,1134.2968772018892,69.14828380933488,30.851716190665115,3676.6086858568224,1134.2968772018892,30.851716190665115,7.413705079750909,8.850969264019245,0,0,0,0,153,0,0,24.03012212978315,23.824483444272698,17.740718129953173,18.260933767905808,17.944494534117204,18.67947225157325,16.616417050032243,15.392105400147084,10.32641825303148,10.736300497371515,10.490349402448263,11.060196769962454,32,32,21.0,False,5,250.04925958719105,283703.5808656616,283703.5808656616
13,2020,153,153,True,304.18284500381606,213.97188529074805,90.21095971306806,70.34317970432018,29.656820295679836,304.18284500381606,90.21095971306806,29.656820295679836,0.5896141157716867,1.1362686390559436,0,0,95,22,80,3,0,1.988123169959582,1.0949514742029636,0.12130864664492752,0.15156194256465202,0.13266519211934874,0.1916580125984883,1.3985090541878957,0.5490048963147254,0.04941196297210889,0.06282629052510427,0.05444434989041007,0.08015068130047687,37,33,22.0,False,1,50.00985191669315,263618.3671985846,263618.3671985846
14,2020,153,153,True,2220.1091943709844,1617.3582959904475,602.750898380537,72.8503940297715,27.149605970228517,2220.1091943709844,602.750898380537,27.149605970228517,3.9395483554283466,5.991531649827881,0,0,0,0,153,0,0,14.510517610267872,12.844986342951502,10.837195637100379,11.171069458148676,10.969915042735698,11.451125480986011,10.570969254839525,9.908196534592637,7.197443685241627,7.499047192153078,7.317619139588458,7.708026299363439,36,36,25.0,False,3,171.26767302837195,286214.2295021044,286214.2295021044
15,2020,153,153,True,4892.39466012684,3299.057512665452,1593.3371474613873,67.43236680296599,32.567633197034,4892.39466012684,1593.3371474613873,32.567633197034,10.413968284061355,14.80734013567632,0,0,0,0,153,38,0,31.97643568710353,29.88598563930033,14.791994299680505,15.883746906937848,15.215964262548699,17.00742596829382,21.56246740304217,16.101539362116604,9.003680368944591,9.437488727402593,9.177283091967396,9.760930248275772,29,31,21.0,False,3,171.26767302837195,303788.7854001284,303788.7854001284
16,2020,153,153,True,1893.8376100000196,1132.2625119855488,761.575098014471,59.78667368347052,40.21332631652949,1893.8376100000196,761.575098014471,40.21332631652949,4.977615019702425,11.254558052548367,36,83,88,46,111,68,46,12.37802359477137,8.528684305777723,0.0,0.0,0.0,0.0,7.400408575068947,0.0,0.0,0.0,0.0,0.0,35,26,30.0,False,15,959.243210574303,728088.830096841,728088.830096841
17,2020,153,153,True,46451.874033786735,35714.54396789135,10737.330065895378,76.88504438360098,23.114955616399005,46451.874033786735,10737.330065895378,23.114955616399005,70.17862788166913,89.61034394410606,0,0,0,0,153,0,0,303.60701982867147,295.1501317600854,223.063675774746,229.1330173041496,225.44358381551348,234.75463193914092,233.4283919470023,212.15864408785106,168.9863881381227,173.30429327931748,170.7295073658359,175.93022459190897,14,37,35.0,False,31,1696.2663260597874,1323113.1465500633,1323113.1465500633
18,2020,153,153,True,5667.370954536655,60.13735750758701,5607.233597029068,1.0611156035136162,98.93888439648639,5667.370954536655,5607.233597029068,98.93888439648639,36.648585601497174,53.75226934850211,0,84,142,142,153,153,148,37.04164022572977,35.851024560838574,21.028460737199772,22.33121723518849,21.539639447652483,23.569839018372214,0.39305462423259485,0.0,0.0,0.0,0.0,1.7873110399098852e-13,19,1,39.0,False,7,496.02988004490794,396682.87857353204,396682.87857353204
19,2020,153,153,True,3798.6897241065576,1144.8288602605262,2653.860863846031,30.137466953287085,69.86253304671291,3798.6897241065576,2653.860863846031,69.86253304671291,17.345495842130923,32.99195267031807,0,83,109,109,153,123,112,24.82803741246116,18.158150372436893,4.646232579071857,6.0743657986320825,5.208639034631389,7.380684702983987,7.482541570330237,0.0,0.0,0.0,0.0,0.0,25,8,36.0,False,7,433.86175925048747,404214.83336243127,404214.83336243127
20,2020,153,153,True,7554.453250078658,6310.630000191191,1243.823249887467,83.53523135675614,16.46476864324385,7554.453250078658,1243.823249887467,16.46476864324385,8.129563724754686,11.27659272914213,0,0,0,0,153,0,0,49.3755114384226,48.1776889934252,37.66902751780114,38.05624873268408,37.84126363414352,38.862244912224924,41.24594771366792,37.372526063787134,31.828131524647603,32.18682719370006,32.023831739129065,32.498092711208876,30,38,28.0,False,5,270.9008191041778,409236.13807318325,409236.13807318325
21,2020,153,153,True,11702.955057335368,6345.7201007470585,5357.23495658831,54.22322883116247,45.77677116883753,3133.9517113517063,2629.600931925033,83.90687458266095,35.014607559400716,46.49553516519939,0,0,0,0,153,103,0,76.48990233552529,71.06068503079946,41.54693927317257,43.81605454519342,42.43193565642503,45.99423913494112,41.475294776124564,28.476658103163352,14.991475057868676,16.668811509724186,15.840968691157245,17.512721828937142,21,23,27.0,False,11,654.5594475581136,394172.2247361882,981664.5910019783
22,2020,153,153,True,1411.2665052539078,436.1448713261499,975.121633927758,30.90450100689387,69.09549899310615,1107.0836602500908,884.9106742146896,79.93168953598212,6.373344012599725,13.437858080497676,0,54,115,115,153,133,116,9.223964086626848,6.087603660550849,1.396816567257693,1.5875965304136386,1.4693720711426135,1.818318773735611,2.8506200740271233,1.359259926836387e-13,0.0,0.0,0.0,1.385928409073737e-14,34,10,25.0,False,16,925.2669877830901,394172.2269855382,1109707.801805299
23,2020,153,153,True,19608.71685667508,10270.142926462473,9338.573930212608,52.37539509356714,47.62460490643286,387.62198266798504,2874.382036627274,741.5425763118565,61.03643091642227,75.38679720044841,0,0,0,0,153,101,0,128.16154808284367,119.60535613228683,77.10849338954566,80.72807301419621,78.52670691020194,84.17926625590908,67.12511716642139,46.96607901080823,25.401912917543108,28.45738584406217,26.81610908435632,29.69430697578256,15,19,37.0,False,8,483.6783322879794,173234.92754020586,1350730.3107679524
24,2020,153,153,True,5017.517017297529,1161.6784071274658,3855.838610170062,23.152455748982277,76.84754425101771,89.22886428161952,879.9704959402003,986.1948855057518,25.201559543595177,35.12149390124986,0,46,101,101,153,130,107,32.79422887122568,29.18449399255757,15.324808928296479,16.36708424817734,15.730828128679518,17.412979943403123,7.592669327630495,5.24469356832924e-13,0.0,0.0,1.0150610510858574e-15,1.6109336087311021e-13,22,5,26.0,False,8,546.0397319625324,170724.27853797673,1343198.3602517666
25,2020,153,153,True,2418.1318576049307,708.0419532890336,1710.0899043158977,29.280535346419143,70.71946465358089,-1213.2438420199612,132.21737200760276,,11.177058198143122,31.765469072284375,12,56,121,73,105,92,74,15.804783383038762,7.636640717012229,0.0,0.0,2.220446049250313e-16,2.0414040828124295e-13,4.627725184895644,9.536815781530095e-14,0.0,0.0,0.0,2.873812299242218e-14,27,7,33.0,False,16,967.7432223359499,401704.18460896594,1797626.2159163693
26,2020,153,153,True,10342.366931219833,4316.337752787216,6026.029178432616,41.73452538951956,58.26547461048044,1607.1928960595696,950.414688946305,59.13507278911457,39.38581162374259,53.70870639103774,0,0,0,0,153,120,0,67.59716948509694,63.132164525770015,35.45354088810643,37.641445259863794,36.307466613208966,39.805069208254885,28.211357861354355,15.98627018057826,9.815331530761235,10.523109882420716,10.141266197438227,11.064447230568764,18,12,27.0,False,4,242.1290844629832,75319.5354052506,1684646.9150082257
27,2020,153,153,True,22638.036996671806,10759.16279915373,11878.874197518075,47.52692470966241,52.47307529033759,592.7150081166055,495.61006249714956,83.61692478008716,77.63970063737304,104.14797707427549,0,0,0,0,153,114,0,147.96102612203794,137.85010012707795,80.34845739545842,84.82014369122027,82.09299223696236,89.1788424212036,70.3213254846649,43.8098073023468,24.962194150370454,27.874596111250295,26.27753517926391,29.170607996163888,13,15,28.0,False,8,504.91644956468326,82851.48632940903,2749162.992339613
28,2020,153,153,True,35595.39750914528,21324.55987981247,14270.837629332811,59.908194238689696,40.0918057613103,5402.907262394813,1148.1401819272678,21.250414381874105,93.27344855773079,125.90409523887975,0,0,0,0,153,67,0,232.64965692251818,220.29096328465056,149.76267837105271,154.83187450688675,151.76194752315587,160.19716979319207,139.37620836478737,106.11557543562658,81.77988743150921,85.94708498279392,83.54880743381814,87.68629402899985,12,27,29.0,False,6,341.762230538241,173234.92950894168,3331634.0599217378
29,2020,153,153,True,38915.069636631786,24005.722129957394,14909.3475066744,61.68747057145227,38.31252942854774,3005.6372425056634,550.4100546844179,18.312590984052555,97.44671572989803,129.95712667964298,0,0,0,0,153,21,0,254.3468603701424,240.04833710216087,167.10441010487747,172.56016764521402,169.25891151932115,178.21891326932584,156.9001446402444,121.8438595657584,95.1708563386724,99.61257401409567,97.08848138599933,101.40862219768104,11,29,30.0,False,2,141.72282287053707,22595.86023219582,3610316.335428228
30,2020,153,153,True,41659.30637413286,25675.76109329007,15983.54528084279,61.632713859183916,38.36728614081609,850.3991275010512,312.6226761539203,36.76187639944796,104.46761621465876,143.64029543441805,0,0,0,0,153,43,0,272.28304819694677,254.13368152274703,172.60918585447286,178.08612709141343,174.7725296862138,183.75491490776392,167.81543198228806,124.86675444119186,98.07866240544153,102.55881971644735,100.0180316479004,104.45471248018393,10,28,31.0,False,1,70.86141143461126,5021.302404239921,4343426.467929309
31,2020,153,153,True,48688.04349668843,27021.93320673953,21666.110289948898,55.50014185428802,44.49985814571198,5024.65942034766,3975.162583595228,79.11307515684682,141.6085639865941,190.8837585703536,0,0,0,0,153,85,0,318.22250651430346,299.09488670780945,209.66348874931222,216.01963451850045,212.17692061991607,222.43457756762228,176.61394252770936,124.15682344658981,98.71639011099938,103.80978875134846,100.74205738265006,106.06194798914561,9,24,32.0,False,8,483.8716111678379,138085.8141556785,4772747.813765408
32,2020,153,153,True,58854.72915965723,30654.774292746515,28199.95486691071,52.085490376802625,47.91450962319737,2308.8177522601927,1086.5124257421107,47.05925466306212,184.31343050268438,248.38156628951978,0,0,0,0,153,102,0,384.6714324160603,362.47388302709004,254.78419265545892,262.84936457625713,257.97009523136063,270.84467381696396,200.35800191337592,133.89543408418982,106.15513217746404,111.47144034526241,108.59632639894197,114.59917218232528,8,18,33.0,False,2,120.87126335196169,100426.0452376852,5272367.387711016
33,2020,153,153,True,77944.38429497431,33413.82654353156,44530.55775144276,42.86880555381591,57.1311944461841,16671.523277712156,14620.512980216143,87.6975231157313,291.0493970682533,375.18835060909646,0,0,0,0,153,118,0,509.44042022859026,472.96230883033326,333.2970143784542,343.7146706293515,337.40690168801854,353.90965310528776,218.391023160337,123.04255750985278,82.22609224552963,89.7945980035546,85.78144262652332,93.91795907859472,7,13,34.0,False,21,1342.5152812697781,723067.5289204444,7793061.13254783
34,2020,153,153,True,88609.70454380145,35682.84833493343,52926.85620886802,40.26968436317799,59.730315636822006,2507.2773208783,1985.9407392113258,79.20706348173923,345.9271647638433,444.64487492404464,0,0,0,0,153,121,0,579.1483957111205,532.4124275411978,359.60913032156515,372.2686430437768,364.5906764050068,384.76117416238674,233.2212309472773,123.79772296708366,80.14779694971845,87.97660835985073,83.95782145805363,92.6355535972477,6,11,35.0,False,5,292.3322152595349,42681.06853455562,9585666.045939649
35,2020,153,153,True,137419.4648459142,73132.6763000525,64286.78854586168,53.21857160632576,46.78142839367423,2357.886268326005,622.6022710982878,26.405101868645595,420.17508853504364,539.8108707045202,0,0,0,0,153,103,0,898.1664369014,842.8945058849316,596.4602284492912,615.2871657229866,603.8598330686848,633.5013239582609,477.9913483663562,346.05494875684934,265.402441564599,279.4392437255837,271.7017266778134,287.14741569104154,5,21,36.0,False,2,120.87126335289301,17574.557946998793,10926353.75043671
36,2020,153,153,True,152077.2545907594,80542.36737042478,71534.88722033461,52.96148170688947,47.03851829311052,10859.100020738648,4594.237810626898,42.307721651452226,467.54828248584715,602.4107038475121,0,0,0,0,153,104,0,993.9689842533294,930.6846323961523,660.5818561295698,681.6610606249775,668.8662545528505,701.9850381210488,526.4207017674822,378.65380218249675,292.74500463423124,307.937087542238,299.5494925688431,316.27127803056703,4,20,37.0,False,9,554.3464648439374,246043.8139298122,11576612.397728955
37,2020,153,153,True,191351.85601037962,103303.26809298078,88048.58791739885,53.98602879889351,46.01397120110649,19665.884562945175,7175.126766851632,36.48514636545329,575.4809667803846,733.9463781644237,0,0,0,0,153,97,0,1250.6657255580367,1171.543781521705,831.1111995154412,857.9317412034655,841.6476488574032,883.769875222351,675.1847587776522,492.14974057399456,373.2945360917211,393.7694975726095,382.1957192788959,404.4476816744875,3,22,38.0,False,14,868.1100762587881,718046.2255687247,13645388.934065633
38,2020,153,153,True,225591.02335904134,116572.49450194453,109018.52885709681,51.67426113246207,48.32573886753793,22891.01798288703,12283.968328845356,53.6628311507538,712.5394042947504,900.3326812832066,0,0,0,0,153,109,0,1474.4511330656296,1389.2334735029992,1006.2950447757015,1036.6403386661752,1018.2122694851365,1065.8802754804296,761.9117287708792,547.6017539704433,418.0699696695753,439.9110491446493,427.9596476786682,452.76022813925454,2,17,39.0,False,14,826.7935149833677,389150.92921974434,14456329.252980487
39,2020,153,153,True,236299.54699259746,117966.27815744627,118333.26883515119,49.92234630104551,50.07765369895449,5041.152679019473,3707.506381025318,73.54481439245846,773.4200577460862,966.7063114826176,0,0,0,0,153,112,0,1544.441483611748,1458.0053079949462,1060.0901837229649,1091.7507243223663,1072.5234781087313,1122.2413732661012,771.0214258656619,553.0130384660168,423.196106201585,445.0917914240367,433.1482190382305,458.03262234864025,1,16,,True,3,100.40626159310341,42681.0689361062,14895693.200490125
1,2021,153,153,True,2067.6733176440694,9.135211876754823e-11,2067.673317643978,4.418111796869143e-12,99.99999999999558,2067.6733176440694,2067.673317643978,99.99999999999558,13.514204690483517,20.43303529150506,0,81,153,153,153,153,153,13.514204690484114,13.327038693659185,7.332469805549496,7.888845963868989,7.5513254765252,8.407737973832608,5.970726716833217e-13,0.0,0.0,0.0,0.0,2.2500186434545945e-13,15,3,38.0,False,12,746.272418510985,421789.3896951097,421789.3896951097
2,2021,153,153,True,1.5739079847069022e-12,3.6217391521928265e-13,1.2117340694876196e-12,,,1.5739079847069022e-12,1.2117340694876196e-12,,7.919830519526925e-15,4.454043824858551e-14,48,69,153,0,0,0,0,1.0286980292201975e-14,6.8470971121628966e-15,0.0,0.0,7.638036867235109e-16,6.518360509130575e-15,2.36714977267505e-15,4.086703045508671e-16,0.0,0.0,0.0,9.13490946971636e-16,36,,22.0,False,4,241.93580558405597,451917.20762117615,451917.20762117615
3,2021,153,153,True,1367.187376600543,10.394968264359033,1356.792408336184,0.7603177473892209,99.23968225261079,1367.187376600543,1356.792408336184,99.23968225261079,8.8679242374914,12.534235406335615,0,91,149,149,153,153,149,8.935865206539496,8.635756553630408,6.023911480476286,6.228272221856066,6.103667919592072,6.430652760501533,0.06794096904809825,0.0,0.0,0.0,0.0,1.0332105786846935e-14,19,12,23.0,False,11,655.5258419543384,891281.1523157916,891281.1523157916
4,2021,153,153,True,6.991308571787534e-11,3.564463503604866e-11,3.4268450681826676e-11,,,6.991308571787534e-11,3.4268450681826676e-11,,2.2397680184200442e-13,1.4555565767799557e-12,22,89,153,0,0,0,0,4.569482726658519e-13,4.476692843711504e-13,0.0,0.0,1.8001027477631312e-13,3.370110411996506e-13,2.3297147082384747e-13,0.0,0.0,0.0,0.0,8.361844855148164e-14,31,,31.0,False,7,412.6236419737836,291235.53168042,291235.53168042
5,2021,153,153,True,807.1555072780321,6.733058489293624e-11,807.1555072779648,8.341711638689668e-12,99.99999999999166,807.1555072780321,807.1555072779648,99.99999999999166,5.275526191359247,10.031394682923594,0,73,153,153,153,153,153,5.275526191359687,5.121111100173076,1.136244726557533,1.4925059058575907,1.2762034960066715,1.8283907071022034,4.400691823067728e-13,7.004896843959775e-14,0.0,0.0,8.709519790581129e-14,2.7703230635197005e-13,23,6,32.0,False,12,683.5244610776874,399193.5287079231,399193.5287079231
6,2021,153,153,True,4.560821524085398e-11,2.4147114973711416e-11,2.1461100267142565e-11,,,4.560821524085398e-11,2.1461100267142565e-11,,1.4026862919701023e-13,1.3074500357818377e-12,56,92,153,0,0,0,0,2.9809291007094103e-13,1.2308043417781341e-13,0.0,0.0,1.4052042248281735e-14,1.564420815711161e-13,1.5782428087393082e-13,0.0,0.0,0.0,0.0,1.1185567651189601e-14,33,,24.0,False,8,442.9416076497891,444385.2526979965,444385.2526979965
7,2021,153,153,True,5.2971491304074366e-14,3.614836014569238e-14,1.6823131158381985e-14,,,5.2971491304074366e-14,1.6823131158381985e-14,,1.0995510561033977e-16,1.107242366881725e-15,26,65,153,0,0,0,0,3.4621889741225075e-16,3.131959172956519e-16,0.0,0.0,3.0226338980521494e-17,1.416092961074513e-16,2.36263791801911e-16,6.112263089146017e-17,0.0,0.0,0.0,1.0606879596540518e-16,37,,26.0,False,3,191.9259536664315,266129.0193512085,266129.0193512085
8,2021,153,153,True,4.0690600668412265e-15,6.867925175458381e-15,-2.7988651086171542e-15,,,4.0690600668412265e-15,-2.7988651086171542e-15,,-1.8293236004033688e-17,4.457111279820257e-16,122,112,153,0,0,0,0,2.6595163835563572e-17,0.0,0.0,0.0,0.0,6.474777235328514e-18,4.4888399839597257e-17,0.0,0.0,0.0,0.0,1.81386535596901e-17,38,,29.0,False,4,221.47080382426637,256086.4152742944,256086.4152742944
9,2021,153,153,True,730.0202640757293,9.242494705360193e-12,730.0202640757202,1.2660600205477878e-12,99.99999999999875,730.0202640757293,730.0202640757202,99.99999999999875,4.771374275004707,6.0099673078052405,0,102,153,153,153,153,153,4.771374275004766,4.71128908030805,3.7709754885140083,3.8524074276532643,3.8029065014846752,3.930220318355963,6.04084621265372e-14,0.0,0.0,0.0,0.0,2.5259388022975698e-14,25,1,24.0,False,16,926.2333821795478,728088.8290157933,728088.8290157933
10,2021,153,153,True,2095.6197924552366,200.9357890673663,1894.68400338787,9.58837045683507,90.41162954316492,2095.6197924552366,1894.68400338787,90.41162954316492,12.383555577698496,15.789997284189347,0,61,115,115,153,152,117,13.696861388596318,13.796737797251973,9.200389972582341,9.652505773692273,9.378555250934346,10.067693369015819,1.313305810897819,1.1044753743874056e-13,0.0,0.0,0.0,3.0052182550274096e-14,16,20,23.0,False,3,191.73267478750427,286214.23091195483,286214.23091195483
11,2021,153,153,True,3.3729463666531956e-11,3.4743579123721565e-11,-1.014115457189609e-12,,,3.3729463666531956e-11,-1.014115457189609e-12,,-6.628205602546464e-15,1.6004975122996257e-12,93,79,153,0,0,0,0,2.2045401089236572e-13,0.0,0.0,0.0,0.0,0.0,2.2708221649491218e-13,0.0,0.0,0.0,0.0,1.1968919999845377e-13,39,,34.0,False,46,2573.649529595932,1749923.8448572643,1749923.8448572643
12,2021,153,153,True,1076.2806620436568,218.1315308988864,858.1491311447704,20.267160657211402,79.7328393427886,1076.2806620436568,858.1491311447704,79.7328393427886,5.608817850619414,7.049795304728588,0,44,94,94,153,122,89,7.0345141310042925,7.041023368140262,6.261333215390528,6.341028943534191,6.292805091008448,6.413046271395273,1.4256962803848785,1.0828192507019678e-12,0.0,0.0,2.1174400001760702e-14,6.547480309617385e-14,22,24,21.0,False,5,250.04925958719105,283703.5808656616,283703.5808656616
13,2021,153,153,True,0.08228208498860243,0.00281025499263012,0.07947182999597231,,,0.08228208498860243,0.07947182999597231,,0.0005194237254638714,0.0010001679558263137,0,0,153,0,0,0,0,0.0005377914051542642,0.00047633958204991374,0.00024535031443571567,0.00026118090316444944,0.00025150171832432987,0.00027742578061726254,1.836767969039294e-05,6.39907239455483e-06,7.266209653859032e-07,8.899241943328622e-07,7.876832418758175e-07,1.0875494473669432e-06,30,,22.0,False,1,50.00985191669315,263618.3671985846,263618.3671985846
14,2021,153,153,True,418.0662580376796,48.56728141357668,369.49897662410285,11.617125390970777,88.38287460902922,418.0662580376796,369.49897662410285,88.38287460902922,2.4150259910072083,3.0584326314102954,0,42,123,123,153,151,114,2.732459202860651,2.6736178239870134,1.906860317532391,1.9716016345000944,1.9322175181059895,2.0340104494575226,0.31743321185344237,2.5704659421400536e-13,0.0,0.0,0.0,1.0380893392125026e-14,26,22,25.0,False,3,171.26767302837195,286214.2295021044,286214.2295021044
15,2021,153,153,True,373.385135031882,4.235731767456238,369.1494032644258,1.1344136040912727,98.86558639590874,373.385135031882,369.1494032644258,98.86558639590874,2.412741197806705,3.913172483151899,0,92,153,153,153,153,148,2.4404257191626275,2.3408182369354953,1.0771857989629936,1.1818532979728869,1.1181335979207847,1.2835891901720589,0.02768452135592312,0.0,0.0,0.0,0.0,4.304817023193197e-14,27,13,21.0,False,3,171.26767302837195,303788.7854001284,303788.7854001284
16,2021,153,153,True,4.636669771866862e-11,3.578395029362771e-11,1.0582747425040909e-11,,,4.636669771866862e-11,1.0582747425040909e-11,,6.916828382379679e-14,1.1779003436316922e-12,48,89,153,0,0,0,0,3.03050311886723e-13,2.226820196097809e-13,0.0,0.0,7.0694377995870025e-15,2.33207068114785e-13,2.3388202806292623e-13,0.0,0.0,0.0,0.0,8.701551680188157e-14,34,,30.0,False,15,959.243210574303,728088.830096841,728088.830096841
17,2021,153,153,True,13873.070478681602,1973.172623458963,11899.897855222638,14.223041874479682,85.77695812552031,13873.070478681602,11899.897855222638,85.77695812552031,77.77711016485384,95.46358966914352,0,80,99,99,153,141,107,90.67366325935687,89.80642768622036,73.44185710332293,74.77326835258258,73.96502796476261,76.04612980245611,12.896553094503027,0.0,0.0,0.0,0.0,0.0,10,23,35.0,False,31,1696.2663260597874,1323113.1465500633,1323113.1465500633
18,2021,153,153,True,0.24841364831770374,1.7280322672702093e-10,0.2484136481449005,,,0.24841364831770374,0.2484136481449005,,0.001623618615326147,0.1554425292374324,150,64,153,0,0,0,0,0.00162361861645558,0.0,0.0,0.0,0.0,0.0,1.1294328544249734e-12,2.4626621888122037e-13,0.0,0.0,0.0,2.7466669385408283e-13,29,,39.0,False,7,496.02988004490794,396682.87857353204,396682.87857353204
19,2021,153,153,True,7.132649997303914e-11,4.436079205325744e-11,2.69657079197817e-11,,,7.132649997303914e-11,2.69657079197817e-11,,1.7624645699203726e-13,2.4102230974543234e-12,58,76,153,0,0,0,0,4.661862743335892e-13,1.7709633167604833e-13,0.0,0.0,3.2169047370898103e-15,2.0936439656029733e-13,2.899398173415519e-13,2.5635535539443138e-14,0.0,0.0,0.0,1.785947972598058e-13,32,,36.0,False,7,433.86175925048747,404214.83336243127,404214.83336243127
20,2021,153,153,True,3361.3618960561175,1891.770005341491,1469.591890714626,56.27986702535965,43.72013297464033,3361.3618960561175,1469.591890714626,43.72013297464033,9.605175756304746,12.358402978203577,0,0,0,0,153,83,0,21.969685595138024,21.991935450272955,16.89997511698145,17.430974062091046,17.10833559375455,17.894361381439424,12.364509838833275,10.455252740812904,7.271942153332746,7.73013632745828,7.498981331838037,7.893659174156124,18,28,28.0,False,5,270.9008191041778,409236.13807318325,409236.13807318325
21,2021,153,153,True,889.874834105563,4.4549538296682417e-11,889.8748341055184,5.006270161742505e-12,99.99999999999498,-559.7909629699758,-337.42370030367766,,5.816175386310578,9.85548454693242,0,68,153,153,153,153,153,5.816175386310869,5.460122951591294,2.8544588263418547,3.09893245392925,2.950754631887729,3.324694253857354,2.911734529194929e-13,4.440892098500626e-16,0.0,0.0,0.0,3.932768159213059e-14,21,4,27.0,False,11,654.5594475581136,394172.2247361882,981664.5910019783
22,2021,153,153,True,18.72739326877383,1.5457578996736872e-11,18.727393268758377,8.253993908757677e-11,99.99999999991748,18.645111183783655,18.647921438761188,100.01507234228764,0.12240126319449919,0.17778085380527658,0,86,153,0,0,0,0,0.12240126319460021,0.11831890193584291,0.08357464069474262,0.08634936490349271,0.08465908776858402,0.08907015317565393,1.0102992808324753e-13,0.0,0.0,0.0,0.0,3.6174376742327515e-14,28,8,25.0,False,16,925.2669877830901,394172.2269855382,1109707.801805299
23,2021,153,153,True,1647.7509967665223,6.515966386190736e-11,1647.7509967664578,3.95446059445717e-12,99.99999999999608,-1815.0561722892567,-1603.7254149575965,,10.769614357950704,19.29324332912032,0,64,153,153,153,153,153,10.769614357951127,10.529996614237874,3.1257285982787018,3.795478293947543,3.388797062803827,4.426849839378954,4.2588015596017885e-13,2.0161650127192843e-13,0.0,0.0,0.0,1.640428704533548e-13,17,2,37.0,False,8,483.6783322879794,173234.92754020586,1350730.3107679524
24,2021,153,153,True,733.7895261666825,5.6767786466773615e-11,733.7895261666258,7.73624921621989e-12,99.99999999999227,3.7692620909075694,3.7692620908841916,99.99999999937978,4.7960099749452665,6.043370091054885,0,78,153,153,153,153,153,4.796009974945638,4.735372057671789,3.7890617579520445,3.8709915866296085,3.8211876791209964,3.9492865445152927,3.710312840965596e-13,0.0,0.0,0.0,0.0,6.584527368742442e-14,24,5,26.0,False,8,546.0397319625324,170724.27853797673,1343198.3602517666
25,2021,153,153,True,6.236940131021385e-11,5.793379776258668e-11,4.435603547627165e-12,,,-436.793651306391,-388.2263698928568,,2.899087286030827e-14,1.4016982019526836e-12,21,79,153,0,0,0,0,4.0764314581839114e-13,2.9734548157023255e-13,0.0,0.0,1.3375808397394653e-13,2.4115339355053797e-13,3.786522729580829e-13,0.0,0.0,0.0,0.0,6.13533694732716e-14,35,,33.0,False,16,967.7432223359499,401704.18460896594,1797626.2159163693
26,2021,153,153,True,1127.448638639249,9.98425636334564e-11,1127.4486386391493,8.855619689599282e-12,99.99999999999115,393.6591124725665,393.6591124725235,99.99999999998907,7.368945350582675,11.201297824482124,0,65,153,153,153,153,153,7.368945350583328,7.116032178232478,4.4376567649347525,4.653950360577262,4.5222116151992635,4.865541536118858,6.52565775382068e-13,2.905202110652423e-13,0.0,0.0,0.0,1.4050753848200628e-13,20,7,27.0,False,4,242.1290844629832,75319.5354052506,1684646.9150082257
27,2021,153,153,True,2499.405744379692,6.917298619969839,2492.488445759722,0.2767577307335744,99.72324226926642,482.0822716348798,475.16497301505433,98.56512072174591,16.2907741552923,23.115874646635667,0,48,150,150,153,153,153,16.33598525738361,15.727918778037536,10.380961916020325,10.847819512514729,10.564206501696205,11.290845577666817,0.04521110209130613,4.3438856523464467e-13,0.0,0.0,1.4565415765549763e-14,2.7511384392066196e-13,14,10,28.0,False,8,504.91644956468326,82851.48632940903,2749162.992339613
28,2021,153,153,True,9744.201078502843,3467.107000340689,6277.094078162152,35.581234135137485,64.4187658648625,3883.4334380670334,2315.0137416878047,59.612551073878976,41.02675868079838,47.16880077801284,0,0,0,0,153,127,0,63.6875887483846,63.07354090270026,51.37950230394429,52.49434446546086,51.81708313046169,53.51029547979436,22.660830067586204,17.485856943992285,13.930843421305399,14.542591247246301,14.212148081127713,14.99296533489493,13,27,29.0,False,6,341.762230538241,173234.92950894168,3331634.0599217378
29,2021,153,153,True,10779.06783190323,3613.820877616938,7165.246954286291,33.52628384915596,66.47371615084403,1034.866753400387,888.1528761241386,85.82292099014941,46.83167943977968,54.04721719477853,0,0,0,0,153,128,0,70.45142373792962,69.77901786465549,56.20062089924615,57.48467584713589,56.704643177654475,58.660579331903094,23.61974429814992,17.18702693794805,12.861911924570311,13.612182374821339,13.197490793516648,14.10997163373505,12,26,30.0,False,2,141.72282287053707,22595.86023219582,3610316.335428228
30,2021,153,153,True,11238.52081167385,3299.690524040574,7938.830287633275,29.360541118659214,70.63945888134077,459.4529797705733,773.5833333469728,168.37051176232652,51.88777965773382,59.85723252873103,0,0,0,0,153,133,0,73.45438439002517,72.76352672673636,58.391202029538896,59.747414104596494,58.923566511612606,60.99131844568756,21.566604732291335,14.034499490615298,8.864034945056531,9.829395988320021,9.260411511198708,10.32732382367733,11,25,31.0,False,1,70.86141143461126,5021.302404239921,4343426.467929309
31,2021,153,153,True,14236.127472490665,1380.9212238916587,12855.206248599008,9.700118424480932,90.29988157551908,2997.6066608167466,4916.375960965697,164.01004258597928,84.02095587319613,100.92800233844407,0,48,111,111,153,152,116,93.04658478752069,92.2589235929166,75.46055971099133,77.03337618966799,76.07793192521356,78.4827593848372,9.025628914324566,1.4139800441625994e-12,0.0,0.0,2.5376526277146434e-16,2.820262542021131e-13,9,21,32.0,False,8,483.8716111678379,138085.8141556785,4772747.813765408
32,2021,153,153,True,16521.66704291757,1437.7736777499376,15083.893365167627,8.702352335361194,91.29764766463877,1478.384063148869,1421.5316092906573,96.154419188129,98.58753833442894,118.34516642551534,0,23,112,112,153,153,118,107.98475191449391,106.95575231444796,85.81507188726236,87.76994778790662,86.5824643120593,89.58108962350029,9.397213580064951,2.008542789814447e-12,0.0,0.0,8.379371238817633e-14,7.407350684500671e-13,8,19,33.0,False,2,120.87126335196169,100426.0452376852,5272367.387711016
33,2021,153,153,True,20227.807759375508,87.14281169314933,20140.664947682355,0.43080699960063135,99.56919300039935,3706.140716457875,5056.771582514721,136.443054092876,131.63833299138795,163.4846886277084,0,21,147,147,153,153,151,132.2078938521275,130.7906153385233,102.41328737596525,105.01191598705624,103.43337049154714,107.43306444732507,0.569560860739538,1.7288219174668284e-12,0.0,0.0,5.492877851025057e-13,1.4261601614255107e-12,7,11,34.0,False,21,1342.5152812697781,723067.5289204444,7793061.13254783
34,2021,153,153,True,21045.37932341597,43.26393829366262,21002.115385122306,0.2055745236462683,99.79442547635374,817.5715640404323,861.4504374399537,105.36697646169007,137.26872800733534,173.23492447690563,0,16,149,149,153,153,152,137.55149884585603,135.99396046063444,105.2035055350837,108.0154050896485,106.30729785572352,110.6388274555691,0.2827708385206707,2.122623404176206e-12,0.0,0.0,5.41464681907789e-13,1.5309963692904223e-12,6,9,35.0,False,5,292.3322152595349,42681.06853455562,9585666.045939649
35,2021,153,153,True,36725.519201842486,2130.6436736018873,34594.875528240605,5.801534518523552,94.19846548147646,1807.069399744921,1692.862287895659,93.67998197161752,226.11029757020003,257.0664965623756,0,20,104,104,153,153,118,240.03607321465677,237.5905353466921,190.18229635072157,194.34698543911642,191.81764135856446,198.26385550407772,13.92577564445678,3.568984841779984e-12,0.0,0.0,3.9057497915904187e-13,1.4542222090513983e-12,5,18,36.0,False,2,120.87126335289301,17574.557946998793,10926353.75043671
36,2021,153,153,True,41702.61570176339,1798.0874951045794,39904.52820665881,4.311689962000507,95.6883100379995,4977.096499920828,5309.652678418181,106.68173057328991,260.8139098474432,303.48949104693685,0,14,117,117,153,153,123,272.56611569779994,269.8995875600246,217.7058431694746,222.30005428199274,219.5098795337438,226.62239680053577,11.752205850356727,3.2657573207918136e-12,0.0,0.0,6.258957666013746e-13,2.05392570237622e-12,4,17,37.0,False,9,554.3464648439374,246043.8139298122,11576612.397728955
37,2021,153,153,True,50892.4572849121,2160.5878786509534,48731.86940626115,4.2453990117932365,95.75460098820676,7542.090586382188,7179.59020283588,95.1936352474892,318.50895036771993,372.11118950413095,0,16,118,118,153,153,123,332.63043977066735,329.38784882236706,264.23410592846045,269.98776645108285,266.4933809962398,275.4065081674281,14.121489402947407,3.532710228738098e-12,0.0,0.0,6.036349398773814e-13,2.1962986827440175e-12,3,16,38.0,False,14,868.1100762587881,718046.2255687247,13645388.934065633
38,2021,153,153,True,66084.04545231604,2372.7415295296205,63711.30392278642,3.590490735379856,96.40950926462014,13123.914849759873,12911.761198881297,98.38345757872348,416.41375112932303,479.378597718787,0,41,119,119,153,153,129,431.92186570141206,428.26081483818496,352.29449755306354,359.0451741182751,354.94545696940037,365.39816337217064,15.508114572089022,1.6595924645901505e-12,0.0,0.0,2.5376526276984875e-16,5.329070518224447e-16,2,15,39.0,False,14,826.7935149833677,389150.92921974434,14456329.252980487
39,2021,153,153,True,70698.32523657035,2497.0153045768984,68201.30993199346,3.53192992368829,96.46807007631172,4614.031370605994,4489.757595558889,97.3066118310595,445.76019563394414,510.3765447864928,0,15,119,119,153,153,129,462.080557101767,458.4100934713875,380.0225672431534,386.95951583301434,382.74655276580427,393.49156500371174,16.320361467822867,4.761760530355008e-12,0.0,0.0,5.811608567340369e-13,1.5614695571859306e-12,1,14,,True,3,100.40626159310341,42681.0689361062,14895693.200490125
1,2022,153,153,True,13986.987270850317,4787.956240119012,9199.031030731305,34.231504951015346,65.76849504898466,13986.987270850317,9199.031030731305,65.76849504898466,60.12438582177323,71.30455912005971,0,0,0,0,153,119,0,91.41821745653802,86.79520804904737,61.420069620101785,63.490680112689795,62.23062950505238,65.5041249459953,31.293831634764786,17.75000382012572,7.56809737038029,9.09688690292924,8.21677528125123,10.073189343705565,16,7,38.0,False,12,746.272418510985,421789.3896951097,421789.3896951097
2,2022,153,153,True,1.359736454331938e-12,6.010709657543432e-13,7.586654885775948e-13,,,1.359736454331938e-12,7.586654885775948e-13,,4.9585979645594426e-15,5.088971440758859e-14,72,97,153,0,0,0,0,8.887166368182601e-15,1.8011039760969396e-15,0.0,0.0,4.231537766224189e-16,5.8228080081621e-15,3.928568403623159e-15,0.0,0.0,0.0,0.0,4.537324116121908e-16,39,,22.0,False,4,241.93580558405597,451917.20762117615,451917.20762117615
3,2022,153,153,True,19081.96342397391,14946.821641273124,4135.1417827007845,78.32957913803807,21.670420861961915,19081.96342397391,4135.1417827007845,21.670420861961915,27.027070475168525,35.45824462247808,0,0,0,0,153,0,0,124.71871518937196,115.73083418255538,69.75876007615393,72.26224078343527,70.73522515727687,74.89066244393696,97.69164471420342,81.34546625407764,50.754965247492436,52.798102858045475,51.56911307343238,54.32593558180247,22,36,23.0,False,11,655.5258419543384,891281.1523157916,891281.1523157916
4,2022,153,153,True,2408.516839953546,426.0746642617915,1982.4421756917545,17.69033361917492,82.30966638082509,2408.516839953546,1982.4421756917545,82.30966638082509,12.957138403214081,18.909753274682046,0,56,113,113,153,138,115,15.741940130415333,14.291806287471655,7.579335707307061,8.244798449431988,7.841432086978671,8.858451728341386,2.7848017272012515,3.358147432548121e-13,0.0,0.0,0.0,5.402345237826012e-14,26,2,31.0,False,7,412.6236419737836,291235.53168042,291235.53168042
5,2022,153,153,True,11429.39436884754,5514.073049420907,5915.321319426633,48.24466521559802,51.75533478440199,11429.39436884754,5915.321319426633,51.75533478440199,38.662230845925706,51.99066316234066,0,0,0,0,153,111,0,74.70192397939569,70.2573002903561,44.770341590218095,46.363147519003796,45.368076432311206,48.43711870496871,36.03969313346998,20.990786023300057,13.949572786899573,15.424836903586257,14.6357509682206,16.193177308877928,19,12,32.0,False,12,683.5244610776874,399193.5287079231,399193.5287079231
6,2022,153,153,True,1317.5491490572545,253.18574673483658,1064.363402322418,19.21641761265593,80.78358238734408,1317.5491490572545,1064.363402322418,80.78358238734408,6.956623544590968,14.432121870971372,0,74,123,123,153,143,123,8.611432346779441,6.835150323875339,1.0422831053239192,1.534497710056557,1.235009640114185,2.008708555265957,1.6548088021884744,4.932263548163361e-14,0.0,0.0,3.022978692765069e-14,7.097663189472663e-14,33,3,24.0,False,8,442.9416076497891,444385.2526979965,444385.2526979965
7,2022,153,153,True,3571.5638778558136,2378.8548948156495,1192.7089830401637,66.60541365548231,33.394586344517684,3571.5638778558136,1192.7089830401637,33.394586344517684,7.795483549282116,9.968506432268672,0,0,0,0,153,63,0,23.34355475722754,22.487488440192227,8.98808460881073,10.101764549920503,9.423443691050595,11.189545031552017,15.548071207945421,12.832957304437306,2.7227416218499387,3.5867444032881086,3.0653477031605605,4.196631066370154,31,28,26.0,False,3,191.9259536664315,266129.0193512085,266129.0193512085
8,2022,153,153,True,341.24267078439937,242.99149561678723,98.2511751676121,71.20782845188542,28.79217154811457,341.24267078439937,98.2511751676121,28.79217154811457,0.6421645435791641,2.62203541180494,98,113,118,14,49,18,11,2.2303442534928064,0.0,0.0,0.0,0.0,0.0,1.588179709913642,0.0,0.0,0.0,0.0,0.0,37,33,29.0,False,4,221.47080382426637,256086.4152742944,256086.4152742944
9,2022,153,153,True,3258.3243690888326,1436.255876146916,1822.0684929419165,44.07958550021694,55.92041449978306,3258.3243690888326,1822.0684929419165,55.92041449978306,11.90894439831318,15.342363866201076,0,0,0,0,153,107,8,21.296237706462957,19.801364340384573,13.236244769243406,13.68922431917647,13.411983975646253,14.15819899244364,9.38729330814978,5.366908496286277,1.036574744116572,1.5470947625269178,1.255713252159916,1.9241680794207878,27,10,24.0,False,16,926.2333821795478,728088.8290157933,728088.8290157933
10,2022,153,153,True,9507.151896367237,6381.420837897627,3125.73105846961,67.12231914939764,32.87768085060236,9507.151896367237,3125.73105846961,32.87768085060236,20.429614761239282,31.60549482332712,0,0,0,0,153,0,0,62.13824768867475,56.47457965194103,38.40096098717615,39.17469277467501,38.70439049052357,39.9198079627863,41.708632927435474,30.02497035503261,25.407199757963916,26.282858179648304,25.79415060078107,26.73280173604176,25,29,23.0,False,3,191.73267478750427,286214.23091195483,286214.23091195483
11,2022,153,153,True,12237.807086801804,3388.4076490508037,8849.399437750999,27.68802960380969,72.3119703961903,12237.807086801804,8849.399437750999,72.3119703961903,57.83921201144444,92.9579183333317,0,68,103,103,153,125,108,79.98566723399873,67.77976737988871,27.812684170204633,30.407264268283047,28.824333553525065,33.00905913022326,22.146455222554273,3.339550858072471e-13,0.0,0.0,0.0,9.947598300641402e-15,17,5,34.0,False,46,2573.649529595932,1749923.8448572643,1749923.8448572643
12,2022,153,153,True,3700.0265799030067,2562.895721238439,1137.1308586645678,69.26695432835575,30.733045671644252,3700.0265799030067,1137.1308586645678,30.733045671644252,7.432227834408939,8.891310838384022,0,0,0,0,153,0,0,24.183180260803965,24.041577422964313,17.946268924414028,18.470296998023695,18.151341900069266,18.84632824348192,16.750952426395024,15.580158641997595,10.541548498166337,10.954003511780382,10.706567920992798,11.277522435877982,32,32,21.0,False,5,250.04925958719105,283703.5808656616,283703.5808656616
13,2022,153,153,True,241.7266059873444,172.6073930564018,69.11921293094257,71.40603838430539,28.593961615694592,241.7266059873444,69.11921293094257,28.593961615694592,0.4517595616401475,0.8690073894765531,0,0,101,19,71,0,0,1.5799124574336236,0.8649196555273584,0.09579840313763649,0.11949641639386949,0.10469371474066871,0.15093661132420108,1.1281528957934759,0.44644309983625924,0.039984123520674805,0.05084067789577348,0.044055646236626424,0.06491693281997729,38,34,22.0,False,1,50.00985191669315,263618.3671985846,263618.3671985846
14,2022,153,153,True,2133.8112745610015,1577.5648629924995,556.2464115685025,73.93178964794153,26.068210352058504,2133.8112745610015,556.2464115685025,26.068210352058504,3.6355974612320425,5.103372091844426,0,0,0,0,153,0,0,13.946478918699356,12.821811231389258,10.354340513442645,10.699319259682241,10.490953575295874,10.999606563265928,10.310881457467318,9.741367353670935,6.8737439971831105,7.1684022054286185,6.990628737194797,7.383741887009797,36,35,25.0,False,3,171.26767302837195,286214.2295021044,286214.2295021044
15,2022,153,153,True,4728.878814290703,3179.4656958521473,1549.4131184385562,67.23508511666192,32.764914883338086,4728.878814290703,1549.4131184385562,32.764914883338086,10.126883127049387,14.500363080928778,0,0,0,0,153,40,0,30.907704668566687,28.740505654357797,14.202694278557331,15.248090812322108,14.608716595370282,16.324050759168486,20.7808215415173,15.232835936639933,8.6915617119163,9.115776575078073,8.861301048674042,9.43251469706773,29,30,21.0,False,3,171.26767302837195,303788.7854001284,303788.7854001284
16,2022,153,153,True,1620.8246480797072,953.6175862779803,667.2070618017271,58.835333446328754,41.16466655367126,1620.8246480797072,667.2070618017271,41.16466655367126,4.360830469292335,10.91601320620282,44,88,95,45,103,63,46,10.59362515084776,6.62186591595805,0.0,0.0,0.0,0.0,6.2327946815554265,0.0,0.0,0.0,0.0,0.0,35,20,30.0,False,15,959.243210574303,728088.830096841,728088.830096841
17,2022,153,153,True,57551.50394157399,46960.25538511739,10591.248556456605,81.59692131206722,18.403078687932794,57551.50394157399,10591.248556456605,18.403078687932794,69.22384677422617,92.2947608858351,0,0,0,0,153,0,0,376.15362053316335,360.1483524838332,264.6341383578006,272.07183127749215,267.55653570540363,279.15464548036397,306.9297737589372,275.0164457328841,213.24149075006957,219.07051638646294,215.53304025722443,223.35270485147794,14,37,35.0,False,31,1696.2663260597874,1323113.1465500633,1323113.1465500633
18,2022,153,153,True,6585.193308933254,69.14320799170932,6516.050100941546,1.0499799284238465,98.95002007157618,6585.193308933254,6516.050100941546,98.95002007157618,42.588562751251935,61.9781740546824,0,94,141,141,153,153,148,43.0404791433546,41.33389100790738,25.06561877656787,26.5054091900963,25.630636529246267,27.87238069779779,0.45191639210267526,0.0,0.0,0.0,0.0,9.866127309441424e-14,18,1,39.0,False,7,496.02988004490794,396682.87857353204,396682.87857353204
19,2022,153,153,True,8998.994250770864,5102.003367564338,3896.9908832065266,56.69526199694255,43.304738003057466,8998.994250770864,3896.9908832065266,43.304738003057466,25.47052864840867,36.92946917021575,0,0,0,0,153,100,0,58.816955887391266,50.70349205297461,19.18925124004172,20.672287481194356,19.790752677788653,21.652593389128814,33.3464272389826,15.85979217658877,2.2098820670003363,3.1022740197771577,2.7933942842778348,4.230941543825657,23,18,36.0,False,7,433.86175925048747,404214.83336243127,404214.83336243127
20,2022,153,153,True,7888.8090082280405,6607.295214934142,1281.5137932938983,83.7552944689461,16.244705531053896,7888.8090082280405,1281.5137932938983,16.244705531053896,8.375907145711754,11.02297640750998,0,0,0,0,153,0,0,51.560843191032944,49.86983980172096,38.69533706127343,39.53600342103923,39.02523700849804,40.565049799487184,43.18493604532119,38.955922928330274,33.174545491079904,33.4583594368691,33.30368657107653,33.74471365971491,30,38,28.0,False,5,270.9008191041778,409236.13807318325,409236.13807318325
21,2022,153,153,True,12183.823337766084,6775.003506704684,5408.819831061397,55.60654745956689,44.39345254043309,3754.9179435723718,2722.2758539582733,72.49894391482604,35.35176360170848,47.459277270984785,0,0,0,0,153,102,0,79.63283227298093,74.68445428815954,44.23705547926574,46.58716188603266,45.15437667497882,48.781763425536106,44.28106867127244,31.177311834135807,17.730198453394976,19.21232460330882,18.617666536758048,20.2022383466287,21,16,27.0,False,11,654.5594475581136,394172.2247361882,981664.5910019783
22,2022,153,153,True,1196.42805351398,355.2531229592571,841.174930554723,29.692811190431186,70.30718880956881,954.7014475266344,772.0557176237797,80.86881188082003,5.497875363102764,11.697372460203685,0,57,117,117,153,134,118,7.819791199437779,5.056080146275292,1.2174352365360575,1.3748234461760833,1.2773493472940345,1.5640057974819284,2.321915836335014,1.7505441540777156e-13,0.0,0.0,0.0,4.310625930277941e-14,34,6,25.0,False,16,925.2669877830901,394172.2269855382,1109707.801805299
23,2022,153,153,True,31021.90334103075,21082.040148087934,9939.863192942814,67.95856436121386,32.04143563878614,2432.788020689601,2678.990351772419,110.12017195863325,64.96642609766545,90.49780859427607,0,0,0,0,153,0,0,202.75753817667157,185.5358532551977,109.11115912837984,113.3113993417362,110.75046596490516,117.61371657276221,137.7911120790061,102.35301844580457,66.29170941796934,68.94053404790601,67.46225990173451,70.4604716858552,15,31,37.0,False,8,483.6783322879794,173234.92754020586,1350730.3107679524
24,2022,153,153,True,4665.053691167484,1005.9606765578432,3659.0930146096416,21.563753456095586,78.43624654390442,89.18017302139742,772.6611193453068,866.4045977573048,23.91564061836367,33.92358836995221,0,43,105,105,153,133,110,30.49054700109467,26.995371112331945,14.410804049443795,15.366784901522939,14.783412813134786,16.32212882681315,6.574906382731001,7.86926079854311e-13,0.0,0.0,5.5067062021407764e-14,2.591778643553274e-13,24,4,26.0,False,8,546.0397319625324,170724.27853797673,1343198.3602517666
25,2022,153,153,True,2769.208860349904,954.0070740597617,1815.2017862901425,34.45052800889919,65.54947199110082,-561.0304677250779,417.780444166917,,11.864063962680671,32.72709695784578,10,52,118,74,109,91,76,18.099404316012446,9.680785004537773,0.0,0.0,9.107000867710927e-14,1.818027210257848e-13,6.235340353331776,2.362554596402333e-13,0.0,0.0,0.0,5.053041318703322e-14,28,8,33.0,False,16,967.7432223359499,401704.18460896594,1797626.2159163693
26,2022,153,153,True,9844.705219718886,4045.4279831891113,5799.277236529775,41.092423723222744,58.907576276777256,1608.0876506955888,947.4752388799704,58.919377838026044,37.903772787776305,51.62283422929215,0,0,0,0,153,121,0,64.34447856025416,59.939676469551095,33.84674143258957,35.91658368345997,34.65477678146188,37.95996757513533,26.440705772477852,15.189580602276319,9.198570626338077,9.963745888010534,9.519648529437418,10.455023687211899,20,9,27.0,False,4,242.1290844629832,75319.5354052506,1684646.9150082257
27,2022,153,153,True,22624.64776310561,10924.731947412127,11699.915815693486,48.28685980794481,51.71314019205521,596.119205620644,491.81874810231295,82.50342271563963,76.47003801106854,102.21511279186248,0,0,0,0,153,114,0,147.87351479153995,138.2944534086081,81.43544558055532,85.87049325994272,83.16658062349453,90.12586202849205,71.40347678047142,45.761066295770256,27.118170269547974,30.087901652202692,28.450297788734765,31.32877866154989,13,13,28.0,False,8,504.91644956468326,82851.48632940903,2749162.992339613
28,2022,153,153,True,35966.73948086797,21847.880825369393,14118.858655498578,60.74468005917269,39.25531994082733,5453.282709534318,1137.4290465111935,20.857694476806685,92.28012193136325,123.68485443867162,0,0,0,0,153,51,0,235.07672863312396,222.7007457923416,152.18648116975504,157.67122815764185,154.32962253667242,163.15303625350512,142.79660670176074,110.00493258850685,86.03942153304857,90.2334687749658,87.84481237309805,91.83897345367357,12,24,29.0,False,6,341.762230538241,173234.92950894168,3331634.0599217378
29,2022,153,153,True,39334.66295189816,24570.223350501044,14764.439601397109,62.4645579918853,37.5354420081147,3026.6808002457847,547.329770730921,18.083498289164638,96.4996052378896,127.42676963174898,0,0,0,0,153,6,0,257.08930033920365,242.68231006697175,169.56895677818477,175.4783840811996,171.88187207573242,181.29785128118385,160.58969510131402,126.11515969385648,99.49290113976073,104.05579607430958,101.51541020744595,105.60926005408285,11,27,30.0,False,2,141.72282287053707,22595.86023219582,3610316.335428228
30,2022,153,153,True,41805.39178806184,26080.229531101744,15725.162256960097,62.384846584667926,37.615153415332074,849.9041880839732,293.5155937612611,34.53513912232432,102.77883828078495,140.53658898909313,0,0,0,0,153,11,0,273.2378548239336,254.86055252337493,175.04517904562195,180.98166232596273,177.36921768721183,186.81721381190374,170.45901654314866,129.37487894314464,102.51196571849272,107.11875137777325,104.56062340597866,108.78950788162426,10,26,31.0,False,1,70.86141143461126,5021.302404239921,4343426.467929309
31,2022,153,153,True,49226.63920503449,27796.764506946696,21429.874698087784,56.46691497904223,43.53308502095775,5012.730577019099,3722.2702654359337,74.2563400973655,140.06454051037767,187.69272143108145,0,0,0,0,153,82,0,321.7427399021862,301.51543404432095,213.85200811909135,220.7076537867528,216.5426339050387,227.31173672659705,181.67819939180848,131.16329556981617,105.15644273597832,110.51743489900717,107.32639486409434,112.75789566494369,9,17,32.0,False,8,483.8716111678379,138085.8141556785,4772747.813765408
32,2022,153,153,True,63518.968473073925,34984.650361864944,28534.318111208988,55.07748504558154,44.922514954418475,2862.934899191912,1189.1220936945674,41.53507276851484,186.49881118437247,252.05625550511093,0,0,0,0,153,88,0,415.1566566867577,388.30742271812437,272.6880662446756,281.21256948555623,276.00722067160734,289.9468080968579,228.65784550238524,158.81019443375263,126.28484563456615,133.4732631285421,129.20864093170093,136.36755698170955,8,15,33.0,False,2,120.87126335196169,100426.0452376852,5272367.387711016
33,2022,153,153,True,87740.437329537,43513.41450440367,44227.022825133325,49.593341256067895,50.4066587439321,21452.259996113164,13877.5029276342,64.69016751684252,289.0655086610021,378.7874188423459,0,0,0,0,153,113,0,573.4669106505686,528.7056860860454,361.60017430269556,373.06920142781837,366.07254018466847,385.0211789670157,284.40140198956647,178.06860452388642,126.92424966610292,136.20532388236046,131.17488156274405,141.28285963625663,7,14,34.0,False,21,1342.5152812697781,723067.5289204444,7793061.13254783
34,2022,153,153,True,102505.521729094,47977.40173450277,54528.119994591245,46.80469981051314,53.195300189486865,2527.2773127552164,1451.6977317069168,57.44117293263272,356.39294114111925,471.7320968068184,0,0,0,0,153,116,0,669.9707302555164,612.673229913347,405.2851627585468,419.35992577271486,410.7734047701959,433.9275903200958,313.57778911439715,183.31551179011598,130.14814313744975,139.71568940017826,134.57874713080292,145.05553306593097,6,11,35.0,False,5,292.3322152595349,42681.06853455562,9585666.045939649
35,2022,153,153,True,162752.37688059482,97126.34409023725,65626.03279035757,59.67737365918479,40.322626340815205,2695.351209926821,506.6642393097168,18.79770760276813,428.92831889122596,568.2515487364203,0,0,0,0,153,68,0,1063.7410253633648,990.1393563335279,684.9184267057625,706.6756909766706,693.4265428801206,728.5241934352154,634.8127064721389,471.6442803924613,368.9612975373145,385.2699541986227,376.3013796046225,391.9586836854878,5,21,36.0,False,2,120.87126335289301,17574.557946998793,10926353.75043671
36,2022,153,153,True,184131.7731324634,110893.24851540607,73238.52461705735,60.22493925349324,39.775060746506774,12380.402001097744,3715.5009434932463,30.01114942118843,478.6831674317474,635.8072900724127,0,0,0,0,153,66,0,1203.4756413886496,1119.8402972383767,770.5776681600431,794.8693301321907,780.0986762530174,818.711197678204,724.7924739569024,536.2770269297889,413.8820853913812,433.25427131295424,422.483454490306,441.0150293611693,4,23,37.0,False,9,554.3464648439374,246043.8139298122,11576612.397728955
37,2022,153,153,True,243305.96319200553,151663.07776555652,91642.88542644901,62.334303596937005,37.665696403063,28152.286718511335,8464.497616448856,30.066820862843397,598.9731073624118,798.0727181227147,0,0,0,0,153,24,0,1590.2350535425198,1472.1379803558502,991.3741792626486,1023.0789998574755,1003.7814112207194,1054.5542198966446,991.261946180108,742.2567254102099,561.447793995221,584.5633001887098,572.7579337818071,594.7139415156743,3,25,38.0,False,14,868.1100762587881,718046.2255687247,13645388.934065633
38,2022,153,153,True,284510.6654107596,170700.77808193196,113809.88732882768,59.99802426931317,40.00197573068683,27217.71494790382,12967.970871647365,47.645332815296086,743.8554727374358,973.7387059122007,0,0,0,0,153,66,0,1859.546832750063,1732.1122330133257,1191.5282191718593,1227.9348678341712,1205.7744775209042,1264.0039308005546,1115.6913600126272,831.8907273268719,629.0720881596443,658.1882469454001,642.2339008100736,671.0747174434947,2,22,39.0,False,14,826.7935149833677,389150.92921974434,14456329.252980487
39,2022,153,153,True,296151.51132713025,172189.6227530334,123961.88857409684,58.14240892488035,41.85759107511965,5055.652607437367,3635.9511443276247,71.91853211944942,810.2084220529205,1045.969809277758,0,0,0,0,153,73,0,1935.6307929877794,1806.464788060436,1249.4752342670024,1287.3347993452776,1264.2916807723996,1324.782922298107,1125.422370934859,837.8426423254184,634.7206220381524,664.1852483115206,647.9524209867084,677.4382550809555,1,19,,True,3,100.40626159310341,42681.0689361062,14895693.200490125
1,2023,153,153,True,51985.14895044928,40738.69653398472,11246.452416464552,78.36602829168703,21.633971708312966,51985.14895044928,11246.452416464552,21.633971708312966,73.50622494421276,92.90877008722657,0,0,0,0,153,0,0,339.7722153624136,306.6092790536957,170.62369724747725,180.80744493219703,174.59671133819344,190.89552350978926,266.26599041820083,219.72826620076566,120.95686275872228,126.40945403257776,123.13786310525276,131.2251988596226,15,12,38.0,False,12,746.272418510985,421789.3896951097,421789.3896951097
2,2023,153,153,True,56.08535038943138,13.909033532578158,42.17631685685323,24.79976221241394,75.20023778758606,56.08535038943138,42.17631685685323,75.20023778758606,0.27566220167877925,7.675565743166288,71,76,150,4,7,6,4,0.3665709175779829,1.5409605112321925e-15,0.0,0.0,1.3091868675203128e-16,4.3307582589171374e-15,0.09090871589920364,1.1543767130292032e-16,0.0,0.0,0.0,3.906630938588032e-15,39,1,22.0,False,4,241.93580558405597,451917.20762117615,451917.20762117615
3,2023,153,153,True,48256.176454307555,43366.984606602215,4889.191847705331,89.86825685964824,10.131743140351727,48256.176454307555,4889.191847705331,10.131743140351727,31.955502272583864,42.38143680909056,0,0,0,0,153,0,0,315.3998461065853,277.4677513867082,140.5137189285128,150.0907507213097,144.2491671513112,159.6833057035147,283.4443438340014,237.0528508133665,115.28119949961739,122.51465560138841,118.17945566951407,130.50781386948745,23,36,23.0,False,11,655.5258419543384,891281.1523157916,891281.1523157916
4,2023,153,153,True,8343.848827643938,5300.422350373244,3043.426477270696,63.52490870654867,36.47509129345134,8343.848827643938,3043.426477270696,36.47509129345134,19.891676322030694,26.872136359497574,0,0,0,0,153,98,0,54.53495965780352,38.87825254871821,16.429345901633077,17.53641867080841,16.86700366348766,18.576680657758818,34.643283335772836,13.555059710239277,4.106459168377654,4.933776680191593,4.495727544481714,5.256460352612871,27,3,31.0,False,7,412.6236419737836,291235.53168042,291235.53168042
5,2023,153,153,True,35065.570568213065,28835.21617865246,6230.3543895606035,82.2322743118048,17.767725688195185,35065.570568213065,6230.3543895606035,17.767725688195185,40.72127052000395,59.76218595306392,0,0,0,0,153,0,0,229.18673573995468,193.24042916698312,100.10384376234293,105.87036871396779,102.3490920201334,112.0648725989961,188.46546521995072,141.9337201762535,73.399972391484,77.88522425969094,75.17586694574631,81.37919223743235,20,23,32.0,False,12,683.5244610776874,399193.5287079231,399193.5287079231
6,2023,153,153,True,6673.795424320947,4321.973304403961,2351.822119916986,64.76035043947603,35.239649560523986,6673.795424320947,2351.822119916986,35.239649560523986,15.371386404686184,22.08309211956041,0,35,47,47,153,97,50,43.61957793673822,28.765674921033256,7.643964559135222,8.393899365269055,7.93713892548305,9.782643209772454,28.248191532052033,11.165941805375601,0.0,0.0,0.0,0.0,29,4,24.0,False,8,442.9416076497891,444385.2526979965,444385.2526979965
7,2023,153,153,True,7195.703178531927,5978.419866550859,1217.283311981068,83.08319170789618,16.91680829210383,7195.703178531927,1217.283311981068,16.91680829210383,7.956100078307633,9.523556747821594,0,0,0,0,153,0,0,47.03073972896684,43.04668444716426,25.255571743423545,27.02293563576517,25.949123898245016,28.69169227772556,39.07463965065921,34.569192331503295,18.18888752093376,19.689408012349887,18.781989924025392,20.909183849596168,35,24,26.0,False,3,191.9259536664315,266129.0193512085,266129.0193512085
8,2023,153,153,True,4740.667203694313,4289.416755948071,451.2504477462419,90.48128821625382,9.518711783746198,4740.667203694313,451.2504477462419,9.518711783746198,2.9493493316747834,4.549159601639495,9,20,27,11,137,20,6,30.984752965322304,22.43158883179448,0.0,0.0,0.0,1.1776910854972118,28.035403633647523,18.16133898168336,0.0,0.0,0.0,0.2445815639921141,37,37,29.0,False,4,221.47080382426637,256086.4152742944,256086.4152742944
9,2023,153,153,True,6918.433316459549,5374.808449683071,1543.6248667764785,77.68823090187107,22.311769098128938,6918.433316459549,1543.6248667764785,22.311769098128938,10.089051416839729,13.819024894876254,0,0,0,0,153,0,0,45.21851840823235,37.186659130253375,21.03829753401064,22.13149545884091,21.460649001984233,23.3369559088776,35.12946699139262,25.65601020175545,13.731522578468862,14.634066271715923,14.090606224957293,15.225182259717466,31,11,24.0,False,16,926.2333821795478,728088.8290157933,728088.8290157933
10,2023,153,153,True,29907.564037804095,26218.99709894815,3688.5669388559413,87.6667757554795,12.333224244520474,29907.564037804095,3688.5669388559413,12.333224244520474,24.108280646117265,32.39973151879637,0,0,0,0,153,0,0,195.4742747568895,177.32148825745065,92.84642803056693,98.55711387690133,95.0933753299299,104.69584884868226,171.36599411077222,146.78092663988667,73.04231949618955,78.51797477815245,75.1890009359809,83.61209815768383,26,33,23.0,False,3,191.73267478750427,286214.23091195483,286214.23091195483
11,2023,153,153,True,48265.948036947884,35806.00468205876,12459.943354889127,74.18481587608936,25.815184123910633,48265.948036947884,12459.943354889127,25.815184123910633,81.4375382672492,104.13244081305987,0,0,0,0,153,53,0,315.4637126597901,250.24832029478955,97.89551705051812,106.69171955135081,101.1959206494823,116.59080617815738,234.02617439254092,149.59060968786974,40.5672994697864,46.53376383126668,42.939650112934665,51.21033079585065,14,8,34.0,False,46,2573.649529595932,1749923.8448572643,1749923.8448572643
12,2023,153,153,True,7470.189812343841,6052.614789837407,1417.5750225064344,81.0235742582603,18.976425741739714,7470.189812343841,1417.5750225064344,18.976425741739714,9.26519622553225,15.522635672192465,0,0,0,0,153,0,0,48.824770015319224,34.382213799193934,25.300411140361078,26.079696615540374,25.60921087054384,26.74694551729851,39.559573789786974,24.316655861952736,19.723683608764965,20.194113729186725,19.912027262836254,20.55839507197566,32,20,21.0,False,5,250.04925958719105,283703.5808656616,283703.5808656616
13,2023,153,153,True,1975.358138413827,1583.8246564976266,391.5334819162003,80.17911414126687,19.82088585873313,1975.358138413827,391.5334819162003,19.82088585873313,2.5590423654653613,4.222017806471678,0,0,19,19,153,0,0,12.910837505972726,7.579856777966496,1.05920540932982,1.3063632794216233,1.1526291059428095,1.6162987154569088,10.351795140507363,4.805756476811855,0.5856698257202338,0.7294422270009626,0.6400304990303092,0.9045734480109494,38,18,22.0,False,1,50.00985191669315,263618.3671985846,263618.3671985846
14,2023,153,153,True,5568.193048951234,4688.034906612851,880.1581423383843,84.19311014182311,15.80688985817691,5568.193048951234,880.1581423383843,15.80688985817691,5.752667596982904,10.275945272101229,0,0,0,0,153,0,0,36.3934186205963,22.365632578608377,12.845209526569505,13.35144067660193,12.930120273024786,14.237828878209287,30.640751023613404,15.864214008823575,11.670530951639584,11.68127440859727,11.678341154486507,11.793730646322972,36,28,25.0,False,3,171.26767302837195,286214.2295021044,286214.2295021044
15,2023,153,153,True,10321.592159392818,8587.642250069606,1733.9499093232114,83.2007515648127,16.799248435187284,10321.592159392818,1733.9499093232114,16.799248435187284,11.333005943288963,14.83877714260791,0,0,0,0,153,0,0,67.46138666269816,61.04388702562594,32.31028430042935,34.73224926252346,33.2495924385157,36.96604711056981,56.12838071940919,48.73497225913914,23.318428245741167,25.26536049278754,24.07899528355299,27.117085292721292,30,25,21.0,False,3,171.26767302837195,303788.7854001284,303788.7854001284
16,2023,153,153,True,11810.482859660806,10557.625660866974,1252.857198793834,89.39199003392979,10.608009966070226,11810.482859660806,1252.857198793834,10.608009966070226,8.18860914244336,11.81714374621842,0,0,0,0,153,0,0,77.1926984291556,46.530481280402235,9.596165535880196,11.885417420706945,10.48071381759826,14.344986425949662,69.00408928671224,37.056599317404746,4.9303841199108085,6.926379850716425,5.707708125492792,8.790286768648786,34,35,30.0,False,15,959.243210574303,728088.830096841,728088.830096841
17,2023,153,153,True,159700.99789086025,149246.74302153557,10454.254869324717,93.45385751661419,6.546142483385834,159700.99789086025,10454.254869324717,6.546142483385834,68.32846319820077,87.8321604703433,0,0,0,0,153,0,0,1043.797371835688,950.1323039582113,574.8371446701093,600.6405276685521,584.9210950229653,626.6657580852457,975.4689086374874,864.673876799701,521.2969384653322,545.5530706980965,530.7321614780084,568.546640295862,18,39,35.0,False,31,1696.2663260597874,1323113.1465500633,1323113.1465500633
18,2023,153,153,True,25862.593992095564,14863.054290714806,10999.539701380756,57.46930990471192,42.530690095288065,25862.593992095564,10999.539701380756,42.530690095288065,71.89241634889383,90.79437232244348,0,0,0,0,153,95,0,169.03656203984028,152.32932503462266,88.1936780450307,93.08524162922483,90.11917673918484,97.8369030201045,97.14414569094644,64.86773996813395,32.38160908056865,35.611417491411785,33.92723674890453,36.66761971501386,16,2,39.0,False,7,496.02988004490794,396682.87857353204,396682.87857353204
19,2023,153,153,True,29760.033761300332,26032.105922550647,3727.927838749681,87.47337496774803,12.526625032251959,29760.033761300332,3727.927838749681,12.526625032251959,24.365541429736478,30.31007926228054,0,0,0,0,153,0,0,194.5100245836623,170.03870716781861,75.18788361917561,82.66859327357997,78.09850536941212,90.22323307592283,170.1444831539258,143.38145215495487,54.5771532900208,61.32422096675735,57.21298839068139,67.71612889505465,25,32,36.0,False,7,433.86175925048747,404214.83336243127,404214.83336243127
20,2023,153,153,True,16302.208274415665,14928.82535613577,1373.3829182798913,91.57547925310676,8.424520746893222,16302.208274415665,1373.3829182798913,8.424520746893222,8.976358943005826,12.734412877897512,0,0,0,0,153,0,0,106.55038087853376,81.25206038196063,52.384432500217024,53.78912237584906,52.93066308225665,55.739459896113786,97.57402193552791,70.34008437954779,46.87169064287382,48.104676570506086,47.3563076993702,49.293063352825264,33,38,28.0,False,5,270.9008191041778,409236.13807318325,409236.13807318325
21,2023,153,153,True,29392.974157097007,23282.07430491319,6110.899852183815,79.20965799676203,20.79034200323795,11601.192185360344,2959.3749203541684,25.509231060654542,39.940521909698134,56.469732437666096,0,0,0,0,153,0,0,192.1109422032484,150.21588013346957,83.15042944699533,88.31943392962201,85.16542738261218,93.20181387079343,152.17042029355025,105.93042370894877,55.22605184089956,58.353644594688475,56.42616448037753,61.66051958497211,21,14,27.0,False,11,654.5594475581136,394172.2247361882,981664.5910019783
22,2023,153,153,True,8557.579185245111,6171.129311865377,2386.4498733797354,72.11302610562544,27.886973894374563,6526.135696441855,1952.7400746066817,29.921842962464666,15.597711590717225,23.143394236190083,0,0,28,28,153,86,27,55.93189009964125,30.232174166114262,5.777390464667031,6.812269520309371,6.170189343781028,8.078947039484042,40.33417850892403,12.501593966335967,7.024381076803365e-13,0.3414314705342404,0.1105061155415141,0.6337901686511763,28,7,25.0,False,16,925.2669877830901,394172.2269855382,1109707.801805299
23,2023,153,153,True,90474.86095946327,79773.47217417561,10701.388785287681,88.17197542853107,11.828024571468948,12311.120467351642,2123.6299987264074,17.249689046241954,69.94371755089988,93.23512750815172,0,0,0,0,153,0,0,591.3389605193678,517.5925200106985,254.82569562760392,272.5930051349902,261.76680509047577,290.9774210751951,521.395242968468,429.42231387768203,199.00613400460188,213.72860489216063,204.84210584169844,228.446154397653,17,34,37.0,False,8,483.6783322879794,173234.92754020586,1350730.3107679524
24,2023,153,153,True,15027.17845144388,10171.718374971195,4855.4600764726865,67.68881069615466,32.31118930384534,1434.9497106633853,960.0130897792224,66.9022114604562,31.73503317956004,44.74065370165516,0,0,0,0,153,88,0,98.21685262381621,68.36170877607812,29.07388856698937,30.972206852984144,29.810311555292508,33.63618221062117,66.48181944425617,30.944408686525893,9.793208896056226,10.814168668799557,10.278126433220034,11.461804657801657,24,5,26.0,False,8,546.0397319625324,170724.27853797673,1343198.3602517666
25,2023,153,153,True,24142.39616432707,18453.194964901886,5689.2011994251825,76.43481135550424,23.565188644495763,10016.623930130721,2422.593183707064,24.185725655724482,37.18432156487047,53.52175804483116,0,1,8,8,153,75,12,157.79343898252986,92.81304405379628,14.772096863187208,18.636641624752517,16.142372923603006,23.385743479104296,120.60911741765939,47.55929235156202,0.0,0.9595586189397974,0.09913921113921563,2.5899532673728802,22,10,33.0,False,16,967.7432223359499,401704.18460896594,1797626.2159163693
26,2023,153,153,True,24342.59277850843,17424.266703405647,6918.326075102784,71.57933775562793,28.420662244372053,2119.711148532622,845.5826866490293,39.89141101769395,45.21781748433192,60.61030966778742,0,0,0,0,153,29,0,159.10191358502243,122.91145902485232,64.78456614725933,68.45279996130301,66.21548302567726,72.78943977697996,113.8840961006905,69.91733314005535,36.757306436716554,38.735935172844215,37.6635774209643,39.85269154915356,19,6,27.0,False,4,242.1290844629832,75319.5354052506,1684646.9150082257
27,2023,153,153,True,55269.117788242555,41812.79230337727,13456.32548486529,75.65308435640009,24.346915643599917,1533.550852637125,427.099557578691,27.85036810773128,87.94983977036138,120.09654520432571,0,0,0,0,153,0,0,361.23606397544154,279.38426908140366,151.71934818519324,160.6441866318113,155.1985771397904,169.96965538251087,273.2862242050802,178.34992080603823,94.34102566700835,99.68954604120815,96.44368207172256,103.6780563704645,13,9,28.0,False,8,504.91644956468326,82851.48632940903,2749162.992339613
28,2023,153,153,True,79758.98010459244,63881.35604203872,15877.624062553718,80.09299511887879,19.907004881121217,8187.654041934209,1047.9156594085368,12.798729087006988,103.77532067028574,141.32427350249657,0,0,0,0,153,0,0,521.3005235594277,408.0962762185624,239.67412369810415,250.63502246365954,243.94606968131464,262.53555387797326,417.52520288914195,287.06512673987777,173.07374438605345,179.92041425665087,175.7675987702431,185.158226795606,12,17,29.0,False,6,341.762230538241,173234.92950894168,3331634.0599217378
29,2023,153,153,True,87972.88218374895,71397.85051605708,16575.031667691896,81.15893073382362,18.841069266176397,3473.234875462218,246.15715739193638,7.0872591753293905,108.33354031171173,148.08843196940967,0,0,0,0,153,0,0,574.9861580637187,452.16907971862804,259.9545520836928,271.1445966839633,264.30906234255417,284.2534569634173,466.6526177520071,324.70405411356205,192.29728420542853,199.32075186576267,195.05934754157266,204.9003859756282,11,21,30.0,False,2,141.72282287053707,22595.86023219582,3610316.335428228
30,2023,153,153,True,100648.98830196129,82662.8359439197,17986.152358041596,82.12982300022671,17.870176999773292,865.6232585515252,158.26349155586627,18.283183820718218,117.556551359749,160.5411366988646,0,0,0,0,153,0,0,657.8365248494202,504.2945996936528,275.10795085412735,288.58844042597696,280.34745773416597,304.15843744865356,540.2799734896712,365.9385130197903,202.16854186322226,211.15127626535923,205.6952009360403,218.4941674409967,10,22,31.0,False,1,70.86141143461126,5021.302404239921,4343426.467929309
31,2023,153,153,True,115255.57032743038,91825.45323055367,23430.117096876704,79.67116293788325,20.32883706211675,6262.733197825128,2400.538261564409,38.33052096803435,153.1380202410242,209.49842831885462,0,0,0,0,153,0,0,753.3043812250352,580.4974101041328,324.03337465587987,338.7817351460612,329.771196940428,355.59838582030716,600.1663609840109,395.51836397200566,230.08118767014787,239.05680681086523,233.64090398500642,245.20382073220838,9,16,32.0,False,8,483.8716111678379,138085.8141556785,4772747.813765408
32,2023,153,153,True,158413.75078511413,127487.41834449349,30926.33244062065,80.47749498553839,19.522505014461625,8092.609889470685,1265.8609541833434,15.642184307319178,202.13289176876242,279.9116817010604,0,0,0,0,153,0,0,1035.3839920595694,822.4065758088013,449.6216750304982,471.66855874984395,458.1988714230968,496.3096618505196,833.2511002908071,575.5440880126306,323.3091200024259,338.05417160695754,329.14893110732913,348.82256483081625,8,19,33.0,False,2,120.87126335196169,100426.0452376852,5272367.387711016
33,2023,153,153,True,234333.7199048652,186009.0982601784,48324.62164468679,79.3778626207506,20.6221373792494,51777.572955424024,11709.088004640955,22.614207921104104,315.8472002920705,427.45770537923295,0,0,0,0,153,0,0,1531.5929405546744,1202.1746796686566,620.2826849611284,655.5414402070828,633.8602180459757,694.5786956428999,1215.745740262604,817.9356152723049,420.57045822743135,440.80103451479806,428.36475307292,456.56983428456437,7,15,34.0,False,21,1342.5152812697781,723067.5289204444,7793061.13254783
34,2023,153,153,True,286091.3701389285,224577.8910490315,61513.479089897046,78.49865969042494,21.501340309575067,3491.7021971154363,728.9140903211339,20.875608776811042,402.0488829405036,538.0146886940975,0,0,0,0,153,0,0,1869.8782362021473,1472.4497926931758,734.5894541600671,778.7772920123697,751.5174160174078,827.8868103773858,1467.8293532616437,981.551729555744,474.2551530057083,500.44360983706537,484.42281330372344,520.6947391635919,6,13,35.0,False,5,292.3322152595349,42681.06853455562,9585666.045939649
35,2023,153,153,True,450138.3654466296,377813.5202282993,72324.84521833027,83.93275251120416,16.067247488795847,4345.997416840792,357.1112591085074,8.217014987737844,472.7114066557534,628.8166130276741,0,0,0,0,153,0,0,2942.080819912612,2450.3759061019064,1330.8419384256754,1401.3415912406035,1358.0525415304614,1476.9737073634121,2469.369413256858,1871.0562551275664,1014.8802294533846,1065.7842509429142,1034.6644347605709,1109.3910298927065,5,27,36.0,False,2,120.87126335289301,17574.557946998793,10926353.75043671
36,2023,153,153,True,507565.94920114905,427807.6241642337,79758.32503691534,84.28611589046785,15.71388410953214,27667.54999321912,3705.5519798353885,13.393133764079439,521.2962420713421,690.8675992184671,0,0,0,0,153,0,0,3317.4245045826738,2776.5110835457285,1502.395906357875,1584.1279156720518,1533.9788818344093,1671.0592289306237,2796.1282625113313,2138.657488194953,1148.3921927330566,1208.248572377436,1171.505701434132,1260.99789176614,4,29,37.0,False,9,554.3464648439374,246043.8139298122,11576612.397728955
37,2023,153,153,True,673349.7713786964,572053.3172032956,101296.45417540075,84.95633941213133,15.04366058786867,75308.96121808408,10836.740353197718,14.389708977416452,662.0683279437958,867.7722829460286,0,0,0,0,153,0,0,4400.978897899977,3740.752481677818,1988.4852819591306,2103.1836378378516,2032.9106655441003,2224.0988426249623,3738.9105699561806,2929.209426168756,1532.7011780648784,1619.3765211119405,1566.3467894833432,1698.1392293290241,3,31,38.0,False,14,868.1100762587881,718046.2255687247,13645388.934065633
38,2023,153,153,True,789141.1024109448,666100.3961736481,123040.7062372966,84.40827554649114,15.591724453508853,63806.18208179907,10497.799645431314,16.45263719426624,804.1876224659909,1051.1172899190542,0,0,0,0,153,0,0,5157.784983078071,4439.797284807998,2421.3478854343794,2555.782647701438,2473.4780188886994,2696.061377178255,4353.597360612079,3458.0379396159883,1865.9555910651725,1965.5762532946217,1904.7329878202654,2055.3647048601806,2,30,39.0,False,14,826.7935149833677,389150.92921974434,14456329.252980487
39,2023,153,153,True,820199.3176617695,684033.332255347,136165.98540642252,83.39842737316516,16.601572626834848,5195.621258729259,2125.7394677451603,40.91405747048375,889.973760826291,1161.6739634292844,0,0,0,0,153,0,0,5360.779853998493,4625.753081013305,2542.755684782103,2682.102446426813,2596.8191885992496,2827.155477115835,4470.806093172203,3538.4409120204514,1927.0854153970415,2027.9019450696585,1966.3816634553916,2117.2300888813998,1,26,,True,3,100.40626159310341,42681.0689361062,14895693.200490125
1,2024,122,153,False,40904.721110325874,31395.131202700843,9509.589907625028,76.75185247693949,23.248147523060496,40904.721110325874,9509.589907625028,23.248147523060496,77.94745825922153,93.33129025158155,0,0,0,0,122,0,0,335.2845992649661,312.85720580160375,195.86973508389067,204.93864161662984,200.33329696082197,219.0427389107896,257.33714100574457,222.66666016763148,122.1965879531034,128.31178826454365,125.19676300505361,137.83845345587173,,,38.0,False,12,746.272418510985,421789.3896951097,421789.3896951097
2,2024,122,153,False,53.270420074529596,11.288976702639571,41.98144337189002,21.191829699944893,78.80817030005511,53.270420074529596,41.98144337189002,78.80817030005511,0.34411019157286904,8.10711204004752,57,71,119,4,7,7,4,0.4366427874961442,2.599847982629799e-15,0.0,0.0,0.0,6.644680222254722e-15,0.09253259592327517,0.0,0.0,0.0,0.0,3.778372337225052e-15,,,22.0,False,4,241.93580558405597,451917.20762117615,451917.20762117615
3,2024,122,153,False,39395.26998173297,35405.784784261086,3989.48519747189,89.87318731583322,10.126812684166799,39395.26998173297,3989.48519747189,10.126812684166799,32.700698339933524,42.34952536355513,0,0,0,0,122,0,0,322.9120490305982,297.75290307977707,170.88028226617286,179.63616408077345,175.2066220532376,193.61358379828832,290.2113506906646,257.98376084567883,135.59496731825124,144.4021238865521,139.94065174259416,157.23767901419464,,,23.0,False,11,655.5258419543384,891281.1523157916,891281.1523157916
4,2024,122,153,False,6214.28035650756,3695.890703402997,2518.389653104564,59.474154550054706,40.5258454499453,6214.28035650756,2518.389653104564,40.5258454499453,20.642538140201342,26.788162130903864,0,0,0,0,122,74,0,50.936724233668535,41.04861933282298,19.303453951426267,20.401619454694373,19.822733573419924,22.543473269088413,30.294186093467186,14.740216373773931,2.103842564488075,2.910595815561387,2.5076354682626496,3.7029369312879967,,,31.0,False,7,412.6236419737836,291235.53168042,291235.53168042
5,2024,122,153,False,27110.295137566063,21885.28912766233,5225.006009903736,80.72685677750674,19.27314322249327,27110.295137566063,5225.006009903736,19.27314322249327,42.827918113965055,54.46496417839447,0,0,0,0,122,0,0,222.21553391447594,197.60763802213722,113.76214913560571,120.21292171396529,116.93259954361444,130.21755631407507,179.38761580051087,144.39185894782042,71.47763917025152,76.60743657465164,74.01070055318526,83.99093995801546,,,32.0,False,12,683.5244610776874,399193.5287079231,399193.5287079231
6,2024,122,153,False,5600.522153866362,3584.493564089434,2016.0285897769272,64.00284590633844,35.99715409366156,5600.522153866362,2016.0285897769272,35.99715409366156,16.524824506368255,21.68717034465448,0,13,25,25,122,72,33,45.905919293986564,34.60479002118848,11.67042379099009,13.143631682387417,12.393695898513114,15.494236712299717,29.38109478761831,14.358669663423687,0.0,0.0,2.9373329165797e-14,0.3197035543734703,,,24.0,False,8,442.9416076497891,444385.2526979965,444385.2526979965
7,2024,122,153,False,5809.880851305532,4845.621199383355,964.259651922178,83.40310797069962,16.5968920293004,5809.880851305532,964.259651922178,16.5968920293004,7.903767638706377,9.953737892783575,0,0,0,0,122,0,0,47.62197419102897,44.75365539098058,30.8678143143304,32.365990299667,31.609776078821426,34.444396632309136,39.718206552322584,36.313292369887634,21.450001743900106,22.92854290018024,22.182783584128554,24.893335462696008,,,26.0,False,3,191.9259536664315,266129.0193512085,266129.0193512085
8,2024,122,153,False,3842.634908748259,3434.915305513566,407.71960323469284,89.38958259327562,10.610417406724382,3842.634908748259,407.71960323469284,10.610417406724382,3.341963960940105,4.582977687692306,0,2,7,7,122,15,3,31.497007448756225,26.416376199141823,2.2231876398854125,3.3600454367656716,2.781647018262888,5.742185879068799,28.155043487816116,21.988600696257542,0.0,0.8792658619587118,0.3434425648602736,2.792896688643807,,,29.0,False,4,221.47080382426637,256086.4152742944,256086.4152742944
9,2024,122,153,False,5873.754961584689,4562.311392046418,1311.4435695382713,77.67282465619822,22.327175343801795,5873.754961584689,1311.4435695382713,22.327175343801795,10.749537455231732,13.407243749608504,0,0,0,0,122,0,0,48.14553247200565,41.310917055302596,25.947571943844796,27.214918691309663,26.570532282456902,29.19028599941922,37.395995016773924,28.70567349275713,14.851476162709998,16.093755046548594,15.4666634615167,17.679507720849017,,,24.0,False,16,926.2333821795478,728088.8290157933,728088.8290157933
10,2024,122,153,False,24176.512482932663,21073.74125169601,3102.771231236655,87.16617529750394,12.833824702496056,24176.512482932663,3102.771231236655,12.833824702496056,25.432551075710286,32.61349843777485,0,0,0,0,122,0,0,198.16813510600548,186.197787557195,110.17542293193809,115.7757855189804,112.93992808242322,125.00626355586814,172.73558403029517,155.07893759753983,82.9805415367308,88.61866828081457,85.76436377442964,96.83392016332162,,,23.0,False,3,191.73267478750427,286214.23091195483,286214.23091195483
11,2024,122,153,False,39770.86676055832,29300.049708371473,10470.817052186852,73.67214268870048,26.327857311299542,39770.86676055832,10470.817052186852,26.327857311299542,85.8263692802201,105.1414596310787,0,0,0,0,122,37,0,325.9907111521174,279.53439827628307,130.8744258754569,140.6872892480555,135.72929802942693,156.4799492207878,240.16434187189728,175.71176475102442,45.91734344893457,53.68028285941503,49.76595555203314,66.27166713544274,,,34.0,False,46,2573.649529595932,1749923.8448572643,1749923.8448572643
12,2024,122,153,False,5781.441868427311,4613.581936013071,1167.8599324142415,79.79984995106548,20.20015004893454,5781.441868427311,1167.8599324142415,20.20015004893454,9.572622396838044,13.770632966968833,0,0,0,0,122,0,0,47.38886777399437,36.03009596045298,27.5992666036432,28.138189845119328,27.869362034736906,28.76113191391357,37.816245377156314,24.735940479571337,20.041928081270942,20.550422502508873,20.295787480447018,21.171151299470605,,,21.0,False,5,250.04925958719105,283703.5808656616,283703.5808656616
13,2024,122,153,False,1903.1397686629834,1523.569875983585,379.56989267939866,80.05559555165733,19.94440444834268,1903.1397686629834,379.56989267939866,19.94440444834268,3.1112286285196613,4.340243210759073,0,0,0,0,122,0,0,15.599506300516257,10.911505481169307,2.4119812113223555,2.8237176272186946,2.611907411871035,3.5878858471234425,12.488277671996599,7.193938673662959,1.310862625479715,1.565334923887169,1.4342027866385416,2.0395727490344826,,,22.0,False,1,50.00985191669315,263618.3671985846,263618.3671985846
14,2024,122,153,False,4564.505920371116,3773.296362796029,791.2095575750876,82.66604159622257,17.333958403777437,4564.505920371116,791.2095575750876,17.333958403777437,6.485324242418751,10.274919080598927,0,0,0,0,122,0,0,37.41398295386161,24.41312085584173,15.613956828492064,16.33961745301678,15.973957000786328,17.33895094336537,30.92865871144286,16.816512786031446,11.583696564924255,11.6114365227678,11.607420779341345,11.789547165674978,,,25.0,False,3,171.26767302837195,286214.2295021044,286214.2295021044
15,2024,122,153,False,8508.832151508577,7095.415827982795,1413.416323525781,83.38883294019156,16.611167059808423,8508.832151508577,1413.416323525781,16.611167059808423,11.585379701030993,13.77918145311098,0,0,0,0,122,0,0,69.74452583203752,65.34579238463387,40.08280755722022,42.231758015739636,41.141645674023245,45.48465152513372,58.15914613100652,52.80755279355339,27.526848953755255,29.75013754682284,28.620938443793392,32.991396859844876,,,21.0,False,3,171.26767302837195,303788.7854001284,303788.7854001284
16,2024,122,153,False,9451.51623971524,8383.15667455216,1068.359565163078,88.6964214199428,11.303578580057184,9451.51623971524,1068.359565163078,11.303578580057184,8.757045616090803,11.59688213826152,0,0,0,0,122,0,0,77.47144458782982,54.091915628372064,17.530724785198338,19.89328576766717,18.704081562042404,23.625927236090334,68.71439897173902,43.45251536969856,9.551958141883638,11.889545402559875,10.698680564369484,15.338403347174708,,,30.0,False,15,959.243210574303,728088.830096841,728088.830096841
17,2024,122,153,False,124945.95479232149,116219.42160627387,8726.533186047622,93.01575373084115,6.984246269158854,124945.95479232149,8726.533186047622,6.984246269158854,71.52896054137395,90.61631758660224,0,0,0,0,122,0,0,1024.1471704288647,966.1995948230297,637.1462852432204,661.3242951448121,648.9535737610676,699.0620787192693,952.6182098874907,877.7028191133002,563.7061005117488,586.850520272322,575.1327473157359,623.0276626704149,,,35.0,False,31,1696.2663260597874,1323113.1465500633,1323113.1465500633
18,2024,122,153,False,20924.422883566895,11634.309351051434,9290.113532515461,55.601578193052575,44.398421806947425,20924.422883566895,9290.113532515461,44.398421806947425,76.14847157799558,92.20405545678204,0,0,0,0,122,71,0,171.51166298005649,160.30850041171044,101.86740068742877,106.24609237644002,104.02837021981729,112.81666365942819,95.36319140206093,69.36161022946021,25.01218367481196,27.809995852597925,26.41077819768522,31.50591331570016,,,39.0,False,7,496.02988004490794,396682.87857353204,396682.87857353204
19,2024,122,153,False,23328.75748890904,20314.27960885826,3014.477880050781,87.07827503679131,12.92172496320871,23328.75748890904,3014.477880050781,12.92172496320871,24.70883508238345,31.429704875527136,0,0,0,0,122,0,0,191.21932367958232,174.50303889778684,94.49944725883078,101.43966227685067,97.91751296040424,112.00987217937293,166.5104885971989,148.14786098140547,65.92996678315647,72.88788023550008,69.35972000750728,83.17736980791486,,,36.0,False,7,433.86175925048747,404214.83336243127,404214.83336243127
20,2024,122,153,False,12556.380349528217,11414.611202638758,1141.769146889458,90.90686077431258,9.093139225687423,12556.380349528217,1141.769146889458,9.093139225687423,9.358763499093918,12.782327219573318,0,0,0,0,122,0,0,102.92115040596897,85.74879066366884,57.27768866835458,59.15775092308342,58.20341843477299,62.06388157455788,93.56238690687505,73.68634745007054,48.199882908893784,49.69508027491281,48.92041810127505,52.61078586697651,,,28.0,False,5,270.9008191041778,409236.13807318325,409236.13807318325
21,2024,122,153,False,23488.948601517295,18461.579153916427,5027.369447600868,78.59687322370777,21.403126776292233,9198.674581581407,2446.093191660845,26.591800481328917,41.207946291810394,52.95327333225504,0,0,0,0,122,0,0,192.53236558620736,160.79628989168134,99.05446089919695,103.6054897523708,101.29979826446113,110.41517492613838,151.32441929439702,113.33368832742846,58.2023501271561,62.86862254067303,60.506665380270285,69.3727728366696,,,27.0,False,11,654.5594475581136,394172.2247361882,981664.5910019783
22,2024,122,153,False,7677.436150856367,5484.05524093924,2193.3809099171267,71.43081535529971,28.569184644700297,5721.025962118853,1771.8295738658378,30.970486510598157,17.978532048501037,23.511194268523553,0,0,7,7,122,63,10,62.929804515216134,41.20205369976921,11.195229819667388,12.802077749820615,11.977125751423497,15.651490621024234,44.95127246671509,20.15071535774397,0.024738751815426285,0.8800150232865077,0.43654403950061876,2.3180791885173546,,,25.0,False,16,925.2669877830901,394172.2269855382,1109707.801805299
23,2024,122,153,False,73144.51834135666,64259.71502138274,8884.803319973915,87.85308383806752,12.146916161932475,9572.735876691026,1792.5468912653716,18.725544236837287,72.82625672109766,93.93764348738642,0,0,0,0,122,0,0,599.5452323062023,550.5720835872603,309.84144815595806,326.76400892486987,318.18999451687534,354.18870250836,526.7189755851044,461.99911107705816,231.05712795593803,248.0047454352447,239.41807938573137,272.6993047454219,,,37.0,False,8,483.6783322879794,173234.92754020586,1350730.3107679524
24,2024,122,153,False,12466.643534101157,8295.822260548557,4170.821273552599,66.54415230415654,33.45584769584346,992.3664186501054,843.3491142374006,84.98364096042168,34.1870596192836,43.88740891385963,0,0,0,0,122,67,0,102.18560273853409,79.09074822658263,38.22438531970267,41.04645400935015,39.61002868054146,45.53716772447908,67.99854311925047,36.76329894283779,8.788242702995397,10.120213965207855,9.451022489113502,11.802495611530766,,,26.0,False,8,546.0397319625324,170724.27853797673,1343198.3602517666
25,2024,122,153,False,19831.32237223619,14822.286637337425,5009.035734898768,74.74179663424056,25.25820336575945,7589.380301008708,2024.4452674065533,26.67471107143601,41.05766995818662,53.48278647920614,0,0,5,5,122,53,10,162.55182272324745,110.99613665259326,29.750125078554618,34.61942571059391,32.131974709121025,42.78979057241388,121.49415276506086,60.330154026389906,5.411227022023013e-13,2.044828528016276,0.7060613543267598,6.892559675861818,,,33.0,False,16,967.7432223359499,401704.18460896594,1797626.2159163693
26,2024,122,153,False,19943.436119868795,14062.122354623822,5881.313765244973,70.51002781117708,29.48997218882292,1666.9117344621068,746.2328397701963,44.767387759196325,48.20748987905716,59.727517052713665,0,0,0,0,122,39,0,163.47078786777703,135.7779712942895,79.56056351155799,83.88654405369796,81.69090596713173,90.4732680073411,115.26329798871987,76.70406684502004,35.54097116849309,38.36014666098977,36.94393050117724,41.73901177142758,,,27.0,False,4,242.1290844629832,75319.5354052506,1684646.9150082257
27,2024,122,153,False,44608.016685324175,33322.96952578562,11285.047159538548,74.70175094502402,25.298249054975976,1175.631963938084,376.3639466927075,32.013755855359605,92.50038655359465,114.56994261029067,0,0,0,0,122,0,0,365.63948102724737,303.4957443769856,182.69940370403373,191.6910614035687,187.1307205572439,205.30570685985336,273.1390944736527,192.74042059350205,94.88330137933654,102.4492652073546,98.63098164340451,112.35774905341964,,,28.0,False,8,504.91644956468326,82851.48632940903,2749162.992339613
28,2024,122,153,False,63591.94548603519,50246.082948471754,13345.862537563436,79.01328157904182,20.986718420958187,6427.548451182794,919.0462311354285,14.298550032186936,109.39231588166751,135.48968618851552,0,0,0,0,122,0,0,521.2454548035671,438.1236849398326,277.29705872418236,288.80258972022244,282.9629073949031,306.45853791617486,411.85313892189964,305.51648867238765,173.30329171741732,182.72667414544705,177.95201101390597,196.1611293078204,,,29.0,False,6,341.762230538241,173234.92950894168,3331634.0599217378
29,2024,122,153,False,70183.10931106331,56211.36966570032,13971.739645362988,80.09244705383756,19.907552946162436,2748.528916279859,218.15750456486,7.937246112736435,114.52245610953268,142.42520095776422,0,0,0,0,122,0,0,575.2713877956008,486.3610040462087,300.13180734611507,312.81203860347847,306.37431833104336,332.93315811235453,460.7489316860682,346.88041794876426,192.26795873601492,202.6418468598022,197.30846792668737,217.97978053390156,,,30.0,False,2,141.72282287053707,22595.86023219582,3610316.335428228
30,2024,122,153,False,80325.72844356913,65146.2451211959,15179.483322373224,81.10258865185742,18.89741134814258,691.1028927905735,139.38411184715739,20.168358908807992,124.42199444568216,155.17713183294802,0,0,0,0,122,0,0,658.4076101931894,546.062795637422,323.2244367816835,338.26909144533755,330.64120454273774,362.12655586370676,533.9856157475074,394.3737631976719,206.21129964558475,218.91543764794113,212.39552994091918,237.6338381276481,,,31.0,False,1,70.86141143461126,5021.302404239921,4343426.467929309
31,2024,122,153,False,91542.33941158092,71752.91367454213,19789.425737038786,78.38221541612116,21.61778458387884,5002.330611504247,2091.5527615610017,41.8115659279076,162.2084076806458,204.54486602825546,0,0,0,0,122,0,0,750.3470443572206,625.4856943131044,375.60170301619564,391.97324214126667,383.6484792583703,418.4169607412814,588.1386366765748,424.6934287327887,223.67889600581853,237.2041890439619,230.28106294469495,256.17213363073813,,,32.0,False,8,483.8716111678379,138085.8141556785,4772747.813765408
32,2024,122,153,False,125073.02914153037,98994.03514144305,26078.994000087325,79.14898665276844,20.851013347231568,6420.39459238338,1064.5622531448012,16.580947445312926,213.76224590235512,270.07080263371404,0,0,0,0,122,0,0,1025.188763455167,873.36858440961,519.0733205237265,543.4623160261533,531.0550668216813,582.4823000097219,811.4265175528119,608.4678457661516,315.84734852108295,335.92592661374147,325.68317312893697,364.45057189897204,,,33.0,False,2,120.87126335196169,100426.0452376852,5272367.387711016
33,2024,122,153,False,185717.9032833542,145044.0077771076,40673.89550624657,78.09909826292326,21.900901737076715,40813.551769587604,9585.865771260469,23.486967822299206,333.39258611677513,413.3773706278357,0,0,0,0,122,0,0,1522.2778957651979,1281.089925825409,729.8751198197563,768.2134868635787,748.7142626640509,829.3988814064737,1188.8853096484227,874.120855524035,408.2622859808168,437.66970004684794,422.4046962136659,482.74462703431533,,,34.0,False,21,1342.5152812697781,723067.5289204444,7793061.13254783
34,2024,122,153,False,228214.32401531597,176432.43958156812,51781.88443374785,77.30997620014743,22.69002379985257,2725.5539714034803,637.1718753144423,23.37770163422377,424.4416756864578,525.2029661962747,0,0,0,0,122,0,0,1870.6092132402946,1581.0901318142073,877.5725661478616,925.9058026741535,901.3545993540159,1003.2403416270005,1446.167537553837,1063.6424046876396,465.4958182983247,502.83742831602916,483.5721067361575,560.634397784852,,,35.0,False,5,292.3322152595349,42681.06853455562,9585666.045939649
35,2024,122,153,False,356606.1396040543,295798.4841963721,60807.65540768218,82.948230931975,17.051769068025,3445.860796416784,299.2377878866955,8.683977837928369,498.42340498100145,618.9463558370885,0,0,0,0,122,0,0,2923.0011442955265,2575.0989895761923,1537.1593347329904,1610.1119239131954,1572.966381682439,1725.8486879942384,2424.577739314525,1966.0304509640673,1048.6488022694516,1109.6092913086,1078.3864783552451,1204.2165609042925,,,36.0,False,2,120.87126335289301,17574.557946998793,10926353.75043671
36,2024,122,153,False,401019.3477307737,334113.10927751847,66906.23845325517,83.31595748887082,16.684042511129164,21084.45063781035,3084.1051655222095,14.627391619070888,548.4117906004522,679.8163519899467,0,0,0,0,122,0,0,3287.0438338588,2907.359600342873,1736.5084588229506,1819.7837305699313,1777.4007963647741,1951.20446466998,2738.632043258348,2238.5440280268494,1192.901914704857,1264.5045691897612,1227.8891081814916,1374.5921193348597,,,37.0,False,9,554.3464648439374,246043.8139298122,11576612.397728955
37,2024,122,153,False,533221.3043489152,448463.8995827451,84757.40476617006,84.10464771851862,15.89535228148138,59057.4382767849,8966.362992940987,15.182444844488975,694.7328259522136,859.2045876585917,0,0,0,0,122,0,0,4370.666429089469,3913.796749754073,2314.436248690788,2428.796699951074,2370.647301022544,2609.284694868677,3675.9336031372554,3068.479675294263,1623.9187712358607,1725.3057863033705,1673.5909391739262,1879.0455581424658,,,38.0,False,14,868.1100762587881,718046.2255687247,13645388.934065633
38,2024,122,153,False,623905.7101192613,520748.25279101566,103157.4573282456,83.46585779628033,16.534142203719657,49779.68466002021,8890.462654450506,17.85962027515764,845.5529289200459,1039.9349445847402,0,0,0,0,122,0,0,5113.981230485749,4618.8991604018665,2791.9232093405067,2923.5493979119155,2856.648720391649,3130.620546343632,4268.428301565703,3595.584650255357,1955.3538112329106,2071.014619935914,2012.0608254870192,2245.5197126773724,,,39.0,False,14,826.7935149833677,389150.92921974434,14456329.252980487
39,2024,122,153,False,648980.1688193751,534620.1159654367,114360.05285393857,82.37849808847284,17.62150191152719,4150.035816546987,1912.4819931775062,46.083505726675284,937.3774824093325,1152.3994857583316,0,0,0,0,122,0,0,5319.509580486681,4812.940911902321,2927.0639274978585,3063.092728247855,2993.9620779972856,3276.7766734863026,4382.13209807735,3679.032787303078,1998.9401892041997,2117.3861872930956,2057.044337714967,2295.1754876758882,,,,True,3,100.40626159310341,42681.0689361062,14895693.200490125
