date,ET,P,Deficit,Recharge
2000-03-05,1.1632985942801741,1.747705864094359,0.0,0.5844072698141849
2000-03-06,1.1632985942801741,0.0,1.1632985942801741,0.0
2000-03-07,1.1632985942801741,14.912148670515403,0.0,12.585551481955054
2000-03-08,1.1632985942801741,41.808396377799674,0.0,40.6450977835195
2000-03-09,1.1632985942801741,2.2195294456954335,0.0,1.0562308514152594
2000-03-10,1.1632985942801741,5.713501674841062,0.0,4.5502030805608875
2000-03-11,1.1632985942801741,0.0,1.1632985942801741,0.0
2000-03-12,1.1632985942801741,0.0,2.3265971885603483,0.0
2000-03-13,2.046722733882694,0.0,4.373319922443042,0.0
2000-03-14,2.046722733882694,0.0,6.4200426563257365,0.0
2000-03-15,2.046722733882694,0.0,8.46676539020843,0.0
2000-03-16,2.046722733882694,0.0,10.513488124091124,0.0
2000-03-17,2.046722733882694,0.0,12.560210857973818,0.0
2000-03-18,2.046722733882694,0.0,14.606933591856512,0.0
2000-03-19,2.046722733882694,0.0,16.653656325739206,0.0
2000-03-20,2.046722733882694,0.0,18.700379059621902,0.0
2000-03-21,1.7049272903538537,0.0,20.405306349975756,0.0
2000-03-22,1.7049272903538537,0.0,22.11023364032961,0.0
2000-03-23,1.7049272903538537,0.0,23.815160930683465,0.0
2000-03-24,1.7049272903538537,0.0,25.52008822103732,0.0
2000-03-25,1.7049272903538537,0.0,27.225015511391174,0.0
2000-03-26,1.7049272903538537,0.0,28.929942801745028,0.0
2000-03-27,1.7049272903538537,0.0,30.634870092098883,0.0
2000-03-28,1.7049272903538537,0.0,32.33979738245274,0.0
2000-03-29,2.662868153174987,0.0,35.00266553562773,0.0
2000-03-30,2.662868153174987,0.0,37.66553368880271,0.0
2000-03-31,2.662868153174987,0.0,40.328401841977694,0.0
2000-04-01,2.662868153174987,0.0,42.99126999515268,0.0
2000-04-02,2.662868153174987,0.0,45.65413814832766,0.0
2000-04-03,2.662868153174987,0.0,48.317006301502644,0.0
2000-04-04,2.662868153174987,0.0,50.97987445467763,0.0
2000-04-05,2.662868153174987,0.0,53.64274260785261,0.0
2000-04-06,2.1308211342704793,0.0,55.77356374212309,0.0
2000-04-07,2.1308211342704793,0.0,57.904384876393564,0.0
2000-04-08,2.1308211342704793,0.0,60.03520601066404,0.0
2000-04-09,2.1308211342704793,0.0,62.16602714493452,0.0
2000-04-10,2.1308211342704793,0.0,64.296848279205,0.0
2000-04-11,2.1308211342704793,0.6656006250772681,65.7620687883982,0.0
2000-04-12,2.1308211342704793,16.01936831046184,51.87352161220683,0.0
2000-04-13,2.1308211342704793,4.965628347898783,49.03871439857852,0.0
2000-04-14,1.80462433349491,1.3436037259574276,49.499735006116,0.0
2000-04-15,1.80462433349491,1.4285789425528084,49.875780397058094,0.0
2000-04-16,1.80462433349491,60.682087109922996,0.0,9.001682379369996
2000-04-17,1.80462433349491,1.0026996849629533,0.8019246485319567,0.0
2000-04-18,1.80462433349491,0.0,2.6065489820268666,0.0
2000-04-19,1.80462433349491,0.0,4.4111733155217765,0.0
2000-04-20,1.80462433349491,0.0,6.215797649016686,0.0
2000-04-21,1.80462433349491,0.2335046415023315,7.786917341009265,0.0
2000-04-22,2.095196800775569,0.0,9.882114141784834,0.0
2000-04-23,2.095196800775569,0.0,11.977310942560404,0.0
2000-04-24,2.095196800775569,0.0,14.072507743335972,0.0
2000-04-25,2.095196800775569,0.0,16.16770454411154,0.0
2000-04-26,2.095196800775569,0.0,18.26290134488711,0.0
2000-04-27,2.095196800775569,0.0,20.358098145662677,0.0
2000-04-28,2.095196800775569,0.0,22.453294946438245,0.0
2000-04-29,2.095196800775569,0.0,24.548491747213813,0.0
2000-04-30,2.090506543868153,0.0,26.638998291081965,0.0
2000-05-01,2.090506543868153,0.0,28.729504834950117,0.0
2000-05-02,2.090506543868153,0.5332693516683329,30.286742027149934,0.0
2000-05-03,2.090506543868153,0.0,32.377248571018086,0.0
2000-05-04,2.090506543868153,0.0,34.46775511488624,0.0
2000-05-05,2.090506543868153,0.0,36.55826165875439,0.0
2000-05-06,2.090506543868153,15.933866928974538,22.714901273648003,0.0
2000-05-07,2.090506543868153,16.101739998572377,8.703667818943778,0.0
2000-05-08,1.9123882695104208,0.0,10.616056088454199,0.0
2000-05-09,1.9123882695104208,0.0,12.52844435796462,0.0
2000-05-10,1.9123882695104208,0.0,14.440832627475041,0.0
2000-05-11,1.9123882695104208,0.0,16.353220896985462,0.0
2000-05-12,1.9123882695104208,0.0,18.26560916649588,0.0
2000-05-13,1.9123882695104208,0.0,20.1779974360063,0.0
2000-05-14,1.9123882695104208,22.472653267922418,0.0,0.3822675624056977
2000-05-15,1.9123882695104208,2.4210990134269084,0.0,0.5087107439164875
2000-05-16,3.110656810470189,0.0,3.110656810470189,0.0
2000-05-17,3.110656810470189,0.0,6.221313620940378,0.0
2000-05-18,3.110656810470189,0.0,9.331970431410566,0.0
2000-05-19,3.110656810470189,0.0,12.442627241880755,0.0
2000-05-20,3.110656810470189,0.0,15.553284052350945,0.0
2000-05-21,3.110656810470189,0.0,18.663940862821132,0.0
2000-05-22,3.110656810470189,0.0,21.77459767329132,0.0
2000-05-23,3.110656810470189,0.0,24.88525448376151,0.0
2000-05-24,3.150999515269025,0.0,28.036253999030535,0.0
2000-05-25,3.150999515269025,0.0,31.18725351429956,0.0
2000-05-26,3.150999515269025,0.0,34.338253029568584,0.0
2000-05-27,3.150999515269025,0.0,37.48925254483761,0.0
2000-05-28,3.150999515269025,0.0,40.64025206010664,0.0
2000-05-29,3.150999515269025,0.0,43.79125157537567,0.0
2000-05-30,3.150999515269025,0.0,46.942251090644696,0.0
2000-05-31,3.150999515269025,0.0,50.093250605913724,0.0
2000-06-01,2.7728589432864754,0.0,52.866109549200196,0.0
2000-06-02,2.7728589432864754,0.0,55.63896849248667,0.0
2000-06-03,2.7728589432864754,0.0,58.41182743577314,0.0
2000-06-04,2.7728589432864754,0.0,61.18468637905961,0.0
2000-06-05,2.7728589432864754,0.0,63.957545322346085,0.0
2000-06-06,2.7728589432864754,0.0,66.73040426563256,0.0
2000-06-07,2.7728589432864754,10.279417858773341,59.223845350145695,0.0
2000-06-08,2.7728589432864754,0.0,61.99670429343217,0.0
2000-06-09,2.922913717886573,0.0,64.91961801131875,0.0
2000-06-10,2.922913717886573,0.0,67.84253172920532,0.0
2000-06-11,2.922913717886573,0.0,70.76544544709189,0.0
2000-06-12,2.922913717886573,0.0,73.68835916497846,0.0
2000-06-13,2.922913717886573,0.0,76.61127288286504,0.0
2000-06-14,2.922913717886573,0.0,79.53418660075161,0.0
2000-06-15,2.922913717886573,0.0,82.45710031863818,0.0
2000-06-16,2.922913717886573,0.0,85.38001403652476,0.0
2000-06-17,2.43100339311682,0.29749845846119294,87.51351897118039,0.0
2000-06-18,2.43100339311682,0.0,89.94452236429721,0.0
2000-06-19,2.43100339311682,0.0,92.37552575741404,0.0
2000-06-20,2.43100339311682,0.0,94.80652915053086,0.0
2000-06-21,2.43100339311682,0.0,97.23753254364769,0.0
2000-06-22,2.43100339311682,0.0,99.66853593676451,0.0
2000-06-23,2.43100339311682,0.0,102.09953932988134,0.0
2000-06-24,2.43100339311682,0.0,104.53054272299816,0.0
2000-06-25,2.281155113911779,0.0,106.81169783690994,0.0
2000-06-26,2.281155113911779,0.0,109.09285295082172,0.0
2000-06-27,2.281155113911779,0.0,111.3740080647335,0.0
2000-06-28,2.281155113911779,0.0,113.65516317864528,0.0
2000-06-29,2.281155113911779,0.0,115.93631829255706,0.0
2000-06-30,2.281155113911779,0.0,118.21747340646884,0.0
2000-07-01,2.281155113911779,0.0,120.49862852038062,0.0
2000-07-02,2.281155113911779,0.0,122.7797836342924,0.0
2000-07-03,1.7481192438196802,0.0,124.52790287811209,0.0
2000-07-04,1.7481192438196802,0.0,126.27602212193177,0.0
2000-07-05,1.7481192438196802,0.0,128.02414136575146,0.0
2000-07-06,1.7481192438196802,0.0,129.77226060957113,0.0
2000-07-07,1.7481192438196802,0.0,131.5203798533908,0.0
2000-07-08,1.7481192438196802,0.0,133.26849909721048,0.0
2000-07-09,1.7481192438196802,0.0,135.01661834103015,0.0
2000-07-10,1.7481192438196802,0.0,136.76473758484983,0.0
2000-07-11,1.8600712554532233,0.0,138.62480884030305,0.0
2000-07-12,1.8600712554532233,0.0,140.48488009575627,0.0
2000-07-13,1.8600712554532233,0.0,142.3449513512095,0.0
2000-07-14,1.8600712554532233,0.0,144.2050226066627,0.0
2000-07-15,1.8600712554532233,0.0,146.06509386211593,0.0
2000-07-16,1.8600712554532233,0.0,147.92516511756915,0.0
2000-07-17,1.8600712554532233,0.0,149.78523637302237,0.0
2000-07-18,1.8600712554532233,0.0,151.6453076284756,0.0
2000-07-19,2.3511226369364993,0.0,153.9964302654121,0.0
2000-07-20,2.3511226369364993,0.0,156.3475529023486,0.0
2000-07-21,2.3511226369364993,0.0,158.69867553928512,0.0
2000-07-22,2.3511226369364993,0.0,161.04979817622163,0.0
2000-07-23,2.3511226369364993,0.0,163.40092081315814,0.0
2000-07-24,2.3511226369364993,0.0,165.75204345009465,0.0
2000-07-25,2.3511226369364993,0.0,168.10316608703116,0.0
2000-07-26,2.3511226369364993,0.0,170.45428872396766,0.0
2000-07-27,2.329556471158507,0.0,172.78384519512616,0.0
2000-07-28,2.329556471158507,0.0,175.11340166628466,0.0
2000-07-29,2.329556471158507,0.0,177.44295813744316,0.0
2000-07-30,2.329556471158507,0.0,179.77251460860165,0.0
2000-07-31,2.329556471158507,0.0,182.10207107976015,0.0
2000-08-01,2.329556471158507,0.0,184.43162755091865,0.0
2000-08-02,2.329556471158507,0.0,186.76118402207715,0.0
2000-08-03,2.329556471158507,0.0014551083093088106,189.08928538492634,0.0
2000-08-04,1.9069452253999037,0.0,190.99623061032625,0.0
2000-08-05,1.9069452253999037,0.0,192.90317583572616,0.0
2000-08-06,1.9069452253999037,0.0,194.81012106112607,0.0
2000-08-07,1.9069452253999037,0.0,196.71706628652598,0.0
2000-08-08,1.9069452253999037,0.0,198.6240115119259,0.0
2000-08-09,1.9069452253999037,0.0,200.5309567373258,0.0
2000-08-10,1.9069452253999037,0.0,202.4379019627257,0.0
2000-08-11,1.9069452253999037,0.0,204.3448471881256,0.0
2000-08-12,2.3288453708191943,0.0,206.6736925589448,0.0
2000-08-13,2.3288453708191943,0.0,209.00253792976397,0.0
2000-08-14,2.3288453708191943,0.0,211.33138330058316,0.0
2000-08-15,2.3288453708191943,0.0,213.66022867140234,0.0
2000-08-16,2.3288453708191943,0.0,215.98907404222152,0.0
2000-08-17,2.3288453708191943,0.0,218.3179194130407,0.0
2000-08-18,2.3288453708191943,0.0,220.64676478385988,0.0
2000-08-19,2.3288453708191943,0.0,222.97561015467906,0.0
2000-08-20,1.9204978187106154,0.0,224.8961079733897,0.0
2000-08-21,1.9204978187106154,0.0,226.81660579210032,0.0
2000-08-22,1.9204978187106154,0.0,228.73710361081095,0.0
2000-08-23,1.9204978187106154,0.0,230.65760142952158,0.0
2000-08-24,1.9204978187106154,0.0,232.5780992482322,0.0
2000-08-25,1.9204978187106154,0.0,234.49859706694284,0.0
2000-08-26,1.9204978187106154,0.0,236.41909488565346,0.0
2000-08-27,1.9204978187106154,0.0,238.3395927043641,0.0
2000-08-28,1.3983305865244773,0.0,239.73792329088857,0.0
2000-08-29,1.3983305865244773,0.15839938132017387,240.97785449609287,0.0
2000-08-30,1.3983305865244773,0.0,242.37618508261735,0.0
2000-08-31,1.3983305865244773,0.0,243.77451566914183,0.0
2000-09-01,1.3983305865244773,7.9577524019837735,237.21509385368253,0.0
2000-09-02,1.3983305865244773,0.0,238.613424440207,0.0
2000-09-03,1.3983305865244773,0.0,240.0117550267315,0.0
2000-09-04,1.3983305865244773,0.0,241.41008561325597,0.0
2000-09-05,2.1657406689287444,0.0,243.57582628218472,0.0
2000-09-06,2.1657406689287444,0.0,245.74156695111347,0.0
2000-09-07,2.1657406689287444,0.0,247.90730762004222,0.0
2000-09-08,2.1657406689287444,0.0,250.07304828897097,0.0
2000-09-09,2.1657406689287444,0.0,252.23878895789971,0.0
2000-09-10,2.1657406689287444,0.0,254.40452962682846,0.0
2000-09-11,2.1657406689287444,0.0,256.5702702957572,0.0
2000-09-12,2.1657406689287444,0.0,258.73601096468593,0.0
2000-09-13,2.26365584100824,0.0,260.9996668056942,0.0
2000-09-14,2.26365584100824,0.0,263.2633226467024,0.0
2000-09-15,2.26365584100824,0.0,265.52697848771066,0.0
2000-09-16,2.26365584100824,0.0,267.7906343287189,0.0
2000-09-17,2.26365584100824,0.0,270.05429016972715,0.0
2000-09-18,2.26365584100824,0.0,272.3179460107354,0.0
2000-09-19,2.26365584100824,0.0,274.58160185174364,0.0
2000-09-20,2.26365584100824,0.9799535545771335,275.86530413817474,0.0
2000-09-21,1.6620213281628682,2.393848340946823,275.1334771253908,0.0
2000-09-22,1.6620213281628682,0.0,276.7954984535537,0.0
2000-09-23,1.6620213281628682,0.0,278.4575197817166,0.0
2000-09-24,1.6620213281628682,0.0,280.1195411098795,0.0
2000-09-25,1.6620213281628682,0.0,281.7815624380424,0.0
2000-09-26,1.6620213281628682,0.0,283.4435837662053,0.0
2000-09-27,1.6620213281628682,0.0,285.1056050943682,0.0
2000-09-28,1.6620213281628682,0.0,286.76762642253107,0.0
2000-09-29,1.6205651963160441,0.0,288.3881916188471,0.0
2000-09-30,1.6205651963160441,0.0,290.0087568151631,0.0
2000-10-01,1.6205651963160441,0.0,291.62932201147913,0.0
2000-10-02,1.6205651963160441,0.0,293.24988720779515,0.0
2000-10-03,1.6205651963160441,0.0,294.8704524041112,0.0
2000-10-04,1.6205651963160441,0.0,296.4910176004272,0.0
2000-10-05,1.6205651963160441,0.0,298.1115827967432,0.0
2000-10-06,1.6205651963160441,0.0,299.73214799305924,0.0
2000-10-07,1.1123989335918563,0.0,300.8445469266511,0.0
2000-10-08,1.1123989335918563,0.6048823460336809,301.3520635142093,0.0
2000-10-09,1.1123989335918563,5.135591159295002,297.32887128850615,0.0
2000-10-10,1.1123989335918563,1.9040928953572323,296.5371773267408,0.0
2000-10-11,1.1123989335918563,0.0,297.64957626033265,0.0
2000-10-12,1.1123989335918563,0.0,298.7619751939245,0.0
2000-10-13,1.1123989335918563,0.0,299.8743741275164,0.0
2000-10-14,1.1123989335918563,0.0,300.98677306110824,0.0
2000-10-15,1.3473601551139118,0.0,302.33413321622214,0.0
2000-10-16,1.3473601551139118,0.0,303.68149337133605,0.0
2000-10-17,1.3473601551139118,0.0,305.02885352644995,0.0
2000-10-18,1.3473601551139118,0.0,306.37621368156385,0.0
2000-10-19,1.3473601551139118,0.0,307.72357383667776,0.0
2000-10-20,1.3473601551139118,0.0,309.07093399179166,0.0
2000-10-21,1.3473601551139118,0.0,310.41829414690557,0.0
2000-10-22,1.3473601551139118,0.0,311.76565430201947,0.0
2000-10-23,1.3807450315075132,0.0,313.146399333527,0.0
2000-10-24,1.3807450315075132,8.54038999102802,305.98675437400647,0.0
2000-10-25,1.3807450315075132,17.603374800076796,289.7641246054372,0.0
2000-10-26,1.3807450315075132,6.987807973619584,284.1570616633251,0.0
2000-10-27,1.3807450315075132,8.553247674699906,276.98455902013274,0.0
2000-10-28,1.3807450315075132,34.09239115877416,244.2729128928661,0.0
2000-10-29,1.3807450315075132,10.096526069168704,235.5571318552049,0.0
2000-10-30,1.3807450315075132,3.0847956285388105,233.85308125817357,0.0
2000-10-31,1.163857489093553,0.0,235.01693874726712,0.0
2000-11-01,1.163857489093553,0.0,236.18079623636066,0.0
2000-11-02,1.163857489093553,0.0,237.3446537254542,0.0
2000-11-03,1.163857489093553,0.0,238.50851121454775,0.0
2000-11-04,1.163857489093553,0.0,239.6723687036413,0.0
2000-11-05,1.163857489093553,0.0,240.83622619273484,0.0
2000-11-06,1.163857489093553,0.0,242.0000836818284,0.0
2000-11-07,1.163857489093553,0.0,243.16394117092193,0.0
2000-11-08,0.7453785748909352,0.0,243.90931974581287,0.0
2000-11-09,0.7453785748909352,0.0,244.6546983207038,0.0
2000-11-10,0.7453785748909352,0.0,245.40007689559474,0.0
2000-11-11,0.7453785748909352,0.0,246.14545547048567,0.0
2000-11-12,0.7453785748909352,0.0,246.8908340453766,0.0
2000-11-13,0.7453785748909352,9.751024485372538,237.885188134895,0.0
2000-11-14,0.7453785748909352,0.0,238.63056670978594,0.0
2000-11-15,0.7453785748909352,3.1983714576107056,236.17757382706617,0.0
2000-11-16,0.7725288414929714,0.0,236.95010266855914,0.0
2000-11-17,0.7725288414929714,0.0,237.7226315100521,0.0
2000-11-18,0.7725288414929714,0.0,238.49516035154508,0.0
2000-11-19,0.7725288414929714,0.0,239.26768919303805,0.0
2000-11-20,0.7725288414929714,0.0,240.04021803453102,0.0
2000-11-21,0.7725288414929714,9.189609778554814,231.62313709746917,0.0
2000-11-22,0.7725288414929714,0.0,232.39566593896214,0.0
2000-11-23,0.7725288414929714,1.2227368670351362,231.94545791341997,0.0
2000-11-24,0.7629903053805139,0.0,232.7084482188005,0.0
2000-11-25,0.7629903053805139,0.0,233.47143852418102,0.0
2000-11-26,0.7629903053805139,0.0,234.23442882956155,0.0
2000-11-27,0.7629903053805139,0.0,234.99741913494208,0.0
2000-11-28,0.7629903053805139,16.776847922026924,218.9835615182957,0.0
2000-11-29,0.7629903053805139,2.1345170115815595,217.61203481209466,0.0
2000-11-30,0.7629903053805139,0.0,218.3750251174752,0.0
2000-12-01,0.7629903053805139,0.0,219.13801542285572,0.0
2000-12-02,0.5809190499272899,0.0,219.71893447278302,0.0
2000-12-03,0.5809190499272899,0.0,220.29985352271032,0.0
2000-12-04,0.5809190499272899,0.0,220.88077257263762,0.0
2000-12-05,0.5809190499272899,0.0,221.46169162256493,0.0
2000-12-06,0.5809190499272899,0.0,222.04261067249223,0.0
2000-12-07,0.5809190499272899,0.44167493485006565,222.18185478756948,0.0
2000-12-08,0.5809190499272899,0.0,222.76277383749678,0.0
2000-12-09,0.5809190499272899,0.8324303385273959,222.5112625488967,0.0
2000-12-10,0.6147062530295684,0.0,223.12596880192626,0.0
2000-12-11,0.6147062530295684,12.410173241937123,211.3305018130187,0.0
2000-12-12,0.6147062530295684,2.9271176348529733,209.0180904311953,0.0
2000-12-13,0.6147062530295684,12.14205588644872,197.49074079777614,0.0
2000-12-14,0.6147062530295684,6.6852507089313695,191.42019634187434,0.0
2000-12-15,0.6147062530295684,0.0,192.0349025949039,0.0
2000-12-16,0.6147062530295684,0.0,192.64960884793348,0.0
2000-12-17,0.6147062530295684,0.0,193.26431510096305,0.0
2000-12-18,0.5678691226369362,0.0,193.8321842236,0.0
2000-12-19,0.5678691226369362,0.0,194.40005334623694,0.0
2000-12-20,0.5678691226369362,0.0,194.9679224688739,0.0
2000-12-21,0.5678691226369362,3.8840557030479967,191.65173588846284,0.0
2000-12-22,0.5678691226369362,0.0,192.2196050110998,0.0
2000-12-23,0.5678691226369362,0.04176780074004418,192.7457063329967,0.0
2000-12-24,0.5678691226369362,0.0,193.31357545563364,0.0
2000-12-25,0.5678691226369362,0.0,193.8814445782706,0.0
2000-12-26,0.5829447406689288,0.0,194.4643893189395,0.0
2000-12-27,0.5829447406689288,0.0,195.04733405960843,0.0
2000-12-28,0.5829447406689288,0.0,195.63027880027735,0.0
2000-12-29,0.5829447406689288,0.0,196.21322354094627,0.0
2000-12-30,0.5829447406689288,0.0,196.7961682816152,0.0
2000-12-31,0.5829447406689288,0.0,197.37911302228412,0.0
2001-01-01,0.8779457101308766,0.0,198.257058732415,0.0
2001-01-02,0.8779457101308766,0.0,199.1350044425459,0.0
2001-01-03,0.8779457101308766,0.0,200.01295015267678,0.0
2001-01-04,0.8779457101308766,0.0,200.89089586280767,0.0
2001-01-05,0.8779457101308766,0.0,201.76884157293856,0.0
2001-01-06,0.8779457101308766,0.0,202.64678728306944,0.0
2001-01-07,0.8779457101308766,21.20260062084847,182.32213237235186,0.0
2001-01-08,0.8779457101308766,1.2829504447524946,181.91712763773026,0.0
2001-01-09,0.7251837130392632,15.662018557451086,166.98029279331843,0.0
2001-01-10,0.7251837130392632,32.59492601329696,135.1105504930607,0.0
2001-01-11,0.7251837130392632,17.09407739373552,118.74165681236445,0.0
2001-01-12,0.7251837130392632,0.0,119.46684052540371,0.0
2001-01-13,0.7251837130392632,1.0954922720005638,119.0965319664424,0.0
2001-01-14,0.7251837130392632,0.0,119.82171567948166,0.0
2001-01-15,0.7251837130392632,0.0,120.54689939252091,0.0
2001-01-16,0.7251837130392632,0.0,121.27208310556017,0.0
2001-01-17,0.8071017935046049,0.0,122.07918489906477,0.0
2001-01-18,0.8071017935046049,0.0,122.88628669256937,0.0
2001-01-19,0.8071017935046049,0.0,123.69338848607397,0.0
2001-01-20,0.8071017935046049,0.0,124.50049027957857,0.0
2001-01-21,0.8071017935046049,0.0,125.30759207308317,0.0
2001-01-22,0.8071017935046049,2.018879212462127,124.09581465412565,0.0
2001-01-23,0.8071017935046049,31.608188652770803,93.29472779485944,0.0
2001-01-24,0.8071017935046049,2.203306542092432,91.8985230462716,0.0
2001-01-25,0.918358700920989,41.55043660450277,51.266445142689825,0.0
2001-01-26,0.918358700920989,8.532077292724288,43.65272655088653,0.0
2001-01-27,0.918358700920989,0.0,44.57108525180752,0.0
2001-01-28,0.918358700920989,7.492455185751426,37.99698876697708,0.0
2001-01-29,0.918358700920989,0.0,38.91534746789807,0.0
2001-01-30,0.918358700920989,0.0,39.83370616881906,0.0
2001-01-31,0.918358700920989,0.0,40.75206486974005,0.0
2001-02-01,0.918358700920989,0.0,41.67042357066104,0.0
2001-02-02,1.15453320407174,0.0,42.82495677473278,0.0
2001-02-03,1.15453320407174,0.0,43.97948997880452,0.0
2001-02-04,1.15453320407174,0.0,45.13402318287626,0.0
2001-02-05,1.15453320407174,0.0,46.288556386948,0.0
2001-02-06,1.15453320407174,0.0,47.44308959101974,0.0
2001-02-07,1.15453320407174,0.0,48.59762279509148,0.0
2001-02-08,1.15453320407174,12.13010236722397,37.62205363193925,0.0
2001-02-09,1.15453320407174,21.824470484588904,16.952116351422088,0.0
2001-02-10,0.9424590402326705,16.24101246399776,1.6535629276569992,0.0
2001-02-11,0.9424590402326705,13.66203407606473,0.0,11.06601210817506
2001-02-12,0.9424590402326705,5.977937891756418,0.0,5.035478851523747
2001-02-13,0.9424590402326705,0.0,0.9424590402326705,0.0
2001-02-14,0.9424590402326705,0.0,1.884918080465341,0.0
2001-02-15,0.9424590402326705,0.0,2.8273771206980114,0.0
2001-02-16,0.9424590402326705,4.6630186015976465,0.0,0.8931824406669646
2001-02-17,0.9424590402326705,27.689736829822646,0.0,26.747277789589976
2001-02-18,1.241863790596219,12.833542056127968,0.0,11.591678265531748
2001-02-19,1.241863790596219,22.420418122235464,0.0,21.178554331639244
2001-02-20,1.241863790596219,28.33269605843275,0.0,27.09083226783653
2001-02-21,1.241863790596219,20.93332216835612,0.0,19.6914583777599
2001-02-22,1.241863790596219,30.61494706806383,0.0,29.37308327746761
2001-02-23,1.241863790596219,14.235216660396231,0.0,12.993352869800013
2001-02-24,1.241863790596219,22.738627974093884,0.0,21.496764183497664
2001-02-25,1.241863790596219,2.9534210136431285,0.0,1.7115572230469094
2001-02-26,1.3494464372273385,0.0,1.3494464372273385,0.0
2001-02-27,1.3494464372273385,0.0,2.698892874454677,0.0
2001-02-28,1.3494464372273385,0.0,4.048339311682016,0.0
2001-03-01,1.3494464372273385,4.932619183425194,0.4651665654841599,0.0
2001-03-02,1.3494464372273385,1.4914953494588654,0.323117653252633,0.0
2001-03-03,1.3494464372273385,20.33826890597033,0.0,18.665704815490358
2001-03-04,1.3494464372273385,33.62648776736421,0.0,32.277041330136875
2001-03-05,1.3494464372273385,0.7236192021576611,0.6258272350696774,0.0
2001-03-06,1.5294735821618999,0.0,2.155300817231577,0.0
2001-03-07,1.5294735821618999,0.0,3.684774399393477,0.0
2001-03-08,1.5294735821618999,0.0,5.214247981555377,0.0
2001-03-09,1.5294735821618999,0.0,6.743721563717276,0.0
2001-03-10,1.5294735821618999,0.0,8.273195145879177,0.0
2001-03-11,1.5294735821618999,0.0,9.802668728041077,0.0
2001-03-12,1.5294735821618999,0.0,11.332142310202977,0.0
2001-03-13,1.5294735821618999,0.0,12.861615892364878,0.0
2001-03-14,1.7521236063984487,0.0,14.613739498763326,0.0
2001-03-15,1.7521236063984487,0.0,16.365863105161775,0.0
2001-03-16,1.7521236063984487,0.0,18.117986711560224,0.0
2001-03-17,1.7521236063984487,0.0,19.870110317958673,0.0
2001-03-18,1.7521236063984487,0.0,21.622233924357122,0.0
2001-03-19,1.7521236063984487,0.0,23.37435753075557,0.0
2001-03-20,1.7521236063984487,0.0,25.12648113715402,0.0
2001-03-21,1.7521236063984487,0.0,26.87860474355247,0.0
2001-03-22,1.8520159961221518,0.0,28.73062073967462,0.0
2001-03-23,1.8520159961221518,0.0,30.582636735796772,0.0
2001-03-24,1.8520159961221518,9.151928762902415,23.28272396901651,0.0
2001-03-25,1.8520159961221518,0.0,25.13473996513866,0.0
2001-03-26,1.8520159961221518,0.0,26.986755961260812,0.0
2001-03-27,1.8520159961221518,0.0,28.838771957382964,0.0
2001-03-28,1.8520159961221518,0.0,30.690787953505115,0.0
2001-03-29,1.8520159961221518,0.0,32.54280394962727,0.0
2001-03-30,2.066501211827436,0.0,34.60930516145471,0.0
2001-03-31,2.066501211827436,0.0,36.67580637328214,0.0
2001-04-01,2.066501211827436,0.0,38.74230758510958,0.0
2001-04-02,2.066501211827436,0.0,40.808808796937015,0.0
2001-04-03,2.066501211827436,0.0,42.87531000876445,0.0
2001-04-04,2.066501211827436,0.0,44.94181122059189,0.0
2001-04-05,2.066501211827436,6.623204527255551,40.38510790516377,0.0
2001-04-06,2.066501211827436,6.815603761111986,35.63600535587922,0.0
2001-04-07,1.5658856034900626,0.0001733746212379482,37.20171758474804,0.0
2001-04-08,1.5658856034900626,0.10400000149989642,38.6636031867382,0.0
2001-04-09,1.5658856034900626,0.0,40.22948879022826,0.0
2001-04-10,1.5658856034900626,0.0,41.79537439371832,0.0
2001-04-11,1.5658856034900626,0.0,43.36125999720838,0.0
2001-04-12,1.5658856034900626,0.0,44.92714560069844,0.0
2001-04-13,1.5658856034900626,0.0,46.4930312041885,0.0
2001-04-14,1.5658856034900626,0.0,48.05891680767856,0.0
2001-04-15,1.8520848279205036,0.0,49.911001635599064,0.0
2001-04-16,1.8520848279205036,4.34096905912039,47.42211740439918,0.0
2001-04-17,1.8520848279205036,0.0,49.27420223231969,0.0
2001-04-18,1.8520848279205036,0.6329535489480931,50.4933335112921,0.0
2001-04-19,1.8520848279205036,2.5841486736347794,49.76126966557783,0.0
2001-04-20,1.8520848279205036,11.571101917940025,40.04225257555831,0.0
2001-04-21,1.8520848279205036,0.0,41.894337403478815,0.0
2001-04-22,1.8520848279205036,0.0,43.74642223139932,0.0
2001-04-23,2.4134178380998548,0.0,46.159840069499175,0.0
2001-04-24,2.4134178380998548,0.0,48.57325790759903,0.0
2001-04-25,2.4134178380998548,0.0,50.98667574569888,0.0
2001-04-26,2.4134178380998548,0.0,53.400093583798736,0.0
2001-04-27,2.4134178380998548,0.0,55.81351142189859,0.0
2001-04-28,2.4134178380998548,0.0,58.22692925999844,0.0
2001-04-29,2.4134178380998548,0.0,60.640347098098296,0.0
2001-04-30,2.4134178380998548,0.0,63.05376493619815,0.0
2001-05-01,3.2894701890450815,0.0,66.34323512524323,0.0
2001-05-02,3.2894701890450815,0.0,69.6327053142883,0.0
2001-05-03,3.2894701890450815,0.0,72.92217550333338,0.0
2001-05-04,3.2894701890450815,0.0,76.21164569237845,0.0
2001-05-05,3.2894701890450815,0.0,79.50111588142353,0.0
2001-05-06,3.2894701890450815,0.0,82.7905860704686,0.0
2001-05-07,3.2894701890450815,0.0,86.08005625951368,0.0
2001-05-08,3.2894701890450815,0.0,89.36952644855876,0.0
2001-05-09,2.4653465826466308,0.0,91.83487303120539,0.0
2001-05-10,2.4653465826466308,0.0,94.30021961385202,0.0
2001-05-11,2.4653465826466308,0.0020588235497105596,96.76350737294894,0.0
2001-05-12,2.4653465826466308,0.0,99.22885395559557,0.0
2001-05-13,2.4653465826466308,0.0,101.6942005382422,0.0
2001-05-14,2.4653465826466308,0.0,104.15954712088883,0.0
2001-05-15,2.4653465826466308,0.0,106.62489370353546,0.0
2001-05-16,2.4653465826466308,0.0,109.0902402861821,0.0
2001-05-17,2.5847479398933593,0.0,111.67498822607546,0.0
2001-05-18,2.5847479398933593,0.0,114.25973616596882,0.0
2001-05-19,2.5847479398933593,0.0,116.84448410586218,0.0
2001-05-20,2.5847479398933593,0.0,119.42923204575554,0.0
2001-05-21,2.5847479398933593,0.0,122.0139799856489,0.0
2001-05-22,2.5847479398933593,0.0,124.59872792554226,0.0
2001-05-23,2.5847479398933593,0.0,127.18347586543562,0.0
2001-05-24,2.5847479398933593,0.0,129.76822380532897,0.0
2001-05-25,2.4299190499272894,0.0,132.19814285525626,0.0
2001-05-26,2.4299190499272894,0.0,134.62806190518356,0.0
2001-05-27,2.4299190499272894,0.0,137.05798095511085,0.0
2001-05-28,2.4299190499272894,0.0,139.48790000503814,0.0
2001-05-29,2.4299190499272894,0.0,141.91781905496543,0.0
2001-05-30,2.4299190499272894,0.0,144.34773810489273,0.0
2001-05-31,2.4299190499272894,0.0,146.77765715482002,0.0
2001-06-01,2.4299190499272894,0.0,149.2075762047473,0.0
2001-06-02,2.313864275327193,0.0,151.52144048007452,0.0
2001-06-03,2.313864275327193,0.0,153.83530475540172,0.0
2001-06-04,2.313864275327193,0.0,156.14916903072893,0.0
2001-06-05,2.313864275327193,0.0,158.46303330605613,0.0
2001-06-06,2.313864275327193,0.0,160.77689758138334,0.0
2001-06-07,2.313864275327193,0.0,163.09076185671054,0.0
2001-06-08,2.313864275327193,0.0,165.40462613203775,0.0
2001-06-09,2.313864275327193,0.0,167.71849040736495,0.0
2001-06-10,2.514564711585069,0.0,170.23305511895003,0.0
2001-06-11,2.514564711585069,0.0,172.74761983053511,0.0
2001-06-12,2.514564711585069,0.0,175.2621845421202,0.0
2001-06-13,2.514564711585069,0.0,177.77674925370528,0.0
2001-06-14,2.514564711585069,0.0,180.29131396529036,0.0
2001-06-15,2.514564711585069,0.0,182.80587867687544,0.0
2001-06-16,2.514564711585069,0.0,185.32044338846052,0.0
2001-06-17,2.514564711585069,0.0,187.8350081000456,0.0
2001-06-18,2.6793417353368865,0.0,190.5143498353825,0.0
2001-06-19,2.6793417353368865,0.0,193.19369157071938,0.0
2001-06-20,2.6793417353368865,0.0,195.87303330605627,0.0
2001-06-21,2.6793417353368865,0.0,198.55237504139316,0.0
2001-06-22,2.6793417353368865,0.0,201.23171677673005,0.0
2001-06-23,2.6793417353368865,0.0,203.91105851206694,0.0
2001-06-24,2.6793417353368865,0.0,206.59040024740384,0.0
2001-06-25,2.6793417353368865,0.0,209.26974198274073,0.0
2001-06-26,2.738371303926321,8.288640708746186,203.71947257792087,0.0
2001-06-27,2.738371303926321,11.958646960302769,194.49919692154444,0.0
2001-06-28,2.738371303926321,0.0,197.23756822547077,0.0
2001-06-29,2.738371303926321,0.0,199.9759395293971,0.0
2001-06-30,2.738371303926321,0.0,202.71431083332342,0.0
2001-07-01,2.738371303926321,0.0,205.45268213724975,0.0
2001-07-02,2.738371303926321,0.0,208.19105344117608,0.0
2001-07-03,2.738371303926321,0.0,210.9294247451024,0.0
2001-07-04,2.6650664081434794,0.0,213.59449115324588,0.0
2001-07-05,2.6650664081434794,0.0,216.25955756138936,0.0
2001-07-06,2.6650664081434794,0.0,218.92462396953283,0.0
2001-07-07,2.6650664081434794,0.0,221.5896903776763,0.0
2001-07-08,2.6650664081434794,0.0,224.25475678581978,0.0
2001-07-09,2.6650664081434794,0.0,226.91982319396325,0.0
2001-07-10,2.6650664081434794,0.0,229.58488960210673,0.0
2001-07-11,2.6650664081434794,0.0,232.2499560102502,0.0
2001-07-12,2.430619970916141,0.0,234.68057598116636,0.0
2001-07-13,2.430619970916141,0.0,237.1111959520825,0.0
2001-07-14,2.430619970916141,0.0,239.54181592299867,0.0
2001-07-15,2.430619970916141,0.0,241.97243589391482,0.0
2001-07-16,2.430619970916141,0.0,244.40305586483097,0.0
2001-07-17,2.430619970916141,0.0,246.83367583574713,0.0
2001-07-18,2.430619970916141,0.0,249.26429580666328,0.0
2001-07-19,2.430619970916141,0.0,251.69491577757944,0.0
2001-07-20,2.2727857489093544,0.0,253.96770152648878,0.0
2001-07-21,2.2727857489093544,0.0,256.24048727539815,0.0
2001-07-22,2.2727857489093544,0.0,258.5132730243075,0.0
2001-07-23,2.2727857489093544,0.0,260.7860587732169,0.0
2001-07-24,2.2727857489093544,0.0,263.05884452212626,0.0
2001-07-25,2.2727857489093544,0.0,265.33163027103564,0.0
2001-07-26,2.2727857489093544,0.0,267.604416019945,0.0
2001-07-27,2.2727857489093544,0.0,269.8772017688544,0.0
2001-07-28,1.9140887057682994,0.0,271.79129047462266,0.0
2001-07-29,1.9140887057682994,0.0,273.70537918039093,0.0
2001-07-30,1.9140887057682994,0.0,275.6194678861592,0.0
2001-07-31,1.9140887057682994,0.0,277.5335565919275,0.0
2001-08-01,1.9140887057682994,0.0,279.4476452976958,0.0
2001-08-02,1.9140887057682994,0.0,281.36173400346405,0.0
2001-08-03,1.9140887057682994,0.0,283.27582270923233,0.0
2001-08-04,1.9140887057682994,0.0,285.1899114150006,0.0
2001-08-05,2.037892874454677,0.0,287.22780428945526,0.0
2001-08-06,2.037892874454677,0.0,289.2656971639099,0.0
2001-08-07,2.037892874454677,0.0,291.3035900383646,0.0
2001-08-08,2.037892874454677,0.0,293.34148291281923,0.0
2001-08-09,2.037892874454677,0.0,295.3793757872739,0.0
2001-08-10,2.037892874454677,0.0,297.41726866172854,0.0
2001-08-11,2.037892874454677,0.0,299.4551615361832,0.0
2001-08-12,2.037892874454677,0.0,301.49305441063785,0.0
2001-08-13,2.135450799806107,0.0,303.62850521044396,0.0
2001-08-14,2.135450799806107,0.0,305.76395601025007,0.0
2001-08-15,2.135450799806107,0.0,307.8994068100562,0.0
2001-08-16,2.135450799806107,0.0,310.0348576098623,0.0
2001-08-17,2.135450799806107,0.0,312.1703084096684,0.0
2001-08-18,2.135450799806107,0.0,314.3057592094745,0.0
2001-08-19,2.135450799806107,0.0,316.4412100092806,0.0
2001-08-20,2.135450799806107,0.0,318.5766608090867,0.0
2001-08-21,2.0346980126030054,0.0,320.61135882168975,0.0
2001-08-22,2.0346980126030054,0.0,322.6460568342928,0.0
2001-08-23,2.0346980126030054,0.0,324.6807548468958,0.0
2001-08-24,2.0346980126030054,0.0,326.71545285949884,0.0
2001-08-25,2.0346980126030054,0.0,328.75015087210187,0.0
2001-08-26,2.0346980126030054,0.0,330.7848488847049,0.0
2001-08-27,2.0346980126030054,0.0,332.81954689730793,0.0
2001-08-28,2.0346980126030054,0.0,334.85424490991096,0.0
2001-08-29,1.9424275327193399,0.0,336.7966724426303,0.0
2001-08-30,1.9424275327193399,0.0,338.7390999753497,0.0
2001-08-31,1.9424275327193399,0.0,340.68152750806905,0.0
2001-09-01,1.9424275327193399,0.0,342.6239550407884,0.0
2001-09-02,1.9424275327193399,0.0,344.5663825735078,0.0
2001-09-03,1.9424275327193399,0.0,346.50881010622714,0.0
2001-09-04,1.9424275327193399,0.0,348.4512376389465,0.0
2001-09-05,1.9424275327193399,0.0,350.3936651716659,0.0
2001-09-06,1.537014541929229,0.0,351.9306797135951,0.0
2001-09-07,1.537014541929229,0.0,353.46769425552435,0.0
2001-09-08,1.537014541929229,0.0,355.0047087974536,0.0
2001-09-09,1.537014541929229,0.0,356.5417233393828,0.0
2001-09-10,1.537014541929229,0.0,358.07873788131207,0.0
2001-09-11,1.537014541929229,0.0,359.6157524232413,0.0
2001-09-12,1.537014541929229,0.0,361.15276696517054,0.0
2001-09-13,1.537014541929229,0.0,362.6897815070998,0.0
2001-09-14,1.2941570528356756,0.0,363.98393855993544,0.0
2001-09-15,1.2941570528356756,0.0,365.2780956127711,0.0
2001-09-16,1.2941570528356756,0.0,366.57225266560675,0.0
2001-09-17,1.2941570528356756,0.0,367.8664097184424,0.0
2001-09-18,1.2941570528356756,0.0,369.16056677127807,0.0
2001-09-19,1.2941570528356756,0.0,370.4547238241137,0.0
2001-09-20,1.2941570528356756,0.0,371.7488808769494,0.0
2001-09-21,1.2941570528356756,0.0,373.04303792978504,0.0
2001-09-22,1.5279907901114878,0.0,374.5710287198965,0.0
2001-09-23,1.5279907901114878,0.0,376.09901951000796,0.0
2001-09-24,1.5279907901114878,4.671458232513522,372.9555520676059,0.0
2001-09-25,1.5279907901114878,0.0,374.48354285771734,0.0
2001-09-26,1.5279907901114878,0.0,376.0115336478288,0.0
2001-09-27,1.5279907901114878,0.0,377.53952443794026,0.0
2001-09-28,1.5279907901114878,0.0,379.0675152280517,0.0
2001-09-29,1.5279907901114878,0.0,380.5955060181632,0.0
2001-09-30,1.545404750363548,0.0,382.14091076852674,0.0
2001-10-01,1.545404750363548,0.0,383.6863155188903,0.0
2001-10-02,1.545404750363548,0.0,385.23172026925386,0.0
2001-10-03,1.545404750363548,0.0,386.7771250196174,0.0
2001-10-04,1.545404750363548,0.0,388.322529769981,0.0
2001-10-05,1.545404750363548,0.0,389.86793452034453,0.0
2001-10-06,1.545404750363548,0.0,391.4133392707081,0.0
2001-10-07,1.545404750363548,0.0,392.95874402107165,0.0
2001-10-08,1.7054730974309262,0.0,394.66421711850256,0.0
2001-10-09,1.7054730974309262,0.0,396.3696902159335,0.0
2001-10-10,1.7054730974309262,0.0,398.0751633133644,0.0
2001-10-11,1.7054730974309262,0.0,399.7806364107953,0.0
2001-10-12,1.7054730974309262,0.0,401.4861095082262,0.0
2001-10-13,1.7054730974309262,0.0,403.1915826056571,0.0
2001-10-14,1.7054730974309262,0.0,404.89705570308803,0.0
2001-10-15,1.7054730974309262,0.0,406.60252880051894,0.0
2001-10-16,1.089019389238972,0.0,407.6915481897579,0.0
2001-10-17,1.089019389238972,0.0,408.78056757899685,0.0
2001-10-18,1.089019389238972,0.0,409.8695869682358,0.0
2001-10-19,1.089019389238972,0.0,410.95860635747476,0.0
2001-10-20,1.089019389238972,0.0,412.0476257467137,0.0
2001-10-21,1.089019389238972,0.0,413.1366451359527,0.0
2001-10-22,1.089019389238972,0.0,414.22566452519163,0.0
2001-10-23,1.089019389238972,0.0,415.3146839144306,0.0
2001-10-24,1.3221871061560826,0.0,416.6368710205867,0.0
2001-10-25,1.3221871061560826,0.0,417.9590581267428,0.0
2001-10-26,1.3221871061560826,0.0,419.28124523289887,0.0
2001-10-27,1.3221871061560826,0.0,420.60343233905496,0.0
2001-10-28,1.3221871061560826,0.0,421.92561944521105,0.0
2001-10-29,1.3221871061560826,34.07980729920944,389.1679992521577,0.0
2001-10-30,1.3221871061560826,19.16267798338143,371.32750837493234,0.0
2001-10-31,1.3221871061560826,0.0,372.64969548108843,0.0
2001-11-01,1.1170179350460494,0.0,373.76671341613445,0.0
2001-11-02,1.1170179350460494,0.0,374.8837313511805,0.0
2001-11-03,1.1170179350460494,0.0,376.0007492862265,0.0
2001-11-04,1.1170179350460494,0.0,377.1177672212725,0.0
2001-11-05,1.1170179350460494,0.0,378.23478515631854,0.0
2001-11-06,1.1170179350460494,0.0,379.35180309136456,0.0
2001-11-07,1.1170179350460494,0.0,380.4688210264106,0.0
2001-11-08,1.1170179350460494,0.0,381.5858389614566,0.0
2001-11-09,0.8766984973339792,0.0,382.46253745879056,0.0
2001-11-10,0.8766984973339792,38.87807377204068,344.46116218408383,0.0
2001-11-11,0.8766984973339792,58.95325101492204,286.38460966649575,0.0
2001-11-12,0.8766984973339792,26.102281626533056,261.15902653729665,0.0
2001-11-13,0.8766984973339792,16.509120834870235,245.52660419976038,0.0
2001-11-14,0.8766984973339792,1.6685170256316475,244.73478567146273,0.0
2001-11-15,0.8766984973339792,0.5727894662334453,245.03869470256328,0.0
2001-11-16,0.8766984973339792,10.15612054830734,235.75927265158992,0.0
2001-11-17,0.7785235094522539,0.0,236.53779616104217,0.0
2001-11-18,0.7785235094522539,0.0,237.3163196704944,0.0
2001-11-19,0.7785235094522539,10.493761535030398,227.60108164491626,0.0
2001-11-20,0.7785235094522539,4.754851485922608,223.6247536684459,0.0
2001-11-21,0.7785235094522539,40.85653790453269,183.54673927336543,0.0
2001-11-22,0.7785235094522539,0.0,184.32526278281767,0.0
2001-11-23,0.7785235094522539,31.277820309618303,153.8259659826516,0.0
2001-11-24,0.7785235094522539,8.751671681832232,145.85281781027163,0.0
2001-11-25,0.9090911294231696,0.0,146.7619089396948,0.0
2001-11-26,0.9090911294231696,0.0,147.67100006911795,0.0
2001-11-27,0.9090911294231696,0.0,148.5800911985411,0.0
2001-11-28,0.9090911294231696,65.51715175286166,83.97203057510261,0.0
2001-11-29,0.9090911294231696,0.43900620380103655,84.44211550072474,0.0
2001-11-30,0.9090911294231696,49.82145510221782,35.529751527930095,0.0
2001-12-01,0.9090911294231696,62.470492253731635,0.0,26.031649596378372
2001-12-02,0.9090911294231696,18.051795900421613,0.0,17.142704770998442
2001-12-03,0.6444100824042653,0.0,0.6444100824042653,0.0
2001-12-04,0.6444100824042653,11.809129931978397,0.0,10.520309767169866
2001-12-05,0.6444100824042653,25.500331421016536,0.0,24.85592133861227
2001-12-06,0.6444100824042653,0.0,0.6444100824042653,0.0
2001-12-07,0.6444100824042653,0.0,1.2888201648085307,0.0
2001-12-08,0.6444100824042653,1.666421024422896,0.26680922278989994,0.0
2001-12-09,0.6444100824042653,0.0,0.9112193051941653,0.0
2001-12-10,0.6444100824042653,0.0,1.5556293875984306,0.0
2001-12-11,0.6806621425109062,0.0,2.236291530109337,0.0
2001-12-12,0.6806621425109062,0.0,2.916953672620243,0.0
2001-12-13,0.6806621425109062,42.26241480824378,0.0,38.66479899311263
2001-12-14,0.6806621425109062,0.0,0.6806621425109062,0.0
2001-12-15,0.6806621425109062,0.0,1.3613242850218124,0.0
2001-12-16,0.6806621425109062,27.24717052211702,0.0,25.2051840945843
2001-12-17,0.6806621425109062,1.1846624994102644,0.0,0.5040003568993582
2001-12-18,0.6806621425109062,1.0300123711857632,0.0,0.349350228674857
2001-12-19,0.6271362094037807,18.21633150555401,0.0,17.58919529615023
2001-12-20,0.6271362094037807,21.49004384681536,0.0,20.86290763741158
2001-12-21,0.6271362094037807,23.288260309319746,0.0,22.661124099915966
2001-12-22,0.6271362094037807,12.918390327193787,0.0,12.291254117790007
2001-12-23,0.6271362094037807,0.0,0.6271362094037807,0.0
2001-12-24,0.6271362094037807,2.781832816061958,0.0,1.5275603972543967
2001-12-25,0.6271362094037807,2.901715237289759,0.0,2.2745790278859785
2001-12-26,0.6271362094037807,0.5254582064255103,0.10167800297827034,0.0
2001-12-27,0.7714721279689771,23.952223113446777,0.0,23.07907298249953
2001-12-28,0.7714721279689771,42.30092460230776,0.0,41.52945247433878
2001-12-29,0.7714721279689771,5.5024519564566585,0.0,4.730979828487682
2001-12-30,0.7714721279689771,47.2869664242393,0.0,46.515494296270326
2001-12-31,0.7714721279689771,15.389464168725734,0.0,14.617992040756757
2002-01-01,0.6983334949103246,85.03749832058837,0.0,84.33916482567804
2002-01-02,0.6983334949103246,10.215173279906942,0.0,9.516839784996618
2002-01-03,0.6983334949103246,0.0,0.6983334949103246,0.0
2002-01-04,0.6983334949103246,6.272606616418797,0.0,4.875939626598147
2002-01-05,0.6983334949103246,40.806787626662114,0.0,40.10845413175179
2002-01-06,0.6983334949103246,0.19803405541497,0.5002994394953546,0.0
2002-01-07,0.6983334949103246,0.3328978329386574,0.8657351014670218,0.0
2002-01-08,0.6983334949103246,0.0,1.5640685963773464,0.0
2002-01-09,0.5640339311682017,0.0,2.128102527545548,0.0
2002-01-10,0.5640339311682017,0.0,2.6921364587137493,0.0
2002-01-11,0.5640339311682017,0.0,3.2561703898819507,0.0
2002-01-12,0.5640339311682017,0.0,3.820204321050152,0.0
2002-01-13,0.5640339311682017,0.0,4.384238252218354,0.0
2002-01-14,0.5640339311682017,0.0,4.948272183386555,0.0
2002-01-15,0.5640339311682017,0.0,5.5123061145547565,0.0
2002-01-16,0.5640339311682017,0.0,6.076340045722958,0.0
2002-01-17,0.7246897721764418,0.0,6.8010298178993995,0.0
2002-01-18,0.7246897721764418,0.0,7.525719590075841,0.0
2002-01-19,0.7246897721764418,0.0,8.250409362252283,0.0
2002-01-20,0.7246897721764418,1.723972107603823,7.251127026824902,0.0
2002-01-21,0.7246897721764418,3.9704364984766243,4.005380300524719,0.0
2002-01-22,0.7246897721764418,0.0,4.73007007270116,0.0
2002-01-23,0.7246897721764418,0.0,5.454759844877602,0.0
2002-01-24,0.7246897721764418,0.0,6.179449617054043,0.0
2002-01-25,0.7556277266117303,8.190523200728943,0.0,1.2554458570631697
2002-01-26,0.7556277266117303,2.9435511222195694,0.0,2.187923395607839
2002-01-27,0.7556277266117303,5.715470545801215,0.0,4.959842819189484
2002-01-28,0.7556277266117303,1.4686656165003038,0.0,0.7130378898885735
2002-01-29,0.7556277266117303,0.0,0.7556277266117303,0.0
2002-01-30,0.7556277266117303,0.0,1.5112554532234606,0.0
2002-01-31,0.7556277266117303,0.24574303217686352,2.0211401476583273,0.0
2002-02-01,0.7556277266117303,0.0,2.7767678742700577,0.0
2002-02-02,0.9192268540959766,0.0,3.6959947283660344,0.0
2002-02-03,0.9192268540959766,0.0,4.615221582462011,0.0
2002-02-04,0.9192268540959766,0.0,5.534448436557987,0.0
2002-02-05,0.9192268540959766,0.0,6.453675290653964,0.0
2002-02-06,0.9192268540959766,3.1262601152662146,4.246642029483725,0.0
2002-02-07,0.9192268540959766,18.110919987823202,0.0,12.9450511042435
2002-02-08,0.9192268540959766,0.0,0.9192268540959766,0.0
2002-02-09,0.9192268540959766,0.0,1.8384537081919532,0.0
2002-02-10,1.1048715462918088,0.0,2.943325254483762,0.0
2002-02-11,1.1048715462918088,0.0,4.048196800775571,0.0
2002-02-12,1.1048715462918088,0.0,5.15306834706738,0.0
2002-02-13,1.1048715462918088,0.6596191985872876,5.598320694771902,0.0
2002-02-14,1.1048715462918088,0.0,6.703192241063711,0.0
2002-02-15,1.1048715462918088,0.0,7.80806378735552,0.0
2002-02-16,1.1048715462918088,15.608628199196449,0.0,6.69569286554912
2002-02-17,1.1048715462918088,0.0,1.1048715462918088,0.0
2002-02-18,1.0132239457101306,24.760448618200904,0.0,22.642353126198966
2002-02-19,1.0132239457101306,15.657402581843797,0.0,14.644178636133667
2002-02-20,1.0132239457101306,0.0,1.0132239457101306,0.0
2002-02-21,1.0132239457101306,0.0,2.0264478914202613,0.0
2002-02-22,1.0132239457101306,1.8232879118284575,1.2163839253019344,0.0
2002-02-23,1.0132239457101306,1.468739963906468,0.7608679071055968,0.0
2002-02-24,1.0132239457101306,0.0,1.7740918528157275,0.0
2002-02-25,1.0132239457101306,0.0,2.7873157985258583,0.0
2002-02-26,1.644271934076587,0.0,4.431587732602445,0.0
2002-02-27,1.644271934076587,0.0,6.075859666679031,0.0
2002-02-28,1.644271934076587,0.0,7.720131600755618,0.0
2002-03-01,1.644271934076587,0.0,9.364403534832205,0.0
2002-03-02,1.644271934076587,0.0,11.008675468908791,0.0
2002-03-03,1.644271934076587,0.0,12.652947402985378,0.0
2002-03-04,1.644271934076587,0.0,14.297219337061964,0.0
2002-03-05,1.644271934076587,22.781786821205916,0.0,6.840295550067365
2002-03-06,1.2866354823073187,19.625504874592593,0.0,18.338869392285275
2002-03-07,1.2866354823073187,1.0302043327190928,0.2564311495882259,0.0
2002-03-08,1.2866354823073187,0.0,1.5430666318955446,0.0
2002-03-09,1.2866354823073187,20.54651119834498,0.0,17.716809084142117
2002-03-10,1.2866354823073187,0.0,1.2866354823073187,0.0
2002-03-11,1.2866354823073187,0.0,2.5732709646146374,0.0
2002-03-12,1.2866354823073187,0.0,3.859906446921956,0.0
2002-03-13,1.2866354823073187,1.5351857665015076,3.611356162727767,0.0
2002-03-14,1.588909355307804,0.0,5.200265518035571,0.0
2002-03-15,1.588909355307804,0.5985541793953153,6.190620693948059,0.0
2002-03-16,1.588909355307804,2.7727833325648823,5.00674671669098,0.0
2002-03-17,1.588909355307804,3.0016686550973,3.593987416901484,0.0
2002-03-18,1.588909355307804,0.0,5.182896772209288,0.0
2002-03-19,1.588909355307804,0.0,6.771806127517092,0.0
2002-03-20,1.588909355307804,0.0,8.360715482824896,0.0
2002-03-21,1.588909355307804,5.646783161458585,4.302841676674114,0.0
2002-03-22,1.8607513330101793,35.05836216953147,0.0,28.89476915984718
2002-03-23,1.8607513330101793,2.372482954164038,0.0,0.511731621153859
2002-03-24,1.8607513330101793,0.0,1.8607513330101793,0.0
2002-03-25,1.8607513330101793,0.0,3.7215026660203585,0.0
2002-03-26,1.8607513330101793,0.0,5.582253999030538,0.0
2002-03-27,1.8607513330101793,0.0,7.443005332040717,0.0
2002-03-28,1.8607513330101793,0.0,9.303756665050896,0.0
2002-03-29,1.8607513330101793,0.0,11.164507998061076,0.0
2002-03-30,1.534995637421231,0.0,12.699503635482307,0.0
2002-03-31,1.534995637421231,0.0,14.234499272903538,0.0
2002-04-01,1.534995637421231,0.0,15.769494910324768,0.0
2002-04-02,1.534995637421231,0.0,17.304490547746,0.0
2002-04-03,1.534995637421231,0.0,18.83948618516723,0.0
2002-04-04,1.534995637421231,0.6957739871860288,19.678707835402435,0.0
2002-04-05,1.534995637421231,0.005294117569092995,21.208409355254574,0.0
2002-04-06,1.534995637421231,0.0,22.743404992675806,0.0
2002-04-07,2.04907998061076,0.0,24.792484973286566,0.0
2002-04-08,2.04907998061076,3.5543034290750692,23.287261524822256,0.0
2002-04-09,2.04907998061076,3.5959473564159756,21.74039414901704,0.0
2002-04-10,2.04907998061076,0.0,23.7894741296278,0.0
2002-04-11,2.04907998061076,0.0,25.838554110238558,0.0
2002-04-12,2.04907998061076,0.0,27.887634090849318,0.0
2002-04-13,2.04907998061076,0.0,29.936714071460077,0.0
2002-04-14,2.04907998061076,0.0,31.985794052070837,0.0
2002-04-15,2.1268225884634018,0.0,34.11261664053424,0.0
2002-04-16,2.1268225884634018,6.386294271923807,29.853144957073837,0.0
2002-04-17,2.1268225884634018,0.0,31.97996754553724,0.0
2002-04-18,2.1268225884634018,0.0,34.10679013400064,0.0
2002-04-19,2.1268225884634018,0.0,36.233612722464045,0.0
2002-04-20,2.1268225884634018,0.0,38.36043531092745,0.0
2002-04-21,2.1268225884634018,0.0,40.487257899390855,0.0
2002-04-22,2.1268225884634018,0.0,42.61408048785426,0.0
2002-04-23,1.8823654871546287,0.0,44.49644597500889,0.0
2002-04-24,1.8823654871546287,0.0,46.37881146216352,0.0
2002-04-25,1.8823654871546287,0.0,48.26117694931815,0.0
2002-04-26,1.8823654871546287,0.0,50.14354243647278,0.0
2002-04-27,1.8823654871546287,0.0,52.02590792362741,0.0
2002-04-28,1.8823654871546287,3.6073436928976426,50.300929717884394,0.0
2002-04-29,1.8823654871546287,0.47835913703030103,51.70493606800872,0.0
2002-04-30,1.8823654871546287,1.923455146075033,51.663846409088315,0.0
2002-05-01,2.1082801745031508,0.0,53.772126583591465,0.0
2002-05-02,2.1082801745031508,0.0,55.880406758094615,0.0
2002-05-03,2.1082801745031508,0.0,57.988686932597766,0.0
2002-05-04,2.1082801745031508,0.0,60.096967107100916,0.0
2002-05-05,2.1082801745031508,0.0,62.205247281604066,0.0
2002-05-06,2.1082801745031508,0.0,64.31352745610722,0.0
2002-05-07,2.1082801745031508,0.0,66.42180763061037,0.0
2002-05-08,2.1082801745031508,0.0,68.53008780511352,0.0
2002-05-09,2.377152690256908,0.0,70.90724049537043,0.0
2002-05-10,2.377152690256908,0.0,73.28439318562734,0.0
2002-05-11,2.377152690256908,0.0,75.66154587588424,0.0
2002-05-12,2.377152690256908,0.0,78.03869856614115,0.0
2002-05-13,2.377152690256908,0.0,80.41585125639806,0.0
2002-05-14,2.377152690256908,0.0,82.79300394665496,0.0
2002-05-15,2.377152690256908,0.0,85.17015663691187,0.0
2002-05-16,2.377152690256908,0.0,87.54730932716878,0.0
2002-05-17,2.288592825981579,0.0,89.83590215315036,0.0
2002-05-18,2.288592825981579,0.0,92.12449497913194,0.0
2002-05-19,2.288592825981579,8.728449115812223,85.6846386893013,0.0
2002-05-20,2.288592825981579,12.768272633153956,75.20495888212892,0.0
2002-05-21,2.288592825981579,0.0,77.4935517081105,0.0
2002-05-22,2.288592825981579,0.0,79.78214453409208,0.0
2002-05-23,2.288592825981579,0.0,82.07073736007366,0.0
2002-05-24,2.288592825981579,0.0,84.35933018605525,0.0
2002-05-25,2.400599127484245,0.0,86.75992931353949,0.0
2002-05-26,2.400599127484245,0.0,89.16052844102373,0.0
2002-05-27,2.400599127484245,0.0,91.56112756850797,0.0
2002-05-28,2.400599127484245,0.0,93.96172669599221,0.0
2002-05-29,2.400599127484245,0.0,96.36232582347645,0.0
2002-05-30,2.400599127484245,0.0,98.7629249509607,0.0
2002-05-31,2.400599127484245,0.0,101.16352407844494,0.0
2002-06-01,2.400599127484245,0.0,103.56412320592918,0.0
2002-06-02,3.1178216190014534,0.0,106.68194482493062,0.0
2002-06-03,3.1178216190014534,0.0,109.79976644393207,0.0
2002-06-04,3.1178216190014534,0.0,112.91758806293352,0.0
2002-06-05,3.1178216190014534,0.0,116.03540968193496,0.0
2002-06-06,3.1178216190014534,0.0,119.15323130093641,0.0
2002-06-07,3.1178216190014534,0.0,122.27105291993786,0.0
2002-06-08,3.1178216190014534,0.0,125.3888745389393,0.0
2002-06-09,3.1178216190014534,0.0,128.50669615794075,0.0
2002-06-10,2.7700998545807067,0.0,131.27679601252146,0.0
2002-06-11,2.7700998545807067,0.0,134.04689586710217,0.0
2002-06-12,2.7700998545807067,0.0,136.81699572168287,0.0
2002-06-13,2.7700998545807067,0.0,139.58709557626358,0.0
2002-06-14,2.7700998545807067,0.0,142.35719543084429,0.0
2002-06-15,2.7700998545807067,0.0,145.127295285425,0.0
2002-06-16,2.7700998545807067,0.0,147.8973951400057,0.0
2002-06-17,2.7700998545807067,0.0,150.6674949945864,0.0
2002-06-18,2.0767760542898692,0.0,152.74427104887627,0.0
2002-06-19,2.0767760542898692,0.0,154.82104710316614,0.0
2002-06-20,2.0767760542898692,0.0,156.897823157456,0.0
2002-06-21,2.0767760542898692,0.0,158.97459921174587,0.0
2002-06-22,2.0767760542898692,0.0,161.05137526603573,0.0
2002-06-23,2.0767760542898692,0.0,163.1281513203256,0.0
2002-06-24,2.0767760542898692,0.0,165.20492737461547,0.0
2002-06-25,2.0767760542898692,0.0,167.28170342890533,0.0
2002-06-26,2.320235579253514,0.0,169.60193900815884,0.0
2002-06-27,2.320235579253514,0.0,171.92217458741234,0.0
2002-06-28,2.320235579253514,0.0,174.24241016666585,0.0
2002-06-29,2.320235579253514,0.0,176.56264574591935,0.0
2002-06-30,2.320235579253514,0.0,178.88288132517286,0.0
2002-07-01,2.320235579253514,0.0,181.20311690442637,0.0
2002-07-02,2.320235579253514,0.0,183.52335248367987,0.0
2002-07-03,2.320235579253514,0.0,185.84358806293338,0.0
2002-07-04,2.6568599127484243,0.0,188.5004479756818,0.0
2002-07-05,2.6568599127484243,0.0,191.1573078884302,0.0
2002-07-06,2.6568599127484243,0.0,193.81416780117863,0.0
2002-07-07,2.6568599127484243,0.0,196.47102771392704,0.0
2002-07-08,2.6568599127484243,0.0,199.12788762667546,0.0
2002-07-09,2.6568599127484243,0.0,201.78474753942388,0.0
2002-07-10,2.6568599127484243,0.0,204.4416074521723,0.0
2002-07-11,2.6568599127484243,0.0,207.0984673649207,0.0
2002-07-12,2.11105622879302,0.0,209.20952359371373,0.0
2002-07-13,2.11105622879302,0.0,211.32057982250674,0.0
2002-07-14,2.11105622879302,0.0,213.43163605129976,0.0
2002-07-15,2.11105622879302,0.0,215.54269228009278,0.0
2002-07-16,2.11105622879302,0.0,217.6537485088858,0.0
2002-07-17,2.11105622879302,0.0,219.76480473767882,0.0
2002-07-18,2.11105622879302,0.0,221.87586096647183,0.0
2002-07-19,2.11105622879302,0.0,223.98691719526485,0.0
2002-07-20,1.8416422685409595,0.0,225.82855946380582,0.0
2002-07-21,1.8416422685409595,0.0,227.67020173234678,0.0
2002-07-22,1.8416422685409595,0.0,229.51184400088775,0.0
2002-07-23,1.8416422685409595,0.0,231.3534862694287,0.0
2002-07-24,1.8416422685409595,0.0,233.19512853796968,0.0
2002-07-25,1.8416422685409595,0.0,235.03677080651065,0.0
2002-07-26,1.8416422685409595,0.0,236.8784130750516,0.0
2002-07-27,1.8416422685409595,0.0,238.72005534359258,0.0
2002-07-28,1.5446994667959284,0.0,240.2647548103885,0.0
2002-07-29,1.5446994667959284,0.0,241.80945427718441,0.0
2002-07-30,1.5446994667959284,0.0,243.35415374398033,0.0
2002-07-31,1.5446994667959284,0.0,244.89885321077625,0.0
2002-08-01,1.5446994667959284,0.0,246.44355267757217,0.0
2002-08-02,1.5446994667959284,0.0,247.9882521443681,0.0
2002-08-03,1.5446994667959284,0.0,249.532951611164,0.0
2002-08-04,1.5446994667959284,0.0,251.07765107795993,0.0
2002-08-05,2.387158507028598,0.0,253.46480958498853,0.0
2002-08-06,2.387158507028598,0.0,255.85196809201713,0.0
2002-08-07,2.387158507028598,0.0,258.23912659904573,0.0
2002-08-08,2.387158507028598,0.0,260.6262851060743,0.0
2002-08-09,2.387158507028598,0.0,263.0134436131029,0.0
2002-08-10,2.387158507028598,0.0,265.40060212013145,0.0
2002-08-11,2.387158507028598,0.0,267.78776062716,0.0
2002-08-12,2.387158507028598,0.0,270.1749191341886,0.0
2002-08-13,1.7164784294716426,0.0,271.89139756366023,0.0
2002-08-14,1.7164784294716426,0.0,273.60787599313187,0.0
2002-08-15,1.7164784294716426,0.0,275.3243544226035,0.0
2002-08-16,1.7164784294716426,0.0,277.04083285207514,0.0
2002-08-17,1.7164784294716426,0.0,278.7573112815468,0.0
2002-08-18,1.7164784294716426,0.0,280.4737897110184,0.0
2002-08-19,1.7164784294716426,0.0,282.19026814049005,0.0
2002-08-20,1.7164784294716426,0.0,283.9067465699617,0.0
2002-08-21,1.9140455647115844,0.0,285.82079213467324,0.0
2002-08-22,1.9140455647115844,0.0,287.7348376993848,0.0
2002-08-23,1.9140455647115844,0.0,289.64888326409636,0.0
2002-08-24,1.9140455647115844,0.0,291.5629288288079,0.0
2002-08-25,1.9140455647115844,0.0,293.47697439351947,0.0
2002-08-26,1.9140455647115844,0.0,295.391019958231,0.0
2002-08-27,1.9140455647115844,0.0,297.3050655229426,0.0
2002-08-28,1.9140455647115844,0.0,299.21911108765414,0.0
2002-08-29,1.8733368880271448,0.0,301.0924479756813,0.0
2002-08-30,1.8733368880271448,0.0,302.96578486370845,0.0
2002-08-31,1.8733368880271448,0.0,304.8391217517356,0.0
2002-09-01,1.8733368880271448,0.0,306.71245863976276,0.0
2002-09-02,1.8733368880271448,0.0,308.5857955277899,0.0
2002-09-03,1.8733368880271448,0.0,310.45913241581707,0.0
2002-09-04,1.8733368880271448,0.0,312.3324693038442,0.0
2002-09-05,1.8733368880271448,0.0,314.2058061918714,0.0
2002-09-06,1.669535142995637,0.0,315.875341334867,0.0
2002-09-07,1.669535142995637,0.0,317.54487647786266,0.0
2002-09-08,1.669535142995637,0.0,319.2144116208583,0.0
2002-09-09,1.669535142995637,0.0,320.88394676385394,0.0
2002-09-10,1.669535142995637,0.0,322.5534819068496,0.0
2002-09-11,1.669535142995637,0.0,324.2230170498452,0.0
2002-09-12,1.669535142995637,0.0,325.89255219284087,0.0
2002-09-13,1.669535142995637,0.0,327.5620873358365,0.0
2002-09-14,1.8029801260300524,0.0,329.36506746186654,0.0
2002-09-15,1.8029801260300524,0.0,331.1680475878966,0.0
2002-09-16,1.8029801260300524,0.0,332.9710277139266,0.0
2002-09-17,1.8029801260300524,0.0,334.77400783995665,0.0
2002-09-18,1.8029801260300524,0.0,336.5769879659867,0.0
2002-09-19,1.8029801260300524,0.0,338.3799680920167,0.0
2002-09-20,1.8029801260300524,0.0,340.18294821804676,0.0
2002-09-21,1.8029801260300524,0.0,341.9859283440768,0.0
2002-09-22,1.356219583131362,0.0,343.34214792720815,0.0
2002-09-23,1.356219583131362,0.0,344.6983675103395,0.0
2002-09-24,1.356219583131362,0.0,346.05458709347084,0.0
2002-09-25,1.356219583131362,0.0,347.4108066766022,0.0
2002-09-26,1.356219583131362,0.0,348.76702625973354,0.0
2002-09-27,1.356219583131362,0.0,350.1232458428649,0.0
2002-09-28,1.356219583131362,0.0,351.47946542599624,0.0
2002-09-29,1.356219583131362,0.0,352.8356850091276,0.0
2002-09-30,1.5641861366941343,0.0,354.39987114582175,0.0
2002-10-01,1.5641861366941343,0.0,355.9640572825159,0.0
2002-10-02,1.5641861366941343,0.0,357.52824341921007,0.0
2002-10-03,1.5641861366941343,0.0,359.09242955590423,0.0
2002-10-04,1.5641861366941343,0.0,360.6566156925984,0.0
2002-10-05,1.5641861366941343,0.0,362.22080182929255,0.0
2002-10-06,1.5641861366941343,0.0,363.7849879659867,0.0
2002-10-07,1.5641861366941343,0.0,365.3491741026809,0.0
2002-10-08,1.149404265632574,0.0,366.4985783683135,0.0
2002-10-09,1.149404265632574,0.0,367.64798263394607,0.0
2002-10-10,1.149404265632574,0.0,368.79738689957867,0.0
2002-10-11,1.149404265632574,0.0,369.94679116521127,0.0
2002-10-12,1.149404265632574,0.0,371.09619543084386,0.0
2002-10-13,1.149404265632574,0.0,372.24559969647646,0.0
2002-10-14,1.149404265632574,0.0,373.39500396210906,0.0
2002-10-15,1.149404265632574,0.0,374.54440822774166,0.0
2002-10-16,0.579080465341735,0.0,375.1234886930834,0.0
2002-10-17,0.579080465341735,0.0,375.70256915842515,0.0
2002-10-18,0.579080465341735,0.0,376.2816496237669,0.0
2002-10-19,0.579080465341735,0.0,376.86073008910864,0.0
2002-10-20,0.579080465341735,0.0,377.4398105544504,0.0
2002-10-21,0.579080465341735,0.0,378.01889101979214,0.0
2002-10-22,0.579080465341735,0.0,378.5979714851339,0.0
2002-10-23,0.579080465341735,0.0,379.17705195047563,0.0
2002-10-24,0.8766049442559373,1.442473688361814,378.61118320636973,0.0
2002-10-25,0.8766049442559373,0.0,379.48778815062565,0.0
2002-10-26,0.8766049442559373,0.0,380.36439309488156,0.0
2002-10-27,0.8766049442559373,0.0,381.2409980391375,0.0
2002-10-28,0.8766049442559373,0.0,382.1176029833934,0.0
2002-10-29,0.8766049442559373,0.0,382.9942079276493,0.0
2002-10-30,0.8766049442559373,0.0,383.87081287190523,0.0
2002-10-31,0.8766049442559373,0.0,384.74741781616115,0.0
2002-11-01,1.2582622394571008,0.0,386.00568005561826,0.0
2002-11-02,1.2582622394571008,0.0,387.26394229507537,0.0
2002-11-03,1.2582622394571008,0.0,388.5222045345325,0.0
2002-11-04,1.2582622394571008,0.0,389.7804667739896,0.0
2002-11-05,1.2582622394571008,0.0,391.0387290134467,0.0
2002-11-06,1.2582622394571008,26.99915148968298,365.29783976322085,0.0
2002-11-07,1.2582622394571008,55.69465563983739,310.8614463628406,0.0
2002-11-08,1.2582622394571008,9.754031033707845,302.36567756858983,0.0
2002-11-09,0.8670518662142509,5.558758426376909,297.67397100842715,0.0
2002-11-10,0.8670518662142509,2.3666562910419495,296.1743665835994,0.0
2002-11-11,0.8670518662142509,0.0,297.04141844981365,0.0
2002-11-12,0.8670518662142509,4.936114585805603,292.97235573022226,0.0
2002-11-13,0.8670518662142509,0.0,293.8394075964365,0.0
2002-11-14,0.8670518662142509,0.0,294.70645946265074,0.0
2002-11-15,0.8670518662142509,0.0,295.573511328865,0.0
2002-11-16,0.8670518662142509,0.0,296.4405631950792,0.0
2002-11-17,0.7860906446921959,0.0,297.2266538397714,0.0
2002-11-18,0.7860906446921959,0.0,298.0127444844636,0.0
2002-11-19,0.7860906446921959,0.0,298.7988351291558,0.0
2002-11-20,0.7860906446921959,0.0,299.584925773848,0.0
2002-11-21,0.7860906446921959,0.0,300.3710164185402,0.0
2002-11-22,0.7860906446921959,0.0,301.1571070632324,0.0
2002-11-23,0.7860906446921959,0.0,301.9431977079246,0.0
2002-11-24,0.7860906446921959,0.0,302.7292883526168,0.0
2002-11-25,0.8347896267571496,0.0,303.5640779793739,0.0
2002-11-26,0.8347896267571496,0.0,304.39886760613103,0.0
2002-11-27,0.8347896267571496,0.0,305.23365723288816,0.0
2002-11-28,0.8347896267571496,0.0,306.0684468596453,0.0
2002-11-29,0.8347896267571496,0.0,306.9032364864024,0.0
2002-11-30,0.8347896267571496,0.0,307.73802611315955,0.0
2002-12-01,0.8347896267571496,0.0,308.5728157399167,0.0
2002-12-02,0.8347896267571496,0.0,309.4076053666738,0.0
2002-12-03,0.6349505574406198,0.0,310.0425559241144,0.0
2002-12-04,0.6349505574406198,0.0,310.67750648155504,0.0
2002-12-05,0.6349505574406198,0.05275541700814899,311.2597016219875,0.0
2002-12-06,0.6349505574406198,0.6014860703295598,311.2931661090986,0.0
2002-12-07,0.6349505574406198,0.0,311.9281166665392,0.0
2002-12-08,0.6349505574406198,12.203163973687232,300.3599032502926,0.0
2002-12-09,0.6349505574406198,13.660430208448282,287.3344235992849,0.0
2002-12-10,0.6349505574406198,0.25255108217675604,287.71682307454876,0.0
2002-12-11,1.0886781386330584,0.0,288.8055012131818,0.0
2002-12-12,1.0886781386330584,46.88351530187269,243.01066404994214,0.0
2002-12-13,1.0886781386330584,132.26595927613437,111.83338291244084,0.0
2002-12-14,1.0886781386330584,40.934240559675374,71.98782049139852,0.0
2002-12-15,1.0886781386330584,72.00765607379168,1.0688425562399004,0.0
2002-12-16,1.0886781386330584,18.359594049837565,0.0,16.202073354964604
2002-12-17,1.0886781386330584,2.0187584995854375,0.0,0.9300803609523791
2002-12-18,1.0886781386330584,3.9893745290974705,0.0,2.900696390464412
2002-12-19,0.7005748909355306,63.86101808341294,0.0,63.16044319247741
2002-12-20,0.7005748909355306,30.604269653650995,0.0,29.903694762715464
2002-12-21,0.7005748909355306,0.5169071141679428,0.18366777676758783,0.0
2002-12-22,0.7005748909355306,0.0,0.8842426677031184,0.0
2002-12-23,0.7005748909355306,0.0,1.584817558638649,0.0
2002-12-24,0.7005748909355306,0.0,2.2853924495741795,0.0
2002-12-25,0.7005748909355306,9.03203379923345,0.0,6.04606645872374
2002-12-26,0.7005748909355306,33.662231900005516,0.0,32.96165700906999
2002-12-27,0.8358017450315073,17.19478655599588,0.0,16.358984810964373
2002-12-28,0.8358017450315073,34.21576562533068,0.0,33.37996388029917
2002-12-29,0.8358017450315073,7.470321996293201,0.0,6.634520251261693
2002-12-30,0.8358017450315073,36.72760580789193,0.0,35.89180406286042
2002-12-31,0.8358017450315073,3.45489476634991,0.0,2.619093021318403
2003-01-01,0.6302389723703343,0.0,0.6302389723703343,0.0
2003-01-02,0.6302389723703343,0.0,1.2604779447406687,0.0
2003-01-03,0.6302389723703343,0.0,1.890716917111003,0.0
2003-01-04,0.6302389723703343,0.0,2.5209558894813373,0.0
2003-01-05,0.6302389723703343,0.0,3.1511948618516716,0.0
2003-01-06,0.6302389723703343,0.0,3.781433834222006,0.0
2003-01-07,0.6302389723703343,0.0,4.411672806592341,0.0
2003-01-08,0.6302389723703343,2.1872755278005687,2.854636251162106,0.0
2003-01-09,0.7473480368395539,40.308743420769176,0.0,36.706759132767516
2003-01-10,0.7473480368395539,17.318055654826914,0.0,16.57070761798736
2003-01-11,0.7473480368395539,3.1743157164600238,0.0,2.42696767962047
2003-01-12,0.7473480368395539,64.47374705264441,0.0,63.72639901580486
2003-01-13,0.7473480368395539,9.72564999606956,0.0,8.978301959230006
2003-01-14,0.7473480368395539,1.2460711958238582,0.0,0.4987231589843043
2003-01-15,0.7473480368395539,0.0,0.7473480368395539,0.0
2003-01-16,0.7473480368395539,0.0,1.4946960736791077,0.0
2003-01-17,0.711444013572467,0.0,2.206140087251575,0.0
2003-01-18,0.711444013572467,0.0,2.9175841008240417,0.0
2003-01-19,0.711444013572467,0.0,3.6290281143965086,0.0
2003-01-20,0.711444013572467,7.978452012265798,0.0,3.637979884296822
2003-01-21,0.711444013572467,15.01359425535881,0.0,14.302150241786343
2003-01-22,0.711444013572467,36.21660273879674,0.0,35.50515872522427
2003-01-23,0.711444013572467,0.9569721140728645,0.0,0.24552810050039753
2003-01-24,0.711444013572467,0.0,0.711444013572467,0.0
2003-01-25,0.7108201648085315,0.0,1.4222641783809986,0.0
2003-01-26,0.7108201648085315,0.0,2.1330843431895303,0.0
2003-01-27,0.7108201648085315,0.0,2.8439045079980616,0.0
2003-01-28,0.7108201648085315,0.0,3.554724672806593,0.0
2003-01-29,0.7108201648085315,0.0,4.265544837615124,0.0
2003-01-30,0.7108201648085315,0.0,4.976365002423655,0.0
2003-01-31,0.7108201648085315,0.16893498631822804,5.518250180913959,0.0
2003-02-01,0.7108201648085315,0.0,6.22907034572249,0.0
2003-02-02,1.09641396025206,0.0,7.32548430597455,0.0
2003-02-03,1.09641396025206,0.0,8.42189826622661,0.0
2003-02-04,1.09641396025206,0.0,9.518312226478669,0.0
2003-02-05,1.09641396025206,0.0,10.614726186730728,0.0
2003-02-06,1.09641396025206,0.0,11.711140146982787,0.0
2003-02-07,1.09641396025206,0.0,12.807554107234846,0.0
2003-02-08,1.09641396025206,0.0,13.903968067486906,0.0
2003-02-09,1.09641396025206,0.0,15.000382027738965,0.0
2003-02-10,1.0518914202617549,0.0,16.05227344800072,0.0
2003-02-11,1.0518914202617549,0.0,17.104164868262473,0.0
2003-02-12,1.0518914202617549,28.295705990156517,0.0,10.13964970163229
2003-02-13,1.0518914202617549,2.7258359153204283,0.0,1.6739444950586735
2003-02-14,1.0518914202617549,0.0,1.0518914202617549,0.0
2003-02-15,1.0518914202617549,33.62208913797195,0.0,31.518306297448436
2003-02-16,1.0518914202617549,2.0587770695287744,0.0,1.0068856492670195
2003-02-17,1.0518914202617549,0.0,1.0518914202617549,0.0
2003-02-18,1.1253926320891905,1.4755851318223556,0.7016989205285895,0.0
2003-02-19,1.1253926320891905,0.09088545270269914,1.7362060999150808,0.0
2003-02-20,1.1253926320891905,0.0,2.8615987320042713,0.0
2003-02-21,1.1253926320891905,0.0,3.9869913640934618,0.0
2003-02-22,1.1253926320891905,0.0,5.112383996182652,0.0
2003-02-23,1.1253926320891905,0.0,6.237776628271843,0.0
2003-02-24,1.1253926320891905,0.0,7.363169260361033,0.0
2003-02-25,1.1253926320891905,0.0,8.488561892450225,0.0
2003-02-26,1.3093630634997562,7.141461280846373,2.6564636751036073,0.0
2003-02-27,1.3093630634997562,0.0,3.965826738603363,0.0
2003-02-28,1.3093630634997562,0.0,5.275189802103119,0.0
2003-03-01,1.3093630634997562,0.0,6.584552865602875,0.0
2003-03-02,1.3093630634997562,0.0,7.893915929102631,0.0
2003-03-03,1.3093630634997562,0.9840495113986932,8.219229481203694,0.0
2003-03-04,1.3093630634997562,0.0,9.52859254470345,0.0
2003-03-05,1.3093630634997562,0.0,10.837955608203206,0.0
2003-03-06,1.1207329132331556,0.0,11.958688521436361,0.0
2003-03-07,1.1207329132331556,0.0,13.079421434669516,0.0
2003-03-08,1.1207329132331556,0.0,14.200154347902672,0.0
2003-03-09,1.1207329132331556,0.002798761595790231,15.318088499540037,0.0
2003-03-10,1.1207329132331556,0.0,16.438821412773194,0.0
2003-03-11,1.1207329132331556,0.0,17.55955432600635,0.0
2003-03-12,1.1207329132331556,0.0,18.680287239239505,0.0
2003-03-13,1.1207329132331556,29.006090353147897,0.0,9.205070200675237
2003-03-14,1.7461861366941345,44.26038026366809,0.0,42.514194126973955
2003-03-15,1.7461861366941345,4.9715169627600035,0.0,3.225330826065869
2003-03-16,1.7461861366941345,1.9944149060145988,0.0,0.24822876932046434
2003-03-17,1.7461861366941345,0.0,1.7461861366941345,0.0
2003-03-18,1.7461861366941345,0.0,3.492372273388269,0.0
2003-03-19,1.7461861366941345,10.430823405829743,0.0,5.19226499574734
2003-03-20,1.7461861366941345,0.0,1.7461861366941345,0.0
2003-03-21,1.7461861366941345,0.0,3.492372273388269,0.0
2003-03-22,2.035929229277751,3.395269419755728,2.133032082910292,0.0
2003-03-23,2.035929229277751,0.0,4.168961312188043,0.0
2003-03-24,2.035929229277751,0.0,6.204890541465794,0.0
2003-03-25,2.035929229277751,2.0930805104804846,6.1477392602630605,0.0
2003-03-26,2.035929229277751,0.0,8.18366848954081,0.0
2003-03-27,2.035929229277751,0.0,10.219597718818562,0.0
2003-03-28,2.035929229277751,0.0,12.255526948096314,0.0
2003-03-29,2.035929229277751,0.0,14.291456177374066,0.0
2003-03-30,1.8672884149297133,0.0,16.15874459230378,0.0
2003-03-31,1.8672884149297133,0.0,18.026033007233494,0.0
2003-04-01,1.8672884149297133,1.8347120716844918,18.058609350478715,0.0
2003-04-02,1.8672884149297133,1.4217987724871088,18.50409899292132,0.0
2003-04-03,1.8672884149297133,16.048356531574257,4.323030876276778,0.0
2003-04-04,1.8672884149297133,2.288176483045052,3.9021428081614395,0.0
2003-04-05,1.8672884149297133,0.0,5.769431223091153,0.0
2003-04-06,1.8672884149297133,0.016482972146383838,7.620236665874482,0.0
2003-04-07,1.786382937469704,0.0,9.406619603344186,0.0
2003-04-08,1.786382937469704,0.0,11.19300254081389,0.0
2003-04-09,1.786382937469704,0.0,12.979385478283593,0.0
2003-04-10,1.786382937469704,0.0,14.765768415753296,0.0
2003-04-11,1.786382937469704,13.617526213820131,2.9346251394028684,0.0
2003-04-12,1.786382937469704,36.610133841310855,0.0,31.889125764438283
2003-04-13,1.786382937469704,4.083436575467371,0.0,2.297053637997667
2003-04-14,1.786382937469704,0.0,1.786382937469704,0.0
2003-04-15,1.7567760542898685,5.702033999534582,0.0,2.15887500777501
2003-04-16,1.7567760542898685,6.408696576168662,0.0,4.651920521878793
2003-04-17,1.7567760542898685,0.0,1.7567760542898685,0.0
2003-04-18,1.7567760542898685,0.0,3.513552108579737,0.0
2003-04-19,1.7567760542898685,0.0,5.270328162869605,0.0
2003-04-20,1.7567760542898685,0.0,7.027104217159474,0.0
2003-04-21,1.7567760542898685,1.0311826499807575,7.752697621468585,0.0
2003-04-22,1.7567760542898685,0.0,9.509473675758453,0.0
2003-04-23,1.5996926805622875,30.03038724066672,0.0,18.921220884345978
2003-04-24,1.5996926805622875,9.367151623539877,0.0,7.76745894297759
2003-04-25,1.5996926805622875,13.050287748637949,0.0,11.45059506807566
2003-04-26,1.5996926805622875,0.0,1.5996926805622875,0.0
2003-04-27,1.5996926805622875,15.55599094839657,0.0,12.356605587271995
2003-04-28,1.5996926805622875,12.671897764176405,0.0,11.072205083614119
2003-04-29,1.5996926805622875,2.7354551256625643,0.0,1.1357624451002768
2003-04-30,1.5996926805622875,0.0,1.5996926805622875,0.0
2003-05-01,1.8683902084343194,3.078130026719887,0.3899528622767199,0.0
2003-05-02,1.8683902084343194,21.290105028418193,0.0,19.031761957707154
2003-05-03,1.8683902084343194,2.376003092656563,0.0,0.5076128842222438
2003-05-04,1.8683902084343194,0.017250774007279066,1.8511394344270402,0.0
2003-05-05,1.8683902084343194,0.0,3.7195296428613593,0.0
2003-05-06,1.8683902084343194,1.1144427612839098,4.473477090011769,0.0
2003-05-07,1.8683902084343194,0.7649009110573275,5.576966387388761,0.0
2003-05-08,1.8683902084343194,0.05232198111966666,7.393034614703414,0.0
2003-05-09,2.167662142510907,0.0,9.56069675721432,0.0
2003-05-10,2.167662142510907,0.0,11.728358899725226,0.0
2003-05-11,2.167662142510907,0.0,13.896021042236132,0.0
2003-05-12,2.167662142510907,0.0,16.06368318474704,0.0
2003-05-13,2.167662142510907,0.0,18.231345327257944,0.0
2003-05-14,2.167662142510907,0.0,20.39900746976885,0.0
2003-05-15,2.167662142510907,0.0,22.566669612279757,0.0
2003-05-16,2.167662142510907,0.0,24.734331754790663,0.0
2003-05-17,3.1371749878817257,0.0,27.871506742672388,0.0
2003-05-18,3.1371749878817257,0.0,31.008681730554112,0.0
2003-05-19,3.1371749878817257,0.0,34.14585671843584,0.0
2003-05-20,3.1371749878817257,0.0,37.283031706317566,0.0
2003-05-21,3.1371749878817257,0.0,40.420206694199294,0.0
2003-05-22,3.1371749878817257,0.0,43.55738168208102,0.0
2003-05-23,3.1371749878817257,0.0,46.69455666996275,0.0
2003-05-24,3.1371749878817257,0.0,49.83173165784448,0.0
2003-05-25,3.0540067862336397,0.0,52.88573844407812,0.0
2003-05-26,3.0540067862336397,0.0,55.939745230311765,0.0
2003-05-27,3.0540067862336397,0.0,58.99375201654541,0.0
2003-05-28,3.0540067862336397,0.0,62.04775880277905,0.0
2003-05-29,3.0540067862336397,0.0,65.10176558901269,0.0
2003-05-30,3.0540067862336397,0.0,68.15577237524633,0.0
2003-05-31,3.0540067862336397,0.0,71.20977916147997,0.0
2003-06-01,3.0540067862336397,0.0,74.26378594771361,0.0
2003-06-02,2.03165244789142,0.0,76.29543839560503,0.0
2003-06-03,2.03165244789142,0.0,78.32709084349645,0.0
2003-06-04,2.03165244789142,0.0,80.35874329138787,0.0
2003-06-05,2.03165244789142,0.0,82.39039573927928,0.0
2003-06-06,2.03165244789142,0.0,84.4220481871707,0.0
2003-06-07,2.03165244789142,0.0,86.45370063506212,0.0
2003-06-08,2.03165244789142,0.0,88.48535308295354,0.0
2003-06-09,2.03165244789142,0.0,90.51700553084495,0.0
2003-06-10,2.097670382937468,0.0,92.61467591378242,0.0
2003-06-11,2.097670382937468,0.0,94.71234629671989,0.0
2003-06-12,2.097670382937468,0.0,96.81001667965735,0.0
2003-06-13,2.097670382937468,0.0,98.90768706259482,0.0
2003-06-14,2.097670382937468,0.0,101.00535744553228,0.0
2003-06-15,2.097670382937468,0.0,103.10302782846975,0.0
2003-06-16,2.097670382937468,0.0,105.20069821140721,0.0
2003-06-17,2.097670382937468,0.0,107.29836859434468,0.0
2003-06-18,2.4002699951526894,0.0,109.69863858949736,0.0
2003-06-19,2.4002699951526894,0.0,112.09890858465005,0.0
2003-06-20,2.4002699951526894,0.0,114.49917857980273,0.0
2003-06-21,2.4002699951526894,0.0,116.89944857495541,0.0
2003-06-22,2.4002699951526894,0.0,119.2997185701081,0.0
2003-06-23,2.4002699951526894,0.0,121.69998856526078,0.0
2003-06-24,2.4002699951526894,0.0,124.10025856041347,0.0
2003-06-25,2.4002699951526894,0.0,126.50052855556615,0.0
2003-06-26,2.683935530780415,0.0,129.18446408634657,0.0
2003-06-27,2.683935530780415,0.0,131.86839961712698,0.0
2003-06-28,2.683935530780415,0.0,134.5523351479074,0.0
2003-06-29,2.683935530780415,0.0,137.23627067868782,0.0
2003-06-30,2.683935530780415,0.0,139.92020620946823,0.0
2003-07-01,2.683935530780415,0.0,142.60414174024865,0.0
2003-07-02,2.683935530780415,0.0,145.28807727102907,0.0
2003-07-03,2.683935530780415,0.0,147.97201280180948,0.0
2003-07-04,2.5067358216190008,0.0,150.4787486234285,0.0
2003-07-05,2.5067358216190008,0.0,152.9854844450475,0.0
2003-07-06,2.5067358216190008,0.0,155.4922202666665,0.0
2003-07-07,2.5067358216190008,0.0,157.9989560882855,0.0
2003-07-08,2.5067358216190008,0.0,160.5056919099045,0.0
2003-07-09,2.5067358216190008,0.0,163.0124277315235,0.0
2003-07-10,2.5067358216190008,0.0,165.5191635531425,0.0
2003-07-11,2.5067358216190008,0.0,168.0258993747615,0.0
2003-07-12,2.697405719825496,0.0,170.723305094587,0.0
2003-07-13,2.697405719825496,0.0,173.4207108144125,0.0
2003-07-14,2.697405719825496,0.0,176.118116534238,0.0
2003-07-15,2.697405719825496,0.0,178.8155222540635,0.0
2003-07-16,2.697405719825496,0.0,181.512927973889,0.0
2003-07-17,2.697405719825496,0.0,184.2103336937145,0.0
2003-07-18,2.697405719825496,0.0,186.90773941353999,0.0
2003-07-19,2.697405719825496,0.0,189.60514513336548,0.0
2003-07-20,2.435820649539505,0.0,192.04096578290498,0.0
2003-07-21,2.435820649539505,0.0,194.47678643244447,0.0
2003-07-22,2.435820649539505,0.0,196.91260708198396,0.0
2003-07-23,2.435820649539505,0.0,199.34842773152346,0.0
2003-07-24,2.435820649539505,0.0,201.78424838106295,0.0
2003-07-25,2.435820649539505,0.0921857576621206,204.12788327294032,0.0
2003-07-26,2.435820649539505,0.0,206.56370392247982,0.0
2003-07-27,2.435820649539505,0.0,208.9995245720193,0.0
2003-07-28,1.9046282113427044,0.0,210.904152783362,0.0
2003-07-29,1.9046282113427044,0.0,212.8087809947047,0.0
2003-07-30,1.9046282113427044,0.0,214.7134092060474,0.0
2003-07-31,1.9046282113427044,0.0,216.6180374173901,0.0
2003-08-01,1.9046282113427044,0.0,218.5226656287328,0.0
2003-08-02,1.9046282113427044,0.0,220.4272938400755,0.0
2003-08-03,1.9046282113427044,0.0,222.3319220514182,0.0
2003-08-04,1.9046282113427044,0.0,224.2365502627609,0.0
2003-08-05,1.8364803683955395,0.0,226.07303063115643,0.0
2003-08-06,1.8364803683955395,0.0,227.90951099955197,0.0
2003-08-07,1.8364803683955395,0.0,229.7459913679475,0.0
2003-08-08,1.8364803683955395,0.0,231.58247173634305,0.0
2003-08-09,1.8364803683955395,0.0,233.4189521047386,0.0
2003-08-10,1.8364803683955395,0.0,235.25543247313414,0.0
2003-08-11,1.8364803683955395,0.0,237.09191284152968,0.0
2003-08-12,1.8364803683955395,0.0,238.92839320992522,0.0
2003-08-13,2.153151720794959,0.0,241.08154493072018,0.0
2003-08-14,2.153151720794959,0.0,243.23469665151515,0.0
2003-08-15,2.153151720794959,0.0,245.38784837231012,0.0
2003-08-16,2.153151720794959,0.0,247.54100009310508,0.0
2003-08-17,2.153151720794959,0.0,249.69415181390005,0.0
2003-08-18,2.153151720794959,0.0,251.84730353469502,0.0
2003-08-19,2.153151720794959,0.0,254.00045525548998,0.0
2003-08-20,2.153151720794959,0.0,256.15360697628495,0.0
2003-08-21,2.1108846340281153,0.0,258.2644916103131,0.0
2003-08-22,2.1108846340281153,0.0,260.3753762443412,0.0
2003-08-23,2.1108846340281153,0.0,262.48626087836936,0.0
2003-08-24,2.1108846340281153,0.0,264.5971455123975,0.0
2003-08-25,2.1108846340281153,0.0,266.70803014642564,0.0
2003-08-26,2.1108846340281153,0.0,268.8189147804538,0.0
2003-08-27,2.1108846340281153,0.0,270.9297994144819,0.0
2003-08-28,2.1108846340281153,0.0,273.04068404851006,0.0
2003-08-29,2.0106325739214728,0.0,275.05131662243156,0.0
2003-08-30,2.0106325739214728,0.0,277.06194919635305,0.0
2003-08-31,2.0106325739214728,0.0,279.07258177027455,0.0
2003-09-01,2.0106325739214728,0.0,281.08321434419605,0.0
2003-09-02,2.0106325739214728,0.8419040192276147,282.2519428988899,0.0
2003-09-03,2.0106325739214728,0.0,284.2625754728114,0.0
2003-09-04,2.0106325739214728,0.0,286.2732080467329,0.0
2003-09-05,2.0106325739214728,0.0,288.2838406206544,0.0
2003-09-06,1.9376180319922442,0.4847182647048296,289.73674038794184,0.0
2003-09-07,1.9376180319922442,0.0,291.6743584199341,0.0
2003-09-08,1.9376180319922442,0.0,293.61197645192635,0.0
2003-09-09,1.9376180319922442,0.5505387009620297,294.9990557829566,0.0
2003-09-10,1.9376180319922442,0.0,296.93667381494885,0.0
2003-09-11,1.9376180319922442,0.0,298.8742918469411,0.0
2003-09-12,1.9376180319922442,0.0,300.81190987893336,0.0
2003-09-13,1.9376180319922442,0.0,302.7495279109256,0.0
2003-09-14,2.1018444013572464,0.0,304.8513723122829,0.0
2003-09-15,2.1018444013572464,0.0,306.95321671364013,0.0
2003-09-16,2.1018444013572464,0.0,309.0550611149974,0.0
2003-09-17,2.1018444013572464,0.0,311.15690551635464,0.0
2003-09-18,2.1018444013572464,0.0,313.2587499177119,0.0
2003-09-19,2.1018444013572464,0.0,315.36059431906915,0.0
2003-09-20,2.1018444013572464,0.0,317.4624387204264,0.0
2003-09-21,2.1018444013572464,0.0,319.56428312178366,0.0
2003-09-22,1.4934522539990298,0.0,321.05773537578267,0.0
2003-09-23,1.4934522539990298,0.0,322.5511876297817,0.0
2003-09-24,1.4934522539990298,0.0,324.0446398837807,0.0
2003-09-25,1.4934522539990298,0.0,325.5380921377797,0.0
2003-09-26,1.4934522539990298,0.0,327.0315443917787,0.0
2003-09-27,1.4934522539990298,0.0,328.5249966457777,0.0
2003-09-28,1.4934522539990298,0.0,330.01844889977673,0.0
2003-09-29,1.4934522539990298,0.0,331.51190115377574,0.0
2003-09-30,1.3379403780901602,0.0,332.8498415318659,0.0
2003-10-01,1.3379403780901602,0.0,334.187781909956,0.0
2003-10-02,1.3379403780901602,0.0,335.52572228804615,0.0
2003-10-03,1.3379403780901602,0.0,336.8636626661363,0.0
2003-10-04,1.3379403780901602,0.0,338.20160304422643,0.0
2003-10-05,1.3379403780901602,0.0,339.53954342231657,0.0
2003-10-06,1.3379403780901602,0.0,340.8774838004067,0.0
2003-10-07,1.3379403780901602,0.0,342.21542417849685,0.0
2003-10-08,1.587045564711585,0.0,343.8024697432084,0.0
2003-10-09,1.587045564711585,0.0,345.38951530791996,0.0
2003-10-10,1.587045564711585,0.0,346.9765608726315,0.0
2003-10-11,1.587045564711585,0.0,348.5636064373431,0.0
2003-10-12,1.587045564711585,0.0,350.15065200205464,0.0
2003-10-13,1.587045564711585,0.0,351.7376975667662,0.0
2003-10-14,1.587045564711585,0.0,353.32474313147776,0.0
2003-10-15,1.587045564711585,0.0,354.9117886961893,0.0
2003-10-16,1.1508957828405233,0.0,356.0626844790298,0.0
2003-10-17,1.1508957828405233,0.0,357.21358026187033,0.0
2003-10-18,1.1508957828405233,0.0,358.36447604471084,0.0
2003-10-19,1.1508957828405233,0.0,359.51537182755135,0.0
2003-10-20,1.1508957828405233,0.0,360.66626761039186,0.0
2003-10-21,1.1508957828405233,0.0,361.81716339323236,0.0
2003-10-22,1.1508957828405233,0.0,362.96805917607287,0.0
2003-10-23,1.1508957828405233,0.0,364.1189549589134,0.0
2003-10-24,1.5519025690741632,0.0,365.67085752798755,0.0
2003-10-25,1.5519025690741632,0.0,367.2227600970617,0.0
2003-10-26,1.5519025690741632,0.0,368.7746626661359,0.0
2003-10-27,1.5519025690741632,0.0,370.32656523521007,0.0
2003-10-28,1.5519025690741632,0.0,371.87846780428424,0.0
2003-10-29,1.5519025690741632,0.0,373.4303703733584,0.0
2003-10-30,1.5519025690741632,0.0,374.9822729424326,0.0
2003-10-31,1.5519025690741632,5.224436628560163,371.3097388829466,0.0
2003-11-01,0.9477493940862821,0.0,372.25748827703285,0.0
2003-11-02,0.9477493940862821,7.8049565454016525,365.40028112571747,0.0
2003-11-03,0.9477493940862821,0.0,366.34803051980373,0.0
2003-11-04,0.9477493940862821,0.7238606616808533,366.5719192522091,0.0
2003-11-05,0.9477493940862821,0.005498451967911085,367.51417019432745,0.0
2003-11-06,0.9477493940862821,6.347696753109202,362.11422283530453,0.0
2003-11-07,0.9477493940862821,15.91307410957643,347.14889811981436,0.0
2003-11-08,0.9477493940862821,37.929379596060635,310.16726791784,0.0
2003-11-09,0.814312651478429,1.5080030958165325,309.47357747350185,0.0
2003-11-10,0.814312651478429,0.0,310.28789012498027,0.0
2003-11-11,0.814312651478429,0.0,311.1022027764587,0.0
2003-11-12,0.814312651478429,0.0,311.9165154279371,0.0
2003-11-13,0.814312651478429,0.0,312.7308280794155,0.0
2003-11-14,0.814312651478429,16.017030851759774,297.52810987913415,0.0
2003-11-15,0.814312651478429,0.3719225963707378,297.97049993424184,0.0
2003-11-16,0.814312651478429,1.1510712408428958,297.63374134487736,0.0
2003-11-17,0.6722476975278717,0.0,298.30598904240526,0.0
2003-11-18,0.6722476975278717,0.0,298.97823673993315,0.0
2003-11-19,0.6722476975278717,0.0,299.65048443746105,0.0
2003-11-20,0.6722476975278717,0.0,300.32273213498894,0.0
2003-11-21,0.6722476975278717,0.0,300.99497983251683,0.0
2003-11-22,0.6722476975278717,0.0,301.6672275300447,0.0
2003-11-23,0.6722476975278717,0.0,302.3394752275726,0.0
2003-11-24,0.6722476975278717,0.0,303.0117229251005,0.0
2003-11-25,0.6634086282113426,0.0,303.67513155331187,0.0
2003-11-26,0.6634086282113426,0.0,304.33854018152323,0.0
2003-11-27,0.6634086282113426,0.15044891705084878,304.85149989268376,0.0
2003-11-28,0.6634086282113426,4.1649133169983195,301.3499952038968,0.0
2003-11-29,0.6634086282113426,7.051365310562652,294.96203852154554,0.0
2003-11-30,0.6634086282113426,19.90823236117053,275.7172147885864,0.0
2003-12-01,0.6634086282113426,33.214334611922226,243.1662888048755,0.0
2003-12-02,0.6634086282113426,0.6100340739134756,243.21966335917335,0.0
2003-12-03,0.6644672806592341,0.3244086671678274,243.55972197266476,0.0
2003-12-04,0.6644672806592341,21.153228446795104,223.0709608065289,0.0
2003-12-05,0.6644672806592341,8.635814279963723,215.09961380722442,0.0
2003-12-06,0.6644672806592341,33.689377008207806,182.07470407967585,0.0
2003-12-07,0.6644672806592341,0.0,182.7391713603351,0.0
2003-12-08,0.6644672806592341,0.0,183.40363864099433,0.0
2003-12-09,0.6644672806592341,39.09795725677773,144.97014866487584,0.0
2003-12-10,0.6644672806592341,8.051337673199065,137.583278272336,0.0
2003-12-11,0.6565681047018904,0.578863769954203,137.6609826070837,0.0
2003-12-12,0.6565681047018904,18.134697078551298,120.1828536332343,0.0
2003-12-13,0.6565681047018904,31.836569210324114,89.00285252761208,0.0
2003-12-14,0.6565681047018904,0.0,89.65942063231397,0.0
2003-12-15,0.6565681047018904,0.0,90.31598873701586,0.0
2003-12-16,0.6565681047018904,0.0,90.97255684171775,0.0
2003-12-17,0.6565681047018904,0.0,91.62912494641964,0.0
2003-12-18,0.6565681047018904,0.0,92.28569305112153,0.0
2003-12-19,0.6712782355792536,20.53070242559947,72.4262688611013,0.0
2003-12-20,0.6712782355792536,29.417201251806485,43.68034584487407,0.0
2003-12-21,0.6712782355792536,0.0,44.35162408045332,0.0
2003-12-22,0.6712782355792536,6.7958667772842265,38.227035538748346,0.0
2003-12-23,0.6712782355792536,73.28520402229238,0.0,34.38689024796478
2003-12-24,0.6712782355792536,5.952058803186326,0.0,5.2807805676070725
2003-12-25,0.6712782355792536,0.0,0.6712782355792536,0.0
2003-12-26,0.6712782355792536,0.0,1.3425564711585072,0.0
2003-12-27,0.8295467765390204,0.0,2.1721032476975277,0.0
2003-12-28,0.8295467765390204,76.02835723121099,0.0,73.02670720697444
2003-12-29,0.8295467765390204,56.74640594104494,0.0,55.91685916450592
2003-12-30,0.8295467765390204,0.0,0.8295467765390204,0.0
2003-12-31,0.8295467765390204,37.899993683900625,0.0,36.24090013082258
2004-01-01,0.6721609306834705,24.158845003913424,0.0,23.486684073229952
2004-01-02,0.6721609306834705,3.5344272885160173,0.0,2.8622663578325467
2004-01-03,0.6721609306834705,0.0,0.6721609306834705,0.0
2004-01-04,0.6721609306834705,0.0,1.344321861366941,0.0
2004-01-05,0.6721609306834705,0.0,2.0164827920504114,0.0
2004-01-06,0.6721609306834705,10.935777274447696,0.0,8.247133551713814
2004-01-07,0.6721609306834705,11.814003346505178,0.0,11.141842415821708
2004-01-08,0.6721609306834705,8.945740002965778,0.0,8.273579072282308
2004-01-09,0.6000790111488121,26.270120207370248,0.0,25.670041196221437
2004-01-10,0.6000790111488121,0.0,0.6000790111488121,0.0
2004-01-11,0.6000790111488121,0.0,1.2001580222976242,0.0
2004-01-12,0.6000790111488121,0.3768668711739059,1.4233701622725305,0.0
2004-01-13,0.6000790111488121,0.6016687372520612,1.4217804361692812,0.0
2004-01-14,0.6000790111488121,4.723111613247046,0.0,2.701252165928953
2004-01-15,0.6000790111488121,0.0,0.6000790111488121,0.0
2004-01-16,0.6000790111488121,0.0,1.2001580222976242,0.0
2004-01-17,0.8063184682501207,0.0,2.006476490547745,0.0
2004-01-18,0.8063184682501207,0.0,2.8127949587978653,0.0
2004-01-19,0.8063184682501207,0.0,3.619113427047986,0.0
2004-01-20,0.8063184682501207,0.0,4.425431895298106,0.0
2004-01-21,0.8063184682501207,0.0,5.231750363548227,0.0
2004-01-22,0.8063184682501207,0.0,6.0380688317983475,0.0
2004-01-23,0.8063184682501207,6.551944376883491,0.2924429231649768,0.0
2004-01-24,0.8063184682501207,0.3832910199283446,0.7154703714867527,0.0
2004-01-25,0.7664886088221036,0.0,1.4819589803088564,0.0
2004-01-26,0.7664886088221036,21.10980201579469,0.0,18.861354426663727
2004-01-27,0.7664886088221036,10.969826896124209,0.0,10.203338287302106
2004-01-28,0.7664886088221036,0.0,0.7664886088221036,0.0
2004-01-29,0.7664886088221036,2.0309597737279836,0.0,0.4979825560837765
2004-01-30,0.7664886088221036,0.24775851083502756,0.518730097987076,0.0
2004-01-31,0.7664886088221036,3.045182669494912,0.0,1.7599639626857324
2004-02-01,0.7664886088221036,22.619882489136497,0.0,21.853393880314393
2004-02-02,1.0094701890450803,41.39449485093816,0.0,40.38502466189308
2004-02-03,1.0094701890450803,3.718848407453058,0.0,2.7093782184079775
2004-02-04,1.0094701890450803,0.0,1.0094701890450803,0.0
2004-02-05,1.0094701890450803,0.0,2.0189403780901607,0.0
2004-02-06,1.0094701890450803,4.1886314961932385,0.0,1.1602209290579975
2004-02-07,1.0094701890450803,0.0,1.0094701890450803,0.0
2004-02-08,1.0094701890450803,0.0,2.0189403780901607,0.0
2004-02-09,1.0094701890450803,0.0,3.028410567135241,0.0
2004-02-10,1.2580702859912742,0.0,4.286480853126515,0.0
2004-02-11,1.2580702859912742,0.0,5.5445511391177895,0.0
2004-02-12,1.2580702859912742,0.0,6.802621425109064,0.0
2004-02-13,1.2580702859912742,6.624399623634645,1.4362920874656933,0.0
2004-02-14,1.2580702859912742,0.8202259965563891,1.8741363769005783,0.0
2004-02-15,1.2580702859912742,31.584256499913455,0.0,28.4520498370216
2004-02-16,1.2580702859912742,102.13243287266592,0.0,100.87436258667464
2004-02-17,1.2580702859912742,59.19310745144775,0.0,57.93503716545648
2004-02-18,1.1948366456616575,0.0,1.1948366456616575,0.0
2004-02-19,1.1948366456616575,1.381631570334774,1.008041720988541,0.0
2004-02-20,1.1948366456616575,0.19107430222971888,2.0118040644204793,0.0
2004-02-21,1.1948366456616575,2.0286192679921906,1.1780214420899462,0.0
2004-02-22,1.1948366456616575,1.9864705498373543,0.3863875379142494,0.0
2004-02-23,1.1948366456616575,6.860606894773594,0.0,5.2793827111976865
2004-02-24,1.1948366456616575,40.69979042313047,0.0,39.50495377746881
2004-02-25,1.1948366456616575,28.574909673755748,0.0,27.380073028094092
2004-02-26,1.298277266117304,6.492068007265451,0.0,5.193790741148147
2004-02-27,1.298277266117304,0.0,1.298277266117304,0.0
2004-02-28,1.298277266117304,0.0,2.596554532234608,0.0
2004-02-29,1.298277266117304,12.735616034398504,0.0,8.840784236046591
2004-03-01,1.298277266117304,6.425315857302663,0.0,5.127038591185359
2004-03-02,1.298277266117304,0.0,1.298277266117304,0.0
2004-03-03,1.298277266117304,0.0,2.596554532234608,0.0
2004-03-04,1.298277266117304,0.005860681100618728,3.8889711172512937,0.0
2004-03-05,1.8644415899175955,0.0,5.75341270716889,0.0
2004-03-06,1.8644415899175955,0.0,7.617854297086485,0.0
2004-03-07,1.8644415899175955,0.0,9.48229588700408,0.0
2004-03-08,1.8644415899175955,0.0,11.346737476921675,0.0
2004-03-09,1.8644415899175955,0.0,13.21117906683927,0.0
2004-03-10,1.8644415899175955,0.0,15.075620656756865,0.0
2004-03-11,1.8644415899175955,0.0,16.94006224667446,0.0
2004-03-12,1.8644415899175955,0.0,18.80450383659206,0.0
2004-03-13,2.4839791565681044,0.0,21.288482993160162,0.0
2004-03-14,2.4839791565681044,0.0,23.772462149728266,0.0
2004-03-15,2.4839791565681044,0.0,26.25644130629637,0.0
2004-03-16,2.4839791565681044,0.0,28.740420462864474,0.0
2004-03-17,2.4839791565681044,0.0,31.224399619432578,0.0
2004-03-18,2.4839791565681044,0.0,33.708378776000686,0.0
2004-03-19,2.4839791565681044,0.0,36.19235793256879,0.0
2004-03-20,2.4839791565681044,0.0,38.676337089136894,0.0
2004-03-21,1.8187605428986906,0.0,40.49509763203558,0.0
2004-03-22,1.8187605428986906,0.0,42.31385817493427,0.0
2004-03-23,1.8187605428986906,0.0,44.132618717832955,0.0
2004-03-24,1.8187605428986906,0.0,45.95137926073164,0.0
2004-03-25,1.8187605428986906,29.928204291376165,17.841935512254164,0.0
2004-03-26,1.8187605428986906,7.28085135675436,12.379844698398495,0.0
2004-03-27,1.8187605428986906,0.0,14.198605241297185,0.0
2004-03-28,1.8187605428986906,0.0,16.017365784195874,0.0
2004-03-29,2.0617920504120213,0.06256965905335665,18.01658817555454,0.0
2004-03-30,2.0617920504120213,0.0,20.07838022596656,0.0
2004-03-31,2.0617920504120213,0.0,22.14017227637858,0.0
2004-04-01,2.0617920504120213,0.0,24.2019643267906,0.0
2004-04-02,2.0617920504120213,0.0,26.26375637720262,0.0
2004-04-03,2.0617920504120213,0.0,28.32554842761464,0.0
2004-04-04,2.0617920504120213,0.0,30.38734047802666,0.0
2004-04-05,2.0617920504120213,0.0,32.44913252843868,0.0
2004-04-06,2.069841492971401,0.0,34.51897402141008,0.0
2004-04-07,2.069841492971401,0.0,36.58881551438148,0.0
2004-04-08,2.069841492971401,0.0,38.65865700735288,0.0
2004-04-09,2.069841492971401,0.0,40.72849850032428,0.0
2004-04-10,2.069841492971401,0.0,42.79833999329568,0.0
2004-04-11,2.069841492971401,0.0,44.868181486267076,0.0
2004-04-12,2.069841492971401,0.0,46.938022979238475,0.0
2004-04-13,2.069841492971401,0.0,49.007864472209874,0.0
2004-04-14,1.5313640329617062,1.2462940813956243,49.292934423775954,0.0
2004-04-15,1.5313640329617062,0.0,50.82429845673766,0.0
2004-04-16,1.5313640329617062,0.0,52.35566248969936,0.0
2004-04-17,1.5313640329617062,0.12536223005105512,53.761664292610014,0.0
2004-04-18,1.5313640329617062,3.9467956606448618,51.34623266492686,0.0
2004-04-19,1.5313640329617062,25.674582395760265,27.2030143021283,0.0
2004-04-20,1.5313640329617062,3.6695604376010476,25.064817897488957,0.0
2004-04-21,1.5313640329617062,0.011021671580271824,26.58516025887039,0.0
2004-04-22,3.3582355792535137,0.0,29.9433958381239,0.0
2004-04-23,3.3582355792535137,0.0,33.301631417377415,0.0
2004-04-24,3.3582355792535137,0.0,36.65986699663093,0.0
2004-04-25,3.3582355792535137,0.0,40.01810257588445,0.0
2004-04-26,3.3582355792535137,0.0,43.376338155137965,0.0
2004-04-27,3.3582355792535137,0.0,46.73457373439148,0.0
2004-04-28,3.3582355792535137,0.0,50.092809313645,0.0
2004-04-29,3.3582355792535137,0.0,53.451044892898516,0.0
2004-04-30,2.7619801260300543,0.0,56.21302501892857,0.0
2004-05-01,2.7619801260300543,0.0,58.97500514495862,0.0
2004-05-02,2.7619801260300543,0.0,61.736985270988676,0.0
2004-05-03,2.7619801260300543,0.0,64.49896539701874,0.0
2004-05-04,2.7619801260300543,0.0,67.26094552304879,0.0
2004-05-05,2.7619801260300543,0.0,70.02292564907884,0.0
2004-05-06,2.7619801260300543,0.12294736698315976,72.66195840812574,0.0
2004-05-07,2.7619801260300543,0.0,75.4239385341558,0.0
2004-05-08,2.614254483761511,0.0,78.03819301791731,0.0
2004-05-09,2.614254483761511,0.0,80.65244750167882,0.0
2004-05-10,2.614254483761511,0.0,83.26670198544033,0.0
2004-05-11,2.614254483761511,0.0,85.88095646920185,0.0
2004-05-12,2.614254483761511,0.0,88.49521095296336,0.0
2004-05-13,2.614254483761511,0.0,91.10946543672488,0.0
2004-05-14,2.614254483761511,0.0,93.72371992048639,0.0
2004-05-15,2.614254483761511,0.0,96.3379744042479,0.0
2004-05-16,1.686741638390693,0.0,98.0247160426386,0.0
2004-05-17,1.686741638390693,0.0,99.7114576810293,0.0
2004-05-18,1.686741638390693,0.0,101.39819931942,0.0
2004-05-19,1.686741638390693,0.0,103.0849409578107,0.0
2004-05-20,1.686741638390693,0.0,104.7716825962014,0.0
2004-05-21,1.686741638390693,0.0,106.4584242345921,0.0
2004-05-22,1.686741638390693,0.0,108.1451658729828,0.0
2004-05-23,1.686741638390693,0.0,109.8319075113735,0.0
2004-05-24,2.0892525448376142,0.0,111.92116005621112,0.0
2004-05-25,2.0892525448376142,0.0,114.01041260104874,0.0
2004-05-26,2.0892525448376142,0.0,116.09966514588636,0.0
2004-05-27,2.0892525448376142,0.0,118.18891769072398,0.0
2004-05-28,2.0892525448376142,1.2580247370082156,119.02014549855339,0.0
2004-05-29,2.0892525448376142,0.0,121.10939804339101,0.0
2004-05-30,2.0892525448376142,0.0,123.19865058822863,0.0
2004-05-31,2.0892525448376142,0.0,125.28790313306625,0.0
2004-06-01,2.262854095976733,0.0,127.55075722904299,0.0
2004-06-02,2.262854095976733,0.0,129.8136113250197,0.0
2004-06-03,2.262854095976733,0.0,132.07646542099644,0.0
2004-06-04,2.262854095976733,0.0,134.33931951697318,0.0
2004-06-05,2.262854095976733,0.0,136.6021736129499,0.0
2004-06-06,2.262854095976733,0.0,138.86502770892665,0.0
2004-06-07,2.262854095976733,0.0,141.12788180490338,0.0
2004-06-08,2.262854095976733,0.0,143.39073590088012,0.0
2004-06-09,2.4468889966068836,0.0,145.837624897487,0.0
2004-06-10,2.4468889966068836,0.0,148.28451389409386,0.0
2004-06-11,2.4468889966068836,0.0,150.73140289070074,0.0
2004-06-12,2.4468889966068836,0.0,153.1782918873076,0.0
2004-06-13,2.4468889966068836,0.0,155.62518088391448,0.0
2004-06-14,2.4468889966068836,0.0,158.07206988052135,0.0
2004-06-15,2.4468889966068836,0.0,160.51895887712823,0.0
2004-06-16,2.4468889966068836,0.0,162.9658478737351,0.0
2004-06-17,1.7851745031507507,0.0,164.75102237688586,0.0
2004-06-18,1.7851745031507507,0.0,166.5361968800366,0.0
2004-06-19,1.7851745031507507,0.0,168.32137138318737,0.0
2004-06-20,1.7851745031507507,0.0,170.10654588633813,0.0
2004-06-21,1.7851745031507507,0.0,171.89172038948888,0.0
2004-06-22,1.7851745031507507,0.0,173.67689489263964,0.0
2004-06-23,1.7851745031507507,0.0,175.4620693957904,0.0
2004-06-24,1.7851745031507507,0.0,177.24724389894115,0.0
2004-06-25,2.046702375181774,0.0,179.29394627412293,0.0
2004-06-26,2.046702375181774,0.0,181.3406486493047,0.0
2004-06-27,2.046702375181774,0.0,183.3873510244865,0.0
2004-06-28,2.046702375181774,0.0,185.43405339966827,0.0
2004-06-29,2.046702375181774,0.0,187.48075577485005,0.0
2004-06-30,2.046702375181774,0.0,189.52745815003183,0.0
2004-07-01,2.046702375181774,0.0,191.5741605252136,0.0
2004-07-02,2.046702375181774,0.0,193.6208629003954,0.0
2004-07-03,1.9323160445952499,0.0,195.55317894499063,0.0
2004-07-04,1.9323160445952499,0.0,197.48549498958587,0.0
2004-07-05,1.9323160445952499,0.0,199.4178110341811,0.0
2004-07-06,1.9323160445952499,0.0,201.35012707877635,0.0
2004-07-07,1.9323160445952499,0.0,203.2824431233716,0.0
2004-07-08,1.9323160445952499,0.0,205.21475916796683,0.0
2004-07-09,1.9323160445952499,0.0,207.14707521256207,0.0
2004-07-10,1.9323160445952499,0.0,209.0793912571573,0.0
2004-07-11,2.1325123606398426,0.0,211.21190361779716,0.0
2004-07-12,2.1325123606398426,0.0,213.344415978437,0.0
2004-07-13,2.1325123606398426,0.0,215.47692833907686,0.0
2004-07-14,2.1325123606398426,0.0,217.6094406997167,0.0
2004-07-15,2.1325123606398426,0.0,219.74195306035656,0.0
2004-07-16,2.1325123606398426,0.0,221.87446542099642,0.0
2004-07-17,2.1325123606398426,0.0,224.00697778163627,0.0
2004-07-18,2.1325123606398426,0.0,226.13949014227612,0.0
2004-07-19,1.9512535142995628,0.0,228.09074365657568,0.0
2004-07-20,1.9512535142995628,0.0,230.04199717087525,0.0
2004-07-21,1.9512535142995628,0.0,231.99325068517481,0.0
2004-07-22,1.9512535142995628,0.0,233.94450419947438,0.0
2004-07-23,1.9512535142995628,0.006287925990569425,235.88946978778338,0.0
2004-07-24,1.9512535142995628,0.0,237.84072330208295,0.0
2004-07-25,1.9512535142995628,0.0,239.79197681638252,0.0
2004-07-26,1.9512535142995628,0.0,241.74323033068208,0.0
2004-07-27,1.5479810954920017,0.0,243.29121142617407,0.0
2004-07-28,1.5479810954920017,0.0,244.83919252166606,0.0
2004-07-29,1.5479810954920017,0.0,246.38717361715806,0.0
2004-07-30,1.5479810954920017,0.0,247.93515471265005,0.0
2004-07-31,1.5479810954920017,0.0,249.48313580814204,0.0
2004-08-01,1.5479810954920017,0.0,251.03111690363403,0.0
2004-08-02,1.5479810954920017,0.0,252.57909799912602,0.0
2004-08-03,1.5479810954920017,0.0,254.127079094618,0.0
2004-08-04,1.9660266602035867,0.0,256.0931057548216,0.0
2004-08-05,1.9660266602035867,0.0,258.05913241502515,0.0
2004-08-06,1.9660266602035867,0.0,260.0251590752287,0.0
2004-08-07,1.9660266602035867,0.0,261.9911857354323,0.0
2004-08-08,1.9660266602035867,0.0,263.95721239563585,0.0
2004-08-09,1.9660266602035867,0.0,265.9232390558394,0.0
2004-08-10,1.9660266602035867,0.0,267.889265716043,0.0
2004-08-11,1.9660266602035867,0.0,269.85529237624655,0.0
2004-08-12,1.909406204556471,0.0,271.76469858080304,0.0
2004-08-13,1.909406204556471,0.0,273.67410478535953,0.0
2004-08-14,1.909406204556471,0.0,275.583510989916,0.0
2004-08-15,1.909406204556471,0.0,277.4929171944725,0.0
2004-08-16,1.909406204556471,0.0,279.402323399029,0.0
2004-08-17,1.909406204556471,0.0,281.3117296035855,0.0
2004-08-18,1.909406204556471,0.0,283.221135808142,0.0
2004-08-19,1.909406204556471,0.0014055727551411548,285.12913643994335,0.0
2004-08-20,1.667792050412022,0.0,286.79692849035536,0.0
2004-08-21,1.667792050412022,0.0,288.46472054076736,0.0
2004-08-22,1.667792050412022,0.0,290.13251259117936,0.0
2004-08-23,1.667792050412022,0.0,291.80030464159137,0.0
2004-08-24,1.667792050412022,0.0,293.46809669200337,0.0
2004-08-25,1.667792050412022,0.0,295.1358887424154,0.0
2004-08-26,1.667792050412022,0.0,296.8036807928274,0.0
2004-08-27,1.667792050412022,0.0,298.4714728432394,0.0
2004-08-28,2.1599806107610284,0.0,300.6314534540004,0.0
2004-08-29,2.1599806107610284,0.0,302.7914340647614,0.0
2004-08-30,2.1599806107610284,0.0,304.9514146755224,0.0
2004-08-31,2.1599806107610284,0.0,307.1113952862834,0.0
2004-09-01,2.1599806107610284,0.0,309.27137589704444,0.0
2004-09-02,2.1599806107610284,0.0,311.43135650780545,0.0
2004-09-03,2.1599806107610284,0.0,313.59133711856646,0.0
2004-09-04,2.1599806107610284,0.0,315.75131772932747,0.0
2004-09-05,2.181411051866214,0.0,317.9327287811937,0.0
2004-09-06,2.181411051866214,0.0,320.11413983305994,0.0
2004-09-07,2.181411051866214,0.0,322.2955508849262,0.0
2004-09-08,2.181411051866214,0.0,324.4769619367924,0.0
2004-09-09,2.181411051866214,0.0,326.65837298865864,0.0
2004-09-10,2.181411051866214,0.0,328.8397840405249,0.0
2004-09-11,2.181411051866214,0.0,331.0211950923911,0.0
2004-09-12,2.181411051866214,0.0,333.20260614425735,0.0
2004-09-13,1.8600877363063502,0.0,335.0626938805637,0.0
2004-09-14,1.8600877363063502,0.0,336.92278161687005,0.0
2004-09-15,1.8600877363063502,0.0,338.7828693531764,0.0
2004-09-16,1.8600877363063502,0.0,340.64295708948276,0.0
2004-09-17,1.8600877363063502,0.0,342.5030448257891,0.0
2004-09-18,1.8600877363063502,1.3658576030111163,342.99727495908434,0.0
2004-09-19,1.8600877363063502,0.5149164085392479,344.34244628685144,0.0
2004-09-20,1.8600877363063502,0.0,346.2025340231578,0.0
2004-09-21,1.6595395055744053,0.0,347.8620735287322,0.0
2004-09-22,1.6595395055744053,0.0,349.5216130343066,0.0
2004-09-23,1.6595395055744053,0.0,351.181152539881,0.0
2004-09-24,1.6595395055744053,0.0,352.8406920454554,0.0
2004-09-25,1.6595395055744053,0.0,354.5002315510298,0.0
2004-09-26,1.6595395055744053,0.0,356.1597710566042,0.0
2004-09-27,1.6595395055744053,0.0,357.8193105621786,0.0
2004-09-28,1.6595395055744053,0.0,359.478850067753,0.0
2004-09-29,1.104526902569074,0.0,360.5833769703221,0.0
2004-09-30,1.104526902569074,0.0,361.6879038728912,0.0
2004-10-01,1.104526902569074,0.0,362.7924307754603,0.0
2004-10-02,1.104526902569074,0.0,363.89695767802937,0.0
2004-10-03,1.104526902569074,0.0,365.00148458059846,0.0
2004-10-04,1.104526902569074,0.0,366.10601148316755,0.0
2004-10-05,1.104526902569074,0.0,367.21053838573664,0.0
2004-10-06,1.104526902569074,0.0,368.31506528830573,0.0
2004-10-07,1.731871061560834,0.0,370.04693634986654,0.0
2004-10-08,1.731871061560834,0.0,371.77880741142735,0.0
2004-10-09,1.731871061560834,0.0,373.51067847298816,0.0
2004-10-10,1.731871061560834,0.0,375.24254953454897,0.0
2004-10-11,1.731871061560834,0.0,376.9744205961098,0.0
2004-10-12,1.731871061560834,0.0,378.7062916576706,0.0
2004-10-13,1.731871061560834,0.0,380.4381627192314,0.0
2004-10-14,1.731871061560834,0.0,382.1700337807922,0.0
2004-10-15,1.3347144934561324,0.0,383.50474827424836,0.0
2004-10-16,1.3347144934561324,6.256860589833451,378.5826021778711,0.0
2004-10-17,1.3347144934561324,10.239637782330112,369.6776788889971,0.0
2004-10-18,1.3347144934561324,37.62990166159237,333.38249172086086,0.0
2004-10-19,1.3347144934561324,18.638851027001536,316.0783551873155,0.0
2004-10-20,1.3347144934561324,0.020160991617769644,317.39290868915384,0.0
2004-10-21,1.3347144934561324,0.0,318.72762318261,0.0
2004-10-22,1.3347144934561324,2.4257770411370334,317.6365606349291,0.0
2004-10-23,1.110556955889481,5.104102049080579,313.643015541738,0.0
2004-10-24,1.110556955889481,0.0,314.7535724976275,0.0
2004-10-25,1.110556955889481,31.712288499247546,284.1518409542694,0.0
2004-10-26,1.110556955889481,0.6118854466975656,284.6505124634613,0.0
2004-10-27,1.110556955889481,0.0,285.7610694193508,0.0
2004-10-28,1.110556955889481,0.0,286.8716263752403,0.0
2004-10-29,1.110556955889481,0.0,287.98218333112976,0.0
2004-10-30,1.110556955889481,0.0,289.09274028701924,0.0
2004-10-31,1.1929461948618516,0.0,290.2856864818811,0.0
2004-11-01,1.1929461948618516,0.0,291.47863267674296,0.0
2004-11-02,1.1929461948618516,0.0,292.6715788716048,0.0
2004-11-03,1.1929461948618516,6.730947487125454,287.13357757934125,0.0
2004-11-04,1.1929461948618516,0.0,288.3265237742031,0.0
2004-11-05,1.1929461948618516,0.0,289.51946996906497,0.0
2004-11-06,1.1929461948618516,0.0,290.71241616392683,0.0
2004-11-07,1.1929461948618516,0.0,291.9053623587887,0.0
2004-11-08,0.928571013087736,0.0,292.8339333718764,0.0
2004-11-09,0.928571013087736,15.148838949646372,278.6136654353178,0.0
2004-11-10,0.928571013087736,21.032609791947593,258.5096266564579,0.0
2004-11-11,0.928571013087736,10.968067947186919,248.4701297223587,0.0
2004-11-12,0.928571013087736,0.9029133223896793,248.49578741305677,0.0
2004-11-13,0.928571013087736,0.0,249.42435842614452,0.0
2004-11-14,0.928571013087736,0.0,250.35292943923227,0.0
2004-11-15,0.928571013087736,0.0,251.28150045232002,0.0
2004-11-16,0.8017581192438193,0.0,252.08325857156385,0.0
2004-11-17,0.8017581192438193,0.0,252.88501669080767,0.0
2004-11-18,0.8017581192438193,0.0,253.6867748100515,0.0
2004-11-19,0.8017581192438193,0.0,254.48853292929533,0.0
2004-11-20,0.8017581192438193,0.0,255.29029104853916,0.0
2004-11-21,0.8017581192438193,0.0,256.092049167783,0.0
2004-11-22,0.8017581192438193,0.0,256.8938072870268,0.0
2004-11-23,0.8017581192438193,0.0,257.6955654062706,0.0
2004-11-24,0.773293746970431,0.0,258.468859153241,0.0
2004-11-25,0.773293746970431,0.5015386922152326,258.7406142079962,0.0
2004-11-26,0.773293746970431,23.668898065761887,235.84500988920473,0.0
2004-11-27,0.773293746970431,3.2992538847605872,233.31904975141458,0.0
2004-11-28,0.773293746970431,0.0,234.09234349838502,0.0
2004-11-29,0.773293746970431,0.0,234.86563724535546,0.0
2004-11-30,0.773293746970431,0.0,235.6389309923259,0.0
2004-12-01,0.773293746970431,0.0,236.41222473929633,0.0
2004-12-02,0.890142995637421,0.0,237.30236773493377,0.0
2004-12-03,0.890142995637421,0.0,238.1925107305712,0.0
2004-12-04,0.890142995637421,0.0,239.08265372620863,0.0
2004-12-05,0.890142995637421,0.0,239.97279672184607,0.0
2004-12-06,0.890142995637421,63.644012108675824,177.2189276088077,0.0
2004-12-07,0.890142995637421,85.81476075730455,92.29430984714057,0.0
2004-12-08,0.890142995637421,11.959257232146363,81.22519561063163,0.0
2004-12-09,0.890142995637421,0.0,82.11533860626905,0.0
2004-12-10,0.539842947164324,0.0,82.65518155343338,0.0
2004-12-11,0.539842947164324,0.0,83.1950245005977,0.0
2004-12-12,0.539842947164324,4.214798824705944,79.52006862305608,0.0
2004-12-13,0.539842947164324,1.0423126960801816,79.01759887414022,0.0
2004-12-14,0.539842947164324,0.014430340667811707,79.54301148063672,0.0
2004-12-15,0.539842947164324,0.0,80.08285442780104,0.0
2004-12-16,0.539842947164324,0.008690402603739924,80.61400697236162,0.0
2004-12-17,0.539842947164324,0.0,81.15384991952595,0.0
2004-12-18,0.5441226369364998,0.0,81.69797255646245,0.0
2004-12-19,0.5441226369364998,0.009198142279043284,82.23289705111989,0.0
2004-12-20,0.5441226369364998,0.008690402603739924,82.76832928545265,0.0
2004-12-21,0.5441226369364998,0.0,83.31245192238916,0.0
2004-12-22,0.5441226369364998,0.0,83.85657455932565,0.0
2004-12-23,0.5441226369364998,0.0,84.40069719626214,0.0
2004-12-24,0.5441226369364998,0.0,84.94481983319864,0.0
2004-12-25,0.5441226369364998,0.18030340663350586,85.30863906350163,0.0
2004-12-26,0.8799287445467772,70.77260375834838,15.415964049700023,0.0
2004-12-27,0.8799287445467772,33.473019189509806,0.0,17.177126395263006
2004-12-28,0.8799287445467772,8.11921694994711,0.0,7.239288205400332
2004-12-29,0.8799287445467772,31.591384657396247,0.0,30.71145591284947
2004-12-30,0.8799287445467772,13.641851277543294,0.0,12.761922532996516
2004-12-31,0.8799287445467772,20.32734038881473,0.0,19.44741164426795
2005-01-01,0.60053320407174,11.860637561455597,0.0,11.260104357383858
2005-01-02,0.60053320407174,18.566875729398458,0.0,17.966342525326716
2005-01-03,0.60053320407174,2.406721447274412,0.0,1.806188243202672
2005-01-04,0.60053320407174,1.5311795703766884,0.0,0.9306463663049483
2005-01-05,0.60053320407174,0.9813931934051098,0.0,0.38085998933336973
2005-01-06,0.60053320407174,15.039043302506482,0.0,14.438510098434742
2005-01-07,0.60053320407174,22.18336189199158,0.0,21.58282868791984
2005-01-08,0.60053320407174,12.39142093717498,0.0,11.79088773310324
2005-01-09,0.6017033446437228,0.48644272851413134,0.11526061612959143,0.0
2005-01-10,0.6017033446437228,35.05634728895252,0.0,34.33938332817921
2005-01-11,0.6017033446437228,1.7347801728145258,0.0,1.133076828170803
2005-01-12,0.6017033446437228,0.0,0.6017033446437228,0.0
2005-01-13,0.6017033446437228,0.0,1.2034066892874455,0.0
2005-01-14,0.6017033446437228,0.0,1.8051100339311683,0.0
2005-01-15,0.6017033446437228,0.0,2.406813378574891,0.0
2005-01-16,0.6017033446437228,0.0,3.008516723218614,0.0
2005-01-17,0.5779844886088216,0.0,3.5865012118274358,0.0
2005-01-18,0.5779844886088216,0.0,4.164485700436257,0.0
2005-01-19,0.5779844886088216,0.0,4.742470189045079,0.0
2005-01-20,0.5779844886088216,0.00970897848945653,5.310745699164444,0.0
2005-01-21,0.5779844886088216,0.0,5.888730187773266,0.0
2005-01-22,0.5779844886088216,0.0,6.466714676382088,0.0
2005-01-23,0.5779844886088216,0.0,7.044699164990909,0.0
2005-01-24,0.5779844886088216,0.0,7.622683653599731,0.0
2005-01-25,0.9353795443528842,17.44170262422355,0.0,8.883639426270934
2005-01-26,0.9353795443528842,2.859820428832027,0.0,1.9244408844791425
2005-01-27,0.9353795443528842,22.711002934458822,0.0,21.775623390105938
2005-01-28,0.9353795443528842,2.5999938504245623,0.0,1.664614306071678
2005-01-29,0.9353795443528842,0.0,0.9353795443528842,0.0
2005-01-30,0.9353795443528842,0.0,1.8707590887057683,0.0
2005-01-31,0.9353795443528842,0.0,2.8061386330586524,0.0
2005-02-01,0.9353795443528842,0.0,3.7415181774115367,0.0
2005-02-02,0.8793780901599609,0.0,4.6208962675714975,0.0
2005-02-03,0.8793780901599609,0.0,5.500274357731459,0.0
2005-02-04,0.8793780901599609,0.0,6.37965244789142,0.0
2005-02-05,0.8793780901599609,0.0,7.259030538051381,0.0
2005-02-06,0.8793780901599609,4.809027883659575,3.3293807445517674,0.0
2005-02-07,0.8793780901599609,0.0,4.208758834711729,0.0
2005-02-08,0.8793780901599609,0.0,5.08813692487169,0.0
2005-02-09,0.8793780901599609,0.0,5.967515015031651,0.0
2005-02-10,0.9409054774600094,0.0,6.90842049249166,0.0
2005-02-11,0.9409054774600094,0.0,7.8493259699516695,0.0
2005-02-12,0.9409054774600094,0.0,8.79023144741168,0.0
2005-02-13,0.9409054774600094,1.7324117372279562,7.998725187643734,0.0
2005-02-14,0.9409054774600094,8.318548038648007,0.6210826264557365,0.0
2005-02-15,0.9409054774600094,12.452281718652683,0.0,10.890293614736937
2005-02-16,0.9409054774600094,2.3775324799328024,0.0,1.436627002472793
2005-02-17,0.9409054774600094,15.999485990211317,0.0,15.058580512751307
2005-02-18,1.0948671837130388,16.539189061144185,0.0,15.444321877431147
2005-02-19,1.0948671837130388,17.562448749601284,0.0,16.467581565888246
2005-02-20,1.0948671837130388,17.48040579863746,0.0,16.38553861492442
2005-02-21,1.0948671837130388,7.768575758387797,0.0,6.673708574674759
2005-02-22,1.0948671837130388,0.0,1.0948671837130388,0.0
2005-02-23,1.0948671837130388,0.0,2.1897343674260776,0.0
2005-02-24,1.0948671837130388,0.0,3.2846015511391164,0.0
2005-02-25,1.0948671837130388,0.0,4.379468734852155,0.0
2005-02-26,1.3282748424624329,9.273606911532282,0.0,3.5658633342176937
2005-02-27,1.3282748424624329,33.66318006485977,0.0,32.33490522239734
2005-02-28,1.3282748424624329,0.001213622328482176,1.3270612201339507,0.0
2005-03-01,1.3282748424624329,18.603805335313538,0.0,15.948469272717155
2005-03-02,1.3282748424624329,0.0,1.3282748424624329,0.0
2005-03-03,1.3282748424624329,12.532319125007179,0.0,9.875769440082314
2005-03-04,1.3282748424624329,0.91521051273488,0.4130643297275529,0.0
2005-03-05,1.3282748424624329,0.0,1.7413391721899858,0.0
2005-03-06,1.8889650993698492,0.0,3.630304271559835,0.0
2005-03-07,1.8889650993698492,0.0,5.519269370929684,0.0
2005-03-08,1.8889650993698492,0.0,7.408234470299533,0.0
2005-03-09,1.8889650993698492,0.0,9.297199569669383,0.0
2005-03-10,1.8889650993698492,0.0,11.186164669039233,0.0
2005-03-11,1.8889650993698492,0.0,13.075129768409083,0.0
2005-03-12,1.8889650993698492,0.0,14.964094867778932,0.0
2005-03-13,1.8889650993698492,0.0,16.85305996714878,0.0
2005-03-14,1.6992646631119728,0.0,18.552324630260753,0.0
2005-03-15,1.6992646631119728,0.0,20.251589293372724,0.0
2005-03-16,1.6992646631119728,0.0,21.950853956484696,0.0
2005-03-17,1.6992646631119728,0.0,23.650118619596668,0.0
2005-03-18,1.6992646631119728,54.759530153067836,0.0,29.410146870359196
2005-03-19,1.6992646631119728,9.952018725982759,0.0,8.252754062870785
2005-03-20,1.6992646631119728,13.774987607548477,0.0,12.075722944436503
2005-03-21,1.6992646631119728,62.49700053778963,0.0,60.797735874677656
2005-03-22,1.7104813378574888,14.690597667044527,0.0,12.980116329187037
2005-03-23,1.7104813378574888,0.0,1.7104813378574888,0.0
2005-03-24,1.7104813378574888,0.0,3.4209626757149776,0.0
2005-03-25,1.7104813378574888,0.0,5.131444013572466,0.0
2005-03-26,1.7104813378574888,0.0,6.841925351429955,0.0
2005-03-27,1.7104813378574888,36.34634423034478,0.0,27.79393754105734
2005-03-28,1.7104813378574888,8.044445820268093,0.0,6.333964482410604
2005-03-29,1.7104813378574888,1.108885439464551,0.6015958983929377,0.0
2005-03-30,2.0662510906446907,0.0,2.6678469890376286,0.0
2005-03-31,2.0662510906446907,0.0,4.734098079682319,0.0
2005-04-01,2.0662510906446907,0.0,6.80034917032701,0.0
2005-04-02,2.0662510906446907,0.0,8.866600260971701,0.0
2005-04-03,2.0662510906446907,23.103065183657236,0.0,12.170213832040844
2005-04-04,2.0662510906446907,0.0,2.0662510906446907,0.0
2005-04-05,2.0662510906446907,0.0,4.132502181289381,0.0
2005-04-06,2.0662510906446907,9.900186045620092,0.0,3.7014327736860206
2005-04-07,2.086586039747939,15.40086393976359,0.0,13.314277900015652
2005-04-08,2.086586039747939,8.643393323148365,0.0,6.556807283400426
2005-04-09,2.086586039747939,0.00037461301548285375,2.0862114267324565,0.0
2005-04-10,2.086586039747939,0.0,4.172797466480396,0.0
2005-04-11,2.086586039747939,0.0,6.259383506228335,0.0
2005-04-12,2.086586039747939,0.0,8.345969545976274,0.0
2005-04-13,2.086586039747939,0.0,10.432555585724213,0.0
2005-04-14,2.086586039747939,0.0,12.519141625472152,0.0
2005-04-15,2.376482792050412,0.0,14.895624417522564,0.0
2005-04-16,2.376482792050412,0.0,17.272107209572976,0.0
2005-04-17,2.376482792050412,0.0,19.64859000162339,0.0
2005-04-18,2.376482792050412,0.0,22.0250727936738,0.0
2005-04-19,2.376482792050412,0.0,24.40155558572421,0.0
2005-04-20,2.376482792050412,0.0,26.77803837777462,0.0
2005-04-21,2.376482792050412,0.0,29.15452116982503,0.0
2005-04-22,2.376482792050412,7.96614555382507,23.56485840805037,0.0
2005-04-23,2.0232888996606873,1.845876106283059,23.742271201428,0.0
2005-04-24,2.0232888996606873,0.0,25.76556010108869,0.0
2005-04-25,2.0232888996606873,0.0,27.788849000749376,0.0
2005-04-26,2.0232888996606873,0.0,29.812137900410065,0.0
2005-04-27,2.0232888996606873,0.7809566571247467,31.054470142946005,0.0
2005-04-28,2.0232888996606873,0.0,33.077759042606694,0.0
2005-04-29,2.0232888996606873,0.0,35.10104794226738,0.0
2005-04-30,2.0232888996606873,0.0,37.12433684192806,0.0
2005-05-01,1.8994163839069316,0.0,39.023753225834994,0.0
2005-05-02,1.8994163839069316,0.0,40.923169609741926,0.0
2005-05-03,1.8994163839069316,0.14612074044097687,42.67646525320788,0.0
2005-05-04,1.8994163839069316,22.225271750529853,22.35060988658496,0.0
2005-05-05,1.8994163839069316,0.1590743054424617,24.090951965049427,0.0
2005-05-06,1.8994163839069316,0.7164953611214462,25.273872987834913,0.0
2005-05-07,1.8994163839069316,18.975340521372505,8.19794885036934,0.0
2005-05-08,1.8994163839069316,46.74831036074611,0.0,36.650945126469836
2005-05-09,2.3328909355307808,1.7920464224905788,0.540844513040202,0.0
2005-05-10,2.3328909355307808,0.0,2.873735448570983,0.0
2005-05-11,2.3328909355307808,0.0,5.206626384101764,0.0
2005-05-12,2.3328909355307808,0.0,7.5395173196325445,0.0
2005-05-13,2.3328909355307808,0.0,9.872408255163325,0.0
2005-05-14,2.3328909355307808,0.0,12.205299190694106,0.0
2005-05-15,2.3328909355307808,0.0,14.538190126224887,0.0
2005-05-16,2.3328909355307808,0.0,16.871081061755667,0.0
2005-05-17,2.6632249151720777,32.39926559637205,0.0,12.864959619444303
2005-05-18,2.6632249151720777,52.83003880881673,0.0,50.16681389364465
2005-05-19,2.6632249151720777,1.0534240995121442,1.6098008156599335,0.0
2005-05-20,2.6632249151720777,0.0,4.273025730832011,0.0
2005-05-21,2.6632249151720777,0.0,6.936250646004089,0.0
2005-05-22,2.6632249151720777,0.0,9.599475561176167,0.0
2005-05-23,2.6632249151720777,0.0,12.262700476348245,0.0
2005-05-24,2.6632249151720777,0.0,14.925925391520323,0.0
2005-05-25,2.774436742607853,0.0,17.700362134128177,0.0
2005-05-26,2.774436742607853,0.0,20.47479887673603,0.0
2005-05-27,2.774436742607853,0.0,23.249235619343885,0.0
2005-05-28,2.774436742607853,0.0,26.02367236195174,0.0
2005-05-29,2.774436742607853,0.0,28.798109104559593,0.0
2005-05-30,2.774436742607853,0.0,31.572545847167447,0.0
2005-05-31,2.774436742607853,0.0,34.3469825897753,0.0
2005-06-01,2.774436742607853,0.0,37.121419332383155,0.0
2005-06-02,2.631726126999514,0.0,39.75314545938267,0.0
2005-06-03,2.631726126999514,0.0,42.38487158638219,0.0
2005-06-04,2.631726126999514,0.0,45.01659771338171,0.0
2005-06-05,2.631726126999514,0.0,47.648323840381224,0.0
2005-06-06,2.631726126999514,0.0,50.28004996738074,0.0
2005-06-07,2.631726126999514,1.2059257012033608,51.705850393176895,0.0
2005-06-08,2.631726126999514,10.264900860033535,44.07267566014288,0.0
2005-06-09,2.631726126999514,0.0,46.704401787142395,0.0
2005-06-10,3.008421231216674,0.0,49.71282301835907,0.0
2005-06-11,3.008421231216674,0.0,52.72124424957574,0.0
2005-06-12,3.008421231216674,0.0,55.72966548079241,0.0
2005-06-13,3.008421231216674,0.0,58.738086712009085,0.0
2005-06-14,3.008421231216674,0.0,61.74650794322576,0.0
2005-06-15,3.008421231216674,0.0,64.75492917444244,0.0
2005-06-16,3.008421231216674,14.79315809421126,52.97019231144785,0.0
2005-06-17,3.008421231216674,2.1018296786506103,53.876783864013916,0.0
2005-06-18,2.1486131846825005,0.26145820379626267,55.76393884490016,0.0
2005-06-19,2.1486131846825005,0.0,57.91255202958266,0.0
2005-06-20,2.1486131846825005,0.0,60.061165214265166,0.0
2005-06-21,2.1486131846825005,0.0,62.20977839894767,0.0
2005-06-22,2.1486131846825005,0.0,64.35839158363017,0.0
2005-06-23,2.1486131846825005,0.0,66.50700476831267,0.0
2005-06-24,2.1486131846825005,0.0,68.65561795299517,0.0
2005-06-25,2.1486131846825005,0.0,70.80423113767768,0.0
2005-06-26,2.871667959282599,0.0,73.67589909696028,0.0
2005-06-27,2.871667959282599,0.0,76.54756705624288,0.0
2005-06-28,2.871667959282599,0.0,79.41923501552549,0.0
2005-06-29,2.871667959282599,0.0,82.29090297480809,0.0
2005-06-30,2.871667959282599,0.0,85.1625709340907,0.0
2005-07-01,2.871667959282599,0.0,88.0342388933733,0.0
2005-07-02,2.871667959282599,0.0,90.9059068526559,0.0
2005-07-03,2.871667959282599,0.0,93.7775748119385,0.0
2005-07-04,2.6857925351429945,0.0,96.4633673470815,0.0
2005-07-05,2.6857925351429945,0.0,99.1491598822245,0.0
2005-07-06,2.6857925351429945,0.0,101.83495241736749,0.0
2005-07-07,2.6857925351429945,0.0,104.52074495251048,0.0
2005-07-08,2.6857925351429945,0.0,107.20653748765348,0.0
2005-07-09,2.6857925351429945,0.0,109.89233002279647,0.0
2005-07-10,2.6857925351429945,0.0,112.57812255793947,0.0
2005-07-11,2.6857925351429945,0.0,115.26391509308246,0.0
2005-07-12,2.7584100824042648,0.0,118.02232517548673,0.0
2005-07-13,2.7584100824042648,0.0,120.780735257891,0.0
2005-07-14,2.7584100824042648,0.0,123.53914534029526,0.0
2005-07-15,2.7584100824042648,0.0,126.29755542269953,0.0
2005-07-16,2.7584100824042648,0.0,129.05596550510379,0.0
2005-07-17,2.7584100824042648,0.0,131.81437558750804,0.0
2005-07-18,2.7584100824042648,0.0,134.5727856699123,0.0
2005-07-19,2.7584100824042648,0.0,137.33119575231655,0.0
2005-07-20,2.5359205041202113,0.0,139.86711625643676,0.0
2005-07-21,2.5359205041202113,0.0,142.40303676055697,0.0
2005-07-22,2.5359205041202113,0.0,144.93895726467719,0.0
2005-07-23,2.5359205041202113,0.0,147.4748777687974,0.0
2005-07-24,2.5359205041202113,0.0,150.0107982729176,0.0
2005-07-25,2.5359205041202113,0.0,152.54671877703782,0.0
2005-07-26,2.5359205041202113,0.0,155.08263928115804,0.0
2005-07-27,2.5359205041202113,0.0,157.61855978527825,0.0
2005-07-28,2.3546461463887542,0.0,159.973205931667,0.0
2005-07-29,2.3546461463887542,0.0,162.32785207805574,0.0
2005-07-30,2.3546461463887542,0.0,164.6824982244445,0.0
2005-07-31,2.3546461463887542,0.0,167.03714437083323,0.0
2005-08-01,2.3546461463887542,0.0,169.39179051722198,0.0
2005-08-02,2.3546461463887542,0.0,171.74643666361072,0.0
2005-08-03,2.3546461463887542,0.0,174.10108280999947,0.0
2005-08-04,2.3546461463887542,0.0,176.4557289563882,0.0
2005-08-05,2.3553514299563747,0.0,178.8110803863446,0.0
2005-08-06,2.3553514299563747,0.0,181.16643181630099,0.0
2005-08-07,2.3553514299563747,0.0,183.52178324625737,0.0
2005-08-08,2.3553514299563747,0.0,185.87713467621376,0.0
2005-08-09,2.3553514299563747,0.0,188.23248610617014,0.0
2005-08-10,2.3553514299563747,0.0,190.58783753612653,0.0
2005-08-11,2.3553514299563747,0.0,192.94318896608291,0.0
2005-08-12,2.3553514299563747,0.0,195.2985403960393,0.0
2005-08-13,1.7501289384391654,0.0,197.04866933447846,0.0
2005-08-14,1.7501289384391654,0.0,198.79879827291762,0.0
2005-08-15,1.7501289384391654,0.0,200.54892721135678,0.0
2005-08-16,1.7501289384391654,0.0,202.29905614979594,0.0
2005-08-17,1.7501289384391654,0.0,204.0491850882351,0.0
2005-08-18,1.7501289384391654,0.0,205.79931402667427,0.0
2005-08-19,1.7501289384391654,0.0,207.54944296511343,0.0
2005-08-20,1.7501289384391654,0.0,209.2995719035526,0.0
2005-08-21,1.9760465341735336,0.0,211.2756184377261,0.0
2005-08-22,1.9760465341735336,0.0,213.25166497189963,0.0
2005-08-23,1.9760465341735336,0.0,215.22771150607315,0.0
2005-08-24,1.9760465341735336,0.0,217.20375804024667,0.0
2005-08-25,1.9760465341735336,0.0,219.1798045744202,0.0
2005-08-26,1.9760465341735336,0.0,221.1558511085937,0.0
2005-08-27,1.9760465341735336,0.0,223.13189764276723,0.0
2005-08-28,1.9760465341735336,0.0,225.10794417694075,0.0
2005-08-29,2.167704798836645,0.0,227.2756489757774,0.0
2005-08-30,2.167704798836645,0.0,229.44335377461402,0.0
2005-08-31,2.167704798836645,0.0,231.61105857345066,0.0
2005-09-01,2.167704798836645,0.0,233.7787633722873,0.0
2005-09-02,2.167704798836645,0.0,235.94646817112394,0.0
2005-09-03,2.167704798836645,0.0,238.11417296996058,0.0
2005-09-04,2.167704798836645,0.0,240.28187776879722,0.0
2005-09-05,2.167704798836645,0.0,242.44958256763385,0.0
2005-09-06,1.4187765390208438,0.0,243.8683591066547,0.0
2005-09-07,1.4187765390208438,0.0,245.28713564567556,0.0
2005-09-08,1.4187765390208438,0.0,246.70591218469642,0.0
2005-09-09,1.4187765390208438,0.0,248.12468872371727,0.0
2005-09-10,1.4187765390208438,0.0,249.54346526273812,0.0
2005-09-11,1.4187765390208438,0.0,250.96224180175898,0.0
2005-09-12,1.4187765390208438,0.0,252.38101834077983,0.0
2005-09-13,1.4187765390208438,0.0,253.7997948798007,0.0
2005-09-14,1.473275327193407,0.0,255.2730702069941,0.0
2005-09-15,1.473275327193407,0.0,256.7463455341875,0.0
2005-09-16,1.473275327193407,0.0,258.2196208613809,0.0
2005-09-17,1.473275327193407,0.0,259.6928961885743,0.0
2005-09-18,1.473275327193407,0.0,261.1661715157677,0.0
2005-09-19,1.473275327193407,0.0,262.6394468429611,0.0
2005-09-20,1.473275327193407,0.0,264.1127221701545,0.0
2005-09-21,1.473275327193407,0.0,265.5859974973479,0.0
2005-09-22,1.7570639844886078,0.0,267.34306148183646,0.0
2005-09-23,1.7570639844886078,0.0,269.10012546632504,0.0
2005-09-24,1.7570639844886078,0.0,270.8571894508136,0.0
2005-09-25,1.7570639844886078,0.0,272.6142534353022,0.0
2005-09-26,1.7570639844886078,0.0,274.3713174197908,0.0
2005-09-27,1.7570639844886078,0.0,276.12838140427937,0.0
2005-09-28,1.7570639844886078,0.0,277.88544538876795,0.0
2005-09-29,1.7570639844886078,0.0,279.64250937325653,0.0
2005-09-30,1.4001071255453226,0.0,281.04261649880186,0.0
2005-10-01,1.4001071255453226,0.0,282.4427236243472,0.0
2005-10-02,1.4001071255453226,0.0,283.8428307498925,0.0
2005-10-03,1.4001071255453226,0.0,285.24293787543786,0.0
2005-10-04,1.4001071255453226,0.0,286.6430450009832,0.0
2005-10-05,1.4001071255453226,0.0,288.0431521265285,0.0
2005-10-06,1.4001071255453226,0.0,289.44325925207386,0.0
2005-10-07,1.4001071255453226,0.0,290.8433663776192,0.0
2005-10-08,1.3198943286476006,0.0,292.1632607062668,0.0
2005-10-09,1.3198943286476006,0.0,293.4831550349144,0.0
2005-10-10,1.3198943286476006,0.0,294.80304936356197,0.0
2005-10-11,1.3198943286476006,0.0,296.12294369220956,0.0
2005-10-12,1.3198943286476006,0.0,297.44283802085715,0.0
2005-10-13,1.3198943286476006,0.0,298.76273234950474,0.0
2005-10-14,1.3198943286476006,1.4823838573860308,298.6002428207663,0.0
2005-10-15,1.3198943286476006,0.0,299.9201371494139,0.0
2005-10-16,1.1101652932622394,0.0,301.03030244267615,0.0
2005-10-17,1.1101652932622394,0.0,302.1404677359384,0.0
2005-10-18,1.1101652932622394,0.0,303.2506330292006,0.0
2005-10-19,1.1101652932622394,0.0,304.36079832246287,0.0
2005-10-20,1.1101652932622394,0.0,305.4709636157251,0.0
2005-10-21,1.1101652932622394,0.0,306.58112890898735,0.0
2005-10-22,1.1101652932622394,0.0,307.6912942022496,0.0
2005-10-23,1.1101652932622394,0.0,308.80145949551184,0.0
2005-10-24,1.2650969461948618,0.5157615948387713,309.550794846868,0.0
2005-10-25,1.2650969461948618,8.053634681937863,302.762257111125,0.0
2005-10-26,1.2650969461948618,0.43353870335747213,303.5938153539624,0.0
2005-10-27,1.2650969461948618,22.250495154791203,282.60841714536605,0.0
2005-10-28,1.2650969461948618,16.514309180410283,267.35920491115064,0.0
2005-10-29,1.2650969461948618,0.0,268.62430185734553,0.0
2005-10-30,1.2650969461948618,0.0,269.8893988035404,0.0
2005-10-31,1.2650969461948618,0.0,271.1544957497353,0.0
2005-11-01,0.9455351429956373,0.0,272.10003089273096,0.0
2005-11-02,0.9455351429956373,0.0,273.0455660357266,0.0
2005-11-03,0.9455351429956373,15.345777511596676,258.6453236671256,0.0
2005-11-04,0.9455351429956373,0.0,259.59085881012123,0.0
2005-11-05,0.9455351429956373,1.743123835085346,258.79327011803156,0.0
2005-11-06,0.9455351429956373,8.4545635497976,251.2842417112296,0.0
2005-11-07,0.9455351429956373,34.71405535364298,217.51572150058226,0.0
2005-11-08,0.9455351429956373,0.1283034069929272,218.33295323658496,0.0
2005-11-09,1.0411143965099359,0.0,219.37406763309488,0.0
2005-11-10,1.0411143965099359,0.25850154516098284,220.15668048444383,0.0
2005-11-11,1.0411143965099359,0.0,221.19779488095375,0.0
2005-11-12,1.0411143965099359,0.0,222.23890927746368,0.0
2005-11-13,1.0411143965099359,0.0,223.2800236739736,0.0
2005-11-14,1.0411143965099359,0.0,224.32113807048353,0.0
2005-11-15,1.0411143965099359,0.0,225.36225246699345,0.0
2005-11-16,1.0411143965099359,0.0,226.40336686350338,0.0
2005-11-17,0.9585293262239453,0.0,227.36189618972733,0.0
2005-11-18,0.9585293262239453,0.0,228.32042551595129,0.0
2005-11-19,0.9585293262239453,0.0,229.27895484217524,0.0
2005-11-20,0.9585293262239453,0.0,230.2374841683992,0.0
2005-11-21,0.9585293262239453,0.0,231.19601349462314,0.0
2005-11-22,0.9585293262239453,0.0,232.1545428208471,0.0
2005-11-23,0.9585293262239453,0.0,233.11307214707105,0.0
2005-11-24,0.9585293262239453,22.454734176305056,211.61686729698994,0.0
2005-11-25,0.8565928259815798,3.7445603735491213,208.7288997494224,0.0
2005-11-26,0.8565928259815798,0.0,209.58549257540398,0.0
2005-11-27,0.8565928259815798,0.0,210.44208540138555,0.0
2005-11-28,0.8565928259815798,30.583931388500666,180.71474683886646,0.0
2005-11-29,0.8565928259815798,0.334160984467121,181.2371786803809,0.0
2005-11-30,0.8565928259815798,37.14014152550475,144.95362998085773,0.0
2005-12-01,0.8565928259815798,50.51356325651469,95.29665955032462,0.0
2005-12-02,0.8565928259815798,0.21818576453270921,95.9350666117735,0.0
2005-12-03,0.5753078041686865,0.0,96.51037441594218,0.0
2005-12-04,0.5753078041686865,0.0,97.08568222011087,0.0
2005-12-05,0.5753078041686865,0.0,97.66099002427956,0.0
2005-12-06,0.5753078041686865,0.0,98.23629782844824,0.0
2005-12-07,0.5753078041686865,1.2462167426159505,97.56538889000097,0.0
2005-12-08,0.5753078041686865,0.0,98.14069669416966,0.0
2005-12-09,0.5753078041686865,0.0,98.71600449833835,0.0
2005-12-10,0.5753078041686865,0.0,99.29131230250704,0.0
2005-12-11,0.6169631604459525,0.0,99.90827546295299,0.0
2005-12-12,0.6169631604459525,0.008396284591302781,100.51684233880763,0.0
2005-12-13,0.6169631604459525,0.0,101.13380549925358,0.0
2005-12-14,0.6169631604459525,0.008396284591302781,101.74237237510823,0.0
2005-12-15,0.6169631604459525,0.0,102.35933553555418,0.0
2005-12-16,0.6169631604459525,0.008396284591302781,102.96790241140883,0.0
2005-12-17,0.6169631604459525,61.84816425429778,41.736701317557,0.0
2005-12-18,0.6169631604459525,37.256192458303346,5.097472019699609,0.0
2005-12-19,0.7234827920504122,5.414160936609509,0.40679387514051246,0.0
2005-12-20,0.7234827920504122,29.46896574297925,0.0,28.338689075788327
2005-12-21,0.7234827920504122,40.26660434970915,0.0,39.543121557658736
2005-12-22,0.7234827920504122,30.771068301363258,0.0,30.047585509312846
2005-12-23,0.7234827920504122,0.0,0.7234827920504122,0.0
2005-12-24,0.7234827920504122,6.174622281786088,0.0,4.727656697685264
2005-12-25,0.7234827920504122,32.633811194830265,0.0,31.910328402779854
2005-12-26,0.7234827920504122,10.093557263306417,0.0,9.370074471256006
2005-12-27,1.3744430441105182,92.2715085859269,0.0,90.89706554181637
2005-12-28,1.3744430441105182,15.432585077020034,0.0,14.058142032909515
2005-12-29,1.3744430441105182,21.75497180241918,0.0,20.380528758308664
2005-12-30,1.3744430441105182,136.511134853304,0.0,135.13669180919348
2005-12-31,1.3744430441105182,16.56192873432171,0.0,15.187485690211194
2006-01-01,0.6648715462918077,56.9978380705181,0.0,56.33296652422629
2006-01-02,0.6648715462918077,6.57938387076552,0.0,5.914512324473712
2006-01-03,0.6648715462918077,24.146392851791138,0.0,23.48152130549933
2006-01-04,0.6648715462918077,0.01658823542965824,0.6482833108621494,0.0
2006-01-05,0.6648715462918077,0.0,1.313154857153957,0.0
2006-01-06,0.6648715462918077,1.8349690488986556,0.143057354547109,0.0
2006-01-07,0.6648715462918077,0.357588235597377,0.45034066524153965,0.0
2006-01-08,0.6648715462918077,0.0,1.1152122115333474,0.0
2006-01-09,0.678310712554532,0.0,1.7935229240878794,0.0
2006-01-10,0.678310712554532,5.594117616352282,0.0,3.1222839797098705
2006-01-11,0.678310712554532,0.20512693711079294,0.4731837754437391,0.0
2006-01-12,0.678310712554532,0.0,1.1514944879982711,0.0
2006-01-13,0.678310712554532,22.372355788853877,0.0,20.542550588301076
2006-01-14,0.678310712554532,6.792031026661579,0.0,6.113720314107047
2006-01-15,0.678310712554532,0.0,0.678310712554532,0.0
2006-01-16,0.678310712554532,0.0,1.356621425109064,0.0
2006-01-17,0.9502312166747451,32.66213330248191,0.0,30.355280660698103
2006-01-18,0.9502312166747451,4.104956694800787,0.0,3.154725478126042
2006-01-19,0.9502312166747451,0.0,0.9502312166747451,0.0
2006-01-20,0.9502312166747451,8.880835928784066,0.0,6.980373495434575
2006-01-21,0.9502312166747451,0.0,0.9502312166747451,0.0
2006-01-22,0.9502312166747451,0.0,1.9004624333494902,0.0
2006-01-23,0.9502312166747451,0.0,2.850693650024235,0.0
2006-01-24,0.9502312166747451,0.0,3.8009248666989803,0.0
2006-01-25,0.7442864760058168,1.526931909031174,3.018279433673623,0.0
2006-01-26,0.7442864760058168,11.079845233598359,0.0,7.317279323918919
2006-01-27,0.7442864760058168,5.840557417264294,0.0,5.096270941258477
2006-01-28,0.7442864760058168,29.469839403134745,0.0,28.72555292712893
2006-01-29,0.7442864760058168,7.1848204276141,0.0,6.440533951608283
2006-01-30,0.7442864760058168,22.062079863651615,0.0,21.3177933876458
2006-01-31,0.7442864760058168,7.637133308977535,0.0,6.892846832971718
2006-02-01,0.7442864760058168,22.79321948367375,0.0,22.048933007667934
2006-02-02,1.2821701405719823,0.0,1.2821701405719823,0.0
2006-02-03,1.2821701405719823,8.288919618624282,0.0,5.724579337480318
2006-02-04,1.2821701405719823,0.0,1.2821701405719823,0.0
2006-02-05,1.2821701405719823,0.0,2.5643402811439646,0.0
2006-02-06,1.2821701405719823,0.0,3.846510421715947,0.0
2006-02-07,1.2821701405719823,0.0,5.128680562287929,0.0
2006-02-08,1.2821701405719823,0.0,6.4108507028599115,0.0
2006-02-09,1.2821701405719823,0.0,7.693020843431894,0.0
2006-02-10,1.2833601551139115,0.0,8.976380998545805,0.0
2006-02-11,1.2833601551139115,0.0,10.259741153659716,0.0
2006-02-12,1.2833601551139115,0.0,11.543101308773627,0.0
2006-02-13,1.2833601551139115,0.0,12.826461463887538,0.0
2006-02-14,1.2833601551139115,0.0,14.10982161900145,0.0
2006-02-15,1.2833601551139115,0.0,15.39318177411536,0.0
2006-02-16,1.2833601551139115,3.274523274079195,13.402018655150078,0.0
2006-02-17,1.2833601551139115,3.434715227076881,11.250663583187109,0.0
2006-02-18,1.241580707707223,2.8872384609821773,9.605005829912155,0.0
2006-02-19,1.241580707707223,0.0,10.846586537619379,0.0
2006-02-20,1.241580707707223,0.0,12.088167245326602,0.0
2006-02-21,1.241580707707223,0.0,13.329747953033825,0.0
2006-02-22,1.241580707707223,0.0,14.571328660741049,0.0
2006-02-23,1.241580707707223,0.0,15.812909368448272,0.0
2006-02-24,1.241580707707223,0.0,17.054490076155496,0.0
2006-02-25,1.241580707707223,0.0,18.296070783862717,0.0
2006-02-26,1.348050896752302,73.60996052650474,0.0,53.96583884588972
2006-02-27,1.348050896752302,45.34829098373743,0.0,44.00024008698512
2006-02-28,1.348050896752302,2.9048544858631327,0.0,1.5568035891108307
2006-03-01,1.348050896752302,13.667148867627784,0.0,12.319097970875482
2006-03-02,1.348050896752302,18.767845050469266,0.0,17.419794153716964
2006-03-03,1.348050896752302,2.35050160707704,0.0,1.0024507103247382
2006-03-04,1.348050896752302,21.41671489562043,0.0,20.06866399886813
2006-03-05,1.348050896752302,65.43887718838434,0.0,64.09082629163204
2006-03-06,1.2194711585070288,14.018730674365727,0.0,12.799259515858699
2006-03-07,1.2194711585070288,2.046368380818204,0.0,0.826897222311175
2006-03-08,1.2194711585070288,0.0,1.2194711585070288,0.0
2006-03-09,1.2194711585070288,3.5479813773565607,0.0,1.109039060342503
2006-03-10,1.2194711585070288,2.9519257309267024,0.0,1.7324545724196736
2006-03-11,1.2194711585070288,2.9966748594868657,0.0,1.777203700979837
2006-03-12,1.2194711585070288,4.446408589927035,0.0,3.2269374314200063
2006-03-13,1.2194711585070288,30.257483438072555,0.0,29.038012279565525
2006-03-14,1.4937668444013574,3.626055787591372,0.0,2.132288943190015
2006-03-15,1.4937668444013574,6.431554180180694,0.0,4.937787335779336
2006-03-16,1.4937668444013574,20.969129585998342,0.0,19.475362741596985
2006-03-17,1.4937668444013574,0.8425696549400823,0.6511971894612751,0.0
2006-03-18,1.4937668444013574,0.0,2.1449640338626326,0.0
2006-03-19,1.4937668444013574,1.718656354275281,1.9200745239887091,0.0
2006-03-20,1.4937668444013574,6.673625404251618,0.0,3.2597840358615517
2006-03-21,1.4937668444013574,0.0,1.4937668444013574,0.0
2006-03-22,1.4235923412506055,0.0,2.917359185651963,0.0
2006-03-23,1.4235923412506055,20.1861450679531,0.0,15.84519354105053
2006-03-24,1.4235923412506055,27.107572791746154,0.0,25.68398045049555
2006-03-25,1.4235923412506055,3.626405521812084,0.0,2.2028131805614786
2006-03-26,1.4235923412506055,0.0,1.4235923412506055,0.0
2006-03-27,1.4235923412506055,16.64572757390261,0.0,13.7985428914014
2006-03-28,1.4235923412506055,27.770117703606097,0.0,26.346525362355493
2006-03-29,1.4235923412506055,6.347808037010877,0.0,4.924215695760271
2006-03-30,1.2691478429471639,10.405749171880004,0.0,9.13660132893284
2006-03-31,1.2691478429471639,37.087475425318665,0.0,35.8183275823715
2006-04-01,1.2691478429471639,4.374278611812059,0.0,3.1051307688648953
2006-04-02,1.2691478429471639,31.22775219542323,0.0,29.958604352476065
2006-04-03,1.2691478429471639,3.648077500493902,0.0,2.3789296575467382
2006-04-04,1.2691478429471639,19.572436199837792,0.0,18.30328835689063
2006-04-05,1.2691478429471639,0.22703715079340028,1.0421106921537635,0.0
2006-04-06,1.2691478429471639,0.0,2.3112585351009276,0.0
2006-04-07,1.516230731943771,13.020650214086006,0.0,9.193160947041306
2006-04-08,1.516230731943771,1.2723003310315746,0.2439304009121963,0.0
2006-04-09,1.516230731943771,4.420656400937413,0.0,2.660495268081446
2006-04-10,1.516230731943771,9.361089842238293,0.0,7.844859110294522
2006-04-11,1.516230731943771,80.29855280542522,0.0,78.78232207348145
2006-04-12,1.516230731943771,8.809848321849715,0.0,7.293617589905945
2006-04-13,1.516230731943771,0.0,1.516230731943771,0.0
2006-04-14,1.516230731943771,0.6964922534422977,2.335969210445244,0.0
2006-04-15,1.9548046534173527,20.801229258439857,0.0,16.51045539457726
2006-04-16,1.9548046534173527,4.040096014276746,0.0,2.0852913608593937
2006-04-17,1.9548046534173527,0.0,1.9548046534173527,0.0
2006-04-18,1.9548046534173527,0.0,3.9096093068347053,0.0
2006-04-19,1.9548046534173527,0.0,5.864413960252058,0.0
2006-04-20,1.9548046534173527,0.0,7.819218613669411,0.0
2006-04-21,1.9548046534173527,0.0,9.774023267086763,0.0
2006-04-22,1.9548046534173527,0.05337771136694278,11.675450209137173,0.0
2006-04-23,2.058942317014058,0.0,13.73439252615123,0.0
2006-04-24,2.058942317014058,0.0,15.793334843165288,0.0
2006-04-25,2.058942317014058,0.0,17.852277160179348,0.0
2006-04-26,2.058942317014058,0.0,19.911219477193406,0.0
2006-04-27,2.058942317014058,0.0,21.970161794207463,0.0
2006-04-28,2.058942317014058,0.0,24.02910411122152,0.0
2006-04-29,2.058942317014058,0.0,26.08804642823558,0.0
2006-04-30,2.058942317014058,0.0,28.146988745249637,0.0
2006-05-01,2.6175618031992243,0.0,30.76455054844886,0.0
2006-05-02,2.6175618031992243,0.0,33.38211235164808,0.0
2006-05-03,2.6175618031992243,0.0,35.999674154847305,0.0
2006-05-04,2.6175618031992243,0.0035944272080672777,38.613641530838464,0.0
2006-05-05,2.6175618031992243,0.0,41.23120333403769,0.0
2006-05-06,2.6175618031992243,0.0,43.84876513723691,0.0
2006-05-07,2.6175618031992243,0.0,46.46632694043613,0.0
2006-05-08,2.6175618031992243,0.0,49.083888743635356,0.0
2006-05-09,3.3232176442074626,0.0,52.407106387842816,0.0
2006-05-10,3.3232176442074626,0.0,55.73032403205028,0.0
2006-05-11,3.3232176442074626,0.0,59.05354167625774,0.0
2006-05-12,3.3232176442074626,0.0,62.3767593204652,0.0
2006-05-13,3.3232176442074626,0.0,65.69997696467266,0.0
2006-05-14,3.3232176442074626,0.0,69.02319460888012,0.0
2006-05-15,3.3232176442074626,0.0,72.34641225308758,0.0
2006-05-16,3.3232176442074626,0.0,75.66962989729504,0.0
2006-05-17,1.9741725642268548,0.0,77.64380246152189,0.0
2006-05-18,1.9741725642268548,0.0,79.61797502574873,0.0
2006-05-19,1.9741725642268548,6.9379318697902805,74.6542157201853,0.0
2006-05-20,1.9741725642268548,1.5812198421903436,75.0471684422218,0.0
2006-05-21,1.9741725642268548,5.25845830359326,71.7628827028554,0.0
2006-05-22,1.9741725642268548,1.2078111337803463,72.52924413330192,0.0
2006-05-23,1.9741725642268548,2.5174551205738402,71.98596157695492,0.0
2006-05-24,1.9741725642268548,0.06347987858503595,73.89665426259674,0.0
2006-05-25,2.0363170140571976,0.0,75.93297127665394,0.0
2006-05-26,2.0363170140571976,0.0,77.96928829071115,0.0
2006-05-27,2.0363170140571976,0.0,80.00560530476835,0.0
2006-05-28,2.0363170140571976,0.0,82.04192231882556,0.0
2006-05-29,2.0363170140571976,0.0,84.07823933288276,0.0
2006-05-30,2.0363170140571976,0.0,86.11455634693996,0.0
2006-05-31,2.0363170140571976,0.0,88.15087336099717,0.0
2006-06-01,2.0363170140571976,0.0,90.18719037505437,0.0
2006-06-02,2.511372758119244,0.0,92.69856313317362,0.0
2006-06-03,2.511372758119244,0.0,95.20993589129287,0.0
2006-06-04,2.511372758119244,0.0,97.72130864941212,0.0
2006-06-05,2.511372758119244,0.0,100.23268140753137,0.0
2006-06-06,2.511372758119244,0.0,102.74405416565062,0.0
2006-06-07,2.511372758119244,0.0,105.25542692376987,0.0
2006-06-08,2.511372758119244,0.0,107.76679968188913,0.0
2006-06-09,2.511372758119244,0.0,110.27817244000838,0.0
2006-06-10,2.251601551139118,0.0,112.5297739911475,0.0
2006-06-11,2.251601551139118,0.05770588216397784,114.72366966012264,0.0
2006-06-12,2.251601551139118,0.0,116.97527121126176,0.0
2006-06-13,2.251601551139118,0.0,119.22687276240087,0.0
2006-06-14,2.251601551139118,0.0,121.47847431353999,0.0
2006-06-15,2.251601551139118,0.0,123.73007586467911,0.0
2006-06-16,2.251601551139118,0.0,125.98167741581823,0.0
2006-06-17,2.251601551139118,0.0,128.23327896695736,0.0
2006-06-18,2.879868637905962,0.0,131.11314760486331,0.0
2006-06-19,2.879868637905962,0.0,133.99301624276927,0.0
2006-06-20,2.879868637905962,0.0,136.87288488067523,0.0
2006-06-21,2.879868637905962,0.0,139.7527535185812,0.0
2006-06-22,2.879868637905962,0.0,142.63262215648714,0.0
2006-06-23,2.879868637905962,0.0,145.5124907943931,0.0
2006-06-24,2.879868637905962,0.0,148.39235943229906,0.0
2006-06-25,2.879868637905962,0.0,151.27222807020502,0.0
2006-06-26,2.2087343674260778,0.0,153.4809624376311,0.0
2006-06-27,2.2087343674260778,0.0,155.68969680505717,0.0
2006-06-28,2.2087343674260778,0.0,157.89843117248324,0.0
2006-06-29,2.2087343674260778,0.0,160.10716553990932,0.0
2006-06-30,2.2087343674260778,0.0,162.3158999073354,0.0
2006-07-01,2.2087343674260778,0.0,164.52463427476147,0.0
2006-07-02,2.2087343674260778,0.0,166.73336864218754,0.0
2006-07-03,2.2087343674260778,0.0,168.94210300961362,0.0
2006-07-04,2.4768477944740663,0.0,171.41895080408767,0.0
2006-07-05,2.4768477944740663,0.0,173.89579859856173,0.0
2006-07-06,2.4768477944740663,0.0,176.37264639303578,0.0
2006-07-07,2.4768477944740663,0.0,178.84949418750983,0.0
2006-07-08,2.4768477944740663,0.0,181.3263419819839,0.0
2006-07-09,2.4768477944740663,0.0,183.80318977645794,0.0
2006-07-10,2.4768477944740663,0.0,186.280037570932,0.0
2006-07-11,2.4768477944740663,0.0,188.75688536540605,0.0
2006-07-12,2.6134571013087737,0.0,191.37034246671482,0.0
2006-07-13,2.6134571013087737,0.0,193.98379956802358,0.0
2006-07-14,2.6134571013087737,0.0,196.59725666933235,0.0
2006-07-15,2.6134571013087737,0.0,199.21071377064112,0.0
2006-07-16,2.6134571013087737,0.0,201.8241708719499,0.0
2006-07-17,2.6134571013087737,0.0,204.43762797325866,0.0
2006-07-18,2.6134571013087737,0.0,207.05108507456742,0.0
2006-07-19,2.6134571013087737,0.0,209.6645421758762,0.0
2006-07-20,2.769841492971401,0.0,212.4343836688476,0.0
2006-07-21,2.769841492971401,0.0,215.204225161819,0.0
2006-07-22,2.769841492971401,0.0,217.97406665479042,0.0
2006-07-23,2.769841492971401,0.0,220.74390814776183,0.0
2006-07-24,2.769841492971401,0.0,223.51374964073324,0.0
2006-07-25,2.769841492971401,0.0006687306819178002,226.28292240302272,0.0
2006-07-26,2.769841492971401,0.0,229.05276389599413,0.0
2006-07-27,2.769841492971401,0.0725232192052776,231.75008216976028,0.0
2006-07-28,2.2668158022297624,1.0173343412647304,232.9995636307253,0.0
2006-07-29,2.2668158022297624,0.0,235.26637943295506,0.0
2006-07-30,2.2668158022297624,0.0,237.53319523518482,0.0
2006-07-31,2.2668158022297624,0.0,239.80001103741458,0.0
2006-08-01,2.2668158022297624,0.0,242.06682683964434,0.0
2006-08-02,2.2668158022297624,0.0,244.3336426418741,0.0
2006-08-03,2.2668158022297624,0.0,246.60045844410385,0.0
2006-08-04,2.2668158022297624,0.0,248.8672742463336,0.0
2006-08-05,2.067271449345613,0.0,250.93454569567922,0.0
2006-08-06,2.067271449345613,0.0,253.00181714502483,0.0
2006-08-07,2.067271449345613,0.0,255.06908859437044,0.0
2006-08-08,2.067271449345613,0.0,257.1363600437161,0.0
2006-08-09,2.067271449345613,0.0,259.2036314930617,0.0
2006-08-10,2.067271449345613,0.0,261.27090294240736,0.0
2006-08-11,2.067271449345613,0.0,263.338174391753,0.0
2006-08-12,2.067271449345613,0.0,265.40544584109864,0.0
2006-08-13,1.7494299563742106,0.0,267.15487579747287,0.0
2006-08-14,1.7494299563742106,0.0,268.9043057538471,0.0
2006-08-15,1.7494299563742106,0.0,270.6537357102213,0.0
2006-08-16,1.7494299563742106,0.0,272.40316566659556,0.0
2006-08-17,1.7494299563742106,0.0,274.1525956229698,0.0
2006-08-18,1.7494299563742106,0.0,275.902025579344,0.0
2006-08-19,1.7494299563742106,0.0,277.65145553571824,0.0
2006-08-20,1.7494299563742106,0.0,279.40088549209247,0.0
2006-08-21,1.7850499272903542,0.0,281.1859354193828,0.0
2006-08-22,1.7850499272903542,0.0,282.97098534667316,0.0
2006-08-23,1.7850499272903542,0.0,284.7560352739635,0.0
2006-08-24,1.7850499272903542,0.0,286.54108520125385,0.0
2006-08-25,1.7850499272903542,0.0,288.3261351285442,0.0
2006-08-26,1.7850499272903542,0.0,290.11118505583454,0.0
2006-08-27,1.7850499272903542,0.0,291.8962349831249,0.0
2006-08-28,1.7850499272903542,0.0,293.68128491041523,0.0
2006-08-29,1.8010664081434797,0.0,295.4823513185587,0.0
2006-08-30,1.8010664081434797,0.0,297.28341772670217,0.0
2006-08-31,1.8010664081434797,0.0,299.08448413484564,0.0
2006-09-01,1.8010664081434797,0.0,300.8855505429891,0.0
2006-09-02,1.8010664081434797,0.0,302.6866169511326,0.0
2006-09-03,1.8010664081434797,0.0,304.48768335927605,0.0
2006-09-04,1.8010664081434797,0.0,306.2887497674195,0.0
2006-09-05,1.8010664081434797,0.0,308.089816175563,0.0
2006-09-06,1.739232186136693,0.0,309.8290483616997,0.0
2006-09-07,1.739232186136693,0.0,311.56828054783637,0.0
2006-09-08,1.739232186136693,0.0,313.30751273397306,0.0
2006-09-09,1.739232186136693,0.0,315.04674492010975,0.0
2006-09-10,1.739232186136693,0.0,316.78597710624643,0.0
2006-09-11,1.739232186136693,0.0,318.5252092923831,0.0
2006-09-12,1.739232186136693,0.0,320.2644414785198,0.0
2006-09-13,1.739232186136693,0.0,322.0036736646565,0.0
2006-09-14,1.775435288414929,0.0,323.77910895307144,0.0
2006-09-15,1.775435288414929,0.0,325.5545442414864,0.0
2006-09-16,1.775435288414929,0.0,327.3299795299013,0.0
2006-09-17,1.775435288414929,0.0,329.10541481831626,0.0
2006-09-18,1.775435288414929,0.0,330.8808501067312,0.0
2006-09-19,1.775435288414929,0.0,332.65628539514614,0.0
2006-09-20,1.775435288414929,0.0,334.4317206835611,0.0
2006-09-21,1.775435288414929,0.0,336.207155971976,0.0
2006-09-22,1.6949956374212305,0.0,337.90215160939727,0.0
2006-09-23,1.6949956374212305,0.0,339.5971472468185,0.0
2006-09-24,1.6949956374212305,0.0,341.29214288423975,0.0
2006-09-25,1.6949956374212305,0.0,342.987138521661,0.0
2006-09-26,1.6949956374212305,0.0,344.68213415908224,0.0
2006-09-27,1.6949956374212305,0.0,346.3771297965035,0.0
2006-09-28,1.6949956374212305,0.0,348.0721254339247,0.0
2006-09-29,1.6949956374212305,0.0,349.76712107134597,0.0
2006-09-30,1.200886088221037,0.0,350.968007159567,0.0
2006-10-01,1.200886088221037,0.0,352.168893247788,0.0
2006-10-02,1.200886088221037,0.0,353.369779336009,0.0
2006-10-03,1.200886088221037,0.0,354.57066542423,0.0
2006-10-04,1.200886088221037,6.419687254879126,349.3518642575719,0.0
2006-10-05,1.200886088221037,4.675399461397814,345.87735088439507,0.0
2006-10-06,1.200886088221037,0.0,347.0782369726161,0.0
2006-10-07,1.200886088221037,0.0,348.2791230608371,0.0
2006-10-08,1.3653208919049924,0.0,349.6444439527421,0.0
2006-10-09,1.3653208919049924,0.0,351.0097648446471,0.0
2006-10-10,1.3653208919049924,0.0,352.37508573655214,0.0
2006-10-11,1.3653208919049924,0.0,353.74040662845715,0.0
2006-10-12,1.3653208919049924,0.0,355.10572752036217,0.0
2006-10-13,1.3653208919049924,0.0,356.4710484122672,0.0
2006-10-14,1.3653208919049924,0.0,357.8363693041722,0.0
2006-10-15,1.3653208919049924,0.4361331241476369,358.76555707192955,0.0
2006-10-16,1.6158647600581668,0.0,360.3814218319877,0.0
2006-10-17,1.6158647600581668,0.0,361.9972865920459,0.0
2006-10-18,1.6158647600581668,0.0,363.61315135210407,0.0
2006-10-19,1.6158647600581668,0.0,365.22901611216224,0.0
2006-10-20,1.6158647600581668,0.0,366.8448808722204,0.0
2006-10-21,1.6158647600581668,0.0,368.4607456322786,0.0
2006-10-22,1.6158647600581668,0.0,370.07661039233676,0.0
2006-10-23,1.6158647600581668,0.0,371.69247515239493,0.0
2006-10-24,1.3340402326708676,0.0,373.0265153850658,0.0
2006-10-25,1.3340402326708676,0.0,374.3605556177367,0.0
2006-10-26,1.3340402326708676,0.0,375.69459585040755,0.0
2006-10-27,1.3340402326708676,0.0,377.0286360830784,0.0
2006-10-28,1.3340402326708676,0.0,378.3626763157493,0.0
2006-10-29,1.3340402326708676,0.0,379.69671654842017,0.0
2006-10-30,1.3340402326708676,0.0,381.03075678109104,0.0
2006-10-31,1.3340402326708676,0.0,382.3647970137619,0.0
2006-11-01,1.1250596219098397,15.680953825959477,367.80890280971227,0.0
2006-11-02,1.1250596219098397,31.220104778514184,337.7138576531079,0.0
2006-11-03,1.1250596219098397,0.006253870175257556,338.83266340484244,0.0
2006-11-04,1.1250596219098397,0.0,339.95772302675226,0.0
2006-11-05,1.1250596219098397,0.0,341.0827826486621,0.0
2006-11-06,1.1250596219098397,0.0,342.2078422705719,0.0
2006-11-07,1.1250596219098397,0.0,343.33290189248174,0.0
2006-11-08,1.1250596219098397,0.0,344.45796151439157,0.0
2006-11-09,0.8435540475036349,0.0,345.3015155618952,0.0
2006-11-10,0.8435540475036349,14.925161228829491,331.21990838056934,0.0
2006-11-11,0.8435540475036349,1.2426718316580119,330.82079059641495,0.0
2006-11-12,0.8435540475036349,18.155690698062667,313.50865394585594,0.0
2006-11-13,0.8435540475036349,20.36953554360121,293.98267244975835,0.0
2006-11-14,0.8435540475036349,0.0,294.826226497262,0.0
2006-11-15,0.8435540475036349,6.121612874346989,289.54816767041865,0.0
2006-11-16,0.8435540475036349,1.7712538755346006,288.62046784238765,0.0
2006-11-17,0.7155196316044592,0.0,289.33598747399213,0.0
2006-11-18,0.7155196316044592,0.0,290.0515071055966,0.0
2006-11-19,0.7155196316044592,0.0,290.7670267372011,0.0
2006-11-20,0.7155196316044592,0.0,291.4825463688056,0.0
2006-11-21,0.7155196316044592,1.5421021512418338,290.65596384916824,0.0
2006-11-22,0.7155196316044592,3.4219226150689845,287.94956086570375,0.0
2006-11-23,0.7155196316044592,0.0,288.6650804973082,0.0
2006-11-24,0.7155196316044592,0.0,289.3806001289127,0.0
2006-11-25,0.7053994183228309,0.0,290.08599954723553,0.0
2006-11-26,0.7053994183228309,27.03086331606649,263.7605356494919,0.0
2006-11-27,0.7053994183228309,0.7848297272673331,263.6811053405474,0.0
2006-11-28,0.7053994183228309,0.0,264.3865047588702,0.0
2006-11-29,0.7053994183228309,0.0,265.09190417719304,0.0
2006-11-30,0.7053994183228309,0.0,265.79730359551587,0.0
2006-12-01,0.7053994183228309,0.0,266.5027030138387,0.0
2006-12-02,0.7053994183228309,0.0,267.2081024321615,0.0
2006-12-03,0.8576941347552107,0.0,268.06579656691673,0.0
2006-12-04,0.8576941347552107,0.0,268.92349070167194,0.0
2006-12-05,0.8576941347552107,0.0,269.78118483642714,0.0
2006-12-06,0.8576941347552107,0.0,270.63887897118235,0.0
2006-12-07,0.8576941347552107,0.0,271.49657310593756,0.0
2006-12-08,0.8576941347552107,32.356598172025414,239.99766906866734,0.0
2006-12-09,0.8576941347552107,35.43314838704678,205.42221481637577,0.0
2006-12-10,0.8576941347552107,3.702770837781599,202.57713811334938,0.0
2006-12-11,0.5436107610276294,41.85085486775211,161.2698940066249,0.0
2006-12-12,0.5436107610276294,4.489801793644672,157.32370297400786,0.0
2006-12-13,0.5436107610276294,3.306157943634056,154.56115579140143,0.0
2006-12-14,0.5436107610276294,7.99905867030377,147.10570788212527,0.0
2006-12-15,0.5436107610276294,0.0,147.6493186431529,0.0
2006-12-16,0.5436107610276294,0.0,148.19292940418052,0.0
2006-12-17,0.5436107610276294,0.0,148.73654016520814,0.0
2006-12-18,0.5436107610276294,0.0,149.28015092623576,0.0
2006-12-19,0.579085312651478,0.0,149.85923623888723,0.0
2006-12-20,0.579085312651478,2.614349860063647,147.82397169147507,0.0
2006-12-21,0.579085312651478,27.119851422383682,121.28320558174286,0.0
2006-12-22,0.579085312651478,0.0,121.86229089439433,0.0
2006-12-23,0.579085312651478,0.0,122.4413762070458,0.0
2006-12-24,0.579085312651478,0.0,123.02046151969728,0.0
2006-12-25,0.579085312651478,9.59600308214548,114.00354375020328,0.0
2006-12-26,0.579085312651478,67.37681350471802,47.205815558136734,0.0
2006-12-27,0.753828889966069,0.0,47.9596444481028,0.0
2006-12-28,0.753828889966069,0.0,48.713473338068866,0.0
2006-12-29,0.753828889966069,0.0,49.46730222803493,0.0
2006-12-30,0.753828889966069,0.0,50.221131118001,0.0
2006-12-31,0.753828889966069,0.0,50.97496000796706,0.0
2007-01-01,0.6929418322830825,0.0,51.667901840250146,0.0
2007-01-02,0.6929418322830825,0.0,52.36084367253323,0.0
2007-01-03,0.6929418322830825,17.267715548583226,35.786069956233085,0.0
2007-01-04,0.6929418322830825,1.456873051522317,35.02213873699385,0.0
2007-01-05,0.6929418322830825,0.0,35.715080569276935,0.0
2007-01-06,0.6929418322830825,0.0,36.40802240156002,0.0
2007-01-07,0.6929418322830825,0.0,37.1009642338431,0.0
2007-01-08,0.6929418322830825,0.0,37.79390606612618,0.0
2007-01-09,0.5334677653902083,0.0,38.32737383151639,0.0
2007-01-10,0.5334677653902083,0.0,38.860841596906596,0.0
2007-01-11,0.5334677653902083,0.0,39.3943093622968,0.0
2007-01-12,0.5334677653902083,0.0,39.92777712768701,0.0
2007-01-13,0.5334677653902083,0.0,40.461244893077215,0.0
2007-01-14,0.5334677653902083,0.0,40.99471265846742,0.0
2007-01-15,0.5334677653902083,0.0,41.52818042385763,0.0
2007-01-16,0.5334677653902083,1.62451083704414,40.43713735220369,0.0
2007-01-17,0.7560736791080945,0.0,41.19321103131178,0.0
2007-01-18,0.7560736791080945,0.0,41.949284710419875,0.0
2007-01-19,0.7560736791080945,0.0,42.705358389527966,0.0
2007-01-20,0.7560736791080945,0.0,43.46143206863606,0.0
2007-01-21,0.7560736791080945,0.0,44.21750574774415,0.0
2007-01-22,0.7560736791080945,0.0,44.97357942685224,0.0
2007-01-23,0.7560736791080945,0.0,45.72965310596033,0.0
2007-01-24,0.7560736791080945,0.0,46.48572678506842,0.0
2007-01-25,0.7899936984973341,0.0,47.275720483565756,0.0
2007-01-26,0.7899936984973341,3.40784515758786,44.65786902447523,0.0
2007-01-27,0.7899936984973341,0.0,45.447862722972566,0.0
2007-01-28,0.7899936984973341,0.0,46.2378564214699,0.0
2007-01-29,0.7899936984973341,0.0,47.02785011996723,0.0
2007-01-30,0.7899936984973341,0.0,47.81784381846457,0.0
2007-01-31,0.7899936984973341,0.0,48.6078375169619,0.0
2007-02-01,0.7899936984973341,0.0,49.397831215459234,0.0
2007-02-02,0.877972370334464,0.0,50.275803585793696,0.0
2007-02-03,0.877972370334464,0.0,51.15377595612816,0.0
2007-02-04,0.877972370334464,0.0,52.03174832646262,0.0
2007-02-05,0.877972370334464,0.0,52.90972069679708,0.0
2007-02-06,0.877972370334464,5.32503396512554,48.462659102006,0.0
2007-02-07,0.877972370334464,24.707429998061233,24.63320147427923,0.0
2007-02-08,0.877972370334464,73.02492715699753,0.0,47.51375331238384
2007-02-09,0.877972370334464,63.415195843014544,0.0,62.53722347268008
2007-02-10,1.2847455162384875,35.64085189772096,0.0,34.35610638148247
2007-02-11,1.2847455162384875,0.06578328421241358,1.218962232026074,0.0
2007-02-12,1.2847455162384875,21.314814198496908,0.0,18.811106450232344
2007-02-13,1.2847455162384875,0.0,1.2847455162384875,0.0
2007-02-14,1.2847455162384875,0.0,2.569491032476975,0.0
2007-02-15,1.2847455162384875,0.0,3.8542365487154626,0.0
2007-02-16,1.2847455162384875,0.0,5.13898206495395,0.0
2007-02-17,1.2847455162384875,0.0,6.423727581192438,0.0
2007-02-18,1.191288899660688,0.0,7.615016480853126,0.0
2007-02-19,1.191288899660688,0.0,8.806305380513814,0.0
2007-02-20,1.191288899660688,2.8947492110839934,7.102845069090508,0.0
2007-02-21,1.191288899660688,34.867231534361466,0.0,26.57309756561027
2007-02-22,1.191288899660688,4.918154802484778,0.0,3.7268659028240894
2007-02-23,1.191288899660688,1.8114117247401373,0.0,0.6201228250794493
2007-02-24,1.191288899660688,34.51380490518576,0.0,33.32251600552507
2007-02-25,1.191288899660688,10.137108340721012,0.0,8.945819441060324
2007-02-26,1.2211124575860401,14.45130348500821,0.0,13.23019102742217
2007-02-27,1.2211124575860401,14.892898004490524,0.0,13.671785546904484
2007-02-28,1.2211124575860401,0.11218266170644908,1.108929795879591,0.0
2007-03-01,1.2211124575860401,0.6043653237653589,1.7256769297002723,0.0
2007-03-02,1.2211124575860401,0.0,2.9467893872863122,0.0
2007-03-03,1.2211124575860401,0.0,4.167901844872352,0.0
2007-03-04,1.2211124575860401,0.0,5.389014302458392,0.0
2007-03-05,1.2211124575860401,0.0,6.610126760044432,0.0
2007-03-06,1.437459524963645,0.0,8.047586285008077,0.0
2007-03-07,1.437459524963645,0.0,9.485045809971721,0.0
2007-03-08,1.437459524963645,0.0,10.922505334935366,0.0
2007-03-09,1.437459524963645,0.0,12.35996485989901,0.0
2007-03-10,1.437459524963645,0.0,13.797424384862655,0.0
2007-03-11,1.437459524963645,0.0,15.2348839098263,0.0
2007-03-12,1.437459524963645,0.0,16.672343434789944,0.0
2007-03-13,1.437459524963645,0.0,18.10980295975359,0.0
2007-03-14,1.8677828405235084,0.0,19.977585800277097,0.0
2007-03-15,1.8677828405235084,0.0,21.845368640800604,0.0
2007-03-16,1.8677828405235084,0.0,23.71315148132411,0.0
2007-03-17,1.8677828405235084,0.0,25.580934321847618,0.0
2007-03-18,1.8677828405235084,0.0,27.448717162371125,0.0
2007-03-19,1.8677828405235084,2.293049615603113,27.02345038729152,0.0
2007-03-20,1.8677828405235084,0.0,28.891233227815025,0.0
2007-03-21,1.8677828405235084,0.0,30.759016068338532,0.0
2007-03-22,1.732335433834222,0.0,32.491351502172755,0.0
2007-03-23,1.732335433834222,0.0,34.22368693600698,0.0
2007-03-24,1.732335433834222,0.0,35.9560223698412,0.0
2007-03-25,1.732335433834222,3.870740010596281,33.817617793079144,0.0
2007-03-26,1.732335433834222,2.3046779757590485,33.24527525115432,0.0
2007-03-27,1.732335433834222,0.0,34.97761068498854,0.0
2007-03-28,1.732335433834222,0.0,36.709946118822764,0.0
2007-03-29,1.732335433834222,0.0,38.442281552656986,0.0
2007-03-30,1.5311672321861358,0.0,39.97344878484312,0.0
2007-03-31,1.5311672321861358,0.0,41.50461601702926,0.0
2007-04-01,1.5311672321861358,0.0,43.03578324921539,0.0
2007-04-02,1.5311672321861358,0.0,44.56695048140153,0.0
2007-04-03,1.5311672321861358,0.0,46.09811771358766,0.0
2007-04-04,1.5311672321861358,0.0,47.6292849457738,0.0
2007-04-05,1.5311672321861358,0.0,49.16045217795993,0.0
2007-04-06,1.5311672321861358,0.4282569667503191,50.26336244339575,0.0
2007-04-07,1.8557978671837125,0.0,52.11916031057946,0.0
2007-04-08,1.8557978671837125,0.0,53.97495817776317,0.0
2007-04-09,1.8557978671837125,0.0,55.83075604494688,0.0
2007-04-10,1.8557978671837125,3.088690452162326,54.597863459968266,0.0
2007-04-11,1.8557978671837125,1.7341269405973907,54.719534386554585,0.0
2007-04-12,1.8557978671837125,0.0,56.575332253738296,0.0
2007-04-13,1.8557978671837125,4.504538699938416,53.92659142098359,0.0
2007-04-14,1.8557978671837125,2.0493281179168275,53.73306117025047,0.0
2007-04-15,2.0966068831798337,0.0,55.829668053430304,0.0
2007-04-16,2.0966068831798337,0.0,57.926274936610135,0.0
2007-04-17,2.0966068831798337,0.0,60.022881819789966,0.0
2007-04-18,2.0966068831798337,0.0,62.1194887029698,0.0
2007-04-19,2.0966068831798337,11.456829756037,52.75926583011264,0.0
2007-04-20,2.0966068831798337,0.0,54.85587271329247,0.0
2007-04-21,2.0966068831798337,35.57947276325048,21.373006833221822,0.0
2007-04-22,2.0966068831798337,0.03821671848695713,23.4313969979147,0.0
2007-04-23,2.4427237033446443,0.0,25.874120701259343,0.0
2007-04-24,2.4427237033446443,0.0,28.316844404603987,0.0
2007-04-25,2.4427237033446443,0.0,30.75956810794863,0.0
2007-04-26,2.4427237033446443,0.0,33.20229181129328,0.0
2007-04-27,2.4427237033446443,0.0,35.645015514637926,0.0
2007-04-28,2.4427237033446443,0.0,38.08773921798257,0.0
2007-04-29,2.4427237033446443,0.0,40.53046292132722,0.0
2007-04-30,2.4427237033446443,0.0,42.97318662467187,0.0
2007-05-01,2.869979641299079,10.312733563107232,35.53043270286372,0.0
2007-05-02,2.869979641299079,0.0,38.4004123441628,0.0
2007-05-03,2.869979641299079,15.369442874802155,25.90094911065973,0.0
2007-05-04,2.869979641299079,0.0,28.77092875195881,0.0
2007-05-05,2.869979641299079,0.0,31.640908393257888,0.0
2007-05-06,2.869979641299079,0.0,34.51088803455697,0.0
2007-05-07,2.869979641299079,0.0,37.38086767585605,0.0
2007-05-08,2.869979641299079,0.0,40.250847317155134,0.0
2007-05-09,2.3318182258846347,0.0,42.58266554303977,0.0
2007-05-10,2.3318182258846347,0.0,44.9144837689244,0.0
2007-05-11,2.3318182258846347,0.0,47.24630199480903,0.0
2007-05-12,2.3318182258846347,0.0,49.57812022069366,0.0
2007-05-13,2.3318182258846347,0.0,51.909938446578295,0.0
2007-05-14,2.3318182258846347,0.0,54.24175667246293,0.0
2007-05-15,2.3318182258846347,0.0,56.57357489834756,0.0
2007-05-16,2.3318182258846347,0.0,58.90539312423219,0.0
2007-05-17,2.6957939893359195,0.0,61.60118711356811,0.0
2007-05-18,2.6957939893359195,0.0,64.29698110290403,0.0
2007-05-19,2.6957939893359195,0.0,66.99277509223995,0.0
2007-05-20,2.6957939893359195,0.0,69.68856908157588,0.0
2007-05-21,2.6957939893359195,0.0,72.3843630709118,0.0
2007-05-22,2.6957939893359195,0.0,75.08015706024773,0.0
2007-05-23,2.6957939893359195,0.0,77.77595104958365,0.0
2007-05-24,2.6957939893359195,0.0,80.47174503891958,0.0
2007-05-25,2.2188041686863804,0.0,82.69054920760595,0.0
2007-05-26,2.2188041686863804,0.0,84.90935337629233,0.0
2007-05-27,2.2188041686863804,0.0,87.1281575449787,0.0
2007-05-28,2.2188041686863804,0.0,89.34696171366508,0.0
2007-05-29,2.2188041686863804,0.0,91.56576588235146,0.0
2007-05-30,2.2188041686863804,0.0,93.78457005103783,0.0
2007-05-31,2.2188041686863804,0.0,96.00337421972421,0.0
2007-06-01,2.2188041686863804,0.0,98.22217838841058,0.0
2007-06-02,1.6326892874454673,0.0,99.85486767585606,0.0
2007-06-03,1.6326892874454673,0.0,101.48755696330153,0.0
2007-06-04,1.6326892874454673,0.0,103.120246250747,0.0
2007-06-05,1.6326892874454673,0.0,104.75293553819247,0.0
2007-06-06,1.6326892874454673,0.0,106.38562482563795,0.0
2007-06-07,1.6326892874454673,0.0,108.01831411308342,0.0
2007-06-08,1.6326892874454673,0.0,109.6510034005289,0.0
2007-06-09,1.6326892874454673,0.0,111.28369268797437,0.0
2007-06-10,2.7198574890935543,0.0,114.00355017706792,0.0
2007-06-11,2.7198574890935543,0.0,116.72340766616148,0.0
2007-06-12,2.7198574890935543,0.0,119.44326515525503,0.0
2007-06-13,2.7198574890935543,0.0,122.16312264434859,0.0
2007-06-14,2.7198574890935543,0.0,124.88298013344215,0.0
2007-06-15,2.7198574890935543,0.0,127.6028376225357,0.0
2007-06-16,2.7198574890935543,0.0,130.32269511162926,0.0
2007-06-17,2.7198574890935543,0.0,133.04255260072281,0.0
2007-06-18,2.3939854580707696,0.0,135.4365380587936,0.0
2007-06-19,2.3939854580707696,0.0,137.83052351686436,0.0
2007-06-20,2.3939854580707696,0.0,140.22450897493513,0.0
2007-06-21,2.3939854580707696,0.0,142.6184944330059,0.0
2007-06-22,2.3939854580707696,0.0,145.01247989107668,0.0
2007-06-23,2.3939854580707696,0.0,147.40646534914745,0.0
2007-06-24,2.3939854580707696,0.0,149.80045080721823,0.0
2007-06-25,2.3939854580707696,0.0,152.194436265289,0.0
2007-06-26,2.1658904507998056,0.0,154.3603267160888,0.0
2007-06-27,2.1658904507998056,0.0,156.52621716688859,0.0
2007-06-28,2.1658904507998056,0.0,158.69210761768838,0.0
2007-06-29,2.1658904507998056,0.0,160.85799806848817,0.0
2007-06-30,2.1658904507998056,0.0,163.02388851928796,0.0
2007-07-01,2.1658904507998056,0.0,165.18977897008776,0.0
2007-07-02,2.1658904507998056,0.0,167.35566942088755,0.0
2007-07-03,2.1658904507998056,0.0,169.52155987168734,0.0
2007-07-04,2.4175060591371778,0.0,171.9390659308245,0.0
2007-07-05,2.4175060591371778,0.0,174.35657198996168,0.0
2007-07-06,2.4175060591371778,0.0,176.77407804909885,0.0
2007-07-07,2.4175060591371778,0.0,179.19158410823601,0.0
2007-07-08,2.4175060591371778,0.0,181.60909016737318,0.0
2007-07-09,2.4175060591371778,0.0,184.02659622651035,0.0
2007-07-10,2.4175060591371778,0.32797833497494727,186.11612395067257,0.0
2007-07-11,2.4175060591371778,0.0,188.53363000980974,0.0
2007-07-12,1.8665424139602511,0.0,190.40017242377,0.0
2007-07-13,1.8665424139602511,0.0,192.26671483773023,0.0
2007-07-14,1.8665424139602511,0.0,194.13325725169048,0.0
2007-07-15,1.8665424139602511,0.0,195.99979966565073,0.0
2007-07-16,1.8665424139602511,0.0,197.86634207961097,0.0
2007-07-17,1.8665424139602511,1.555408669330018,198.1774758242412,0.0
2007-07-18,1.8665424139602511,0.06660990775115903,199.9774083304503,0.0
2007-07-19,1.8665424139602511,0.0,201.84395074441053,0.0
2007-07-20,2.0962069801260315,0.0,203.94015772453656,0.0
2007-07-21,2.0962069801260315,0.0,206.0363647046626,0.0
2007-07-22,2.0962069801260315,0.0,208.13257168478862,0.0
2007-07-23,2.0962069801260315,0.0,210.22877866491464,0.0
2007-07-24,2.0962069801260315,0.0,212.32498564504067,0.0
2007-07-25,2.0962069801260315,0.0,214.4211926251667,0.0
2007-07-26,2.0962069801260315,0.0,216.51739960529272,0.0
2007-07-27,2.0962069801260315,0.0,218.61360658541875,0.0
2007-07-28,2.307868153174987,0.0,220.92147473859373,0.0
2007-07-29,2.307868153174987,0.0,223.2293428917687,0.0
2007-07-30,2.307868153174987,0.0,225.5372110449437,0.0
2007-07-31,2.307868153174987,0.0,227.84507919811867,0.0
2007-08-01,2.307868153174987,0.0,230.15294735129365,0.0
2007-08-02,2.307868153174987,0.0,232.46081550446863,0.0
2007-08-03,2.307868153174987,0.0,234.7686836576436,0.0
2007-08-04,2.307868153174987,0.0,237.0765518108186,0.0
2007-08-05,1.75750848279205,0.0,238.83406029361063,0.0
2007-08-06,1.75750848279205,0.0,240.59156877640268,0.0
2007-08-07,1.75750848279205,0.0,242.34907725919473,0.0
2007-08-08,1.75750848279205,0.0,244.10658574198678,0.0
2007-08-09,1.75750848279205,0.0,245.86409422477882,0.0
2007-08-10,1.75750848279205,0.0,247.62160270757087,0.0
2007-08-11,1.75750848279205,0.0,249.37911119036292,0.0
2007-08-12,1.75750848279205,0.0,251.13661967315497,0.0
2007-08-13,1.8926834706737758,0.0,253.02930314382874,0.0
2007-08-14,1.8926834706737758,0.0,254.92198661450252,0.0
2007-08-15,1.8926834706737758,0.0,256.8146700851763,0.0
2007-08-16,1.8926834706737758,0.0,258.7073535558501,0.0
2007-08-17,1.8926834706737758,0.0,260.60003702652386,0.0
2007-08-18,1.8926834706737758,0.0,262.49272049719764,0.0
2007-08-19,1.8926834706737758,0.0,264.3854039678714,0.0
2007-08-20,1.8926834706737758,0.0,266.2780874385452,0.0
2007-08-21,2.0380625302956847,0.0,268.3161499688409,0.0
2007-08-22,2.0380625302956847,0.0,270.35421249913657,0.0
2007-08-23,2.0380625302956847,0.0,272.39227502943226,0.0
2007-08-24,2.0380625302956847,0.0,274.43033755972795,0.0
2007-08-25,2.0380625302956847,0.0,276.46840009002364,0.0
2007-08-26,2.0380625302956847,0.0,278.5064626203193,0.0
2007-08-27,2.0380625302956847,0.0,280.544525150615,0.0
2007-08-28,2.0380625302956847,0.0,282.5825876809107,0.0
2007-08-29,2.2191105186621423,0.0,284.80169819957285,0.0
2007-08-30,2.2191105186621423,0.0,287.020808718235,0.0
2007-08-31,2.2191105186621423,0.0,289.23991923689715,0.0
2007-09-01,2.2191105186621423,0.0,291.4590297555593,0.0
2007-09-02,2.2191105186621423,0.0,293.67814027422145,0.0
2007-09-03,2.2191105186621423,0.0,295.8972507928836,0.0
2007-09-04,2.2191105186621423,0.0,298.11636131154575,0.0
2007-09-05,2.2191105186621423,0.0,300.3354718302079,0.0
2007-09-06,1.3900470189045078,0.0,301.7255188491124,0.0
2007-09-07,1.3900470189045078,0.0,303.1155658680169,0.0
2007-09-08,1.3900470189045078,0.0,304.5056128869214,0.0
2007-09-09,1.3900470189045078,0.0,305.89565990582594,0.0
2007-09-10,1.3900470189045078,0.0,307.28570692473045,0.0
2007-09-11,1.3900470189045078,0.0,308.67575394363496,0.0
2007-09-12,1.3900470189045078,0.0,310.06580096253947,0.0
2007-09-13,1.3900470189045078,0.0,311.455847981444,0.0
2007-09-14,1.3064687348521573,0.0,312.76231671629614,0.0
2007-09-15,1.3064687348521573,0.0,314.0687854511483,0.0
2007-09-16,1.3064687348521573,0.0,315.37525418600046,0.0
2007-09-17,1.3064687348521573,0.0,316.6817229208526,0.0
2007-09-18,1.3064687348521573,0.0,317.9881916557048,0.0
2007-09-19,1.3064687348521573,0.0,319.29466039055694,0.0
2007-09-20,1.3064687348521573,0.0,320.6011291254091,0.0
2007-09-21,1.3064687348521573,0.0,321.90759786026126,0.0
2007-09-22,1.3671473582161895,1.8361919132917655,321.4385533051857,0.0
2007-09-23,1.3671473582161895,0.0,322.80570066340186,0.0
2007-09-24,1.3671473582161895,0.0,324.17284802161805,0.0
2007-09-25,1.3671473582161895,0.0,325.53999537983424,0.0
2007-09-26,1.3671473582161895,0.0,326.9071427380504,0.0
2007-09-27,1.3671473582161895,0.0,328.2742900962666,0.0
2007-09-28,1.3671473582161895,0.0,329.6414374544828,0.0
2007-09-29,1.3671473582161895,0.0,331.008584812699,0.0
2007-09-30,1.315005332040717,0.005845201250753904,332.31774494348895,0.0
2007-10-01,1.315005332040717,0.0,333.63275027552965,0.0
2007-10-02,1.315005332040717,0.0,334.94775560757034,0.0
2007-10-03,1.315005332040717,0.0,336.26276093961104,0.0
2007-10-04,1.315005332040717,0.0,337.57776627165174,0.0
2007-10-05,1.315005332040717,0.0,338.89277160369244,0.0
2007-10-06,1.315005332040717,0.0,340.20777693573314,0.0
2007-10-07,1.315005332040717,0.0,341.52278226777383,0.0
2007-10-08,1.3043165293262233,0.012653251070436954,342.8144455460296,0.0
2007-10-09,1.3043165293262233,28.741046309102057,315.3777157662538,0.0
2007-10-10,1.3043165293262233,0.0,316.68203229558003,0.0
2007-10-11,1.3043165293262233,9.858046236422037,308.12830258848425,0.0
2007-10-12,1.3043165293262233,20.75323802841706,288.6793810893934,0.0
2007-10-13,1.3043165293262233,0.0,289.98369761871965,0.0
2007-10-14,1.3043165293262233,0.0,291.2880141480459,0.0
2007-10-15,1.3043165293262233,7.119935023895358,285.4723956534767,0.0
2007-10-16,1.4271575375666505,17.334680988323576,269.5648722027198,0.0
2007-10-17,1.4271575375666505,0.022959752902157904,270.9690699873843,0.0
2007-10-18,1.4271575375666505,6.942715199001063,265.4535123259499,0.0
2007-10-19,1.4271575375666505,10.402201073826651,256.4784687896899,0.0
2007-10-20,1.4271575375666505,0.0,257.9056263272565,0.0
2007-10-21,1.4271575375666505,0.0,259.33278386482317,0.0
2007-10-22,1.4271575375666505,0.0,260.7599414023898,0.0
2007-10-23,1.4271575375666505,0.0,262.18709893995646,0.0
2007-10-24,1.1917232186136688,0.0,263.37882215857013,0.0
2007-10-25,1.1917232186136688,0.0,264.5705453771838,0.0
2007-10-26,1.1917232186136688,0.0,265.7622685957975,0.0
2007-10-27,1.1917232186136688,0.0,266.95399181441115,0.0
2007-10-28,1.1917232186136688,0.0,268.1457150330248,0.0
2007-10-29,1.1917232186136688,0.0,269.3374382516385,0.0
2007-10-30,1.1917232186136688,0.0,270.5291614702522,0.0
2007-10-31,1.1917232186136688,0.0,271.72088468886585,0.0
2007-11-01,1.2179563742123116,0.0,272.93884106307814,0.0
2007-11-02,1.2179563742123116,0.0,274.15679743729044,0.0
2007-11-03,1.2179563742123116,0.0,275.3747538115027,0.0
2007-11-04,1.2179563742123116,0.0,276.592710185715,0.0
2007-11-05,1.2179563742123116,0.0,277.8106665599273,0.0
2007-11-06,1.2179563742123116,0.0,279.0286229341396,0.0
2007-11-07,1.2179563742123116,0.0,280.2465793083519,0.0
2007-11-08,1.2179563742123116,0.0,281.4645356825642,0.0
2007-11-09,1.0174440135724678,1.13686685753127,281.34511283860536,0.0
2007-11-10,1.0174440135724678,19.02218257089148,263.34037428128636,0.0
2007-11-11,1.0174440135724678,0.0,264.3578182948588,0.0
2007-11-12,1.0174440135724678,0.44004952570786776,264.9352127827234,0.0
2007-11-13,1.0174440135724678,0.0,265.95265679629586,0.0
2007-11-14,1.0174440135724678,0.0,266.9701008098683,0.0
2007-11-15,1.0174440135724678,0.0,267.98754482344077,0.0
2007-11-16,1.0174440135724678,0.0,269.00498883701323,0.0
2007-11-17,0.8003267086766841,0.0,269.8053155456899,0.0
2007-11-18,0.8003267086766841,2.2193777225334945,268.38626453183304,0.0
2007-11-19,0.8003267086766841,0.15361300477867618,269.03297823573104,0.0
2007-11-20,0.8003267086766841,0.0,269.8333049444077,0.0
2007-11-21,0.8003267086766841,0.0,270.63363165308436,0.0
2007-11-22,0.8003267086766841,0.0,271.43395836176103,0.0
2007-11-23,0.8003267086766841,0.0,272.2342850704377,0.0
2007-11-24,0.8003267086766841,0.0,273.03461177911436,0.0
2007-11-25,0.752209888511876,0.0,273.7868216676262,0.0
2007-11-26,0.752209888511876,0.0,274.53903155613807,0.0
2007-11-27,0.752209888511876,0.0,275.2912414446499,0.0
2007-11-28,0.752209888511876,0.0,276.0434513331618,0.0
2007-11-29,0.752209888511876,0.0,276.79566122167364,0.0
2007-11-30,0.752209888511876,0.0,277.5478711101855,0.0
2007-12-01,0.752209888511876,2.0743220191990996,276.22575897949827,0.0
2007-12-02,0.752209888511876,4.844547908003484,272.1334209600066,0.0
2007-12-03,0.7892927775084829,38.31937194682495,234.60334179069014,0.0
2007-12-04,0.7892927775084829,0.5990805002390738,234.79355406795955,0.0
2007-12-05,0.7892927775084829,0.0,235.58284684546803,0.0
2007-12-06,0.7892927775084829,27.78947668990852,208.58266293306798,0.0
2007-12-07,0.7892927775084829,0.0,209.37195571057646,0.0
2007-12-08,0.7892927775084829,0.0,210.16124848808494,0.0
2007-12-09,0.7892927775084829,0.0,210.95054126559342,0.0
2007-12-10,0.7892927775084829,0.0,211.7398340431019,0.0
2007-12-11,0.7078797867183712,0.0,212.44771382982026,0.0
2007-12-12,0.7078797867183712,0.0,213.15559361653862,0.0
2007-12-13,0.7078797867183712,0.0,213.863473403257,0.0
2007-12-14,0.7078797867183712,0.0,214.57135318997535,0.0
2007-12-15,0.7078797867183712,0.0,215.27923297669372,0.0
2007-12-16,0.7078797867183712,16.562653512039418,199.42445925137267,0.0
2007-12-17,0.7078797867183712,43.30411978328929,156.82821925480175,0.0
2007-12-18,0.7078797867183712,19.479808458971902,138.05629058254823,0.0
2007-12-19,0.7057556955889484,41.85578349204994,96.90626278608724,0.0
2007-12-20,0.7057556955889484,0.0,97.61201848167619,0.0
2007-12-21,0.7057556955889484,0.0,98.31777417726514,0.0
2007-12-22,0.7057556955889484,5.698997002913855,93.32453286994023,0.0
2007-12-23,0.7057556955889484,0.0,94.03028856552918,0.0
2007-12-24,0.7057556955889484,0.0,94.73604426111812,0.0
2007-12-25,0.7057556955889484,0.0,95.44179995670707,0.0
2007-12-26,0.7057556955889484,0.0,96.14755565229602,0.0
2007-12-27,0.5474343189529808,9.508108478581573,87.18688149266742,0.0
2007-12-28,0.5474343189529808,6.188770866984552,81.54554494463585,0.0
2007-12-29,0.5474343189529808,3.478582040444247,78.61439722314458,0.0
2007-12-30,0.5474343189529808,0.0,79.16183154209756,0.0
2007-12-31,0.5474343189529808,0.0,79.70926586105054,0.0
2008-01-01,0.8753063499757634,0.0,80.5845722110263,0.0
2008-01-02,0.8753063499757634,6.3141208115745995,75.14575774942746,0.0
2008-01-03,0.8753063499757634,85.57715469691036,0.0,9.556090597507136
2008-01-04,0.8753063499757634,51.18629707123841,0.0,50.31099072126264
2008-01-05,0.8753063499757634,17.85545483757468,0.0,16.980148487598917
2008-01-06,0.8753063499757634,7.447662552812888,0.0,6.572356202837125
2008-01-07,0.8753063499757634,7.666077255095489,0.0,6.790770905119726
2008-01-08,0.8753063499757634,32.80005786293431,0.0,31.924751512958547
2008-01-09,0.631359185651963,10.686544731305482,0.0,10.055185545653519
2008-01-10,0.631359185651963,1.878767836204623,0.0,1.2474086505526598
2008-01-11,0.631359185651963,0.5432414997472851,0.08811768590467794,0.0
2008-01-12,0.631359185651963,0.0,0.719476871556641,0.0
2008-01-13,0.631359185651963,0.0,1.350836057208604,0.0
2008-01-14,0.631359185651963,0.0,1.9821952428605671,0.0
2008-01-15,0.631359185651963,0.0,2.61355442851253,0.0
2008-01-16,0.631359185651963,0.0,3.244913614164493,0.0
2008-01-17,0.6801551139117792,0.0,3.925068728076272,0.0
2008-01-18,0.6801551139117792,0.0,4.605223841988051,0.0
2008-01-19,0.6801551139117792,0.0,5.28537895589983,0.0
2008-01-20,0.6801551139117792,0.0,5.965534069811609,0.0
2008-01-21,0.6801551139117792,10.543817455185454,0.0,3.898128271462067
2008-01-22,0.6801551139117792,3.1859689784861938,0.0,2.5058138645744146
2008-01-23,0.6801551139117792,1.1394551045754373,0.0,0.4592999906636581
2008-01-24,0.6801551139117792,24.203445588103015,0.0,23.523290474191235
2008-01-25,0.9194561318468247,99.11707157099576,0.0,98.19761543914893
2008-01-26,0.9194561318468247,18.49906482637482,0.0,17.579608694527995
2008-01-27,0.9194561318468247,11.608641013272406,0.0,10.68918488142558
2008-01-28,0.9194561318468247,2.0467151591652315,0.0,1.1272590273184067
2008-01-29,0.9194561318468247,11.191244553486257,0.0,10.271788421639432
2008-01-30,0.9194561318468247,3.629173368861431,0.0,2.709717237014606
2008-01-31,0.9194561318468247,40.228746656293836,0.0,39.309290524447015
2008-02-01,0.9194561318468247,1.3094086669177831,0.0,0.3899525350709584
2008-02-02,1.0260426563257388,49.40608869617567,0.0,48.38004603984994
2008-02-03,1.0260426563257388,1.8177987912860079,0.0,0.7917561349602691
2008-02-04,1.0260426563257388,0.0,1.0260426563257388,0.0
2008-02-05,1.0260426563257388,0.0,2.0520853126514775,0.0
2008-02-06,1.0260426563257388,0.0,3.078127968977216,0.0
2008-02-07,1.0260426563257388,0.0,4.104170625302955,0.0
2008-02-08,1.0260426563257388,0.0,5.130213281628694,0.0
2008-02-09,1.0260426563257388,0.0,6.156255937954433,0.0
2008-02-10,1.1025695588948135,0.0,7.258825496849246,0.0
2008-02-11,1.1025695588948135,0.0,8.36139505574406,0.0
2008-02-12,1.1025695588948135,0.0,9.463964614638874,0.0
2008-02-13,1.1025695588948135,0.0,10.566534173533688,0.0
2008-02-14,1.1025695588948135,0.0,11.669103732428502,0.0
2008-02-15,1.1025695588948135,0.0,12.771673291323316,0.0
2008-02-16,1.1025695588948135,0.0,13.87424285021813,0.0
2008-02-17,1.1025695588948135,0.0,14.976812409112943,0.0
2008-02-18,0.9181686863790599,0.4752972137886488,15.419683881703355,0.0
2008-02-19,0.9181686863790599,6.88461303858565,9.453239529496765,0.0
2008-02-20,0.9181686863790599,2.3907151960367012,7.980693019839123,0.0
2008-02-21,0.9181686863790599,14.51412361251311,0.0,5.615261906294927
2008-02-22,0.9181686863790599,1.243727533256306,0.0,0.3255588468772461
2008-02-23,0.9181686863790599,34.63266872842983,0.0,33.714500042050766
2008-02-24,0.9181686863790599,14.928083560046026,0.0,14.009914873666967
2008-02-25,0.9181686863790599,0.0,0.9181686863790599,0.0
2008-02-26,1.3996442074648565,0.0,2.317812893843916,0.0
2008-02-27,1.3996442074648565,0.0,3.7174571013087725,0.0
2008-02-28,1.3996442074648565,0.0,5.117101308773629,0.0
2008-02-29,1.3996442074648565,0.0,6.516745516238485,0.0
2008-03-01,1.3996442074648565,0.0,7.916389723703341,0.0
2008-03-02,1.3996442074648565,0.0,9.316033931168198,0.0
2008-03-03,1.3996442074648565,0.0,10.715678138633054,0.0
2008-03-04,1.3996442074648565,0.0,12.11532234609791,0.0
2008-03-05,1.4017460009694613,0.0,13.517068347067372,0.0
2008-03-06,1.4017460009694613,0.0,14.918814348036834,0.0
2008-03-07,1.4017460009694613,0.0,16.320560349006296,0.0
2008-03-08,1.4017460009694613,0.0,17.722306349975756,0.0
2008-03-09,1.4017460009694613,0.0,19.124052350945217,0.0
2008-03-10,1.4017460009694613,0.0,20.525798351914677,0.0
2008-03-11,1.4017460009694613,0.0,21.927544352884137,0.0
2008-03-12,1.4017460009694613,1.6477894565269302,21.681500897326668,0.0
2008-03-13,1.520204071740183,0.6274674929701507,22.574237476096698,0.0
2008-03-14,1.520204071740183,2.9373653488631586,21.15707619897372,0.0
2008-03-15,1.520204071740183,1.7343777023232758,20.942902568390625,0.0
2008-03-16,1.520204071740183,0.0,22.463106640130807,0.0
2008-03-17,1.520204071740183,0.0,23.98331071187099,0.0
2008-03-18,1.520204071740183,0.0,25.50351478361117,0.0
2008-03-19,1.520204071740183,0.0,27.02371885535135,0.0
2008-03-20,1.520204071740183,0.0,28.543922927091533,0.0
2008-03-21,1.192650024236548,0.0,29.736572951328082,0.0
2008-03-22,1.192650024236548,0.0,30.92922297556463,0.0
2008-03-23,1.192650024236548,0.0,32.12187299980118,0.0
2008-03-24,1.192650024236548,0.0,33.314523024037726,0.0
2008-03-25,1.192650024236548,0.0,34.507173048274275,0.0
2008-03-26,1.192650024236548,0.0,35.699823072510824,0.0
2008-03-27,1.192650024236548,0.0,36.89247309674737,0.0
2008-03-28,1.192650024236548,3.320789458950975,34.764333662032946,0.0
2008-03-29,1.4530063015026653,0.0,36.217339963535615,0.0
2008-03-30,1.4530063015026653,0.0,37.67034626503828,0.0
2008-03-31,1.4530063015026653,0.0,39.12335256654095,0.0
2008-04-01,1.4530063015026653,0.0,40.57635886804362,0.0
2008-04-02,1.4530063015026653,0.0,42.02936516954629,0.0
2008-04-03,1.4530063015026653,0.0,43.48237147104896,0.0
2008-04-04,1.4530063015026653,0.0,44.935377772551625,0.0
2008-04-05,1.4530063015026653,0.0,46.388384074054294,0.0
2008-04-06,1.8289777023751814,0.0,48.21736177642948,0.0
2008-04-07,1.8289777023751814,0.0,50.04633947880466,0.0
2008-04-08,1.8289777023751814,0.0,51.875317181179845,0.0
2008-04-09,1.8289777023751814,0.0,53.70429488355503,0.0
2008-04-10,1.8289777023751814,0.0,55.53327258593021,0.0
2008-04-11,1.8289777023751814,0.0,57.3622502883054,0.0
2008-04-12,1.8289777023751814,0.0,59.19122799068058,0.0
2008-04-13,1.8289777023751814,0.0,61.020205693055765,0.0
2008-04-14,1.5947508482792045,0.0,62.61495654133497,0.0
2008-04-15,1.5947508482792045,0.0,64.20970738961418,0.0
2008-04-16,1.5947508482792045,0.0,65.80445823789339,0.0
2008-04-17,1.5947508482792045,0.0,67.39920908617259,0.0
2008-04-18,1.5947508482792045,0.0,68.9939599344518,0.0
2008-04-19,1.5947508482792045,0.0,70.588710782731,0.0
2008-04-20,1.5947508482792045,0.0,72.1834616310102,0.0
2008-04-21,1.5947508482792045,0.0,73.77821247928941,0.0
2008-04-22,2.1735312651478433,6.724071086375706,69.22767265806155,0.0
2008-04-23,2.1735312651478433,0.961133113032893,70.44007081017651,0.0
2008-04-24,2.1735312651478433,0.0,72.61360207532435,0.0
2008-04-25,2.1735312651478433,0.0,74.7871333404722,0.0
2008-04-26,2.1735312651478433,0.0,76.96066460562004,0.0
2008-04-27,2.1735312651478433,0.0,79.13419587076788,0.0
2008-04-28,2.1735312651478433,0.0,81.30772713591573,0.0
2008-04-29,2.1735312651478433,0.0,83.48125840106357,0.0
2008-04-30,1.8546437227338817,0.0,85.33590212379745,0.0
2008-05-01,1.8546437227338817,0.0,87.19054584653134,0.0
2008-05-02,1.8546437227338817,0.0,89.04518956926522,0.0
2008-05-03,1.8546437227338817,0.0,90.8998332919991,0.0
2008-05-04,1.8546437227338817,0.0,92.75447701473298,0.0
2008-05-05,1.8546437227338817,0.0,94.60912073746687,0.0
2008-05-06,1.8546437227338817,0.0,96.46376446020075,0.0
2008-05-07,1.8546437227338817,0.0,98.31840818293463,0.0
2008-05-08,2.513317014057199,0.0,100.83172519699183,0.0
2008-05-09,2.513317014057199,0.0,103.34504221104902,0.0
2008-05-10,2.513317014057199,0.0,105.85835922510621,0.0
2008-05-11,2.513317014057199,0.0,108.3716762391634,0.0
2008-05-12,2.513317014057199,0.0,110.8849932532206,0.0
2008-05-13,2.513317014057199,0.0,113.3983102672778,0.0
2008-05-14,2.513317014057199,0.0,115.91162728133499,0.0
2008-05-15,2.513317014057199,0.0,118.42494429539218,0.0
2008-05-16,2.378552108579738,0.0,120.80349640397192,0.0
2008-05-17,2.378552108579738,0.0,123.18204851255166,0.0
2008-05-18,2.378552108579738,0.0,125.5606006211314,0.0
2008-05-19,2.378552108579738,0.0,127.93915272971114,0.0
2008-05-20,2.378552108579738,0.0,130.31770483829087,0.0
2008-05-21,2.378552108579738,0.0,132.6962569468706,0.0
2008-05-22,2.378552108579738,0.0,135.07480905545032,0.0
2008-05-23,2.378552108579738,0.0,137.45336116403004,0.0
2008-05-24,1.1918666989820645,1.1522229197593663,137.49300494325274,0.0
2008-05-25,1.1918666989820645,0.0,138.6848716422348,0.0
2008-05-26,1.1918666989820645,0.0,139.87673834121688,0.0
2008-05-27,1.1918666989820645,0.0,141.06860504019895,0.0
2008-05-28,1.1918666989820645,0.0,142.260471739181,0.0
2008-05-29,1.1918666989820645,0.0,143.45233843816308,0.0
2008-05-30,1.1918666989820645,0.0,144.64420513714515,0.0
2008-05-31,1.1918666989820645,0.0,145.83607183612722,0.0
2008-06-01,1.9174997576345123,0.0,147.75357159376173,0.0
2008-06-02,1.9174997576345123,0.0,149.67107135139625,0.0
2008-06-03,1.9174997576345123,0.0,151.58857110903077,0.0
2008-06-04,1.9174997576345123,0.0,153.50607086666528,0.0
2008-06-05,1.9174997576345123,0.0,155.4235706242998,0.0
2008-06-06,1.9174997576345123,0.0,157.34107038193432,0.0
2008-06-07,1.9174997576345123,0.0,159.25857013956883,0.0
2008-06-08,1.9174997576345123,0.0,161.17606989720335,0.0
2008-06-09,2.470434803683954,0.0,163.6465047008873,0.0
2008-06-10,2.470434803683954,0.0,166.11693950457126,0.0
2008-06-11,2.470434803683954,0.0,168.58737430825522,0.0
2008-06-12,2.470434803683954,0.0,171.05780911193918,0.0
2008-06-13,2.470434803683954,0.0,173.52824391562314,0.0
2008-06-14,2.470434803683954,0.0,175.9986787193071,0.0
2008-06-15,2.470434803683954,0.0,178.46911352299105,0.0
2008-06-16,2.470434803683954,0.0,180.939548326675,0.0
2008-06-17,2.6356737760542908,0.0,183.5752221027293,0.0
2008-06-18,2.6356737760542908,0.0,186.2108958787836,0.0
2008-06-19,2.6356737760542908,0.0,188.84656965483788,0.0
2008-06-20,2.6356737760542908,0.0,191.48224343089217,0.0
2008-06-21,2.6356737760542908,0.0,194.11791720694646,0.0
2008-06-22,2.6356737760542908,0.0,196.75359098300075,0.0
2008-06-23,2.6356737760542908,0.0,199.38926475905504,0.0
2008-06-24,2.6356737760542908,0.0,202.02493853510933,0.0
2008-06-25,1.7731163354338335,0.0,203.79805487054315,0.0
2008-06-26,1.7731163354338335,0.0,205.57117120597698,0.0
2008-06-27,1.7731163354338335,0.0,207.3442875414108,0.0
2008-06-28,1.7731163354338335,0.0,209.11740387684463,0.0
2008-06-29,1.7731163354338335,0.0,210.89052021227846,0.0
2008-06-30,1.7731163354338335,0.0,212.6636365477123,0.0
2008-07-01,1.7731163354338335,0.0,214.4367528831461,0.0
2008-07-02,1.7731163354338335,0.0,216.20986921857994,0.0
2008-07-03,2.4424571013087717,0.0,218.65232631988872,0.0
2008-07-04,2.4424571013087717,0.0,221.0947834211975,0.0
2008-07-05,2.4424571013087717,0.0,223.53724052250627,0.0
2008-07-06,2.4424571013087717,0.0,225.97969762381504,0.0
2008-07-07,2.4424571013087717,0.0,228.42215472512382,0.0
2008-07-08,2.4424571013087717,0.0,230.8646118264326,0.0
2008-07-09,2.4424571013087717,0.0,233.30706892774137,0.0
2008-07-10,2.4424571013087717,0.0,235.74952602905014,0.0
2008-07-11,1.8712976248182251,0.0,237.62082365386837,0.0
2008-07-12,1.8712976248182251,0.0,239.4921212786866,0.0
2008-07-13,1.8712976248182251,0.0,241.36341890350482,0.0
2008-07-14,1.8712976248182251,0.0,243.23471652832305,0.0
2008-07-15,1.8712976248182251,0.0,245.10601415314127,0.0
2008-07-16,1.8712976248182251,0.0,246.9773117779595,0.0
2008-07-17,1.8712976248182251,0.0,248.84860940277773,0.0
2008-07-18,1.8712976248182251,0.0,250.71990702759595,0.0
2008-07-19,2.158848763936015,0.0,252.87875579153197,0.0
2008-07-20,2.158848763936015,0.0,255.037604555468,0.0
2008-07-21,2.158848763936015,0.0,257.196453319404,0.0
2008-07-22,2.158848763936015,0.0,259.35530208334,0.0
2008-07-23,2.158848763936015,0.0,261.514150847276,0.0
2008-07-24,2.158848763936015,0.0,263.67299961121205,0.0
2008-07-25,2.158848763936015,0.0,265.83184837514807,0.0
2008-07-26,2.158848763936015,0.0,267.9906971390841,0.0
2008-07-27,1.9107348521570542,0.0,269.90143199124117,0.0
2008-07-28,1.9107348521570542,0.0,271.81216684339824,0.0
2008-07-29,1.9107348521570542,0.0,273.7229016955553,0.0
2008-07-30,1.9107348521570542,0.0,275.6336365477124,0.0
2008-07-31,1.9107348521570542,0.0,277.5443713998695,0.0
2008-08-01,1.9107348521570542,0.0,279.45510625202655,0.0
2008-08-02,1.9107348521570542,0.0,281.36584110418363,0.0
2008-08-03,1.9107348521570542,0.0,283.2765759563407,0.0
2008-08-04,1.7661764420746484,0.0,285.04275239841536,0.0
2008-08-05,1.7661764420746484,0.0,286.80892884049,0.0
2008-08-06,1.7661764420746484,0.0,288.57510528256466,0.0
2008-08-07,1.7661764420746484,0.0,290.3412817246393,0.0
2008-08-08,1.7661764420746484,0.0,292.10745816671397,0.0
2008-08-09,1.7661764420746484,0.0,293.8736346087886,0.0
2008-08-10,1.7661764420746484,0.0,295.6398110508633,0.0
2008-08-11,1.7661764420746484,0.0,297.4059874929379,0.0
2008-08-12,1.806177411536597,0.0,299.21216490447455,0.0
2008-08-13,1.806177411536597,0.0,301.01834231601117,0.0
2008-08-14,1.806177411536597,0.0,302.8245197275478,0.0
2008-08-15,1.806177411536597,0.0,304.6306971390844,0.0
2008-08-16,1.806177411536597,0.0,306.43687455062104,0.0
2008-08-17,1.806177411536597,0.18470278286682176,308.0583491792908,0.0
2008-08-18,1.806177411536597,0.0,309.86452659082744,0.0
2008-08-19,1.806177411536597,0.0,311.67070400236406,0.0
2008-08-20,1.9599781871061566,0.0,313.63068218947024,0.0
2008-08-21,1.9599781871061566,0.0,315.5906603765764,0.0
2008-08-22,1.9599781871061566,0.0,317.5506385636826,0.0
2008-08-23,1.9599781871061566,0.0,319.51061675078876,0.0
2008-08-24,1.9599781871061566,0.0,321.47059493789493,0.0
2008-08-25,1.9599781871061566,0.0,323.4305731250011,0.0
2008-08-26,1.9599781871061566,0.0,325.3905513121073,0.0
2008-08-27,1.9599781871061566,0.0,327.35052949921345,0.0
2008-08-28,2.154448376151235,0.0,329.50497787536466,0.0
2008-08-29,2.154448376151235,0.0,331.65942625151587,0.0
2008-08-30,2.154448376151235,0.0,333.8138746276671,0.0
2008-08-31,2.154448376151235,0.0,335.9683230038183,0.0
2008-09-01,2.154448376151235,0.0,338.1227713799695,0.0
2008-09-02,2.154448376151235,0.0,340.2772197561207,0.0
2008-09-03,2.154448376151235,0.0,342.4316681322719,0.0
2008-09-04,2.154448376151235,0.0,344.5861165084231,0.0
2008-09-05,1.6399185651963162,0.0,346.2260350736194,0.0
2008-09-06,1.6399185651963162,0.0,347.8659536388157,0.0
2008-09-07,1.6399185651963162,0.0,349.505872204012,0.0
2008-09-08,1.6399185651963162,0.0,351.1457907692083,0.0
2008-09-09,1.6399185651963162,0.0,352.7857093344046,0.0
2008-09-10,1.6399185651963162,0.0,354.4256278996009,0.0
2008-09-11,1.6399185651963162,0.0,356.0655464647972,0.0
2008-09-12,1.6399185651963162,0.0,357.7054650299935,0.0
2008-09-13,1.0243456131846822,0.0,358.72981064317815,0.0
2008-09-14,1.0243456131846822,0.0,359.7541562563628,0.0
2008-09-15,1.0243456131846822,0.0,360.7785018695475,0.0
2008-09-16,1.0243456131846822,0.0,361.80284748273215,0.0
2008-09-17,1.0243456131846822,0.0,362.8271930959168,0.0
2008-09-18,1.0243456131846822,0.0,363.8515387091015,0.0
2008-09-19,1.0243456131846822,1.0452476931799306,363.8306366291062,0.0
2008-09-20,1.0243456131846822,0.0,364.8549822422909,0.0
2008-09-21,1.5672253999030539,0.0,366.42220764219394,0.0
2008-09-22,1.5672253999030539,0.0,367.989433042097,0.0
2008-09-23,1.5672253999030539,0.0,369.55665844200007,0.0
2008-09-24,1.5672253999030539,0.0,371.12388384190314,0.0
2008-09-25,1.5672253999030539,0.0,372.6911092418062,0.0
2008-09-26,1.5672253999030539,0.0,374.25833464170927,0.0
2008-09-27,1.5672253999030539,0.0,375.82556004161233,0.0
2008-09-28,1.5672253999030539,0.0,377.3927854415154,0.0
2008-09-29,1.484428502181289,0.0,378.8772139436967,0.0
2008-09-30,1.484428502181289,0.0,380.361642445878,0.0
2008-10-01,1.484428502181289,0.7820526356967425,381.0640183123625,0.0
2008-10-02,1.484428502181289,0.0,382.5484468145438,0.0
2008-10-03,1.484428502181289,26.936492477039064,357.09638283968604,0.0
2008-10-04,1.484428502181289,0.5501424216149208,358.0306689202524,0.0
2008-10-05,1.484428502181289,0.0,359.5150974224337,0.0
2008-10-06,1.484428502181289,0.0,360.999525924615,0.0
2008-10-07,1.8061541444498297,0.0,362.8056800690648,0.0
2008-10-08,1.8061541444498297,0.0,364.6118342135146,0.0
2008-10-09,1.8061541444498297,0.0,366.4179883579644,0.0
2008-10-10,1.8061541444498297,0.0,368.2241425024142,0.0
2008-10-11,1.8061541444498297,0.0,370.03029664686403,0.0
2008-10-12,1.8061541444498297,0.0,371.83645079131384,0.0
2008-10-13,1.8061541444498297,0.0,373.64260493576364,0.0
2008-10-14,1.8061541444498297,0.0,375.44875908021345,0.0
2008-10-15,1.7136015511391174,0.0,377.16236063135256,0.0
2008-10-16,1.7136015511391174,0.0,378.87596218249166,0.0
2008-10-17,1.7136015511391174,0.0,380.58956373363077,0.0
2008-10-18,1.7136015511391174,0.0,382.3031652847699,0.0
2008-10-19,1.7136015511391174,0.0,384.016766835909,0.0
2008-10-20,1.7136015511391174,0.0,385.7303683870481,0.0
2008-10-21,1.7136015511391174,0.0,387.4439699381872,0.0
2008-10-22,1.7136015511391174,0.0,389.1575714893263,0.0
2008-10-23,1.4558347067377606,0.0,390.61340619606403,0.0
2008-10-24,1.4558347067377606,0.0,392.06924090280177,0.0
2008-10-25,1.4558347067377606,0.0,393.5250756095395,0.0
2008-10-26,1.4558347067377606,0.0,394.98091031627723,0.0
2008-10-27,1.4558347067377606,0.0,396.43674502301496,0.0
2008-10-28,1.4558347067377606,0.0,397.8925797297527,0.0
2008-10-29,1.4558347067377606,0.0,399.34841443649043,0.0
2008-10-30,1.4558347067377606,9.560352747654397,391.24389639557376,0.0
2008-10-31,0.9787925351429955,36.93087316814221,355.2918157625745,0.0
2008-11-01,0.9787925351429955,39.7290959195825,316.541512378135,0.0
2008-11-02,0.9787925351429955,0.7445789300620371,316.7757259832159,0.0
2008-11-03,0.9787925351429955,24.507789068546824,293.2467294498121,0.0
2008-11-04,0.9787925351429955,0.7620030962645822,293.4635188886905,0.0
2008-11-05,0.9787925351429955,0.0,294.4423114238335,0.0
2008-11-06,0.9787925351429955,0.0,295.42110395897646,0.0
2008-11-07,0.9787925351429955,0.0,296.39989649411945,0.0
2008-11-08,0.9938889966068827,1.5985665616605302,295.7952189290658,0.0
2008-11-09,0.9938889966068827,0.0,296.7891079256727,0.0
2008-11-10,0.9938889966068827,0.0,297.78299692227955,0.0
2008-11-11,0.9938889966068827,0.0,298.7768859188864,0.0
2008-11-12,0.9938889966068827,0.0,299.7707749154933,0.0
2008-11-13,0.9938889966068827,0.0,300.76466391210016,0.0
2008-11-14,0.9938889966068827,0.0,301.75855290870703,0.0
2008-11-15,0.9938889966068827,0.0,302.7524419053139,0.0
2008-11-16,0.8386907416383903,0.0,303.5911326469523,0.0
2008-11-17,0.8386907416383903,0.0,304.4298233885907,0.0
2008-11-18,0.8386907416383903,0.0,305.2685141302291,0.0
2008-11-19,0.8386907416383903,1.179012385315201,304.9281924865523,0.0
2008-11-20,0.8386907416383903,0.0,305.7668832281907,0.0
2008-11-21,0.8386907416383903,0.0,306.6055739698291,0.0
2008-11-22,0.8386907416383903,0.0,307.4442647114675,0.0
2008-11-23,0.8386907416383903,0.0,308.2829554531059,0.0
2008-11-24,0.5154338342220065,0.0,308.7983892873279,0.0
2008-11-25,0.5154338342220065,1.3350495406348637,307.978773580915,0.0
2008-11-26,0.5154338342220065,0.7953188908358476,307.69888852430114,0.0
2008-11-27,0.5154338342220065,0.0,308.21432235852313,0.0
2008-11-28,0.5154338342220065,0.0,308.7297561927451,0.0
2008-11-29,0.5154338342220065,0.0,309.2451900269671,0.0
2008-11-30,0.5154338342220065,0.0,309.7606238611891,0.0
2008-12-01,0.5154338342220065,0.0,310.2760576954111,0.0
2008-12-02,0.509479883664566,0.0,310.78553757907565,0.0
2008-12-03,0.509479883664566,0.0,311.2950174627402,0.0
2008-12-04,0.509479883664566,0.0,311.80449734640473,0.0
2008-12-05,0.509479883664566,0.0,312.31397723006927,0.0
2008-12-06,0.509479883664566,0.0,312.8234571137338,0.0
2008-12-07,0.509479883664566,0.0,313.33293699739835,0.0
2008-12-08,0.509479883664566,0.0,313.8424168810629,0.0
2008-12-09,0.509479883664566,0.0,314.3518967647274,0.0
2008-12-10,0.5793208919049926,0.0,314.93121765663244,0.0
2008-12-11,0.5793208919049926,0.0,315.51053854853745,0.0
2008-12-12,0.5793208919049926,0.0,316.08985944044247,0.0
2008-12-13,0.5793208919049926,0.0,316.6691803323475,0.0
2008-12-14,0.5793208919049926,15.00113946365498,302.2473617605975,0.0
2008-12-15,0.5793208919049926,5.102198330610528,297.724484321892,0.0
2008-12-16,0.5793208919049926,0.0,298.30380521379703,0.0
2008-12-17,0.5793208919049926,0.0,298.88312610570205,0.0
2008-12-18,0.6369738245273873,8.828222683708733,290.6918772465207,0.0
2008-12-19,0.6369738245273873,0.24602786767593474,291.08282320337213,0.0
2008-12-20,0.6369738245273873,1.8993126988041875,289.82048432909534,0.0
2008-12-21,0.6369738245273873,17.536501822456852,272.9209563311659,0.0
2008-12-22,0.6369738245273873,2.7909690241326484,270.7669611315606,0.0
2008-12-23,0.6369738245273873,20.241381093075397,251.1625538630126,0.0
2008-12-24,0.6369738245273873,42.65409055066182,209.14543713687817,0.0
2008-12-25,0.6369738245273873,0.01360061981545144,209.7688103415901,0.0
2008-12-26,0.4320237518177409,0.0,210.20083409340785,0.0
2008-12-27,0.4320237518177409,2.577529429651266,208.05532841557434,0.0
2008-12-28,0.4320237518177409,0.786272441086016,207.70107972630606,0.0
2008-12-29,0.4320237518177409,0.0,208.13310347812381,0.0
2008-12-30,0.4320237518177409,0.0,208.56512722994157,0.0
2008-12-31,0.4320237518177409,0.0,208.99715098175932,0.0
2009-01-01,0.6033286476005817,10.633888516263694,198.96659111309623,0.0
2009-01-02,0.6033286476005817,2.7758111016300067,196.7941086590668,0.0
2009-01-03,0.6033286476005817,0.0,197.3974373066674,0.0
2009-01-04,0.6033286476005817,0.6544210542650784,197.34634490000292,0.0
2009-01-05,0.6033286476005817,1.6444334371171128,196.3052401104864,0.0
2009-01-06,0.6033286476005817,0.0,196.908568758087,0.0
2009-01-07,0.6033286476005817,0.0037120742486910917,197.5081853314389,0.0
2009-01-08,0.6033286476005817,0.0,198.1115139790395,0.0
2009-01-09,0.9081992244304409,0.0,199.01971320346993,0.0
2009-01-10,0.9081992244304409,0.0,199.92791242790037,0.0
2009-01-11,0.9081992244304409,0.0,200.8361116523308,0.0
2009-01-12,0.9081992244304409,0.0,201.74431087676123,0.0
2009-01-13,0.9081992244304409,0.0,202.65251010119167,0.0
2009-01-14,0.9081992244304409,0.0,203.5607093256221,0.0
2009-01-15,0.9081992244304409,0.0,204.46890855005253,0.0
2009-01-16,0.9081992244304409,0.0,205.37710777448297,0.0
2009-01-17,0.9199437712069798,0.0,206.29705154568995,0.0
2009-01-18,0.9199437712069798,0.0,207.21699531689694,0.0
2009-01-19,0.9199437712069798,0.0,208.13693908810393,0.0
2009-01-20,0.9199437712069798,0.0,209.05688285931092,0.0
2009-01-21,0.9199437712069798,2.5179597120905064,207.4588669184274,0.0
2009-01-22,0.9199437712069798,0.6996346678896216,207.67917602174475,0.0
2009-01-23,0.9199437712069798,3.207712020667344,205.3914077722844,0.0
2009-01-24,0.9199437712069798,0.0,206.31135154349138,0.0
2009-01-25,0.9212413960252058,0.0021269349929164435,207.23046600452366,0.0
2009-01-26,0.9212413960252058,0.0,208.15170740054887,0.0
2009-01-27,0.9212413960252058,0.0,209.07294879657408,0.0
2009-01-28,0.9212413960252058,0.0,209.9941901925993,0.0
2009-01-29,0.9212413960252058,0.0,210.9154315886245,0.0
2009-01-30,0.9212413960252058,0.0,211.8366729846497,0.0
2009-01-31,0.9212413960252058,0.0,212.75791438067492,0.0
2009-02-01,0.9212413960252058,0.0,213.67915577670013,0.0
2009-02-02,1.146285506543868,0.0,214.825441283244,0.0
2009-02-03,1.146285506543868,0.0,215.97172678978788,0.0
2009-02-04,1.146285506543868,4.689829746636073,212.4281825496957,0.0
2009-02-05,1.146285506543868,15.776646860612804,197.79782119562677,0.0
2009-02-06,1.146285506543868,15.400207673063955,183.54389902910668,0.0
2009-02-07,1.146285506543868,0.09030959674448419,184.59987493890608,0.0
2009-02-08,1.146285506543868,5.611681199295232,180.13447924615474,0.0
2009-02-09,1.146285506543868,0.023247678598011308,181.2575170741006,0.0
2009-02-10,1.0400237518177409,20.72389142653521,161.57364939938313,0.0
2009-02-11,1.0400237518177409,15.22899994392513,147.38467320727574,0.0
2009-02-12,1.0400237518177409,14.67310201863386,133.7515949404596,0.0
2009-02-13,1.0400237518177409,13.418458191602962,121.37316050067436,0.0
2009-02-14,1.0400237518177409,21.395522758318542,101.01766149417355,0.0
2009-02-15,1.0400237518177409,32.43606810673102,69.62161713926028,0.0
2009-02-16,1.0400237518177409,37.92230264764083,32.739338243437196,0.0
2009-02-17,1.0400237518177409,10.945408732529392,22.833953262725544,0.0
2009-02-18,1.1403373727581196,0.014513932249217579,23.959776703234443,0.0
2009-02-19,1.1403373727581196,0.0,25.10011407599256,0.0
2009-02-20,1.1403373727581196,0.0,26.24045144875068,0.0
2009-02-21,1.1403373727581196,33.2660780809243,0.0,5.885289259415504
2009-02-22,1.1403373727581196,34.80244546187551,0.0,33.66210808911739
2009-02-23,1.1403373727581196,9.348458403773352,0.0,8.208121031015231
2009-02-24,1.1403373727581196,1.2866501642085448,0.0,0.1463127914504252
2009-02-25,1.1403373727581196,11.370678010001638,0.0,10.230340637243518
2009-02-26,1.22323848763936,0.0,1.22323848763936,0.0
2009-02-27,1.22323848763936,0.003294117541136018,2.4431828577375843,0.0
2009-02-28,1.22323848763936,6.609931964992369,0.0,2.9435106196154246
2009-03-01,1.22323848763936,24.587510684695406,0.0,23.364272197056046
2009-03-02,1.22323848763936,20.81491383531883,0.0,19.59167534767947
2009-03-03,1.22323848763936,7.791900931497107,0.0,6.568662443857747
2009-03-04,1.22323848763936,2.0839009307117284,0.0,0.8606624430723684
2009-03-05,1.22323848763936,0.0,1.22323848763936,0.0
2009-03-06,1.2777876878332526,0.0,2.501026175472613,0.0
2009-03-07,1.2777876878332526,0.0,3.7788138633058654,0.0
2009-03-08,1.2777876878332526,0.0,5.056601551139118,0.0
2009-03-09,1.2777876878332526,0.0,6.334389238972371,0.0
2009-03-10,1.2777876878332526,0.0,7.612176926805623,0.0
2009-03-11,1.2777876878332526,0.0,8.889964614638876,0.0
2009-03-12,1.2777876878332526,0.0,10.167752302472127,0.0
2009-03-13,1.2777876878332526,0.0,11.445539990305381,0.0
2009-03-14,1.4971904992729033,3.3248792181812195,9.617851271397065,0.0
2009-03-15,1.4971904992729033,6.406089745807943,4.708952024862025,0.0
2009-03-16,1.4971904992729033,5.037120725717337,1.1690217984175924,0.0
2009-03-17,1.4971904992729033,0.003120742899714608,2.663091554790781,0.0
2009-03-18,1.4971904992729033,0.0,4.160282054063684,0.0
2009-03-19,1.4971904992729033,0.0,5.6574725533365875,0.0
2009-03-20,1.4971904992729033,0.0,7.154663052609491,0.0
2009-03-21,1.4971904992729033,8.438665899329878,0.21318765255251648,0.0
2009-03-22,2.0719946679592818,0.43761299675094084,1.8475693237608575,0.0
2009-03-23,2.0719946679592818,0.0,3.919563991720139,0.0
2009-03-24,2.0719946679592818,0.0,5.991558659679421,0.0
2009-03-25,2.0719946679592818,0.0,8.063553327638703,0.0
2009-03-26,2.0719946679592818,0.0,10.135547995597985,0.0
2009-03-27,2.0719946679592818,0.0,12.207542663557266,0.0
2009-03-28,2.0719946679592818,0.0,14.279537331516547,0.0
2009-03-29,2.0719946679592818,0.0,16.351531999475828,0.0
2009-03-30,1.8818390693165294,0.0,18.23337106879236,0.0
2009-03-31,1.8818390693165294,0.0,20.11521013810889,0.0
2009-04-01,1.8818390693165294,0.0,21.99704920742542,0.0
2009-04-02,1.8818390693165294,0.0,23.87888827674195,0.0
2009-04-03,1.8818390693165294,0.0,25.76072734605848,0.0
2009-04-04,1.8818390693165294,0.0,27.64256641537501,0.0
2009-04-05,1.8818390693165294,0.0,29.524405484691542,0.0
2009-04-06,1.8818390693165294,0.0,31.406244554008072,0.0
2009-04-07,1.8124066892874453,7.764965830941686,25.45368541235383,0.0
2009-04-08,1.8124066892874453,0.6143405577715704,26.651751543869707,0.0
2009-04-09,1.8124066892874453,6.857315944075214,21.60684228908194,0.0
2009-04-10,1.8124066892874453,0.0,23.419248978369385,0.0
2009-04-11,1.8124066892874453,0.0,25.23165566765683,0.0
2009-04-12,1.8124066892874453,0.0,27.044062356944277,0.0
2009-04-13,1.8124066892874453,0.0,28.856469046231723,0.0
2009-04-14,1.8124066892874453,0.0,30.66887573551917,0.0
2009-04-15,2.6773897237033437,0.0,33.346265459222515,0.0
2009-04-16,2.6773897237033437,0.0,36.02365518292586,0.0
2009-04-17,2.6773897237033437,0.0,38.7010449066292,0.0
2009-04-18,2.6773897237033437,0.0,41.37843463033254,0.0
2009-04-19,2.6773897237033437,0.0,44.055824354035884,0.0
2009-04-20,2.6773897237033437,0.0,46.73321407773923,0.0
2009-04-21,2.6773897237033437,0.0,49.41060380144257,0.0
2009-04-22,2.6773897237033437,0.0,52.08799352514591,0.0
2009-04-23,1.7972447891420256,0.0,53.88523831428794,0.0
2009-04-24,1.7972447891420256,0.0,55.682483103429966,0.0
2009-04-25,1.7972447891420256,0.0,57.479727892571994,0.0
2009-04-26,1.7972447891420256,0.0,59.27697268171402,0.0
2009-04-27,1.7972447891420256,0.0,61.07421747085605,0.0
2009-04-28,1.7972447891420256,0.0,62.871462259998076,0.0
2009-04-29,1.7972447891420256,0.0,64.6687070491401,0.0
2009-04-30,1.7972447891420256,0.0,66.46595183828212,0.0
2009-05-01,1.5814973339796408,21.60952063167796,46.437928540583805,0.0
2009-05-02,1.5814973339796408,30.85347980463837,17.165946069925077,0.0
2009-05-03,1.5814973339796408,5.160597532526258,13.586845871378461,0.0
2009-05-04,1.5814973339796408,39.88660352960828,0.0,24.718260324250178
2009-05-05,1.5814973339796408,1.3571579078033613,0.22433942617627944,0.0
2009-05-06,1.5814973339796408,4.0020711724603135,0.0,2.1962344123043933
2009-05-07,1.5814973339796408,0.0,1.5814973339796408,0.0
2009-05-08,1.5814973339796408,0.0,3.1629946679592815,0.0
2009-05-09,2.94398206495395,0.0,6.106976732913232,0.0
2009-05-10,2.94398206495395,0.0,9.050958797867182,0.0
2009-05-11,2.94398206495395,0.0,11.994940862821132,0.0
2009-05-12,2.94398206495395,0.0,14.938922927775081,0.0
2009-05-13,2.94398206495395,0.0,17.88290499272903,0.0
2009-05-14,2.94398206495395,0.0,20.82688705768298,0.0
2009-05-15,2.94398206495395,0.0,23.77086912263693,0.0
2009-05-16,2.94398206495395,0.0,26.71485118759088,0.0
2009-05-17,2.9521236063984486,0.0,29.66697479398933,0.0
2009-05-18,2.9521236063984486,0.0,32.61909840038778,0.0
2009-05-19,2.9521236063984486,0.0,35.57122200678623,0.0
2009-05-20,2.9521236063984486,0.0,38.52334561318468,0.0
2009-05-21,2.9521236063984486,0.0,41.47546921958313,0.0
2009-05-22,2.9521236063984486,0.0,44.427592825981584,0.0
2009-05-23,2.9521236063984486,0.0,47.379716432380036,0.0
2009-05-24,2.9521236063984486,0.0,50.33184003877849,0.0
2009-05-25,2.7153310712554535,0.0,53.04717111003394,0.0
2009-05-26,2.7153310712554535,0.0,55.7625021812894,0.0
2009-05-27,2.7153310712554535,0.0,58.477833252544855,0.0
2009-05-28,2.7153310712554535,0.0,61.19316432380031,0.0
2009-05-29,2.7153310712554535,0.08882043542968968,63.81967495962608,0.0
2009-05-30,2.7153310712554535,0.0,66.53500603088153,0.0
2009-05-31,2.7153310712554535,0.0,69.25033710213698,0.0
2009-06-01,2.7153310712554535,0.0,71.96566817339243,0.0
2009-06-02,1.3657600581677165,0.44817337390877326,72.88325485765138,0.0
2009-06-03,1.3657600581677165,0.0,74.2490149158191,0.0
2009-06-04,1.3657600581677165,0.0,75.61477497398683,0.0
2009-06-05,1.3657600581677165,0.0,76.98053503215455,0.0
2009-06-06,1.3657600581677165,0.0,78.34629509032227,0.0
2009-06-07,1.3657600581677165,0.0,79.71205514849,0.0
2009-06-08,1.3657600581677165,0.0,81.07781520665772,0.0
2009-06-09,1.3657600581677165,0.0,82.44357526482544,0.0
2009-06-10,1.5209820649539503,0.0,83.9645573297794,0.0
2009-06-11,1.5209820649539503,0.0,85.48553939473335,0.0
2009-06-12,1.5209820649539503,0.0,87.0065214596873,0.0
2009-06-13,1.5209820649539503,0.0,88.52750352464126,0.0
2009-06-14,1.5209820649539503,0.0,90.04848558959522,0.0
2009-06-15,1.5209820649539503,0.0,91.56946765454917,0.0
2009-06-16,1.5209820649539503,0.0,93.09044971950313,0.0
2009-06-17,1.5209820649539503,0.0,94.61143178445708,0.0
2009-06-18,2.3633034415899163,0.0,96.974735226047,0.0
2009-06-19,2.3633034415899163,0.0,99.33803866763692,0.0
2009-06-20,2.3633034415899163,0.0,101.70134210922684,0.0
2009-06-21,2.3633034415899163,0.0,104.06464555081676,0.0
2009-06-22,2.3633034415899163,0.0,106.42794899240668,0.0
2009-06-23,2.3633034415899163,0.0,108.7912524339966,0.0
2009-06-24,2.3633034415899163,0.0,111.15455587558652,0.0
2009-06-25,2.3633034415899163,0.0,113.51785931717644,0.0
2009-06-26,2.455437227338828,0.0,115.97329654451528,0.0
2009-06-27,2.455437227338828,0.0,118.42873377185411,0.0
2009-06-28,2.455437227338828,0.0,120.88417099919295,0.0
2009-06-29,2.455437227338828,0.0,123.33960822653178,0.0
2009-06-30,2.455437227338828,0.0,125.79504545387061,0.0
2009-07-01,2.455437227338828,0.0,128.25048268120943,0.0
2009-07-02,2.455437227338828,0.0,130.70591990854825,0.0
2009-07-03,2.455437227338828,0.0,133.16135713588707,0.0
2009-07-04,1.9517542413960258,0.0,135.1131113772831,0.0
2009-07-05,1.9517542413960258,0.0,137.06486561867914,0.0
2009-07-06,1.9517542413960258,0.0,139.01661986007517,0.0
2009-07-07,1.9517542413960258,0.0,140.9683741014712,0.0
2009-07-08,1.9517542413960258,0.0,142.92012834286723,0.0
2009-07-09,1.9517542413960258,0.0,144.87188258426326,0.0
2009-07-10,1.9517542413960258,0.0,146.8236368256593,0.0
2009-07-11,1.9517542413960258,0.0,148.77539106705532,0.0
2009-07-12,2.576548230731942,0.0,151.35193929778725,0.0
2009-07-13,2.576548230731942,0.0,153.92848752851918,0.0
2009-07-14,2.576548230731942,0.0,156.50503575925111,0.0
2009-07-15,2.576548230731942,0.0,159.08158398998305,0.0
2009-07-16,2.576548230731942,0.0,161.65813222071498,0.0
2009-07-17,2.576548230731942,0.0,164.2346804514469,0.0
2009-07-18,2.576548230731942,0.0,166.81122868217884,0.0
2009-07-19,2.576548230731942,0.0,169.38777691291077,0.0
2009-07-20,2.0621904992729028,0.0,171.44996741218367,0.0
2009-07-21,2.0621904992729028,0.0,173.51215791145657,0.0
2009-07-22,2.0621904992729028,0.0,175.57434841072947,0.0
2009-07-23,2.0621904992729028,0.0,177.63653891000237,0.0
2009-07-24,2.0621904992729028,0.0,179.69872940927527,0.0
2009-07-25,2.0621904992729028,0.0,181.76091990854817,0.0
2009-07-26,2.0621904992729028,0.0,183.82311040782108,0.0
2009-07-27,2.0621904992729028,0.0,185.88530090709398,0.0
2009-07-28,1.5233625787687832,0.0,187.40866348586277,0.0
2009-07-29,1.5233625787687832,0.0,188.93202606463157,0.0
2009-07-30,1.5233625787687832,0.0,190.45538864340037,0.0
2009-07-31,1.5233625787687832,0.0,191.97875122216917,0.0
2009-08-01,1.5233625787687832,0.0,193.50211380093796,0.0
2009-08-02,1.5233625787687832,0.0,195.02547637970676,0.0
2009-08-03,1.5233625787687832,0.0,196.54883895847556,0.0
2009-08-04,1.5233625787687832,0.0,198.07220153724435,0.0
2009-08-05,2.1445763451284536,0.0,200.2167778823728,0.0
2009-08-06,2.1445763451284536,0.0,202.36135422750127,0.0
2009-08-07,2.1445763451284536,0.0,204.50593057262972,0.0
2009-08-08,2.1445763451284536,0.0,206.65050691775818,0.0
2009-08-09,2.1445763451284536,0.0,208.79508326288664,0.0
2009-08-10,2.1445763451284536,0.0,210.9396596080151,0.0
2009-08-11,2.1445763451284536,0.0,213.08423595314355,0.0
2009-08-12,2.1445763451284536,0.0,215.228812298272,0.0
2009-08-13,2.066269995152689,0.0,217.29508229342468,0.0
2009-08-14,2.066269995152689,0.0,219.36135228857736,0.0
2009-08-15,2.066269995152689,0.0,221.42762228373005,0.0
2009-08-16,2.066269995152689,0.0,223.49389227888273,0.0
2009-08-17,2.066269995152689,0.0,225.5601622740354,0.0
2009-08-18,2.066269995152689,0.0,227.6264322691881,0.0
2009-08-19,2.066269995152689,0.0,229.69270226434077,0.0
2009-08-20,2.066269995152689,0.0,231.75897225949345,0.0
2009-08-21,1.9938700920988843,0.0,233.75284235159234,0.0
2009-08-22,1.9938700920988843,0.0,235.74671244369122,0.0
2009-08-23,1.9938700920988843,0.0,237.7405825357901,0.0
2009-08-24,1.9938700920988843,0.0,239.734452627889,0.0
2009-08-25,1.9938700920988843,0.0,241.7283227199879,0.0
2009-08-26,1.9938700920988843,0.0,243.72219281208677,0.0
2009-08-27,1.9938700920988843,0.0,245.71606290418566,0.0
2009-08-28,1.9938700920988843,0.0,247.70993299628455,0.0
2009-08-29,1.9962321861366925,0.0,249.70616518242124,0.0
2009-08-30,1.9962321861366925,0.0,251.70239736855794,0.0
2009-08-31,1.9962321861366925,0.0,253.69862955469463,0.0
2009-09-01,1.9962321861366925,0.0,255.69486174083133,0.0
2009-09-02,1.9962321861366925,0.0,257.691093926968,0.0
2009-09-03,1.9962321861366925,0.0,259.6873261131047,0.0
2009-09-04,1.9962321861366925,0.0,261.6835582992414,0.0
2009-09-05,1.9962321861366925,0.0,263.6797904853781,0.0
2009-09-06,2.006778477944739,0.0,265.6865689633228,0.0
2009-09-07,2.006778477944739,0.0,267.6933474412676,0.0
2009-09-08,2.006778477944739,0.0,269.7001259192123,0.0
2009-09-09,2.006778477944739,0.0,271.7069043971571,0.0
2009-09-10,2.006778477944739,0.0,273.7136828751018,0.0
2009-09-11,2.006778477944739,1.18532198003202,274.53513937301454,0.0
2009-09-12,2.006778477944739,0.07223529323478496,276.4696825577245,0.0
2009-09-13,2.006778477944739,5.527705805958608,272.9487552297107,0.0
2009-09-14,1.8630445952496362,0.0,274.8117998249603,0.0
2009-09-15,1.8630445952496362,0.0,276.6748444202099,0.0
2009-09-16,1.8630445952496362,0.0,278.53788901545954,0.0
2009-09-17,1.8630445952496362,0.0,280.40093361070916,0.0
2009-09-18,1.8630445952496362,0.0,282.2639782059588,0.0
2009-09-19,1.8630445952496362,0.0,284.1270228012084,0.0
2009-09-20,1.8630445952496362,0.0,285.990067396458,0.0
2009-09-21,1.8630445952496362,0.0,287.85311199170764,0.0
2009-09-22,1.9380586524478915,0.0,289.7911706441555,0.0
2009-09-23,1.9380586524478915,0.0,291.72922929660336,0.0
2009-09-24,1.9380586524478915,0.0,293.66728794905123,0.0
2009-09-25,1.9380586524478915,0.0,295.6053466014991,0.0
2009-09-26,1.9380586524478915,0.0,297.54340525394696,0.0
2009-09-27,1.9380586524478915,0.0,299.4814639063948,0.0
2009-09-28,1.9380586524478915,0.0,301.4195225588427,0.0
2009-09-29,1.9380586524478915,0.0,303.35758121129055,0.0
2009-09-30,1.645271449345613,0.0,305.00285266063617,0.0
2009-10-01,1.645271449345613,0.0,306.6481241099818,0.0
2009-10-02,1.645271449345613,0.0,308.2933955593274,0.0
2009-10-03,1.645271449345613,0.0,309.938667008673,0.0
2009-10-04,1.645271449345613,0.0,311.5839384580186,0.0
2009-10-05,1.645271449345613,0.0,313.22920990736424,0.0
2009-10-06,1.645271449345613,0.0,314.87448135670985,0.0
2009-10-07,1.645271449345613,0.0,316.51975280605546,0.0
2009-10-08,1.4313058652447888,0.0,317.95105867130025,0.0
2009-10-09,1.4313058652447888,0.0,319.382364536545,0.0
2009-10-10,1.4313058652447888,0.0,320.8136704017898,0.0
2009-10-11,1.4313058652447888,0.5512600534656099,321.69371621356896,0.0
2009-10-12,1.4313058652447888,55.187080088045576,267.9379419907682,0.0
2009-10-13,1.4313058652447888,50.50232101298706,218.8669268430259,0.0
2009-10-14,1.4313058652447888,6.480191983674701,213.818040724596,0.0
2009-10-15,1.4313058652447888,2.6453034161783218,212.60404317366246,0.0
2009-10-16,1.4417867183713031,0.0,214.04582989203377,0.0
2009-10-17,1.4417867183713031,0.0,215.48761661040507,0.0
2009-10-18,1.4417867183713031,5.086975236426197,211.8424280923502,0.0
2009-10-19,1.4417867183713031,12.948647076869525,200.33556773385197,0.0
2009-10-20,1.4417867183713031,0.0,201.77735445222328,0.0
2009-10-21,1.4417867183713031,0.0,203.21914117059458,0.0
2009-10-22,1.4417867183713031,0.0,204.6609278889659,0.0
2009-10-23,1.4417867183713031,0.0,206.1027146073372,0.0
2009-10-24,1.4614154144449827,0.0,207.56413002178218,0.0
2009-10-25,1.4614154144449827,0.0,209.02554543622716,0.0
2009-10-26,1.4614154144449827,0.0,210.48696085067215,0.0
2009-10-27,1.4614154144449827,0.0,211.94837626511713,0.0
2009-10-28,1.4614154144449827,0.0,213.40979167956212,0.0
2009-10-29,1.4614154144449827,0.0,214.8712070940071,0.0
2009-10-30,1.4614154144449827,0.0,216.3326225084521,0.0
2009-10-31,1.4614154144449827,0.0,217.79403792289708,0.0
2009-11-01,1.2564270479883666,0.0,219.05046497088543,0.0
2009-11-02,1.2564270479883666,0.0,220.30689201887378,0.0
2009-11-03,1.2564270479883666,0.0,221.56331906686214,0.0
2009-11-04,1.2564270479883666,0.7951238374961048,222.02462227735438,0.0
2009-11-05,1.2564270479883666,16.074207421057732,207.206841904285,0.0
2009-11-06,1.2564270479883666,3.8533776433844302,204.60989130888893,0.0
2009-11-07,1.2564270479883666,0.0,205.8663183568773,0.0
2009-11-08,1.2564270479883666,0.0,207.12274540486564,0.0
2009-11-09,0.8341861366941349,0.0,207.95693154155978,0.0
2009-11-10,0.8341861366941349,0.0,208.79111767825393,0.0
2009-11-11,0.8341861366941349,0.02740247737351032,209.59790133757457,0.0
2009-11-12,0.8341861366941349,0.0,210.4320874742687,0.0
2009-11-13,0.8341861366941349,0.0,211.26627361096286,0.0
2009-11-14,0.8341861366941349,0.0,212.100459747657,0.0
2009-11-15,0.8341861366941349,0.004099071262283221,212.93054681308885,0.0
2009-11-16,0.8341861366941349,0.0,213.764732949783,0.0
2009-11-17,0.8476044595249629,5.144795677610225,209.46754173169774,0.0
2009-11-18,0.8476044595249629,0.0,210.3151461912227,0.0
2009-11-19,0.8476044595249629,0.7676687305418329,210.39508192020585,0.0
2009-11-20,0.8476044595249629,14.042516734946988,197.20016964478384,0.0
2009-11-21,0.8476044595249629,4.382770762724034,193.6650033415848,0.0
2009-11-22,0.8476044595249629,1.0054891997077515,193.50711860140203,0.0
2009-11-23,0.8476044595249629,0.0,194.354723060927,0.0
2009-11-24,0.8476044595249629,0.0,195.20232752045197,0.0
2009-11-25,0.755777993213766,0.0,195.95810551366574,0.0
2009-11-26,0.755777993213766,0.4092352877099977,196.3046482191695,0.0
2009-11-27,0.755777993213766,0.07022910507182495,196.99019710731145,0.0
2009-11-28,0.755777993213766,0.0,197.74597510052521,0.0
2009-11-29,0.755777993213766,0.0,198.50175309373898,0.0
2009-11-30,0.755777993213766,0.0,199.25753108695275,0.0
2009-12-01,0.755777993213766,0.0,200.01330908016652,0.0
2009-12-02,0.755777993213766,0.0,200.7690870733803,0.0
2009-12-03,0.4906466311197281,0.0,201.2597337045,0.0
2009-12-04,0.4906466311197281,0.0,201.75038033561972,0.0
2009-12-05,0.4906466311197281,0.0,202.24102696673944,0.0
2009-12-06,0.4906466311197281,2.1909783458562084,200.54069525200296,0.0
2009-12-07,0.4906466311197281,0.0,201.03134188312268,0.0
2009-12-08,0.4906466311197281,0.0,201.5219885142424,0.0
2009-12-09,0.4906466311197281,0.0,202.0126351453621,0.0
2009-12-10,0.4906466311197281,6.895674894468701,195.60760688201313,0.0
2009-12-11,0.6919146873485215,17.65096267015203,178.6485588992096,0.0
2009-12-12,0.6919146873485215,26.138816857116502,153.20165672944162,0.0
2009-12-13,0.6919146873485215,0.9496718475324082,152.94389956925772,0.0
2009-12-14,0.6919146873485215,0.0,153.63581425660624,0.0
2009-12-15,0.6919146873485215,37.49388639845715,116.8338425454976,0.0
2009-12-16,0.6919146873485215,1.5325263199791448,115.99323091286698,0.0
2009-12-17,0.6919146873485215,0.870315782702744,115.81482981751275,0.0
2009-12-18,0.6919146873485215,0.0,116.50674450486126,0.0
2009-12-19,0.5784498303441591,0.0,117.08519433520541,0.0
2009-12-20,0.5784498303441591,10.71161927674946,106.95202488880011,0.0
2009-12-21,0.5784498303441591,3.3648761012605832,104.16559861788369,0.0
2009-12-22,0.5784498303441591,0.0,104.74404844822784,0.0
2009-12-23,0.5784498303441591,0.0,105.322498278572,0.0
2009-12-24,0.5784498303441591,0.0,105.90094810891615,0.0
2009-12-25,0.5784498303441591,0.0,106.47939793926031,0.0
2009-12-26,0.5784498303441591,9.769569650892132,97.28827811871233,0.0
2009-12-27,0.5977935046049441,0.0,97.88607162331728,0.0
2009-12-28,0.5977935046049441,0.35728172095775046,98.12658340696449,0.0
2009-12-29,0.5977935046049441,14.98460970131605,83.73976721025339,0.0
2009-12-30,0.5977935046049441,0.042938079712004175,84.29462263514634,0.0
2009-12-31,0.5977935046049441,1.9370031139060806,82.9554130258452,0.0
2010-01-01,0.5973034415899173,21.052638003700654,62.50007846373447,0.0
2010-01-02,0.5973034415899173,0.0640309582530714,63.03335094707131,0.0
2010-01-03,0.5973034415899173,0.0,63.63065438866123,0.0
2010-01-04,0.5973034415899173,0.0,64.22795783025114,0.0
2010-01-05,0.5973034415899173,0.0,64.82526127184106,0.0
2010-01-06,0.5973034415899173,0.012077398864543726,65.41048731456642,0.0
2010-01-07,0.5973034415899173,0.0,66.00779075615634,0.0
2010-01-08,0.5973034415899173,0.008386996958185644,66.59670720078807,0.0
2010-01-09,0.6507556955889481,0.0,67.24746289637702,0.0
2010-01-10,0.6507556955889481,0.0,67.89821859196596,0.0
2010-01-11,0.6507556955889481,34.40963567964063,34.13933860791427,0.0
2010-01-12,0.6507556955889481,11.794541955363268,22.99555234813995,0.0
2010-01-13,0.6507556955889481,1.786981394554808,21.85932664917409,0.0
2010-01-14,0.6507556955889481,0.0,22.51008234476304,0.0
2010-01-15,0.6507556955889481,0.0,23.160838040351987,0.0
2010-01-16,0.6507556955889481,6.57496906876933,17.236624667171604,0.0
2010-01-17,0.8949951526902571,33.13118164605769,0.0,14.99956182619583
2010-01-18,0.8949951526902571,46.89494740630819,0.0,45.999952253617934
2010-01-19,0.8949951526902571,49.141625005763366,0.0,48.24662985307311
2010-01-20,0.8949951526902571,37.870755186760015,0.0,36.97576003406976
2010-01-21,0.8949951526902571,24.265628631639036,0.0,23.37063347894878
2010-01-22,0.8949951526902571,17.323903470585584,0.0,16.428908317895328
2010-01-23,0.8949951526902571,2.6475479898068923,0.0,1.7525528371166352
2010-01-24,0.8949951526902571,46.29251739927119,0.0,45.397522246580934
2010-01-25,0.8141303926320893,46.49380867547663,0.0,45.67967828284454
2010-01-26,0.8141303926320893,1.1636006391085334,0.0,0.3494702464764441
2010-01-27,0.8141303926320893,0.0,0.8141303926320893,0.0
2010-01-28,0.8141303926320893,0.0,1.6282607852641786,0.0
2010-01-29,0.8141303926320893,9.974130038506473,0.0,7.531738860610205
2010-01-30,0.8141303926320893,0.3776656430641379,0.4364647495679514,0.0
2010-01-31,0.8141303926320893,0.0,1.2505951422000408,0.0
2010-02-01,0.8141303926320893,0.13215789260434982,1.93256764222778,0.0
2010-02-02,0.8780445952496369,3.61893799651887,0.0,0.8083257590414532
2010-02-03,0.8780445952496369,0.05590712221414311,0.8221374730354938,0.0
2010-02-04,0.8780445952496369,33.43480218231862,0.0,31.73462011403349
2010-02-05,0.8780445952496369,24.53407091548199,0.0,23.656026320232353
2010-02-06,0.8780445952496369,3.3235944712494176,0.0,2.445549875999781
2010-02-07,0.8780445952496369,0.0,0.8780445952496369,0.0
2010-02-08,0.8780445952496369,7.50597519180723,0.0,5.7498860013079565
2010-02-09,0.8780445952496369,0.0,0.8780445952496369,0.0
2010-02-10,1.1138831798351911,0.0,1.9919277750848279,0.0
2010-02-11,1.1138831798351911,13.64160062063589,0.0,10.535789665715871
2010-02-12,1.1138831798351911,3.8110495329641334,0.0,2.6971663531289423
2010-02-13,1.1138831798351911,0.0,1.1138831798351911,0.0
2010-02-14,1.1138831798351911,0.0,2.2277663596703823,0.0
2010-02-15,1.1138831798351911,0.0,3.3416495395055734,0.0
2010-02-16,1.1138831798351911,0.0,4.455532719340765,0.0
2010-02-17,1.1138831798351911,0.0,5.569415899175956,0.0
2010-02-18,1.034273873000485,0.0,6.603689772176441,0.0
2010-02-19,1.034273873000485,0.0,7.637963645176926,0.0
2010-02-20,1.034273873000485,0.012761609501208268,8.659475908676203,0.0
2010-02-21,1.034273873000485,1.2543157922225099,8.439433989454178,0.0
2010-02-22,1.034273873000485,0.0,9.473707862454663,0.0
2010-02-23,1.034273873000485,71.14642012746711,0.0,60.63843839201196
2010-02-24,1.034273873000485,0.04719195106490615,0.9870819219355789,0.0
2010-02-25,1.034273873000485,0.8394117648295204,1.1819440301065436,0.0
2010-02-26,1.1082045564711582,31.497117511997278,0.0,29.206968925419577
2010-02-27,1.1082045564711582,1.4617894622194505,0.0,0.35358490574829227
2010-02-28,1.1082045564711582,0.02748916392724949,1.0807153925439088,0.0
2010-03-01,1.1082045564711582,18.484318969419494,0.0,16.295399020404428
2010-03-02,1.1082045564711582,20.81333391880472,0.0,19.70512936233356
2010-03-03,1.1082045564711582,9.064213848704524,0.0,7.956009292233366
2010-03-04,1.1082045564711582,0.0,1.1082045564711582,0.0
2010-03-05,1.1082045564711582,0.0,2.2164091129423165,0.0
2010-03-06,1.4084764905477456,0.0,3.6248856034900623,0.0
2010-03-07,1.4084764905477456,0.0,5.033362094037808,0.0
2010-03-08,1.4084764905477456,1.2494705843482592,5.192368000237295,0.0
2010-03-09,1.4084764905477456,9.185157657776822,0.0,2.584313166991781
2010-03-10,1.4084764905477456,0.034835912218034816,1.3736405783297108,0.0
2010-03-11,1.4084764905477456,2.7482446007684285,0.033872468109027665,0.0
2010-03-12,1.4084764905477456,27.09090061601101,0.0,25.648551657354236
2010-03-13,1.4084764905477456,0.02766253889160628,1.3808139516561393,0.0
2010-03-14,1.7867765390208428,0.0,3.1675904906769823,0.0
2010-03-15,1.7867765390208428,0.0,4.954367029697825,0.0
2010-03-16,1.7867765390208428,0.0,6.741143568718668,0.0
2010-03-17,1.7867765390208428,0.0,8.527920107739511,0.0
2010-03-18,1.7867765390208428,0.0,10.314696646760353,0.0
2010-03-19,1.7867765390208428,0.0,12.101473185781195,0.0
2010-03-20,1.7867765390208428,0.0,13.888249724802037,0.0
2010-03-21,1.7867765390208428,0.0,15.675026263822879,0.0
2010-03-22,1.8401255453223455,0.0,17.515151809145223,0.0
2010-03-23,1.8401255453223455,0.0,19.355277354467567,0.0
2010-03-24,1.8401255453223455,9.852164135628808,11.343238764161104,0.0
2010-03-25,1.8401255453223455,1.1766656391760881,12.006698670307362,0.0
2010-03-26,1.8401255453223455,0.0,13.846824215629708,0.0
2010-03-27,1.8401255453223455,0.0,15.686949760952054,0.0
2010-03-28,1.8401255453223455,10.110764592055565,7.416310714218833,0.0
2010-03-29,1.8401255453223455,10.154693485413539,0.0,0.89825722587236
2010-03-30,1.4674323800290838,6.052941252941686,0.0,4.585508872912602
2010-03-31,1.4674323800290838,18.980225905545353,0.0,17.51279352551627
2010-04-01,1.4674323800290838,1.241498464032223,0.22593391599686075,0.0
2010-04-02,1.4674323800290838,24.284108554615692,0.0,22.590742258589746
2010-04-03,1.4674323800290838,0.06441176502032626,1.4030206150087576,0.0
2010-04-04,1.4674323800290838,39.23342390030899,0.0,36.36297090527115
2010-04-05,1.4674323800290838,1.1653900939982742,0.3020422860308096,0.0
2010-04-06,1.4674323800290838,0.0010402476870607664,1.7684344183728327,0.0
2010-04-07,1.8886379059621896,0.0,3.6570723243350223,0.0
2010-04-08,1.8886379059621896,0.0,5.545710230297212,0.0
2010-04-09,1.8886379059621896,0.0,7.434348136259402,0.0
2010-04-10,1.8886379059621896,4.6419382065811385,4.681047835640453,0.0
2010-04-11,1.8886379059621896,57.504907129718774,0.0,50.93522138811613
2010-04-12,1.8886379059621896,4.538120762851585,0.0,2.649482856889395
2010-04-13,1.8886379059621896,0.0010402476870607664,1.8875976582751288,0.0
2010-04-14,1.8886379059621896,0.7368513863106998,3.0393841779266184,0.0
2010-04-15,2.0889103247697514,0.0,5.12829450269637,0.0
2010-04-16,2.0889103247697514,0.0,7.217204827466121,0.0
2010-04-17,2.0889103247697514,0.0,9.306115152235872,0.0
2010-04-18,2.0889103247697514,0.0,11.395025477005623,0.0
2010-04-19,2.0889103247697514,10.995492176374782,2.488443625400592,0.0
2010-04-20,2.0889103247697514,1.3407925702746806,3.2365613798956625,0.0
2010-04-21,2.0889103247697514,0.11967182398850136,5.205799880676913,0.0
2010-04-22,2.0889103247697514,0.0,7.294710205446664,0.0
2010-04-23,2.4307101308773627,0.0,9.725420336324028,0.0
2010-04-24,2.4307101308773627,0.0,12.15613046720139,0.0
2010-04-25,2.4307101308773627,0.0,14.586840598078751,0.0
2010-04-26,2.4307101308773627,20.43541842717504,0.0,3.4178676982189273
2010-04-27,2.4307101308773627,6.665068251429696,0.0,4.234358120552334
2010-04-28,2.4307101308773627,5.333083487885654,0.0,2.9023733570082912
2010-04-29,2.4307101308773627,0.00537461291525755,2.4253355179621052,0.0
2010-04-30,2.4307101308773627,0.0,4.856045648839467,0.0
2010-05-01,2.5917164323800286,0.0,7.447762081219496,0.0
2010-05-02,2.5917164323800286,0.0,10.039478513599525,0.0
2010-05-03,2.5917164323800286,0.0,12.631194945979553,0.0
2010-05-04,2.5917164323800286,0.0,15.222911378359582,0.0
2010-05-05,2.5917164323800286,0.0,17.81462781073961,0.0
2010-05-06,2.5917164323800286,0.0,20.406344243119637,0.0
2010-05-07,2.5917164323800286,0.0,22.998060675499666,0.0
2010-05-08,2.5917164323800286,4.024767993023797e-05,25.589736860199764,0.0
2010-05-09,2.2741885603490064,1.8283931551149384,26.035532265433833,0.0
2010-05-10,2.2741885603490064,7.434154733415727,20.875566092367112,0.0
2010-05-11,2.2741885603490064,0.0,23.14975465271612,0.0
2010-05-12,2.2741885603490064,0.0,25.423943213065126,0.0
2010-05-13,2.2741885603490064,0.0,27.698131773414133,0.0
2010-05-14,2.2741885603490064,0.0,29.97232033376314,0.0
2010-05-15,2.2741885603490064,0.0,32.24650889411215,0.0
2010-05-16,2.2741885603490064,0.0,34.52069745446115,0.0
2010-05-17,1.9073431895298107,19.766387189504897,16.661653454486064,0.0
2010-05-18,1.9073431895298107,0.0,18.568996644015876,0.0
2010-05-19,1.9073431895298107,3.1257430108339044,17.350596822711783,0.0
2010-05-20,1.9073431895298107,0.0,19.257940012241594,0.0
2010-05-21,1.9073431895298107,0.0,21.165283201771405,0.0
2010-05-22,1.9073431895298107,0.0,23.072626391301217,0.0
2010-05-23,1.9073431895298107,0.0,24.97996958083103,0.0
2010-05-24,1.9073431895298107,1.999739934785447,24.887572835575394,0.0
2010-05-25,2.2287954435288415,17.662551115171826,9.45381716393241,0.0
2010-05-26,2.2287954435288415,15.52560980770241,0.0,3.8429972002411574
2010-05-27,2.2287954435288415,7.032006096913718,0.0,4.803210653384877
2010-05-28,2.2287954435288415,0.0,2.2287954435288415,0.0
2010-05-29,2.2287954435288415,0.0,4.457590887057683,0.0
2010-05-30,2.2287954435288415,0.0,6.686386330586524,0.0
2010-05-31,2.2287954435288415,0.0,8.915181774115366,0.0
2010-06-01,2.2287954435288415,0.0,11.143977217644208,0.0
2010-06-02,2.2779054774600085,0.0,13.421882695104216,0.0
2010-06-03,2.2779054774600085,2.96387618614055,12.735911986423673,0.0
2010-06-04,2.2779054774600085,1.238873095704306,13.774944368179375,0.0
2010-06-05,2.2779054774600085,0.0,16.052849845639383,0.0
2010-06-06,2.2779054774600085,0.0,18.330755323099392,0.0
2010-06-07,2.2779054774600085,0.0,20.608660800559402,0.0
2010-06-08,2.2779054774600085,0.9036872888866222,21.98287898913279,0.0
2010-06-09,2.2779054774600085,0.0,24.2607844665928,0.0
2010-06-10,3.436347067377607,0.0,27.697131533970406,0.0
2010-06-11,3.436347067377607,0.0,31.133478601348013,0.0
2010-06-12,3.436347067377607,0.0,34.56982566872562,0.0
2010-06-13,3.436347067377607,0.0,38.006172736103224,0.0
2010-06-14,3.436347067377607,0.0,41.442519803480835,0.0
2010-06-15,3.436347067377607,0.0,44.878866870858445,0.0
2010-06-16,3.436347067377607,0.0,48.315213938236056,0.0
2010-06-17,3.436347067377607,0.0,51.75156100561367,0.0
2010-06-18,2.929777508482793,0.0,54.68133851409646,0.0
2010-06-19,2.929777508482793,0.0,57.61111602257925,0.0
2010-06-20,2.929777508482793,0.0,60.540893531062046,0.0
2010-06-21,2.929777508482793,0.0,63.47067103954484,0.0
2010-06-22,2.929777508482793,0.0,66.40044854802763,0.0
2010-06-23,2.929777508482793,0.0,69.33022605651041,0.0
2010-06-24,2.929777508482793,0.0,72.2600035649932,0.0
2010-06-25,2.929777508482793,0.0,75.18978107347598,0.0
2010-06-26,2.8132927775084813,0.0,78.00307385098446,0.0
2010-06-27,2.8132927775084813,0.0,80.81636662849294,0.0
2010-06-28,2.8132927775084813,0.0,83.62965940600142,0.0
2010-06-29,2.8132927775084813,0.0,86.4429521835099,0.0
2010-06-30,2.8132927775084813,0.0,89.25624496101838,0.0
2010-07-01,2.8132927775084813,0.0,92.06953773852686,0.0
2010-07-02,2.8132927775084813,0.0,94.88283051603534,0.0
2010-07-03,2.8132927775084813,0.0,97.69612329354382,0.0
2010-07-04,2.127557440620455,0.0,99.82368073416427,0.0
2010-07-05,2.127557440620455,0.12036532159439133,101.83087285319033,0.0
2010-07-06,2.127557440620455,0.0,103.95843029381078,0.0
2010-07-07,2.127557440620455,0.0,106.08598773443123,0.0
2010-07-08,2.127557440620455,0.0,108.21354517505168,0.0
2010-07-09,2.127557440620455,0.0,110.34110261567213,0.0
2010-07-10,2.127557440620455,0.0,112.46866005629258,0.0
2010-07-11,2.127557440620455,0.0,114.59621749691303,0.0
2010-07-12,2.36846582646631,0.0,116.96468332337933,0.0
2010-07-13,2.36846582646631,0.0,119.33314914984564,0.0
2010-07-14,2.36846582646631,0.0,121.70161497631194,0.0
2010-07-15,2.36846582646631,0.0,124.07008080277825,0.0
2010-07-16,2.36846582646631,0.0,126.43854662924456,0.0
2010-07-17,2.36846582646631,0.0,128.80701245571086,0.0
2010-07-18,2.36846582646631,0.0,131.17547828217718,0.0
2010-07-19,2.36846582646631,0.0,133.5439441086435,0.0
2010-07-20,1.8857998061076102,0.0,135.4297439147511,0.0
2010-07-21,1.8857998061076102,0.0,137.3155437208587,0.0
2010-07-22,1.8857998061076102,0.0,139.2013435269663,0.0
2010-07-23,1.8857998061076102,0.0,141.0871433330739,0.0
2010-07-24,1.8857998061076102,0.0,142.9729431391815,0.0
2010-07-25,1.8857998061076102,0.0,144.8587429452891,0.0
2010-07-26,1.8857998061076102,0.0,146.7445427513967,0.0
2010-07-27,1.8857998061076102,0.0,148.6303425575043,0.0
2010-07-28,1.9440591371788658,0.0,150.57440169468316,0.0
2010-07-29,1.9440591371788658,0.0029164087978817356,152.51554442306414,0.0
2010-07-30,1.9440591371788658,0.0,154.459603560243,0.0
2010-07-31,1.9440591371788658,0.0,156.40366269742188,0.0
2010-08-01,1.9440591371788658,0.0,158.34772183460075,0.0
2010-08-02,1.9440591371788658,0.0,160.29178097177962,0.0
2010-08-03,1.9440591371788658,0.0,162.23584010895848,0.0
2010-08-04,1.9440591371788658,0.0,164.17989924613735,0.0
2010-08-05,1.6391827435773143,0.0,165.81908198971468,0.0
2010-08-06,1.6391827435773143,0.0,167.458264733292,0.0
2010-08-07,1.6391827435773143,0.0,169.09744747686932,0.0
2010-08-08,1.6391827435773143,0.0,170.73663022044664,0.0
2010-08-09,1.6391827435773143,0.0008699690675126508,172.37494299495646,0.0
2010-08-10,1.6391827435773143,0.33958514108561877,173.67454059744816,0.0
2010-08-11,1.6391827435773143,0.0008699690675126508,175.31285337195797,0.0
2010-08-12,1.6391827435773143,0.006783281850856339,176.94525283368444,0.0
2010-08-13,1.6600373242850213,0.0,178.60529015796945,0.0
2010-08-14,1.6600373242850213,0.0,180.26532748225446,0.0
2010-08-15,1.6600373242850213,0.0,181.92536480653948,0.0
2010-08-16,1.6600373242850213,0.0,183.5854021308245,0.0
2010-08-17,1.6600373242850213,0.0,185.2454394551095,0.0
2010-08-18,1.6600373242850213,0.0,186.90547677939452,0.0
2010-08-19,1.6600373242850213,0.0008699690675126508,188.56464413461202,0.0
2010-08-20,1.6600373242850213,0.0,190.22468145889704,0.0
2010-08-21,2.3139403780901593,0.07427554363067673,192.46434629335653,0.0
2010-08-22,2.3139403780901593,0.0,194.7782866714467,0.0
2010-08-23,2.3139403780901593,0.0,197.09222704953686,0.0
2010-08-24,2.3139403780901593,0.0,199.40616742762703,0.0
2010-08-25,2.3139403780901593,0.0,201.7201078057172,0.0
2010-08-26,2.3139403780901593,0.0,204.03404818380736,0.0
2010-08-27,2.3139403780901593,0.0,206.34798856189752,0.0
2010-08-28,2.3139403780901593,0.0,208.6619289399877,0.0
2010-08-29,2.160497818710615,0.0,210.8224267586983,0.0
2010-08-30,2.160497818710615,0.0,212.9829245774089,0.0
2010-08-31,2.160497818710615,0.0,215.14342239611952,0.0
2010-09-01,2.160497818710615,0.0,217.30392021483013,0.0
2010-09-02,2.160497818710615,0.0,219.46441803354074,0.0
2010-09-03,2.160497818710615,0.0,221.62491585225135,0.0
2010-09-04,2.160497818710615,0.0,223.78541367096196,0.0
2010-09-05,2.160497818710615,0.0,225.94591148967257,0.0
2010-09-06,1.867714493456131,0.0,227.8136259831287,0.0
2010-09-07,1.867714493456131,0.0,229.68134047658484,0.0
2010-09-08,1.867714493456131,0.0,231.54905497004097,0.0
2010-09-09,1.867714493456131,0.0,233.4167694634971,0.0
2010-09-10,1.867714493456131,0.0,235.28448395695324,0.0
2010-09-11,1.867714493456131,0.0,237.15219845040937,0.0
2010-09-12,1.867714493456131,0.001538699749430451,239.01837424411607,0.0
2010-09-13,1.867714493456131,0.0,240.8860887375722,0.0
2010-09-14,1.485429471643238,0.001538699749430451,242.36997950946602,0.0
2010-09-15,1.485429471643238,0.0,243.85540898110926,0.0
2010-09-16,1.485429471643238,0.0,245.3408384527525,0.0
2010-09-17,1.485429471643238,0.0,246.82626792439575,0.0
2010-09-18,1.485429471643238,5.454136063808995,242.85756133223,0.0
2010-09-19,1.485429471643238,6.204049688005594,238.13894111586765,0.0
2010-09-20,1.485429471643238,0.0,239.6243705875109,0.0
2010-09-21,1.485429471643238,0.0,241.10980005915414,0.0
2010-09-22,2.080706737760544,0.0,243.1905067969147,0.0
2010-09-23,2.080706737760544,0.0,245.27121353467524,0.0
2010-09-24,2.080706737760544,0.0,247.3519202724358,0.0
2010-09-25,2.080706737760544,0.0,249.43262701019634,0.0
2010-09-26,2.080706737760544,0.0,251.5133337479569,0.0
2010-09-27,2.080706737760544,0.0,253.59404048571744,0.0
2010-09-28,2.080706737760544,0.0,255.674747223478,0.0
2010-09-29,2.080706737760544,0.0,257.7554539612385,0.0
2010-09-30,1.333007755695589,0.0,259.0884617169341,0.0
2010-10-01,1.333007755695589,0.0,260.42146947262967,0.0
2010-10-02,1.333007755695589,0.0,261.75447722832524,0.0
2010-10-03,1.333007755695589,0.0,263.0874849840208,0.0
2010-10-04,1.333007755695589,0.0,264.4204927397164,0.0
2010-10-05,1.333007755695589,0.0,265.75350049541197,0.0
2010-10-06,1.333007755695589,0.0,267.08650825110755,0.0
2010-10-07,1.333007755695589,0.0,268.4195160068031,0.0
2010-10-08,1.7880334464372274,0.0,270.20754945324035,0.0
2010-10-09,1.7880334464372274,0.0,271.9955828996776,0.0
2010-10-10,1.7880334464372274,0.0,273.7836163461148,0.0
2010-10-11,1.7880334464372274,0.0,275.571649792552,0.0
2010-10-12,1.7880334464372274,0.0,277.35968323898925,0.0
2010-10-13,1.7880334464372274,0.0,279.1477166854265,0.0
2010-10-14,1.7880334464372274,0.0,280.9357501318637,0.0
2010-10-15,1.7880334464372274,0.0,282.7237835783009,0.0
2010-10-16,1.3264314105671344,2.032275500312309,282.0179394885557,0.0
2010-10-17,1.3264314105671344,6.699631593544786,276.64473930557807,0.0
2010-10-18,1.3264314105671344,0.0,277.9711707161452,0.0
2010-10-19,1.3264314105671344,0.0,279.2976021267123,0.0
2010-10-20,1.3264314105671344,0.0,280.62403353727944,0.0
2010-10-21,1.3264314105671344,4.889742877830293,277.06072207001625,0.0
2010-10-22,1.3264314105671344,10.368510630108622,268.01864285047475,0.0
2010-10-23,1.3264314105671344,123.85304484647862,145.49202941456326,0.0
2010-10-24,1.2286912263693648,57.01952036098798,89.70120027994464,0.0
2010-10-25,1.2286912263693648,0.0,90.92989150631401,0.0
2010-10-26,1.2286912263693648,0.0,92.15858273268337,0.0
2010-10-27,1.2286912263693648,0.4980371552908753,92.88923680376186,0.0
2010-10-28,1.2286912263693648,24.639569568929286,69.47835846120194,0.0
2010-10-29,1.2286912263693648,8.41141781054045,62.29563187703085,0.0
2010-10-30,1.2286912263693648,1.427981470760546,62.096341632639664,0.0
2010-10-31,1.2286912263693648,0.0,63.32503285900903,0.0
2010-11-01,1.2384086282113422,0.0,64.56344148722037,0.0
2010-11-02,1.2384086282113422,0.0,65.80185011543172,0.0
2010-11-03,1.2384086282113422,0.0,67.04025874364307,0.0
2010-11-04,1.2384086282113422,0.0,68.27866737185441,0.0
2010-11-05,1.2384086282113422,0.0,69.51707600006576,0.0
2010-11-06,1.2384086282113422,36.72545798570379,34.03002664257331,0.0
2010-11-07,1.2384086282113422,2.0427120134188295,33.22572325736582,0.0
2010-11-08,1.2384086282113422,0.0,34.46413188557716,0.0
2010-11-09,1.1645981580222975,8.42970295218122,27.19902709141824,0.0
2010-11-10,1.1645981580222975,0.0,28.36362524944054,0.0
2010-11-11,1.1645981580222975,0.0,29.528223407462836,0.0
2010-11-12,1.1645981580222975,0.0,30.692821565485133,0.0
2010-11-13,1.1645981580222975,0.0,31.85741972350743,0.0
2010-11-14,1.1645981580222975,0.0,33.02201788152973,0.0
2010-11-15,1.1645981580222975,0.0,34.18661603955203,0.0
2010-11-16,1.1645981580222975,0.0,35.35121419757433,0.0
2010-11-17,0.79956810470189,0.0,36.15078230227622,0.0
2010-11-18,0.79956810470189,0.0,36.95035040697811,0.0
2010-11-19,0.79956810470189,7.531671777967328,30.21824673371267,0.0
2010-11-20,0.79956810470189,18.686557421374246,12.331257417040316,0.0
2010-11-21,0.79956810470189,4.187374620614775,8.94345090112743,0.0
2010-11-22,0.79956810470189,11.043492137094029,0.0,1.3004731312647078
2010-11-23,0.79956810470189,0.0,0.79956810470189,0.0
2010-11-24,0.79956810470189,0.0,1.59913620940378,0.0
2010-11-25,0.6774507998061078,0.0,2.2765870092098877,0.0
2010-11-26,0.6774507998061078,17.4772602943444,0.0,14.523222485328406
2010-11-27,0.6774507998061078,4.102879125636429,0.0,3.425428325830321
2010-11-28,0.6774507998061078,0.01156656337100378,0.665884236435104,0.0
2010-11-29,0.6774507998061078,0.0,1.3433350362412118,0.0
2010-11-30,0.6774507998061078,0.0,2.0207858360473194,0.0
2010-12-01,0.6774507998061078,0.0,2.6982366358534273,0.0
2010-12-02,0.6774507998061078,5.9916688606096855,0.0,2.6159814249501503
2010-12-03,0.6772855065438684,0.7136191808771422,0.0,0.036333674333273724
2010-12-04,0.6772855065438684,3.77747980728976,0.0,3.1001943007458914
2010-12-05,0.6772855065438684,34.09901852799643,0.0,33.42173302145256
2010-12-06,0.6772855065438684,0.0,0.6772855065438684,0.0
2010-12-07,0.6772855065438684,20.64754774843576,0.0,19.292976735348024
2010-12-08,0.6772855065438684,11.085009126102221,0.0,10.407723619558354
2010-12-09,0.6772855065438684,4.039845147738146,0.0,3.3625596411942773
2010-12-10,0.6772855065438684,0.6155356046954175,0.06174990184845097,0.0
2010-12-11,0.5560000000000002,0.0817027856183495,0.5360471162301016,0.0
2010-12-12,0.5560000000000002,0.0,1.0920471162301018,0.0
2010-12-13,0.5560000000000002,14.962222990974922,0.0,13.31417587474482
2010-12-14,0.5560000000000002,0.7288699906676913,0.0,0.17286999066769115
2010-12-15,0.5560000000000002,0.03527554167267338,0.5207244583273267,0.0
2010-12-16,0.5560000000000002,4.6446099384650354,0.0,3.5678854801377087
2010-12-17,0.5560000000000002,30.849464516890674,0.0,30.293464516890673
2010-12-18,0.5560000000000002,31.99013311427444,0.0,31.434133114274438
2010-12-19,0.641867183713039,17.631074323742748,0.0,16.98920714002971
2010-12-20,0.641867183713039,4.67369974139305,0.0,4.031832557680011
2010-12-21,0.641867183713039,37.87618317618827,0.0,37.23431599247523
2010-12-22,0.641867183713039,0.8550742938422565,0.0,0.21320711012921756
2010-12-23,0.641867183713039,0.0,0.641867183713039,0.0
2010-12-24,0.641867183713039,0.0,1.283734367426078,0.0
2010-12-25,0.641867183713039,38.37219187497354,0.0,36.44659032383442
2010-12-26,0.641867183713039,4.9574767066967365,0.0,4.3156095229836975
2010-12-27,0.685095492001939,0.765287931304967,0.0,0.080192439303028
2010-12-28,0.685095492001939,75.07778113397652,0.0,74.39268564197458
2010-12-29,0.685095492001939,0.0,0.685095492001939,0.0
2010-12-30,0.685095492001939,0.0,1.370190984003878,0.0
2010-12-31,0.685095492001939,14.681764325121234,0.0,12.626477849115417
2011-01-01,0.6132859912748425,16.921402470615256,0.0,16.308116479340413
2011-01-02,0.6132859912748425,0.28069969421777374,0.33258629705706877,0.0
2011-01-03,0.6132859912748425,0.0,0.9458722883319113,0.0
2011-01-04,0.6132859912748425,0.0,1.5591582796067538,0.0
2011-01-05,0.6132859912748425,0.0,2.1724442708815963,0.0
2011-01-06,0.6132859912748425,0.0,2.785730262156439,0.0
2011-01-07,0.6132859912748425,0.000603715156784552,3.398412538274497,0.0
2011-01-08,0.6132859912748425,0.01581114608413848,3.995887383465201,0.0
2011-01-09,0.7080717401841977,0.0,4.7039591236493985,0.0
2011-01-10,0.7080717401841977,0.0,5.412030863833596,0.0
2011-01-11,0.7080717401841977,0.8306935032823873,5.289409100735407,0.0
2011-01-12,0.7080717401841977,5.883287921409488,0.11419291951011612,0.0
2011-01-13,0.7080717401841977,9.85606792615294,0.0,9.033803266458627
2011-01-14,0.7080717401841977,0.0,0.7080717401841977,0.0
2011-01-15,0.7080717401841977,0.0,1.4161434803683954,0.0
2011-01-16,0.7080717401841977,0.0,2.124215220552593,0.0
2011-01-17,0.8328361609306829,0.04868730874414967,2.9083640727391264,0.0
2011-01-18,0.8328361609306829,0.0,3.7412002336698094,0.0
2011-01-19,0.8328361609306829,0.0,4.574036394600492,0.0
2011-01-20,0.8328361609306829,0.0,5.406872555531175,0.0
2011-01-21,0.8328361609306829,0.0,6.239708716461857,0.0
2011-01-22,0.8328361609306829,0.0,7.07254487739254,0.0
2011-01-23,0.8328361609306829,0.0,7.905381038323222,0.0
2011-01-24,0.8328361609306829,0.0,8.738217199253905,0.0
2011-01-25,0.9897343674260776,0.0,9.727951566679982,0.0
2011-01-26,0.9897343674260776,0.0,10.71768593410606,0.0
2011-01-27,0.9897343674260776,0.0,11.707420301532137,0.0
2011-01-28,0.9897343674260776,0.00041486069721518654,12.696739808260999,0.0
2011-01-29,0.9897343674260776,22.43821017144265,0.0,8.751735995755572
2011-01-30,0.9897343674260776,1.529811131880379,0.0,0.5400767644543015
2011-01-31,0.9897343674260776,0.0,0.9897343674260776,0.0
2011-02-01,0.9897343674260776,0.0,1.9794687348521551,0.0
2011-02-02,1.185371303926321,0.0,3.1648400387784763,0.0
2011-02-03,1.185371303926321,0.0,4.350211342704798,0.0
2011-02-04,1.185371303926321,0.0,5.535582646631118,0.0
2011-02-05,1.185371303926321,0.0,6.720953950557439,0.0
2011-02-06,1.185371303926321,0.0,7.906325254483759,0.0
2011-02-07,1.185371303926321,0.0,9.09169655841008,0.0
2011-02-08,1.185371303926321,0.0,10.2770678623364,0.0
2011-02-09,1.185371303926321,0.0,11.46243916626272,0.0
2011-02-10,1.1610421715947643,0.0,12.623481337857484,0.0
2011-02-11,1.1610421715947643,0.0,13.78452350945225,0.0
2011-02-12,1.1610421715947643,0.0,14.945565681047015,0.0
2011-02-13,1.1610421715947643,9.831984409237792,6.274623443403987,0.0
2011-02-14,1.1610421715947643,13.433300591105645,0.0,5.997634976106894
2011-02-15,1.1610421715947643,65.1207583164652,0.0,63.959716144870434
2011-02-16,1.1610421715947643,19.497483285957077,0.0,18.336441114362312
2011-02-17,1.1610421715947643,27.522417871575605,0.0,26.36137569998084
2011-02-18,1.0075380513814831,13.870192087840739,0.0,12.862654036459256
2011-02-19,1.0075380513814831,0.19670278108866177,0.8108352702928213,0.0
2011-02-20,1.0075380513814831,0.7221486141484219,1.0962247075258824,0.0
2011-02-21,1.0075380513814831,0.0,2.1037627589073655,0.0
2011-02-22,1.0075380513814831,0.0,3.1113008102888484,0.0
2011-02-23,1.0075380513814831,0.0,4.118838861670332,0.0
2011-02-24,1.0075380513814831,31.758762536772263,0.0,26.63238562372045
2011-02-25,1.0075380513814831,0.9469690266592952,0.06056902472218795,0.0
2011-02-26,1.2843853611245752,0.0,1.3449543858467632,0.0
2011-02-27,1.2843853611245752,0.0,2.6293397469713384,0.0
2011-02-28,1.2843853611245752,0.0,3.913725108095914,0.0
2011-03-01,1.2843853611245752,43.713590734145214,0.0,38.515480264924726
2011-03-02,1.2843853611245752,2.6017059205855375,0.0,1.3173205594609623
2011-03-03,1.2843853611245752,0.0,1.2843853611245752,0.0
2011-03-04,1.2843853611245752,0.0,2.5687707222491505,0.0
2011-03-05,1.2843853611245752,19.41786052125157,0.0,15.564704437877843
2011-03-06,1.0703630634997576,4.767804934882527,0.0,3.697441871382769
2011-03-07,1.0703630634997576,1.8060928876555,0.0,0.7357298241557424
2011-03-08,1.0703630634997576,0.41528793411536974,0.6550751293843879,0.0
2011-03-09,1.0703630634997576,0.0816222917340442,1.6438159011501015,0.0
2011-03-10,1.0703630634997576,4.358786417603861,0.0,1.644607452954002
2011-03-11,1.0703630634997576,0.0,1.0703630634997576,0.0
2011-03-12,1.0703630634997576,0.0,2.1407261269995153,0.0
2011-03-13,1.0703630634997576,21.12584267607414,0.0,17.914753485574867
2011-03-14,1.326020358700921,7.914755484637091,0.0,6.58873512593617
2011-03-15,1.326020358700921,42.12941877760754,0.0,40.80339841890662
2011-03-16,1.326020358700921,0.001287925757767615,1.3247324329431533,0.0
2011-03-17,1.326020358700921,9.600275609515398,0.0,6.9495228178713235
2011-03-18,1.326020358700921,23.33032175778604,0.0,22.004301399085122
2011-03-19,1.326020358700921,42.768358649853205,0.0,41.44233829115228
2011-03-20,1.326020358700921,1.1855541764767177,0.14046618222420326,0.0
2011-03-21,1.326020358700921,0.0,1.4664865409251242,0.0
2011-03-22,1.4535588948133782,28.59882084282559,0.0,25.678775407087088
2011-03-23,1.4535588948133782,17.280745860592866,0.0,15.827186965779488
2011-03-24,1.4535588948133782,25.859309341147217,0.0,24.40575044633384
2011-03-25,1.4535588948133782,27.87215180884204,0.0,26.418592914028665
2011-03-26,1.4535588948133782,5.519052648691939,0.0,4.0654937538785605
2011-03-27,1.4535588948133782,12.548046520989008,0.0,11.09448762617563
2011-03-28,1.4535588948133782,0.0,1.4535588948133782,0.0
2011-03-29,1.4535588948133782,0.0,2.9071177896267564,0.0
2011-03-30,2.244435773145903,0.0,5.151553562772659,0.0
2011-03-31,2.244435773145903,0.0,7.3959893359185624,0.0
2011-04-01,2.244435773145903,0.0,9.640425109064466,0.0
2011-04-02,2.244435773145903,0.0,11.884860882210369,0.0
2011-04-03,2.244435773145903,0.0,14.12929665535627,0.0
2011-04-04,2.244435773145903,0.0,16.373732428502173,0.0
2011-04-05,2.244435773145903,0.0,18.618168201648075,0.0
2011-04-06,2.244435773145903,0.0,20.862603974793977,0.0
2011-04-07,1.6930887057682982,0.0,22.555692680562274,0.0
2011-04-08,1.6930887057682982,0.0,24.24878138633057,0.0
2011-04-09,1.6930887057682982,0.0,25.941870092098867,0.0
2011-04-10,1.6930887057682982,0.0,27.634958797867164,0.0
2011-04-11,1.6930887057682982,0.0,29.32804750363546,0.0
2011-04-12,1.6930887057682982,0.9726718289564267,30.04846438044733,0.0
2011-04-13,1.6930887057682982,2.28457274802329,29.456980338192338,0.0
2011-04-14,1.6930887057682982,0.0,31.150069043960634,0.0
2011-04-15,1.731403780901599,0.0,32.881472824862236,0.0
2011-04-16,1.731403780901599,0.0,34.61287660576384,0.0
2011-04-17,1.731403780901599,0.0,36.34428038666544,0.0
2011-04-18,1.731403780901599,1.4742228620377118,36.60146130552933,0.0
2011-04-19,1.731403780901599,1.8118575657299794,36.52100752070095,0.0
2011-04-20,1.731403780901599,10.347721339010231,27.904689962592318,0.0
2011-04-21,1.731403780901599,0.0,29.636093743493916,0.0
2011-04-22,1.731403780901599,0.0,31.367497524395514,0.0
2011-04-23,2.263145904023266,6.322071048128345,27.308572380290435,0.0
2011-04-24,2.263145904023266,8.547904042636645,21.023814241677055,0.0
2011-04-25,2.263145904023266,0.7360495602936936,22.550910585406626,0.0
2011-04-26,2.263145904023266,0.0,24.81405648942989,0.0
2011-04-27,2.263145904023266,0.0,27.077202393453156,0.0
2011-04-28,2.263145904023266,0.0,29.34034829747642,0.0
2011-04-29,2.263145904023266,0.0,31.603494201499686,0.0
2011-04-30,2.263145904023266,0.0,33.866640105522954,0.0
2011-05-01,2.7558191953465823,0.0,36.62245930086954,0.0
2011-05-02,2.7558191953465823,0.0,39.37827849621612,0.0
2011-05-03,2.7558191953465823,0.0,42.1340976915627,0.0
2011-05-04,2.7558191953465823,0.0,44.88991688690928,0.0
2011-05-05,2.7558191953465823,0.0,47.645736082255866,0.0
2011-05-06,2.7558191953465823,0.0,50.40155527760245,0.0
2011-05-07,2.7558191953465823,0.0,53.15737447294903,0.0
2011-05-08,2.7558191953465823,0.0,55.91319366829561,0.0
2011-05-09,2.273278720310227,0.0,58.186472388605836,0.0
2011-05-10,2.273278720310227,0.0,60.459751108916066,0.0
2011-05-11,2.273278720310227,0.0,62.7330298292263,0.0
2011-05-12,2.273278720310227,0.0,65.00630854953653,0.0
2011-05-13,2.273278720310227,0.0,67.27958726984676,0.0
2011-05-14,2.273278720310227,8.275867032561877,61.27699895759511,0.0
2011-05-15,2.273278720310227,7.072984504256823,56.47729317364852,0.0
2011-05-16,2.273278720310227,19.696430241729452,39.0541416522293,0.0
2011-05-17,2.5374314105671343,16.192535648404995,25.39903741439144,0.0
2011-05-18,2.5374314105671343,0.0,27.936468824958574,0.0
2011-05-19,2.5374314105671343,0.0,30.473900235525708,0.0
2011-05-20,2.5374314105671343,0.0,33.01133164609284,0.0
2011-05-21,2.5374314105671343,0.0,35.54876305665998,0.0
2011-05-22,2.5374314105671343,0.0,38.086194467227116,0.0
2011-05-23,2.5374314105671343,0.0,40.623625877794254,0.0
2011-05-24,2.5374314105671343,1.6541454725590283,41.50691181580236,0.0
2011-05-25,2.0293601551139098,11.195121015188493,32.341150955727784,0.0
2011-05-26,2.0293601551139098,3.250102148705591,31.1204089621361,0.0
2011-05-27,2.0293601551139098,0.739207415204299,32.41056170204571,0.0
2011-05-28,2.0293601551139098,4.876244618796711,29.563677238362907,0.0
2011-05-29,2.0293601551139098,0.0,31.593037393476816,0.0
2011-05-30,2.0293601551139098,4.9280837460568065,28.69431380253392,0.0
2011-05-31,2.0293601551139098,1.802089787120051,28.92158417052778,0.0
2011-06-01,2.0293601551139098,5.193755527029834,25.757188798611857,0.0
2011-06-02,1.8592787203102275,0.9960526652380407,26.620414853684046,0.0
2011-06-03,1.8592787203102275,11.091962959006104,17.387730614988172,0.0
2011-06-04,1.8592787203102275,11.104727694862767,8.142281640435634,0.0
2011-06-05,1.8592787203102275,2.245643987375147,7.755916373370715,0.0
2011-06-06,1.8592787203102275,0.0,9.615195093680942,0.0
2011-06-07,1.8592787203102275,0.0,11.47447381399117,0.0
2011-06-08,1.8592787203102275,0.0,13.333752534301397,0.0
2011-06-09,1.8592787203102275,0.0,15.193031254611624,0.0
2011-06-10,3.1417901114881226,0.0,18.334821366099746,0.0
2011-06-11,3.1417901114881226,0.0,21.47661147758787,0.0
2011-06-12,3.1417901114881226,0.0,24.618401589075994,0.0
2011-06-13,3.1417901114881226,0.0,27.760191700564118,0.0
2011-06-14,3.1417901114881226,0.0,30.90198181205224,0.0
2011-06-15,3.1417901114881226,0.0,34.04377192354036,0.0
2011-06-16,3.1417901114881226,0.0,37.18556203502848,0.0
2011-06-17,3.1417901114881226,0.0,40.3273521465166,0.0
2011-06-18,3.593763451284536,0.0,43.92111559780114,0.0
2011-06-19,3.593763451284536,0.0,47.51487904908568,0.0
2011-06-20,3.593763451284536,0.0,51.108642500370216,0.0
2011-06-21,3.593763451284536,0.0,54.702405951654754,0.0
2011-06-22,3.593763451284536,0.0,58.29616940293929,0.0
2011-06-23,3.593763451284536,0.0,61.88993285422383,0.0
2011-06-24,3.593763451284536,0.0,65.48369630550836,0.0
2011-06-25,3.593763451284536,0.0,69.07745975679289,0.0
2011-06-26,3.091270964614639,0.0,72.16873072140753,0.0
2011-06-27,3.091270964614639,7.042708925418439,68.21729276060373,0.0
2011-06-28,3.091270964614639,11.961093099493725,59.34747062572464,0.0
2011-06-29,3.091270964614639,0.036049536965649005,62.40269205337363,0.0
2011-06-30,3.091270964614639,0.0,65.49396301798826,0.0
2011-07-01,3.091270964614639,0.0,68.5852339826029,0.0
2011-07-02,3.091270964614639,0.0,71.67650494721754,0.0
2011-07-03,3.091270964614639,0.0,74.76777591183217,0.0
2011-07-04,2.922564711585071,0.0,77.69034062341724,0.0
2011-07-05,2.922564711585071,0.0,80.61290533500231,0.0
2011-07-06,2.922564711585071,0.0,83.53547004658738,0.0
2011-07-07,2.922564711585071,0.0,86.45803475817245,0.0
2011-07-08,2.922564711585071,0.0,89.38059946975751,0.0
2011-07-09,2.922564711585071,0.0,92.30316418134258,0.0
2011-07-10,2.922564711585071,0.0,95.22572889292765,0.0
2011-07-11,2.922564711585071,0.0,98.14829360451272,0.0
2011-07-12,1.9871003393116822,0.0,100.1353939438244,0.0
2011-07-13,1.9871003393116822,0.0,102.12249428313608,0.0
2011-07-14,1.9871003393116822,0.0,104.10959462244776,0.0
2011-07-15,1.9871003393116822,0.0,106.09669496175944,0.0
2011-07-16,1.9871003393116822,0.0,108.08379530107112,0.0
2011-07-17,1.9871003393116822,0.0,110.0708956403828,0.0
2011-07-18,1.9871003393116822,0.0,112.05799597969448,0.0
2011-07-19,1.9871003393116822,0.0,114.04509631900616,0.0
2011-07-20,2.8390237518177397,0.0,116.8841200708239,0.0
2011-07-21,2.8390237518177397,0.0,119.72314382264163,0.0
2011-07-22,2.8390237518177397,0.0,122.56216757445937,0.0
2011-07-23,2.8390237518177397,0.0,125.4011913262771,0.0
2011-07-24,2.8390237518177397,0.0,128.24021507809485,0.0
2011-07-25,2.8390237518177397,0.0,131.07923882991258,0.0
2011-07-26,2.8390237518177397,0.0,133.91826258173032,0.0
2011-07-27,2.8390237518177397,0.0,136.75728633354805,0.0
2011-07-28,2.0482985942801752,0.0,138.80558492782822,0.0
2011-07-29,2.0482985942801752,0.024795665117355502,140.82908785699104,0.0
2011-07-30,2.0482985942801752,0.002105263272306129,142.8752811879989,0.0
2011-07-31,2.0482985942801752,0.30155109176441053,144.62202869051464,0.0
2011-08-01,2.0482985942801752,1.160854502451309,145.5094727823435,0.0
2011-08-02,2.0482985942801752,0.0,147.55777137662366,0.0
2011-08-03,2.0482985942801752,0.0,149.60606997090383,0.0
2011-08-04,2.0482985942801752,0.0,151.654368565184,0.0
2011-08-05,2.186739214735821,0.0,153.8411077799198,0.0
2011-08-06,2.186739214735821,0.188873063389431,155.8389739312662,0.0
2011-08-07,2.186739214735821,0.0,158.025713146002,0.0
2011-08-08,2.186739214735821,0.0,160.2124523607378,0.0
2011-08-09,2.186739214735821,0.0,162.39919157547362,0.0
2011-08-10,2.186739214735821,0.0,164.58593079020943,0.0
2011-08-11,2.186739214735821,0.0,166.77267000494524,0.0
2011-08-12,2.186739214735821,0.0,168.95940921968105,0.0
2011-08-13,2.2581085797382445,0.0,171.21751779941928,0.0
2011-08-14,2.2581085797382445,0.0,173.47562637915752,0.0
2011-08-15,2.2581085797382445,0.0,175.73373495889575,0.0
2011-08-16,2.2581085797382445,0.0,177.991843538634,0.0
2011-08-17,2.2581085797382445,0.0,180.24995211837222,0.0
2011-08-18,2.2581085797382445,0.37192261057556963,182.13613808753487,0.0
2011-08-19,2.2581085797382445,0.0,184.3942466672731,0.0
2011-08-20,2.2581085797382445,0.003343653176037519,186.6490115938353,0.0
2011-08-21,2.0776354823073198,0.0,188.72664707614263,0.0
2011-08-22,2.0776354823073198,0.0,190.80428255844996,0.0
2011-08-23,2.0776354823073198,0.0,192.88191804075728,0.0
2011-08-24,2.0776354823073198,0.0,194.9595535230646,0.0
2011-08-25,2.0776354823073198,0.0,197.03718900537194,0.0
2011-08-26,2.0776354823073198,0.0006687306819178002,199.11415575699735,0.0
2011-08-27,2.0776354823073198,0.0,201.19179123930468,0.0
2011-08-28,2.0776354823073198,0.0,203.269426721612,0.0
2011-08-29,2.0976461463887537,0.0,205.36707286800075,0.0
2011-08-30,2.0976461463887537,0.0,207.4647190143895,0.0
2011-08-31,2.0976461463887537,0.0,209.56236516077823,0.0
2011-09-01,2.0976461463887537,0.0,211.66001130716697,0.0
2011-09-02,2.0976461463887537,0.0,213.7576574535557,0.0
2011-09-03,2.0976461463887537,0.0,215.85530359994445,0.0
2011-09-04,2.0976461463887537,0.0,217.9529497463332,0.0
2011-09-05,2.0976461463887537,0.0,220.05059589272193,0.0
2011-09-06,2.0008138633058645,0.0,222.0514097560278,0.0
2011-09-07,2.0008138633058645,0.0,224.05222361933366,0.0
2011-09-08,2.0008138633058645,0.0,226.05303748263952,0.0
2011-09-09,2.0008138633058645,0.0,228.0538513459454,0.0
2011-09-10,2.0008138633058645,0.0009411764731227012,230.05372403277812,0.0
2011-09-11,2.0008138633058645,0.6335108411662718,231.42102705491772,0.0
2011-09-12,2.0008138633058645,0.0,233.42184091822358,0.0
2011-09-13,2.0008138633058645,0.0,235.42265478152945,0.0
2011-09-14,2.1188327678138634,0.0,237.54148754934332,0.0
2011-09-15,2.1188327678138634,0.0,239.6603203171572,0.0
2011-09-16,2.1188327678138634,0.0,241.77915308497106,0.0
2011-09-17,2.1188327678138634,0.0,243.89798585278493,0.0
2011-09-18,2.1188327678138634,0.0,246.0168186205988,0.0
2011-09-19,2.1188327678138634,0.0,248.13565138841267,0.0
2011-09-20,2.1188327678138634,0.0,250.25448415622654,0.0
2011-09-21,2.1188327678138634,0.0,252.3733169240404,0.0
2011-09-22,1.9170964614638875,0.0,254.2904133855043,0.0
2011-09-23,1.9170964614638875,0.0,256.2075098469682,0.0
2011-09-24,1.9170964614638875,0.7280092838194347,257.3965970246126,0.0
2011-09-25,1.9170964614638875,1.292916422934724,258.02077706314174,0.0
2011-09-26,1.9170964614638875,0.0,259.9378735246056,0.0
2011-09-27,1.9170964614638875,0.0,261.8549699860695,0.0
2011-09-28,1.9170964614638875,0.0,263.77206644753335,0.0
2011-09-29,1.9170964614638875,0.6755510676571459,265.0136118413401,0.0
2011-09-30,1.5482806592341243,0.0,266.56189250057423,0.0
2011-10-01,1.5482806592341243,0.0,268.11017315980837,0.0
2011-10-02,1.5482806592341243,0.0,269.6584538190425,0.0
2011-10-03,1.5482806592341243,21.363090273027446,249.8436442052492,0.0
2011-10-04,1.5482806592341243,32.36484189225423,219.0270829722291,0.0
2011-10-05,1.5482806592341243,4.71021063556612,215.86515299589712,0.0
2011-10-06,1.5482806592341243,0.5908606879113258,216.82257296721994,0.0
2011-10-07,1.5482806592341243,0.0,218.37085362645408,0.0
2011-10-08,1.9361546291808043,0.0,220.30700825563488,0.0
2011-10-09,1.9361546291808043,0.020030959725564474,222.22313192509012,0.0
2011-10-10,1.9361546291808043,9.750947469528244,214.40833908474266,0.0
2011-10-11,1.9361546291808043,0.0,216.34449371392347,0.0
2011-10-12,1.9361546291808043,0.0,218.28064834310427,0.0
2011-10-13,1.9361546291808043,0.0,220.21680297228508,0.0
2011-10-14,1.9361546291808043,0.0,222.15295760146589,0.0
2011-10-15,1.9361546291808043,0.0,224.0891122306467,0.0
2011-10-16,1.5984735821618994,0.0,225.68758581280858,0.0
2011-10-17,1.5984735821618994,0.0,227.28605939497047,0.0
2011-10-18,1.5984735821618994,0.0,228.88453297713235,0.0
2011-10-19,1.5984735821618994,0.0,230.48300655929424,0.0
2011-10-20,1.5984735821618994,0.0,232.08148014145613,0.0
2011-10-21,1.5984735821618994,0.0,233.679953723618,0.0
2011-10-22,1.5984735821618994,0.0,235.2784273057799,0.0
2011-10-23,1.5984735821618994,0.0,236.8769008879418,0.0
2011-10-24,1.497371303926321,0.0,238.3742721918681,0.0
2011-10-25,1.497371303926321,0.0,239.87164349579442,0.0
2011-10-26,1.497371303926321,0.0,241.36901479972073,0.0
2011-10-27,1.497371303926321,0.0,242.86638610364705,0.0
2011-10-28,1.497371303926321,0.0,244.36375740757336,0.0
2011-10-29,1.497371303926321,0.0,245.86112871149967,0.0
2011-10-30,1.497371303926321,0.0,247.358500015426,0.0
2011-10-31,1.497371303926321,0.0,248.8558713193523,0.0
2011-11-01,1.2654682501211827,0.0,250.1213395694735,0.0
2011-11-02,1.2654682501211827,0.0,251.38680781959468,0.0
2011-11-03,1.2654682501211827,0.3579752237388962,252.29430084597698,0.0
2011-11-04,1.2654682501211827,0.0,253.55976909609817,0.0
2011-11-05,1.2654682501211827,22.155894872942945,232.6693424732764,0.0
2011-11-06,1.2654682501211827,0.0,233.9348107233976,0.0
2011-11-07,1.2654682501211827,0.0,235.20027897351878,0.0
2011-11-08,1.2654682501211827,0.0,236.46574722363997,0.0
2011-11-09,1.0968899660688314,0.0,237.5626371897088,0.0
2011-11-10,1.0968899660688314,0.0,238.65952715577762,0.0
2011-11-11,1.0968899660688314,4.805312835764219,234.95110428608223,0.0
2011-11-12,1.0968899660688314,0.0,236.04799425215106,0.0
2011-11-13,1.0968899660688314,0.0,237.1448842182199,0.0
2011-11-14,1.0968899660688314,0.0,238.24177418428872,0.0
2011-11-15,1.0968899660688314,0.0,239.33866415035754,0.0
2011-11-16,1.0968899660688314,0.0,240.43555411642637,0.0
2011-11-17,0.7696946194861846,0.9752848196324917,240.22996391628007,0.0
2011-11-18,0.7696946194861846,3.1633219401533754,237.8363365956129,0.0
2011-11-19,0.7696946194861846,19.14243680995315,219.46359440514593,0.0
2011-11-20,0.7696946194861846,2.5331517450580656,217.70013727957405,0.0
2011-11-21,0.7696946194861846,0.0,218.46983189906024,0.0
2011-11-22,0.7696946194861846,0.0,219.23952651854643,0.0
2011-11-23,0.7696946194861846,37.67090064600893,182.33832049202368,0.0
2011-11-24,0.7696946194861846,0.9731300589469932,182.13488505256288,0.0
2011-11-25,0.8384381968007759,0.7659040200451948,182.20741922931848,0.0
2011-11-26,0.8384381968007759,0.06373994029775815,182.9821174858215,0.0
2011-11-27,0.8384381968007759,0.0,183.82055568262228,0.0
2011-11-28,0.8384381968007759,0.12742724376889203,184.53156663565417,0.0
2011-11-29,0.8384381968007759,0.0006687306819178002,185.36933610177303,0.0
2011-11-30,0.8384381968007759,0.0,186.2077742985738,0.0
2011-12-01,0.8384381968007759,0.0,187.0462124953746,0.0
2011-12-02,0.8384381968007759,0.0,187.88465069217537,0.0
2011-12-03,0.7282317014057194,0.0,188.6128823935811,0.0
2011-12-04,0.7282317014057194,0.0,189.3411140949868,0.0
2011-12-05,0.7282317014057194,0.0,190.06934579639253,0.0
2011-12-06,0.7282317014057194,0.0,190.79757749779824,0.0
2011-12-07,0.7282317014057194,0.0,191.52580919920396,0.0
2011-12-08,0.7282317014057194,0.0,192.25404090060968,0.0
2011-12-09,0.7282317014057194,0.0,192.9822726020154,0.0
2011-12-10,0.7282317014057194,0.0,193.71050430342112,0.0
2011-12-11,0.6189844886088224,0.012582043145463191,194.31690674888446,0.0
2011-12-12,0.6189844886088224,0.014594427618448947,194.92129680987483,0.0
2011-12-13,0.6189844886088224,0.01958204336441338,195.52069925511924,0.0
2011-12-14,0.6189844886088224,4.907448852763456,191.2322348909646,0.0
2011-12-15,0.6189844886088224,0.0,191.85121937957342,0.0
2011-12-16,0.6189844886088224,0.0,192.47020386818224,0.0
2011-12-17,0.6189844886088224,0.0,193.08918835679106,0.0
2011-12-18,0.6189844886088224,0.0,193.70817284539987,0.0
2011-12-19,0.7172152205525932,0.0,194.42538806595246,0.0
2011-12-20,0.7172152205525932,0.0,195.14260328650505,0.0
2011-12-21,0.7172152205525932,0.0,195.85981850705764,0.0
2011-12-22,0.7172152205525932,0.0,196.57703372761023,0.0
2011-12-23,0.7172152205525932,0.0,197.29424894816282,0.0
2011-12-24,0.7172152205525932,0.0,198.0114641687154,0.0
2011-12-25,0.7172152205525932,0.0,198.728679389268,0.0
2011-12-26,0.7172152205525932,0.0,199.44589460982058,0.0
2011-12-27,0.4289311682016481,0.0,199.87482577802223,0.0
2011-12-28,0.4289311682016481,0.0014922601140562686,200.30226468610982,0.0
2011-12-29,0.4289311682016481,0.09423529097504751,200.63696056333643,0.0
2011-12-30,0.4289311682016481,1.6537894861247882,199.41210224541328,0.0
2011-12-31,0.4289311682016481,0.0,199.84103341361492,0.0
2012-01-01,0.7541022782355793,0.0,200.59513569185052,0.0
2012-01-02,0.7541022782355793,0.1064086676843395,201.24282930240176,0.0
2012-01-03,0.7541022782355793,0.0,201.99693158063735,0.0
2012-01-04,0.7541022782355793,0.0,202.75103385887294,0.0
2012-01-05,0.7541022782355793,0.0,203.50513613710854,0.0
2012-01-06,0.7541022782355793,0.0,204.25923841534413,0.0
2012-01-07,0.7541022782355793,0.0,205.01334069357972,0.0
2012-01-08,0.7541022782355793,0.0,205.7674429718153,0.0
2012-01-09,0.7291459040232666,0.0,206.49658887583857,0.0
2012-01-10,0.7291459040232666,0.0,207.22573477986182,0.0
2012-01-11,0.7291459040232666,0.0,207.95488068388508,0.0
2012-01-12,0.7291459040232666,0.0,208.68402658790833,0.0
2012-01-13,0.7291459040232666,0.0,209.4131724919316,0.0
2012-01-14,0.7291459040232666,0.0,210.14231839595485,0.0
2012-01-15,0.7291459040232666,0.0,210.8714642999781,0.0
2012-01-16,0.7291459040232666,0.0,211.60061020400136,0.0
2012-01-17,1.1123131362094034,0.0,212.71292334021075,0.0
2012-01-18,1.1123131362094034,1.2048575929812968,212.62037888343886,0.0
2012-01-19,1.1123131362094034,57.634721135945504,156.09797088370274,0.0
2012-01-20,1.1123131362094034,97.84564674306579,59.36463727684635,0.0
2012-01-21,1.1123131362094034,2.9925263488993923,57.484424064156364,0.0
2012-01-22,1.1123131362094034,84.71970230433223,0.0,26.122965103966465
2012-01-23,1.1123131362094034,1.5409876233653017,0.0,0.4286744871558983
2012-01-24,1.1123131362094034,0.0,1.1123131362094034,0.0
2012-01-25,0.7772641783809987,0.0,1.8895773145904022,0.0
2012-01-26,0.7772641783809987,0.0007492260251990043,2.666092266946202,0.0
2012-01-27,0.7772641783809987,0.0,3.4433564453272005,0.0
2012-01-28,0.7772641783809987,0.0,4.220620623708199,0.0
2012-01-29,0.7772641783809987,0.0,4.997884802089198,0.0
2012-01-30,0.7772641783809987,0.0,5.775148980470196,0.0
2012-01-31,0.7772641783809987,3.4021053114911717,3.1503078473600232,0.0
2012-02-01,0.7772641783809987,0.01697523233944971,3.910596793401572,0.0
2012-02-02,1.2458298594280177,0.0,5.156426652829589,0.0
2012-02-03,1.2458298594280177,0.0,6.4022565122576065,0.0
2012-02-04,1.2458298594280177,0.0,7.648086371685624,0.0
2012-02-05,1.2458298594280177,0.0,8.893916231113641,0.0
2012-02-06,1.2458298594280177,16.31249221412021,0.0,6.17274612357855
2012-02-07,1.2458298594280177,5.951832820018377,0.0,4.706002960590359
2012-02-08,1.2458298594280177,0.0,1.2458298594280177,0.0
2012-02-09,1.2458298594280177,2.3679411293183312,0.1237185895377042,0.0
2012-02-10,1.123402326708676,5.394863798891427,0.0,4.147742882645047
2012-02-11,1.123402326708676,0.0,1.123402326708676,0.0
2012-02-12,1.123402326708676,7.7177089685257,0.0,5.470904315108347
2012-02-13,1.123402326708676,0.3611362277538783,0.7622660989547976,0.0
2012-02-14,1.123402326708676,0.9888606951856731,0.8968077304778004,0.0
2012-02-15,1.123402326708676,0.0,2.0202100571864765,0.0
2012-02-16,1.123402326708676,0.0,3.143612383895152,0.0
2012-02-17,1.123402326708676,0.0,4.267014710603828,0.0
2012-02-18,1.3357707222491517,0.0,5.602785432852979,0.0
2012-02-19,1.3357707222491517,1.4824365174438192,5.456119637658311,0.0
2012-02-20,1.3357707222491517,0.042628483380761924,6.749261876526701,0.0
2012-02-21,1.3357707222491517,0.0,8.085032598775852,0.0
2012-02-22,1.3357707222491517,0.0,9.420803321025003,0.0
2012-02-23,1.3357707222491517,0.0,10.756574043274155,0.0
2012-02-24,1.3357707222491517,0.0,12.092344765523306,0.0
2012-02-25,1.3357707222491517,0.0,13.428115487772457,0.0
2012-02-26,1.3760557440620445,0.0,14.804171231834502,0.0
2012-02-27,1.3760557440620445,0.0,16.180226975896545,0.0
2012-02-28,1.3760557440620445,26.58677385170762,0.0,9.03049113174903
2012-02-29,1.3760557440620445,4.151739927268249,0.0,2.7756841832062045
2012-03-01,1.3760557440620445,3.3702290574832587,0.0,1.9941733134212143
2012-03-02,1.3760557440620445,0.0,1.3760557440620445,0.0
2012-03-03,1.3760557440620445,0.0,2.752111488124089,0.0
2012-03-04,1.3760557440620445,0.0,4.128167232186133,0.0
2012-03-05,1.4947828405235097,0.1640061904033271,5.458943882306315,0.0
2012-03-06,1.4947828405235097,0.0,6.953726722829824,0.0
2012-03-07,1.4947828405235097,0.0,8.448509563353333,0.0
2012-03-08,1.4947828405235097,0.0,9.943292403876843,0.0
2012-03-09,1.4947828405235097,0.0,11.438075244400352,0.0
2012-03-10,1.4947828405235097,1.2016966049516162,11.731161479972245,0.0
2012-03-11,1.4947828405235097,3.8661269471741306,9.359817373321624,0.0
2012-03-12,1.4947828405235097,27.422728051342087,0.0,16.568127837496952
2012-03-13,1.3210150266602028,77.7607288892055,0.0,76.43971386254529
2012-03-14,1.3210150266602028,11.838498292692673,0.0,10.517483266032471
2012-03-15,1.3210150266602028,16.11104615923052,0.0,14.790031132570316
2012-03-16,1.3210150266602028,30.49062226357475,0.0,29.169607236914548
2012-03-17,1.3210150266602028,0.3258142365422388,0.995200790117964,0.0
2012-03-18,1.3210150266602028,0.0,2.3162158167781666,0.0
2012-03-19,1.3210150266602028,0.0,3.6372308434383696,0.0
2012-03-20,1.3210150266602028,0.0,4.9582458700985725,0.0
2012-03-21,1.3738366456616573,1.1596625670560003,5.1724199487042295,0.0
2012-03-22,1.3738366456616573,0.0,6.546256594365887,0.0
2012-03-23,1.3738366456616573,6.799941173647948,1.120152066379596,0.0
2012-03-24,1.3738366456616573,21.942455144120448,0.0,19.448466432079194
2012-03-25,1.3738366456616573,0.07955418032739633,1.294282465334261,0.0
2012-03-26,1.3738366456616573,20.3653093698224,0.0,17.69719025882648
2012-03-27,1.3738366456616573,42.09713642368376,0.0,40.7232997780221
2012-03-28,1.3738366456616573,0.0011021672115854387,1.372734478450072,0.0
2012-03-29,1.418787203102277,1.9569442501009062,0.8345774314514429,0.0
2012-03-30,1.418787203102277,8.579235211245415,0.0,6.3258705766916945
2012-03-31,1.418787203102277,12.03441787873259,0.0,10.615630675630314
2012-04-01,1.418787203102277,0.0,1.418787203102277,0.0
2012-04-02,1.418787203102277,0.0,2.837574406204554,0.0
2012-04-03,1.418787203102277,1.0101269316706725,3.246234677636158,0.0
2012-04-04,1.418787203102277,0.0,4.665021880738435,0.0
2012-04-05,1.418787203102277,0.0,6.083809083840713,0.0
2012-04-06,1.7660441105186613,0.0,7.849853194359374,0.0
2012-04-07,1.7660441105186613,0.0,9.615897304878036,0.0
2012-04-08,1.7660441105186613,0.0,11.381941415396698,0.0
2012-04-09,1.7660441105186613,9.512987337614359,3.634998188301001,0.0
2012-04-10,1.7660441105186613,10.307325336586212,0.0,4.906283037766549
2012-04-11,1.7660441105186613,15.70958525477548,0.0,13.943541144256818
2012-04-12,1.7660441105186613,21.14035219599957,0.0,19.37430808548091
2012-04-13,1.7660441105186613,0.9903158105379286,0.7757282999807327,0.0
2012-04-14,2.1293979641299083,0.0,2.905126264110641,0.0
2012-04-15,2.1293979641299083,0.0,5.034524228240549,0.0
2012-04-16,2.1293979641299083,0.0,7.163922192370458,0.0
2012-04-17,2.1293979641299083,0.0,9.293320156500366,0.0
2012-04-18,2.1293979641299083,0.0,11.422718120630275,0.0
2012-04-19,2.1293979641299083,0.0,13.552116084760183,0.0
2012-04-20,2.1293979641299083,0.0,15.68151404889009,0.0
2012-04-21,2.1293979641299083,0.0,17.810912013019998,0.0
2012-04-22,2.2869990305380496,0.6765077290105007,19.421403314547547,0.0
2012-04-23,2.2869990305380496,3.2321888559004837,18.476213489185113,0.0
2012-04-24,2.2869990305380496,1.8731207873430045,18.890091732380156,0.0
2012-04-25,2.2869990305380496,2.316349843153643,18.860740919764563,0.0
2012-04-26,2.2869990305380496,0.421950465050921,20.725789485251692,0.0
2012-04-27,2.2869990305380496,0.0,23.01278851578974,0.0
2012-04-28,2.2869990305380496,0.0,25.29978754632779,0.0
2012-04-29,2.2869990305380496,0.0,27.586786576865837,0.0
2012-04-30,2.6083553078041675,0.0,30.195141884670004,0.0
2012-05-01,2.6083553078041675,0.0,32.80349719247417,0.0
2012-05-02,2.6083553078041675,2.9977516197936818,32.41410088048465,0.0
2012-05-03,2.6083553078041675,14.780987934431426,20.241468253857395,0.0
2012-05-04,2.6083553078041675,0.0,22.849823561661562,0.0
2012-05-05,2.6083553078041675,0.0,25.45817886946573,0.0
2012-05-06,2.6083553078041675,0.0,28.066534177269897,0.0
2012-05-07,2.6083553078041675,0.0,30.674889485074065,0.0
2012-05-08,2.4010072709646133,0.0,33.07589675603868,0.0
2012-05-09,2.4010072709646133,0.0,35.47690402700329,0.0
2012-05-10,2.4010072709646133,0.0,37.877911297967906,0.0
2012-05-11,2.4010072709646133,0.0,40.27891856893252,0.0
2012-05-12,2.4010072709646133,0.0,42.67992583989713,0.0
2012-05-13,2.4010072709646133,0.0,45.08093311086174,0.0
2012-05-14,2.4010072709646133,0.0,47.481940381826355,0.0
2012-05-15,2.4010072709646133,0.0,49.88294765279097,0.0
2012-05-16,2.345991759573435,0.0,52.228939412364404,0.0
2012-05-17,2.345991759573435,0.0,54.57493117193784,0.0
2012-05-18,2.345991759573435,0.0,56.92092293151128,0.0
2012-05-19,2.345991759573435,0.0,59.266914691084715,0.0
2012-05-20,2.345991759573435,0.0,61.61290645065815,0.0
2012-05-21,2.345991759573435,0.0,63.95889821023159,0.0
2012-05-22,2.345991759573435,0.0,66.30488996980502,0.0
2012-05-23,2.345991759573435,0.0,68.65088172937845,0.0
2012-05-24,1.9771948618516721,0.0,70.62807659123013,0.0
2012-05-25,1.9771948618516721,0.05601950445365241,72.54925194862814,0.0
2012-05-26,1.9771948618516721,0.0,74.52644681047981,0.0
2012-05-27,1.9771948618516721,0.0,76.50364167233148,0.0
2012-05-28,1.9771948618516721,0.0,78.48083653418315,0.0
2012-05-29,1.9771948618516721,0.0,80.45803139603483,0.0
2012-05-30,1.9771948618516721,0.0,82.4352262578865,0.0
2012-05-31,1.9771948618516721,0.0,84.41242111973817,0.0
2012-06-01,2.0208715462918083,0.0,86.43329266602998,0.0
2012-06-02,2.0208715462918083,0.0,88.4541642123218,0.0
2012-06-03,2.0208715462918083,1.0271826757366074,89.447853082877,0.0
2012-06-04,2.0208715462918083,1.0755975202141161,90.3931271089547,0.0
2012-06-05,2.0208715462918083,0.0,92.41399865524652,0.0
2012-06-06,2.0208715462918083,0.0,94.43487020153833,0.0
2012-06-07,2.0208715462918083,0.0,96.45574174783015,0.0
2012-06-08,2.0208715462918083,0.0,98.47661329412196,0.0
2012-06-09,2.7849011148812393,0.0,101.2615144090032,0.0
2012-06-10,2.7849011148812393,0.0,104.04641552388443,0.0
2012-06-11,2.7849011148812393,0.0,106.83131663876567,0.0
2012-06-12,2.7849011148812393,0.0,109.61621775364691,0.0
2012-06-13,2.7849011148812393,0.0,112.40111886852814,0.0
2012-06-14,2.7849011148812393,0.0,115.18601998340938,0.0
2012-06-15,2.7849011148812393,0.0,117.97092109829062,0.0
2012-06-16,2.7849011148812393,0.0,120.75582221317185,0.0
2012-06-17,2.163721764420745,0.0,122.9195439775926,0.0
2012-06-18,2.163721764420745,0.0,125.08326574201334,0.0
2012-06-19,2.163721764420745,0.0,127.24698750643408,0.0
2012-06-20,2.163721764420745,0.0,129.41070927085482,0.0
2012-06-21,2.163721764420745,0.0,131.57443103527558,0.0
2012-06-22,2.163721764420745,1.0342476746556133,132.70390512504073,0.0
2012-06-23,2.163721764420745,0.0,134.8676268894615,0.0
2012-06-24,2.163721764420745,0.0,137.03134865388225,0.0
2012-06-25,1.716419777023751,0.0,138.747768430906,0.0
2012-06-26,1.716419777023751,0.0,140.46418820792977,0.0
2012-06-27,1.716419777023751,0.0,142.18060798495353,0.0
2012-06-28,1.716419777023751,0.0,143.89702776197728,0.0
2012-06-29,1.716419777023751,0.0,145.61344753900104,0.0
2012-06-30,1.716419777023751,0.0,147.3298673160248,0.0
2012-07-01,1.716419777023751,0.0,149.04628709304856,0.0
2012-07-02,1.716419777023751,0.0,150.76270687007232,0.0
2012-07-03,2.365535142995636,0.0,153.12824201306796,0.0
2012-07-04,2.365535142995636,0.0,155.4937771560636,0.0
2012-07-05,2.365535142995636,0.0,157.85931229905924,0.0
2012-07-06,2.365535142995636,0.0,160.22484744205488,0.0
2012-07-07,2.365535142995636,0.0,162.59038258505052,0.0
2012-07-08,2.365535142995636,0.0,164.95591772804616,0.0
2012-07-09,2.365535142995636,0.0,167.3214528710418,0.0
2012-07-10,2.365535142995636,0.0,169.68698801403744,0.0
2012-07-11,1.8790494425593798,0.0,171.56603745659683,0.0
2012-07-12,1.8790494425593798,0.0,173.44508689915622,0.0
2012-07-13,1.8790494425593798,0.0,175.32413634171562,0.0
2012-07-14,1.8790494425593798,0.0,177.203185784275,0.0
2012-07-15,1.8790494425593798,0.6121950380204261,178.47004018881398,0.0
2012-07-16,1.8790494425593798,0.2354396338064235,180.11364999756694,0.0
2012-07-17,1.8790494425593798,0.0029845202266708614,181.98971491989965,0.0
2012-07-18,1.8790494425593798,0.0,183.86876436245905,0.0
2012-07-19,2.018695588948133,0.0,185.88745995140718,0.0
2012-07-20,2.018695588948133,0.0,187.90615554035531,0.0
2012-07-21,2.018695588948133,0.0,189.92485112930345,0.0
2012-07-22,2.018695588948133,0.0,191.94354671825158,0.0
2012-07-23,2.018695588948133,0.0,193.96224230719972,0.0
2012-07-24,2.018695588948133,0.0,195.98093789614785,0.0
2012-07-25,2.018695588948133,0.0,197.99963348509598,0.0
2012-07-26,2.018695588948133,0.0022012383558847955,200.01612783568822,0.0
2012-07-27,2.1636025206010663,0.0,202.1797303562893,0.0
2012-07-28,2.1636025206010663,0.0,204.34333287689037,0.0
2012-07-29,2.1636025206010663,0.0,206.50693539749145,0.0
2012-07-30,2.1636025206010663,0.0,208.67053791809252,0.0
2012-07-31,2.1636025206010663,0.0,210.8341404386936,0.0
2012-08-01,2.1636025206010663,0.0,212.99774295929467,0.0
2012-08-02,2.1636025206010663,0.0,215.16134547989574,0.0
2012-08-03,2.1636025206010663,0.0,217.32494800049682,0.0
2012-08-04,2.1057556955889467,0.0,219.43070369608577,0.0
2012-08-05,2.1057556955889467,0.0,221.53645939167473,0.0
2012-08-06,2.1057556955889467,0.0,223.64221508726368,0.0
2012-08-07,2.1057556955889467,0.0,225.74797078285263,0.0
2012-08-08,2.1057556955889467,0.0,227.8537264784416,0.0
2012-08-09,2.1057556955889467,0.0,229.95948217403054,0.0
2012-08-10,2.1057556955889467,0.0,232.0652378696195,0.0
2012-08-11,2.1057556955889467,0.0,234.17099356520845,0.0
2012-08-12,2.013000484730974,0.0,236.18399404993943,0.0
2012-08-13,2.013000484730974,0.0,238.1969945346704,0.0
2012-08-14,2.013000484730974,0.0,240.2099950194014,0.0
2012-08-15,2.013000484730974,0.0,242.22299550413237,0.0
2012-08-16,2.013000484730974,0.0,244.23599598886335,0.0
2012-08-17,2.013000484730974,0.0,246.24899647359433,0.0
2012-08-18,2.013000484730974,0.0,248.2619969583253,0.0
2012-08-19,2.013000484730974,0.0,250.2749974430563,0.0
2012-08-20,1.693009209888512,0.0,251.9680066529448,0.0
2012-08-21,1.693009209888512,0.0,253.66101586283332,0.0
2012-08-22,1.693009209888512,0.0,255.35402507272184,0.0
2012-08-23,1.693009209888512,0.0,257.04703428261035,0.0
2012-08-24,1.693009209888512,0.055241485555935936,258.6848020069429,0.0
2012-08-25,1.693009209888512,0.0,260.3778112168314,0.0
2012-08-26,1.693009209888512,0.0,262.0708204267199,0.0
2012-08-27,1.693009209888512,0.0,263.76382963660836,0.0
2012-08-28,1.8562869607367904,0.0,265.62011659734515,0.0
2012-08-29,1.8562869607367904,0.0,267.4764035580819,0.0
2012-08-30,1.8562869607367904,0.0,269.3326905188187,0.0
2012-08-31,1.8562869607367904,0.0,271.1889774795555,0.0
2012-09-01,1.8562869607367904,0.0,273.04526444029227,0.0
2012-09-02,1.8562869607367904,0.0,274.90155140102905,0.0
2012-09-03,1.8562869607367904,0.0,276.75783836176583,0.0
2012-09-04,1.8562869607367904,0.0,278.6141253225026,0.0
2012-09-05,1.6189030538051372,0.0,280.23302837630774,0.0
2012-09-06,1.6189030538051372,0.0,281.85193143011287,0.0
2012-09-07,1.6189030538051372,0.0,283.470834483918,0.0
2012-09-08,1.6189030538051372,0.0,285.0897375377231,0.0
2012-09-09,1.6189030538051372,0.0,286.70864059152825,0.0
2012-09-10,1.6189030538051372,0.0,288.3275436453334,0.0
2012-09-11,1.6189030538051372,0.0,289.9464466991385,0.0
2012-09-12,1.6189030538051372,0.0,291.56534975294363,0.0
2012-09-13,1.4091434803683958,0.0,292.97449323331205,0.0
2012-09-14,1.4091434803683958,0.0,294.38363671368046,0.0
2012-09-15,1.4091434803683958,0.0,295.7927801940489,0.0
2012-09-16,1.4091434803683958,0.0,297.2019236744173,0.0
2012-09-17,1.4091434803683958,0.0,298.6110671547857,0.0
2012-09-18,1.4091434803683958,0.0,300.0202106351541,0.0
2012-09-19,1.4091434803683958,0.0,301.42935411552253,0.0
2012-09-20,1.4091434803683958,0.0,302.83849759589094,0.0
2012-09-21,1.4720761027629659,0.0,304.3105736986539,0.0
2012-09-22,1.4720761027629659,0.0,305.7826498014169,0.0
2012-09-23,1.4720761027629659,0.0,307.25472590417985,0.0
2012-09-24,1.4720761027629659,0.0,308.7268020069428,0.0
2012-09-25,1.4720761027629659,0.0,310.1988781097058,0.0
2012-09-26,1.4720761027629659,0.0,311.67095421246876,0.0
2012-09-27,1.4720761027629659,0.0,313.1430303152317,0.0
2012-09-28,1.4720761027629659,0.0,314.6151064179947,0.0
2012-09-29,1.4890727096461458,0.0,316.10417912764086,0.0
2012-09-30,1.4890727096461458,0.0,317.593251837287,0.0
2012-10-01,1.4890727096461458,0.0,319.0823245469332,0.0
2012-10-02,1.4890727096461458,0.0,320.57139725657936,0.0
2012-10-03,1.4890727096461458,0.0,322.0604699662255,0.0
2012-10-04,1.4890727096461458,0.0,323.5495426758717,0.0
2012-10-05,1.4890727096461458,0.0,325.03861538551786,0.0
2012-10-06,1.4890727096461458,0.0,326.527688095164,0.0
2012-10-07,0.7759374697043138,0.0,327.30362556486836,0.0
2012-10-08,0.7759374697043138,0.0,328.0795630345727,0.0
2012-10-09,0.7759374697043138,0.0,328.855500504277,0.0
2012-10-10,0.7759374697043138,0.059130030886007705,329.5723079430953,0.0
2012-10-11,0.7759374697043138,0.0,330.34824541279966,0.0
2012-10-12,0.7759374697043138,0.0,331.124182882504,0.0
2012-10-13,0.7759374697043138,0.0,331.9001203522083,0.0
2012-10-14,0.7759374697043138,0.0,332.67605782191265,0.0
2012-10-15,1.924761512360641,0.0,334.6008193342733,0.0
2012-10-16,1.924761512360641,0.0,336.52558084663394,0.0
2012-10-17,1.924761512360641,0.0,338.4503423589946,0.0
2012-10-18,1.924761512360641,0.0,340.37510387135524,0.0
2012-10-19,1.924761512360641,0.0,342.2998653837159,0.0
2012-10-20,1.924761512360641,0.0,344.22462689607653,0.0
2012-10-21,1.924761512360641,29.5574955541652,316.591892854272,0.0
2012-10-22,1.924761512360641,4.983730506601717,313.5329238600309,0.0
2012-10-23,1.4269389238972363,5.480495350279675,309.47936743364846,0.0
2012-10-24,1.4269389238972363,2.4797646862803595,308.42654167126534,0.0
2012-10-25,1.4269389238972363,0.0,309.8534805951626,0.0
2012-10-26,1.4269389238972363,0.0,311.2804195190598,0.0
2012-10-27,1.4269389238972363,0.0,312.70735844295706,0.0
2012-10-28,1.4269389238972363,0.0,314.1342973668543,0.0
2012-10-29,1.4269389238972363,0.0,315.56123629075154,0.0
2012-10-30,1.4269389238972363,0.4678792502765685,316.5202959643722,0.0
2012-10-31,1.3117697527872036,31.953209868156502,285.87885584900295,0.0
2012-11-01,1.3117697527872036,0.31186687392139395,286.8787587278687,0.0
2012-11-02,1.3117697527872036,0.0,288.1905284806559,0.0
2012-11-03,1.3117697527872036,0.0,289.5022982334431,0.0
2012-11-04,1.3117697527872036,0.0,290.8140679862303,0.0
2012-11-05,1.3117697527872036,0.0,292.1258377390175,0.0
2012-11-06,1.3117697527872036,0.0,293.4376074918047,0.0
2012-11-07,1.3117697527872036,0.0,294.7493772445919,0.0
2012-11-08,0.8082961706253029,1.688117641229009,293.8695557739882,0.0
2012-11-09,0.8082961706253029,0.0,294.6778519446135,0.0
2012-11-10,0.8082961706253029,0.0,295.4861481152388,0.0
2012-11-11,0.8082961706253029,0.0,296.2944442858641,0.0
2012-11-12,0.8082961706253029,0.0,297.10274045648936,0.0
2012-11-13,0.8082961706253029,0.0,297.91103662711464,0.0
2012-11-14,0.8082961706253029,0.0,298.7193327977399,0.0
2012-11-15,0.8082961706253029,0.4515139445800899,299.0761150237851,0.0
2012-11-16,0.9806160930683471,61.98673992334135,238.06999119351212,0.0
2012-11-17,0.9806160930683471,14.264891842939535,224.78571544364092,0.0
2012-11-18,0.9806160930683471,0.8753250796728458,224.8910064570364,0.0
2012-11-19,0.9806160930683471,20.76449290000986,205.1071296500949,0.0
2012-11-20,0.9806160930683471,28.98586968814625,177.101876055017,0.0
2012-11-21,0.9806160930683471,0.0,178.08249214808532,0.0
2012-11-22,0.9806160930683471,0.0,179.06310824115366,0.0
2012-11-23,0.9806160930683471,0.0,180.043724334222,0.0
2012-11-24,0.9681958313136199,0.0,181.0119201655356,0.0
2012-11-25,0.9681958313136199,0.0,181.9801159968492,0.0
2012-11-26,0.9681958313136199,0.0,182.94831182816282,0.0
2012-11-27,0.9681958313136199,21.993776876490912,161.92273078298552,0.0
2012-11-28,0.9681958313136199,30.2082977590177,132.68262885528142,0.0
2012-11-29,0.9681958313136199,99.10543960240601,34.54538508418902,0.0
2012-11-30,0.9681958313136199,41.269903862070365,0.0,5.756322946567721
2012-12-01,0.9681958313136199,54.54387629364297,0.0,53.575680462329345
2012-12-02,0.8518361609306833,5.731600570235827,0.0,4.879764409305143
2012-12-03,0.8518361609306833,0.0,0.8518361609306833,0.0
2012-12-04,0.8518361609306833,47.64241843917421,0.0,45.93874611731284
2012-12-05,0.8518361609306833,1.1957523291325052,0.0,0.3439161682018219
2012-12-06,0.8518361609306833,0.0,0.8518361609306833,0.0
2012-12-07,0.8518361609306833,0.0,1.7036723218613665,0.0
2012-12-08,0.8518361609306833,0.0,2.5555084827920496,0.0
2012-12-09,0.8518361609306833,0.0,3.407344643722733,0.0
2012-12-10,0.6106485700436257,0.0,4.017993213766359,0.0
2012-12-11,0.6106485700436257,3.1097584782001033,1.5188833056098816,0.0
2012-12-12,0.6106485700436257,0.00016099071972095188,2.129370884933786,0.0
2012-12-13,0.6106485700436257,0.0,2.7400194549774115,0.0
2012-12-14,0.6106485700436257,1.2709163844400881,2.079751640580949,0.0
2012-12-15,0.6106485700436257,6.846046387226588,0.0,4.155646176602013
2012-12-16,0.6106485700436257,20.872433216579186,0.0,20.26178464653556
2012-12-17,0.6106485700436257,0.20210216532175895,0.40854640472186676,0.0
2012-12-18,0.8685642268540956,0.0,1.2771106315759624,0.0
2012-12-19,0.8685642268540956,0.022126935690572197,2.123547922739486,0.0
2012-12-20,0.8685642268540956,59.832926877142846,0.0,56.840814727549265
2012-12-21,0.8685642268540956,43.559217269944696,0.0,42.6906530430906
2012-12-22,0.8685642268540956,42.63390981006918,0.0,41.76534558321508
2012-12-23,0.8685642268540956,33.286842422957754,0.0,32.41827819610366
2012-12-24,0.8685642268540956,0.46858513447522376,0.39997909237887186,0.0
2012-12-25,0.8685642268540956,37.88861845742807,0.0,36.620075138195105
2012-12-26,0.7521536597188561,0.6535201269452785,0.09863353277357756,0.0
2012-12-27,0.7521536597188561,0.0,0.8507871924924336,0.0
2012-12-28,0.7521536597188561,7.844170182112937,0.0,6.241229329901648
2012-12-29,0.7521536597188561,0.0,0.7521536597188561,0.0
2012-12-30,0.7521536597188561,0.0,1.5043073194377121,0.0
2012-12-31,0.7521536597188561,0.0,2.256460979156568,0.0
2013-01-01,0.6673557925351428,0.0,2.923816771691711,0.0
2013-01-02,0.6673557925351428,0.0,3.591172564226854,0.0
2013-01-03,0.6673557925351428,0.0,4.258528356761997,0.0
2013-01-04,0.6673557925351428,0.0,4.92588414929714,0.0
2013-01-05,0.6673557925351428,14.692965864766123,0.0,9.099725922933839
2013-01-06,0.6673557925351428,0.0,0.6673557925351428,0.0
2013-01-07,0.6673557925351428,0.0,1.3347115850702855,0.0
2013-01-08,0.6673557925351428,0.0003343653409589001,2.001733012264469,0.0
2013-01-09,0.4677222491517208,0.7720897710037303,1.6973654904124595,0.0
2013-01-10,0.4677222491517208,0.0,2.1650877395641803,0.0
2013-01-11,0.4677222491517208,0.0,2.632809988715901,0.0
2013-01-12,0.4677222491517208,0.0,3.100532237867622,0.0
2013-01-13,0.4677222491517208,0.0,3.5682544870193427,0.0
2013-01-14,0.4677222491517208,0.0,4.0359767361710635,0.0
2013-01-15,0.4677222491517208,0.0,4.503698985322784,0.0
2013-01-16,0.4677222491517208,0.0,4.971421234474505,0.0
2013-01-17,0.8808560349006301,0.0,5.8522772693751355,0.0
2013-01-18,0.8808560349006301,0.0,6.733133304275766,0.0
2013-01-19,0.8808560349006301,0.0,7.613989339176396,0.0
2013-01-20,0.8808560349006301,0.0,8.494845374077027,0.0
2013-01-21,0.8808560349006301,0.0,9.375701408977656,0.0
2013-01-22,0.8808560349006301,0.0,10.256557443878286,0.0
2013-01-23,0.8808560349006301,13.863814421851567,0.0,2.726400943072651
2013-01-24,0.8808560349006301,0.0,0.8808560349006301,0.0
2013-01-25,0.7260814348036839,0.0,1.606937469704314,0.0
2013-01-26,0.7260814348036839,0.0,2.333018904507998,0.0
2013-01-27,0.7260814348036839,0.0,3.059100339311682,0.0
2013-01-28,0.7260814348036839,0.0,3.7851817741153657,0.0
2013-01-29,0.7260814348036839,0.0,4.51126320891905,0.0
2013-01-30,0.7260814348036839,0.0,5.237344643722734,0.0
2013-01-31,0.7260814348036839,0.0,5.9634260785264175,0.0
2013-02-01,0.7260814348036839,0.0,6.689507513330101,0.0
2013-02-02,0.9961231216674743,0.0,7.685630634997575,0.0
2013-02-03,0.9961231216674743,0.0,8.68175375666505,0.0
2013-02-04,0.9961231216674743,0.007972136246553699,9.66990474208597,0.0
2013-02-05,0.9961231216674743,0.0,10.666027863753445,0.0
2013-02-06,0.9961231216674743,6.102108327965986,5.560042657454934,0.0
2013-02-07,0.9961231216674743,0.7952228974631694,5.760942881659239,0.0
2013-02-08,0.9961231216674743,0.0,6.757066003326713,0.0
2013-02-09,0.9961231216674743,0.0,7.753189124994187,0.0
2013-02-10,1.158849733397964,0.0,8.912038858392151,0.0
2013-02-11,1.158849733397964,0.0,10.070888591790116,0.0
2013-02-12,1.158849733397964,0.0,11.22973832518808,0.0
2013-02-13,1.158849733397964,0.0,12.388588058586045,0.0
2013-02-14,1.158849733397964,0.0,13.54743779198401,0.0
2013-02-15,1.158849733397964,0.0,14.706287525381974,0.0
2013-02-16,1.158849733397964,0.0,15.865137258779939,0.0
2013-02-17,1.158849733397964,0.0,17.023986992177903,0.0
2013-02-18,1.309471158507028,5.67247365207495,12.66098449860998,0.0
2013-02-19,1.309471158507028,2.486297166568945,11.484158490548065,0.0
2013-02-20,1.309471158507028,0.0,12.793629649055093,0.0
2013-02-21,1.309471158507028,0.0,14.103100807562122,0.0
2013-02-22,1.309471158507028,0.0,15.41257196606915,0.0
2013-02-23,1.309471158507028,0.0,16.722043124576178,0.0
2013-02-24,1.309471158507028,0.0,18.031514283083204,0.0
2013-02-25,1.309471158507028,0.0,19.34098544159023,0.0
2013-02-26,1.1292229762481814,0.0,20.470208417838414,0.0
2013-02-27,1.1292229762481814,0.0,21.599431394086594,0.0
2013-02-28,1.1292229762481814,0.0,22.728654370334773,0.0
2013-03-01,1.1292229762481814,0.0,23.857877346582953,0.0
2013-03-02,1.1292229762481814,0.0,24.987100322831132,0.0
2013-03-03,1.1292229762481814,0.0,26.116323299079312,0.0
2013-03-04,1.1292229762481814,0.0,27.24554627532749,0.0
2013-03-05,1.1292229762481814,27.302092755911147,1.072676495664524,0.0
2013-03-06,1.5899132331555987,1.3252971943686989,1.3372925344514242,0.0
2013-03-07,1.5899132331555987,0.0,2.927205767607023,0.0
2013-03-08,1.5899132331555987,0.0,4.517119000762622,0.0
2013-03-09,1.5899132331555987,0.0,6.107032233918221,0.0
2013-03-10,1.5899132331555987,0.0,7.69694546707382,0.0
2013-03-11,1.5899132331555987,0.0,9.286858700229418,0.0
2013-03-12,1.5899132331555987,0.0,10.876771933385017,0.0
2013-03-13,1.5899132331555987,0.0,12.466685166540616,0.0
2013-03-14,1.801580707707222,0.0,14.268265874247838,0.0
2013-03-15,1.801580707707222,0.0,16.06984658195506,0.0
2013-03-16,1.801580707707222,0.0,17.87142728966228,0.0
2013-03-17,1.801580707707222,0.0,19.6730079973695,0.0
2013-03-18,1.801580707707222,0.0,21.47458870507672,0.0
2013-03-19,1.801580707707222,14.685216853493136,8.590952559290804,0.0
2013-03-20,1.801580707707222,8.13404948497335,2.258483782024676,0.0
2013-03-21,1.801580707707222,0.0,4.060064489731898,0.0
2013-03-22,1.5716907416383894,0.0,5.631755231370287,0.0
2013-03-23,1.5716907416383894,0.0,7.203445973008677,0.0
2013-03-24,1.5716907416383894,0.0,8.775136714647067,0.0
2013-03-25,1.5716907416383894,0.0023529411584784737,10.344474515126977,0.0
2013-03-26,1.5716907416383894,0.0,11.916165256765368,0.0
2013-03-27,1.5716907416383894,0.4503095873138483,13.03754641108991,0.0
2013-03-28,1.5716907416383894,2.631030950752943,11.978206201975357,0.0
2013-03-29,1.5716907416383894,0.0,13.549896943613748,0.0
2013-03-30,1.707192922927775,5.020770830266615,10.236319036274907,0.0
2013-03-31,1.707192922927775,22.134557824385794,0.0,10.191045865183114
2013-04-01,1.707192922927775,0.014399380787872583,1.6927935421399023,0.0
2013-04-02,1.707192922927775,0.0,3.399986465067677,0.0
2013-04-03,1.707192922927775,23.748176728239734,0.0,18.640997340244283
2013-04-04,1.707192922927775,8.645411844224013,0.0,6.9382189212962375
2013-04-05,1.707192922927775,1.476529405766596,0.23066351716117883,0.0
2013-04-06,1.707192922927775,2.851337528450201,0.0,0.9134810883612472
2013-04-07,2.4060964614638864,4.756795762124075,0.0,2.350699300660189
2013-04-08,2.4060964614638864,0.0,2.4060964614638864,0.0
2013-04-09,2.4060964614638864,0.0,4.812192922927773,0.0
2013-04-10,2.4060964614638864,0.0,7.218289384391659,0.0
2013-04-11,2.4060964614638864,0.0,9.624385845855546,0.0
2013-04-12,2.4060964614638864,0.0,12.030482307319431,0.0
2013-04-13,2.4060964614638864,0.0,14.436578768783317,0.0
2013-04-14,2.4060964614638864,0.0,16.842675230247202,0.0
2013-04-15,2.658533204071739,0.0,19.50120843431894,0.0
2013-04-16,2.658533204071739,0.0,22.159741638390678,0.0
2013-04-17,2.658533204071739,0.0,24.818274842462415,0.0
2013-04-18,2.658533204071739,0.0,27.476808046534153,0.0
2013-04-19,2.658533204071739,0.0,30.13534125060589,0.0
2013-04-20,2.658533204071739,0.0,32.79387445467763,0.0
2013-04-21,2.658533204071739,0.0,35.452407658749365,0.0
2013-04-22,2.658533204071739,0.0,38.1109408628211,0.0
2013-04-23,2.9987901114881237,0.0,41.10973097430923,0.0
2013-04-24,2.9987901114881237,0.0,44.108521085797356,0.0
2013-04-25,2.9987901114881237,0.0,47.10731119728548,0.0
2013-04-26,2.9987901114881237,0.0,50.10610130877361,0.0
2013-04-27,2.9987901114881237,0.0,53.10489142026174,0.0
2013-04-28,2.9987901114881237,0.0,56.103681531749864,0.0
2013-04-29,2.9987901114881237,0.0,59.10247164323799,0.0
2013-04-30,2.9987901114881237,0.0,62.10126175472612,0.0
2013-05-01,2.4329495879786713,0.0,64.5342113427048,0.0
2013-05-02,2.4329495879786713,0.0,66.96716093068346,0.0
2013-05-03,2.4329495879786713,0.0,69.40011051866213,0.0
2013-05-04,2.4329495879786713,0.0,71.8330601066408,0.0
2013-05-05,2.4329495879786713,0.0,74.26600969461947,0.0
2013-05-06,2.4329495879786713,0.0,76.69895928259814,0.0
2013-05-07,2.4329495879786713,0.0,79.13190887057681,0.0
2013-05-08,2.4329495879786713,0.0,81.56485845855548,0.0
2013-05-09,2.0353121667474543,0.0,83.60017062530294,0.0
2013-05-10,2.0353121667474543,0.0,85.6354827920504,0.0
2013-05-11,2.0353121667474543,0.0,87.67079495879786,0.0
2013-05-12,2.0353121667474543,0.0,89.70610712554532,0.0
2013-05-13,2.0353121667474543,0.0,91.74141929229278,0.0
2013-05-14,2.0353121667474543,0.0,93.77673145904023,0.0
2013-05-15,2.0353121667474543,0.0,95.8120436257877,0.0
2013-05-16,2.0353121667474543,0.0,97.84735579253515,0.0
2013-05-17,2.2375613184682495,0.0,100.0849171110034,0.0
2013-05-18,2.2375613184682495,0.0,102.32247842947166,0.0
2013-05-19,2.2375613184682495,0.0,104.56003974793991,0.0
2013-05-20,2.2375613184682495,0.0,106.79760106640816,0.0
2013-05-21,2.2375613184682495,0.0,109.03516238487641,0.0
2013-05-22,2.2375613184682495,0.0,111.27272370334467,0.0
2013-05-23,2.2375613184682495,0.0,113.51028502181292,0.0
2013-05-24,2.2375613184682495,0.0,115.74784634028117,0.0
2013-05-25,2.539087251575373,0.0,118.28693359185654,0.0
2013-05-26,2.539087251575373,0.0,120.8260208434319,0.0
2013-05-27,2.539087251575373,8.709873355948147,114.65523473905913,0.0
2013-05-28,2.539087251575373,0.0,117.19432199063449,0.0
2013-05-29,2.539087251575373,0.0,119.73340924220986,0.0
2013-05-30,2.539087251575373,0.0,122.27249649378523,0.0
2013-05-31,2.539087251575373,0.0,124.8115837453606,0.0
2013-06-01,2.539087251575373,0.0,127.35067099693596,0.0
2013-06-02,2.395736306349976,0.0,129.74640730328593,0.0
2013-06-03,2.395736306349976,0.0,132.14214360963592,0.0
2013-06-04,2.395736306349976,0.0,134.5378799159859,0.0
2013-06-05,2.395736306349976,0.0,136.9336162223359,0.0
2013-06-06,2.395736306349976,0.0,139.3293525286859,0.0
2013-06-07,2.395736306349976,0.0,141.72508883503588,0.0
2013-06-08,2.395736306349976,0.09622290774303323,144.02460223364284,0.0
2013-06-09,2.395736306349976,6.309089787604269,140.11124875238855,0.0
2013-06-10,2.6883199224430436,0.4509287891280909,142.3486398857035,0.0
2013-06-11,2.6883199224430436,0.0,145.03695980814655,0.0
2013-06-12,2.6883199224430436,0.0,147.7252797305896,0.0
2013-06-13,2.6883199224430436,0.0,150.41359965303263,0.0
2013-06-14,2.6883199224430436,0.0,153.10191957547568,0.0
2013-06-15,2.6883199224430436,0.0,155.79023949791872,0.0
2013-06-16,2.6883199224430436,0.0,158.47855942036176,0.0
2013-06-17,2.6883199224430436,0.0,161.1668793428048,0.0
2013-06-18,2.6745385361124585,0.0,163.84141787891727,0.0
2013-06-19,2.6745385361124585,0.0,166.51595641502973,0.0
2013-06-20,2.6745385361124585,0.0,169.1904949511422,0.0
2013-06-21,2.6745385361124585,0.0,171.86503348725466,0.0
2013-06-22,2.6745385361124585,0.0,174.53957202336713,0.0
2013-06-23,2.6745385361124585,0.22391640946222902,176.99019415001737,0.0
2013-06-24,2.6745385361124585,31.097405424797124,148.5673272613327,0.0
2013-06-25,2.6745385361124585,27.07450815324813,124.16735764419704,0.0
2013-06-26,3.7809878817256397,0.44209287439879524,127.50625265152388,0.0
2013-06-27,3.7809878817256397,0.0,131.28724053324953,0.0
2013-06-28,3.7809878817256397,0.0,135.06822841497518,0.0
2013-06-29,3.7809878817256397,0.0,138.84921629670083,0.0
2013-06-30,3.7809878817256397,0.0,142.63020417842648,0.0
2013-07-01,3.7809878817256397,0.0,146.41119206015213,0.0
2013-07-02,3.7809878817256397,0.0,150.19217994187778,0.0
2013-07-03,3.7809878817256397,0.0,153.97316782360343,0.0
2013-07-04,3.2960387784779446,0.0,157.26920660208137,0.0
2013-07-05,3.2960387784779446,0.0,160.5652453805593,0.0
2013-07-06,3.2960387784779446,0.0,163.86128415903724,0.0
2013-07-07,3.2960387784779446,0.0,167.15732293751518,0.0
2013-07-08,3.2960387784779446,0.0,170.4533617159931,0.0
2013-07-09,3.2960387784779446,0.0,173.74940049447105,0.0
2013-07-10,3.2960387784779446,0.0006687306819178002,177.04477054226706,0.0
2013-07-11,3.2960387784779446,0.0,180.340809320745,0.0
2013-07-12,2.996188075618031,0.0,183.33699739636302,0.0
2013-07-13,2.996188075618031,0.0,186.33318547198104,0.0
2013-07-14,2.996188075618031,0.22873374537763763,189.10063980222142,0.0
2013-07-15,2.996188075618031,0.001430340621608883,192.09539753721785,0.0
2013-07-16,2.996188075618031,0.0,195.09158561283587,0.0
2013-07-17,2.996188075618031,0.0,198.0877736884539,0.0
2013-07-18,2.996188075618031,0.0,201.08396176407192,0.0
2013-07-19,2.996188075618031,0.0,204.08014983968994,0.0
2013-07-20,2.1366141541444486,0.0,206.21676399383438,0.0
2013-07-21,2.1366141541444486,0.0,208.35337814797882,0.0
2013-07-22,2.1366141541444486,0.0,210.48999230212326,0.0
2013-07-23,2.1366141541444486,0.0,212.6266064562677,0.0
2013-07-24,2.1366141541444486,0.0,214.76322061041213,0.0
2013-07-25,2.1366141541444486,0.0,216.89983476455657,0.0
2013-07-26,2.1366141541444486,0.0,219.036448918701,0.0
2013-07-27,2.1366141541444486,0.3105479845944388,220.862515088251,0.0
2013-07-28,1.9213427047988358,0.004151702725873458,222.77970609032397,0.0
2013-07-29,1.9213427047988358,0.01067801848653669,224.69037077663626,0.0
2013-07-30,1.9213427047988358,0.0,226.6117134814351,0.0
2013-07-31,1.9213427047988358,0.0,228.53305618623392,0.0
2013-08-01,1.9213427047988358,0.0,230.45439889103275,0.0
2013-08-02,1.9213427047988358,0.0,232.37574159583158,0.0
2013-08-03,1.9213427047988358,0.0,234.29708430063042,0.0
2013-08-04,1.9213427047988358,0.0,236.21842700542925,0.0
2013-08-05,1.508856519631604,0.0,237.72728352506084,0.0
2013-08-06,1.508856519631604,0.0,239.23614004469243,0.0
2013-08-07,1.508856519631604,0.3350526370903211,240.4099439272337,0.0
2013-08-08,1.508856519631604,0.0,241.9188004468653,0.0
2013-08-09,1.508856519631604,0.0,243.4276569664969,0.0
2013-08-10,1.508856519631604,0.0,244.9365134861285,0.0
2013-08-11,1.508856519631604,0.0,246.44537000576008,0.0
2013-08-12,1.508856519631604,0.0,247.95422652539168,0.0
2013-08-13,2.311846340281143,0.0,250.2660728656728,0.0
2013-08-14,2.311846340281143,0.0,252.57791920595395,0.0
2013-08-15,2.311846340281143,0.0,254.88976554623508,0.0
2013-08-16,2.311846340281143,0.0,257.2016118865162,0.0
2013-08-17,2.311846340281143,0.0,259.51345822679735,0.0
2013-08-18,2.311846340281143,0.0,261.8253045670785,0.0
2013-08-19,2.311846340281143,0.0013777090023176588,264.1357731983573,0.0
2013-08-20,2.311846340281143,0.0,266.44761953863843,0.0
2013-08-21,1.736285991274843,0.0,268.18390552991326,0.0
2013-08-22,1.736285991274843,0.0,269.9201915211881,0.0
2013-08-23,1.736285991274843,0.0,271.6564775124629,0.0
2013-08-24,1.736285991274843,0.0,273.39276350373774,0.0
2013-08-25,1.736285991274843,0.0,275.12904949501257,0.0
2013-08-26,1.736285991274843,0.0,276.8653354862874,0.0
2013-08-27,1.736285991274843,0.0,278.6016214775622,0.0
2013-08-28,1.736285991274843,0.0,280.33790746883705,0.0
2013-08-29,1.9105312651478432,0.0,282.24843873398487,0.0
2013-08-30,1.9105312651478432,0.0,284.1589699991327,0.0
2013-08-31,1.9105312651478432,0.0,286.0695012642805,0.0
2013-09-01,1.9105312651478432,0.0,287.98003252942834,0.0
2013-09-02,1.9105312651478432,0.0,289.89056379457617,0.0
2013-09-03,1.9105312651478432,0.0,291.801095059724,0.0
2013-09-04,1.9105312651478432,0.0,293.7116263248718,0.0
2013-09-05,1.9105312651478432,0.0,295.62215759001964,0.0
2013-09-06,2.078815317498788,0.0,297.7009729075184,0.0
2013-09-07,2.078815317498788,0.0,299.77978822501717,0.0
2013-09-08,2.078815317498788,0.0,301.85860354251594,0.0
2013-09-09,2.078815317498788,0.0,303.9374188600147,0.0
2013-09-10,2.078815317498788,1.4895232238636664,304.5267109536498,0.0
2013-09-11,2.078815317498788,0.2969009348943875,306.3086253362542,0.0
2013-09-12,2.078815317498788,0.006207430660263302,308.3812332230927,0.0
2013-09-13,2.078815317498788,0.0,310.46004854059146,0.0
2013-09-14,2.221554532234609,0.0,312.6816030728261,0.0
2013-09-15,2.221554532234609,0.0,314.9031576050607,0.0
2013-09-16,2.221554532234609,0.0,317.1247121372953,0.0
2013-09-17,2.221554532234609,0.0,319.34626666952994,0.0
2013-09-18,2.221554532234609,0.0,321.56782120176456,0.0
2013-09-19,2.221554532234609,0.0,323.7893757339992,0.0
2013-09-20,2.221554532234609,10.882061899261947,315.12886836697186,0.0
2013-09-21,2.221554532234609,4.55871517296546,312.79170772624104,0.0
2013-09-22,1.6973611245758593,0.0,314.4890688508169,0.0
2013-09-23,1.6973611245758593,0.0,316.1864299753928,0.0
2013-09-24,1.6973611245758593,0.0,317.8837910999687,0.0
2013-09-25,1.6973611245758593,0.0,319.58115222454455,0.0
2013-09-26,1.6973611245758593,0.0,321.27851334912043,0.0
2013-09-27,1.6973611245758593,0.0,322.9758744736963,0.0
2013-09-28,1.6973611245758593,0.0,324.6732355982722,0.0
2013-09-29,1.6973611245758593,5.221650188552336,321.1489465342957,0.0
2013-09-30,2.177608337372757,1.1732136193812814,322.1533412522872,0.0
2013-10-01,2.177608337372757,0.0,324.33094958965995,0.0
2013-10-02,2.177608337372757,0.0,326.5085579270327,0.0
2013-10-03,2.177608337372757,0.0,328.6861662644055,0.0
2013-10-04,2.177608337372757,0.0,330.86377460177823,0.0
2013-10-05,2.177608337372757,0.0,333.041382939151,0.0
2013-10-06,2.177608337372757,0.0,335.21899127652375,0.0
2013-10-07,2.177608337372757,0.0,337.3965996138965,0.0
2013-10-08,1.700691711100339,0.0,339.09729132499683,0.0
2013-10-09,1.700691711100339,0.0,340.79798303609715,0.0
2013-10-10,1.700691711100339,0.0,342.49867474719747,0.0
2013-10-11,1.700691711100339,0.0,344.1993664582978,0.0
2013-10-12,1.700691711100339,0.0,345.9000581693981,0.0
2013-10-13,1.700691711100339,0.0,347.6007498804984,0.0
2013-10-14,1.700691711100339,0.0,349.30144159159875,0.0
2013-10-15,1.700691711100339,0.0,351.00213330269906,0.0
2013-10-16,1.3878885118759081,0.0,352.390021814575,0.0
2013-10-17,1.3878885118759081,0.0,353.7779103264509,0.0
2013-10-18,1.3878885118759081,0.0,355.16579883832685,0.0
2013-10-19,1.3878885118759081,0.0,356.5536873502028,0.0
2013-10-20,1.3878885118759081,0.0,357.9415758620787,0.0
2013-10-21,1.3878885118759081,0.0,359.32946437395464,0.0
2013-10-22,1.3878885118759081,0.0,360.71735288583056,0.0
2013-10-23,1.3878885118759081,0.0,362.1052413977065,0.0
2013-10-24,0.8105089675230246,0.0,362.91575036522954,0.0
2013-10-25,0.8105089675230246,0.0,363.7262593327526,0.0
2013-10-26,0.8105089675230246,0.0,364.53676830027564,0.0
2013-10-27,0.8105089675230246,0.0,365.3472772677987,0.0
2013-10-28,0.8105089675230246,0.0,366.15778623532174,0.0
2013-10-29,0.8105089675230246,0.0,366.9682952028448,0.0
2013-10-30,0.8105089675230246,0.0,367.77880417036783,0.0
2013-10-31,0.8105089675230246,0.0,368.5893131378909,0.0
2013-11-01,1.0642651478429466,0.0,369.65357828573383,0.0
2013-11-02,1.0642651478429466,0.0,370.7178434335768,0.0
2013-11-03,1.0642651478429466,0.0,371.7821085814197,0.0
2013-11-04,1.0642651478429466,0.0,372.84637372926267,0.0
2013-11-05,1.0642651478429466,0.0,373.9106388771056,0.0
2013-11-06,1.0642651478429466,0.0,374.97490402494856,0.0
2013-11-07,1.0642651478429466,0.0,376.0391691727915,0.0
2013-11-08,1.0642651478429466,0.0,377.10343432063445,0.0
2013-11-09,0.790491032476975,0.0,377.8939253531114,0.0
2013-11-10,0.790491032476975,0.0,378.68441638558835,0.0
2013-11-11,0.790491032476975,0.0,379.4749074180653,0.0
2013-11-12,0.790491032476975,0.0,380.26539845054225,0.0
2013-11-13,0.790491032476975,0.0,381.0558894830192,0.0
2013-11-14,0.790491032476975,0.0,381.84638051549615,0.0
2013-11-15,0.790491032476975,0.0,382.6368715479731,0.0
2013-11-16,0.790491032476975,0.0,383.42736258045005,0.0
2013-11-17,1.0600213281628694,0.0,384.4873839086129,0.0
2013-11-18,1.0600213281628694,6.5271424272850185,379.02026280949076,0.0
2013-11-19,1.0600213281628694,42.7497230978573,337.3305610397963,0.0
2013-11-20,1.0600213281628694,1.2490557048342912,337.14152666312486,0.0
2013-11-21,1.0600213281628694,0.0,338.2015479912877,0.0
2013-11-22,1.0600213281628694,0.0,339.2615693194506,0.0
2013-11-23,1.0600213281628694,0.0,340.32159064761345,0.0
2013-11-24,1.0600213281628694,0.0,341.3816119757763,0.0
2013-11-25,0.7704813378574885,0.0,342.15209331363377,0.0
2013-11-26,0.7704813378574885,0.0,342.92257465149123,0.0
2013-11-27,0.7704813378574885,0.0,343.6930559893487,0.0
2013-11-28,0.7704813378574885,0.0,344.46353732720615,0.0
2013-11-29,0.7704813378574885,0.0,345.2340186650636,0.0
2013-11-30,0.7704813378574885,0.0,346.0045000029211,0.0
2013-12-01,0.7704813378574885,0.0,346.77498134077854,0.0
2013-12-02,0.7704813378574885,0.0,347.545462678636,0.0
2013-12-03,0.6379093553078039,0.0,348.1833720339438,0.0
2013-12-04,0.6379093553078039,0.0,348.82128138925157,0.0
2013-12-05,0.6379093553078039,0.0,349.45919074455935,0.0
2013-12-06,0.6379093553078039,15.341684370956182,334.755415728911,0.0
2013-12-07,0.6379093553078039,0.0,335.39332508421876,0.0
2013-12-08,0.6379093553078039,0.0,336.03123443952654,0.0
2013-12-09,0.6379093553078039,0.0,336.6691437948343,0.0
2013-12-10,0.6379093553078039,0.0,337.3070531501421,0.0
2013-12-11,0.62720698012603,0.0,337.9342601302681,0.0
2013-12-12,0.62720698012603,0.0,338.5614671103941,0.0
2013-12-13,0.62720698012603,0.0,339.1886740905201,0.0
2013-12-14,0.62720698012603,0.0,339.8158810706461,0.0
2013-12-15,0.62720698012603,0.0,340.44308805077213,0.0
2013-12-16,0.62720698012603,0.0,341.07029503089814,0.0
2013-12-17,0.62720698012603,0.0,341.69750201102414,0.0
2013-12-18,0.62720698012603,0.0,342.32470899115015,0.0
2013-12-19,0.7242501211827431,0.0,343.0489591123329,0.0
2013-12-20,0.7242501211827431,0.0,343.7732092335157,0.0
2013-12-21,0.7242501211827431,0.0,344.49745935469844,0.0
2013-12-22,0.7242501211827431,0.0,345.2217094758812,0.0
2013-12-23,0.7242501211827431,0.0,345.94595959706396,0.0
2013-12-24,0.7242501211827431,0.0,346.6702097182467,0.0
2013-12-25,0.7242501211827431,0.0,347.3944598394295,0.0
2013-12-26,0.7242501211827431,0.0,348.11870996061225,0.0
2013-12-27,0.6780470189045076,0.0,348.7967569795168,0.0
2013-12-28,0.6780470189045076,0.0,349.4748039984213,0.0
2013-12-29,0.6780470189045076,0.0,350.1528510173258,0.0
2013-12-30,0.6780470189045076,0.0,350.83089803623034,0.0
2013-12-31,0.6780470189045076,0.0,351.50894505513486,0.0
2014-01-01,0.5788497333979639,0.0,352.08779478853285,0.0
2014-01-02,0.5788497333979639,0.0,352.66664452193083,0.0
2014-01-03,0.5788497333979639,0.0,353.2454942553288,0.0
2014-01-04,0.5788497333979639,0.0,353.8243439887268,0.0
2014-01-05,0.5788497333979639,0.0,354.4031937221248,0.0
2014-01-06,0.5788497333979639,0.0,354.9820434555228,0.0
2014-01-07,0.5788497333979639,0.0,355.5608931889208,0.0
2014-01-08,0.5788497333979639,0.0,356.13974292231876,0.0
2014-01-09,0.9013538536112453,0.0,357.04109677593,0.0
2014-01-10,0.9013538536112453,0.4249907071837699,357.51745992235743,0.0
2014-01-11,0.9013538536112453,5.144755476399471,353.27405829956916,0.0
2014-01-12,0.9013538536112453,0.0,354.1754121531804,0.0
2014-01-13,0.9013538536112453,0.0,355.0767660067916,0.0
2014-01-14,0.9013538536112453,0.0,355.97811986040284,0.0
2014-01-15,0.9013538536112453,0.0,356.87947371401407,0.0
2014-01-16,0.9013538536112453,0.0,357.7808275676253,0.0
2014-01-17,1.0116272418807561,0.0,358.79245480950607,0.0
2014-01-18,1.0116272418807561,0.0,359.80408205138684,0.0
2014-01-19,1.0116272418807561,0.0,360.8157092932676,0.0
2014-01-20,1.0116272418807561,0.0,361.8273365351484,0.0
2014-01-21,1.0116272418807561,0.0,362.83896377702916,0.0
2014-01-22,1.0116272418807561,0.0,363.85059101890994,0.0
2014-01-23,1.0116272418807561,0.0,364.8622182607907,0.0
2014-01-24,1.0116272418807561,0.0,365.8738455026715,0.0
2014-01-25,0.7685768298594278,0.0,366.64242233253094,0.0
2014-01-26,0.7685768298594278,0.0,367.4109991623904,0.0
2014-01-27,0.7685768298594278,0.0,368.17957599224985,0.0
2014-01-28,0.7685768298594278,0.0015603714693199276,368.94659245063997,0.0
2014-01-29,0.7685768298594278,0.7580092684726226,368.9571600120268,0.0
2014-01-30,0.7685768298594278,0.0,369.72573684188626,0.0
2014-01-31,0.7685768298594278,1.1067925816165405,369.38752109012916,0.0
2014-02-01,0.7685768298594278,10.99705588928317,359.15904203070545,0.0
2014-02-02,1.269527872031023,15.49798149368711,344.93058840904934,0.0
2014-02-03,1.269527872031023,0.0,346.20011628108034,0.0
2014-02-04,1.269527872031023,0.0,347.46964415311135,0.0
2014-02-05,1.269527872031023,31.102548581527852,317.6366234436145,0.0
2014-02-06,1.269527872031023,6.605390068916344,312.30076124672917,0.0
2014-02-07,1.269527872031023,111.10281931874184,202.46746980001834,0.0
2014-02-08,1.269527872031023,144.08470385288675,59.65229381916262,0.0
2014-02-09,1.269527872031023,34.45929458783507,26.462527103358575,0.0
2014-02-10,0.9428875424139598,0.0,27.405414645772534,0.0
2014-02-11,0.9428875424139598,0.0,28.348302188186494,0.0
2014-02-12,0.9428875424139598,0.0,29.291189730600454,0.0
2014-02-13,0.9428875424139598,0.3664705858165081,29.867606687197906,0.0
2014-02-14,0.9428875424139598,0.014452011839143537,30.796042217772722,0.0
2014-02-15,0.9428875424139598,8.121315727292936,23.617614032893748,0.0
2014-02-16,0.9428875424139598,0.0,24.560501575307708,0.0
2014-02-17,0.9428875424139598,0.0,25.503389117721667,0.0
2014-02-18,1.217346097915657,0.7249473547418789,25.995787860895447,0.0
2014-02-19,1.217346097915657,0.19259132917728214,27.020542629633823,0.0
2014-02-20,1.217346097915657,0.0,28.237888727549482,0.0
2014-02-21,1.217346097915657,0.0,29.45523482546514,0.0
2014-02-22,1.217346097915657,0.0,30.6725809233808,0.0
2014-02-23,1.217346097915657,0.0,31.889927021296458,0.0
2014-02-24,1.217346097915657,0.0,33.10727311921212,0.0
2014-02-25,1.217346097915657,1.3454241405699643,32.97919507655781,0.0
2014-02-26,1.1638085312651476,64.7456900534615,0.0,30.602686445638547
2014-02-27,1.1638085312651476,25.379229465874356,0.0,24.21542093460921
2014-02-28,1.1638085312651476,14.448900952058676,0.0,13.285092420793529
2014-03-01,1.1638085312651476,1.4688513950666773,0.0,0.3050428638015297
2014-03-02,1.1638085312651476,3.1077089523752406,0.0,1.943900421110093
2014-03-03,1.1638085312651476,32.61931019006498,0.0,31.455501658799832
2014-03-04,1.1638085312651476,0.003504643895758471,1.1603038873693892,0.0
2014-03-05,1.1638085312651476,23.367944729217434,0.0,21.043832310582896
2014-03-06,1.9738938439166265,0.39513312778421217,1.5787607161324142,0.0
2014-03-07,1.9738938439166265,0.0,3.5526545600490405,0.0
2014-03-08,1.9738938439166265,0.0,5.526548403965667,0.0
2014-03-09,1.9738938439166265,1.2800897917142222,6.220352456168071,0.0
2014-03-10,1.9738938439166265,0.0,8.194246300084698,0.0
2014-03-11,1.9738938439166265,0.0,10.168140144001324,0.0
2014-03-12,1.9738938439166265,0.0,12.14203398791795,0.0
2014-03-13,1.9738938439166265,0.0,14.115927831834576,0.0
2014-03-14,1.9098380998545799,0.0,16.025765931689154,0.0
2014-03-15,1.9098380998545799,0.0,17.935604031543733,0.0
2014-03-16,1.9098380998545799,0.0,19.84544213139831,0.0
2014-03-17,1.9098380998545799,0.0,21.75528023125289,0.0
2014-03-18,1.9098380998545799,0.0,23.665118331107468,0.0
2014-03-19,1.9098380998545799,0.0,25.574956430962047,0.0
2014-03-20,1.9098380998545799,0.0,27.484794530816625,0.0
2014-03-21,1.9098380998545799,0.0,29.394632630671204,0.0
2014-03-22,1.5347556955889468,0.0,30.92938832626015,0.0
2014-03-23,1.5347556955889468,0.0,32.464144021849094,0.0
2014-03-24,1.5347556955889468,0.008321981704087449,33.99057773573396,0.0
2014-03-25,1.5347556955889468,19.90515166834781,15.620181762975097,0.0
2014-03-26,1.5347556955889468,7.592808003027003,9.56212945553704,0.0
2014-03-27,1.5347556955889468,2.361944348450415,8.734940802675572,0.0
2014-03-28,1.5347556955889468,23.84017338472254,0.0,13.570476886458021
2014-03-29,1.5347556955889468,2.8866965844535235,0.0,1.3519408888645768
2014-03-30,1.5534498303441582,0.0,1.5534498303441582,0.0
2014-03-31,1.5534498303441582,34.0466530507563,0.0,30.93975339006798
2014-04-01,1.5534498303441582,16.59786385869832,0.0,15.044414028354163
2014-04-02,1.5534498303441582,0.0,1.5534498303441582,0.0
2014-04-03,1.5534498303441582,7.208839043006069,0.0,4.101939382317752
2014-04-04,1.5534498303441582,7.081176453699636,0.0,5.527726623355478
2014-04-05,1.5534498303441582,0.0,1.5534498303441582,0.0
2014-04-06,1.5534498303441582,0.0,3.1068996606883164,0.0
2014-04-07,2.0621371788657292,0.0,5.169036839554046,0.0
2014-04-08,2.0621371788657292,0.0,7.231174018419775,0.0
2014-04-09,2.0621371788657292,0.0,9.293311197285504,0.0
2014-04-10,2.0621371788657292,0.0,11.355448376151234,0.0
2014-04-11,2.0621371788657292,0.0,13.417585555016963,0.0
2014-04-12,2.0621371788657292,0.0,15.479722733882692,0.0
2014-04-13,2.0621371788657292,0.0,17.54185991274842,0.0
2014-04-14,2.0621371788657292,0.0,19.60399709161415,0.0
2014-04-15,2.3555705283567603,0.0,21.959567619970912,0.0
2014-04-16,2.3555705283567603,0.0,24.315138148327673,0.0
2014-04-17,2.3555705283567603,0.0,26.670708676684434,0.0
2014-04-18,2.3555705283567603,0.0,29.026279205041195,0.0
2014-04-19,2.3555705283567603,0.0,31.381849733397956,0.0
2014-04-20,2.3555705283567603,0.0,33.737420261754714,0.0
2014-04-21,2.3555705283567603,0.00037461302088913806,36.092616177090584,0.0
2014-04-22,2.3555705283567603,0.0,38.44818670544734,0.0
2014-04-23,2.457162384876395,0.0,40.90534909032374,0.0
2014-04-24,2.457162384876395,1.6134767794387628,41.749034695761374,0.0
2014-04-25,2.457162384876395,1.17352940349756,43.03266767714021,0.0
2014-04-26,2.457162384876395,4.577086746877192,40.912743315139416,0.0
2014-04-27,2.457162384876395,0.0,43.36990570001581,0.0
2014-04-28,2.457162384876395,0.0,45.82706808489221,0.0
2014-04-29,2.457162384876395,0.0,48.28423046976861,0.0
2014-04-30,2.457162384876395,0.0,50.74139285464501,0.0
2014-05-01,1.7717241880756183,0.0,52.51311704272062,0.0
2014-05-02,1.7717241880756183,0.0,54.28484123079624,0.0
2014-05-03,1.7717241880756183,0.0,56.056565418871855,0.0
2014-05-04,1.7717241880756183,0.0,57.82828960694747,0.0
2014-05-05,1.7717241880756183,0.0,59.60001379502309,0.0
2014-05-06,1.7717241880756183,0.0,61.371737983098704,0.0
2014-05-07,1.7717241880756183,0.0,63.14346217117432,0.0
2014-05-08,1.7717241880756183,4.5580743208020085,60.35711203844794,0.0
2014-05-09,2.5835433834221995,0.0,62.94065542187013,0.0
2014-05-10,2.5835433834221995,0.0,65.52419880529233,0.0
2014-05-11,2.5835433834221995,0.0,68.10774218871452,0.0
2014-05-12,2.5835433834221995,0.0,70.69128557213672,0.0
2014-05-13,2.5835433834221995,0.0,73.27482895555892,0.0
2014-05-14,2.5835433834221995,0.0,75.85837233898111,0.0
2014-05-15,2.5835433834221995,0.0,78.44191572240331,0.0
2014-05-16,2.5835433834221995,0.0,81.0254591058255,0.0
2014-05-17,2.060878332525448,0.0,83.08633743835095,0.0
2014-05-18,2.060878332525448,0.0,85.1472157708764,0.0
2014-05-19,2.060878332525448,0.0,87.20809410340185,0.0
2014-05-20,2.060878332525448,0.0,89.2689724359273,0.0
2014-05-21,2.060878332525448,0.0,91.32985076845274,0.0
2014-05-22,2.060878332525448,0.0,93.39072910097819,0.0
2014-05-23,2.060878332525448,0.0,95.45160743350364,0.0
2014-05-24,2.060878332525448,0.0,97.51248576602909,0.0
2014-05-25,2.404579738245274,0.0,99.91706550427436,0.0
2014-05-26,2.404579738245274,0.0,102.32164524251964,0.0
2014-05-27,2.404579738245274,0.0,104.72622498076491,0.0
2014-05-28,2.404579738245274,0.0,107.13080471901019,0.0
2014-05-29,2.404579738245274,0.0,109.53538445725546,0.0
2014-05-30,2.404579738245274,0.0,111.93996419550074,0.0
2014-05-31,2.404579738245274,0.0,114.34454393374601,0.0
2014-06-01,2.404579738245274,0.0,116.74912367199128,0.0
2014-06-02,2.340879786718372,0.0,119.09000345870966,0.0
2014-06-03,2.340879786718372,0.0,121.43088324542803,0.0
2014-06-04,2.340879786718372,0.0,123.77176303214641,0.0
2014-06-05,2.340879786718372,0.0,126.11264281886478,0.0
2014-06-06,2.340879786718372,0.0,128.45352260558315,0.0
2014-06-07,2.340879786718372,0.0,130.79440239230152,0.0
2014-06-08,2.340879786718372,0.0,133.1352821790199,0.0
2014-06-09,2.340879786718372,0.0,135.47616196573827,0.0
2014-06-10,2.191643722733881,0.0,137.66780568847216,0.0
2014-06-11,2.191643722733881,0.0,139.85944941120604,0.0
2014-06-12,2.191643722733881,0.0,142.05109313393993,0.0
2014-06-13,2.191643722733881,0.0,144.24273685667382,0.0
2014-06-14,2.191643722733881,0.0,146.4343805794077,0.0
2014-06-15,2.191643722733881,0.0,148.6260243021416,0.0
2014-06-16,2.191643722733881,0.0,150.81766802487547,0.0
2014-06-17,2.191643722733881,0.0,153.00931174760936,0.0
2014-06-18,2.343805138148327,0.0,155.3531168857577,0.0
2014-06-19,2.343805138148327,0.0,157.696922023906,0.0
2014-06-20,2.343805138148327,0.0,160.04072716205434,0.0
2014-06-21,2.343805138148327,0.0,162.38453230020266,0.0
2014-06-22,2.343805138148327,0.0,164.728337438351,0.0
2014-06-23,2.343805138148327,0.0,167.07214257649932,0.0
2014-06-24,2.343805138148327,0.0,169.41594771464764,0.0
2014-06-25,2.343805138148327,0.0,171.75975285279597,0.0
2014-06-26,2.2659810954920014,0.0,174.02573394828798,0.0
2014-06-27,2.2659810954920014,0.0,176.29171504378,0.0
2014-06-28,2.2659810954920014,0.0,178.557696139272,0.0
2014-06-29,2.2659810954920014,0.0,180.823677234764,0.0
2014-06-30,2.2659810954920014,0.0,183.08965833025601,0.0
2014-07-01,2.2659810954920014,0.0,185.35563942574802,0.0
2014-07-02,2.2659810954920014,0.0,187.62162052124003,0.0
2014-07-03,2.2659810954920014,0.0,189.88760161673204,0.0
2014-07-04,2.079895298109548,0.0,191.9674969148416,0.0
2014-07-05,2.079895298109548,0.0,194.04739221295114,0.0
2014-07-06,2.079895298109548,0.0,196.12728751106067,0.0
2014-07-07,2.079895298109548,0.0,198.2071828091702,0.0
2014-07-08,2.079895298109548,0.07037461175361284,200.21670349552613,0.0
2014-07-09,2.079895298109548,0.19665324992439692,202.09994554371127,0.0
2014-07-10,2.079895298109548,0.24004024710079463,203.93980059472,0.0
2014-07-11,2.079895298109548,0.0,206.01969589282953,0.0
2014-07-12,1.907757634512845,0.0,207.92745352734238,0.0
2014-07-13,1.907757634512845,0.0,209.83521116185523,0.0
2014-07-14,1.907757634512845,0.0,211.74296879636807,0.0
2014-07-15,1.907757634512845,0.0,213.65072643088092,0.0
2014-07-16,1.907757634512845,0.0,215.55848406539377,0.0
2014-07-17,1.907757634512845,0.13738699786757166,217.32885470203905,0.0
2014-07-18,1.907757634512845,0.0011795665347954436,219.2354327700171,0.0
2014-07-19,1.907757634512845,0.0,221.14319040452995,0.0
2014-07-20,2.115873969946678,0.0,223.25906437447662,0.0
2014-07-21,2.115873969946678,0.6260866829909197,224.74885166143238,0.0
2014-07-22,2.115873969946678,0.12300309695695573,226.7417225344221,0.0
2014-07-23,2.115873969946678,0.0,228.8575965043688,0.0
2014-07-24,2.115873969946678,0.0,230.97347047431546,0.0
2014-07-25,2.115873969946678,0.0,233.08934444426214,0.0
2014-07-26,2.115873969946678,0.0,235.20521841420882,0.0
2014-07-27,2.115873969946678,0.0,237.3210923841555,0.0
2014-07-28,2.1953533688802715,0.0,239.51644575303575,0.0
2014-07-29,2.1953533688802715,0.0,241.71179912191602,0.0
2014-07-30,2.1953533688802715,0.0,243.90715249079628,0.0
2014-07-31,2.1953533688802715,0.0,246.10250585967654,0.0
2014-08-01,2.1953533688802715,0.0,248.2978592285568,0.0
2014-08-02,2.1953533688802715,0.15560681316475367,250.3376057842723,0.0
2014-08-03,2.1953533688802715,0.20199070998752955,252.33096844316503,0.0
2014-08-04,2.1953533688802715,0.0824148596290372,254.44390695241626,0.0
2014-08-05,1.9563519146873476,0.0,256.4002588671036,0.0
2014-08-06,1.9563519146873476,0.0,258.35661078179095,0.0
2014-08-07,1.9563519146873476,0.0,260.3129626964783,0.0
2014-08-08,1.9563519146873476,0.0,262.2693146111656,0.0
2014-08-09,1.9563519146873476,0.0,264.22566652585294,0.0
2014-08-10,1.9563519146873476,0.0,266.1820184405403,0.0
2014-08-11,1.9563519146873476,0.0,268.1383703552276,0.0
2014-08-12,1.9563519146873476,0.0,270.09472226991494,0.0
2014-08-13,1.8151880756180312,0.0,271.909910345533,0.0
2014-08-14,1.8151880756180312,0.0,273.725098421151,0.0
2014-08-15,1.8151880756180312,0.0,275.54028649676906,0.0
2014-08-16,1.8151880756180312,0.5501207522874921,276.8053538200996,0.0
2014-08-17,1.8151880756180312,0.14661300320743403,278.4739288925102,0.0
2014-08-18,1.8151880756180312,4.024767993023797e-05,280.2890767204483,0.0
2014-08-19,1.8151880756180312,1.0066965919899127,281.0975682040764,0.0
2014-08-20,1.8151880756180312,0.5334489088874576,282.379307370807,0.0
2014-08-21,1.7297430925836164,0.0,284.1090504633906,0.0
2014-08-22,1.7297430925836164,0.0,285.8387935559742,0.0
2014-08-23,1.7297430925836164,0.0,287.56853664855777,0.0
2014-08-24,1.7297430925836164,0.26202476679725173,289.0362549743441,0.0
2014-08-25,1.7297430925836164,0.0,290.7659980669277,0.0
2014-08-26,1.7297430925836164,0.0,292.4957411595113,0.0
2014-08-27,1.7297430925836164,0.0,294.2254842520949,0.0
2014-08-28,1.7297430925836164,0.0,295.95522734467846,0.0
2014-08-29,2.032057198254968,0.0,297.9872845429334,0.0
2014-08-30,2.032057198254968,0.0,300.0193417411884,0.0
2014-08-31,2.032057198254968,0.0,302.05139893944335,0.0
2014-09-01,2.032057198254968,0.0,304.0834561376983,0.0
2014-09-02,2.032057198254968,0.0029566563412131903,306.11255667961206,0.0
2014-09-03,2.032057198254968,0.0,308.144613877867,0.0
2014-09-04,2.032057198254968,0.0,310.176671076122,0.0
2014-09-05,2.032057198254968,0.0,312.20872827437694,0.0
2014-09-06,1.83571206980126,0.0,314.0444403441782,0.0
2014-09-07,1.83571206980126,0.0,315.8801524139795,0.0
2014-09-08,1.83571206980126,0.0,317.71586448378076,0.0
2014-09-09,1.83571206980126,0.0,319.55157655358204,0.0
2014-09-10,1.83571206980126,0.0,321.3872886233833,0.0
2014-09-11,1.83571206980126,0.0,323.2230006931846,0.0
2014-09-12,1.83571206980126,0.0,325.05871276298586,0.0
2014-09-13,1.83571206980126,0.0,326.89442483278714,0.0
2014-09-14,1.591602520601066,0.0,328.4860273533882,0.0
2014-09-15,1.591602520601066,0.0,330.0776298739892,0.0
2014-09-16,1.591602520601066,0.0,331.66923239459027,0.0
2014-09-17,1.591602520601066,3.417294051255973,329.84354086393535,0.0
2014-09-18,1.591602520601066,2.603547976851094,328.8315954076853,0.0
2014-09-19,1.591602520601066,0.0003343653409589001,330.4228635629454,0.0
2014-09-20,1.591602520601066,0.0,332.01446608354644,0.0
2014-09-21,1.591602520601066,0.0,333.6060686041475,0.0
2014-09-22,1.522619001454193,0.0,335.12868760560167,0.0
2014-09-23,1.522619001454193,0.4460371518651766,336.20526945519066,0.0
2014-09-24,1.522619001454193,4.435405545190391,333.29248291145444,0.0
2014-09-25,1.522619001454193,1.3763838869407081,333.43871802596794,0.0
2014-09-26,1.522619001454193,6.402294136053269,328.55904289136885,0.0
2014-09-27,1.522619001454193,0.0,330.08166189282304,0.0
2014-09-28,1.522619001454193,0.0,331.6042808942772,0.0
2014-09-29,1.522619001454193,0.0,333.1268998957314,0.0
2014-09-30,2.0852123121667474,0.0,335.21211220789814,0.0
2014-10-01,2.0852123121667474,0.0,337.2973245200649,0.0
2014-10-02,2.0852123121667474,0.0,339.3825368322316,0.0
2014-10-03,2.0852123121667474,0.0,341.46774914439834,0.0
2014-10-04,2.0852123121667474,0.0,343.5529614565651,0.0
2014-10-05,2.0852123121667474,0.0,345.6381737687318,0.0
2014-10-06,2.0852123121667474,0.0,347.72338608089854,0.0
2014-10-07,2.0852123121667474,0.0,349.80859839306527,0.0
2014-10-08,2.008622394571012,0.0003343653409589001,351.81688642229534,0.0
2014-10-09,2.008622394571012,0.0,353.8255088168664,0.0
2014-10-10,2.008622394571012,0.0,355.8341312114374,0.0
2014-10-11,2.008622394571012,0.0,357.84275360600844,0.0
2014-10-12,2.008622394571012,0.0,359.8513760005795,0.0
2014-10-13,2.008622394571012,0.0,361.8599983951505,0.0
2014-10-14,2.008622394571012,8.158773871029124,355.70984691869245,0.0
2014-10-15,2.008622394571012,0.0,357.7184693132635,0.0
2014-10-16,1.0053824527387294,0.0,358.7238517660022,0.0
2014-10-17,1.0053824527387294,1.138207430810013,358.5910267879309,0.0
2014-10-18,1.0053824527387294,0.0003343653409589001,359.59607487532867,0.0
2014-10-19,1.0053824527387294,1.6511702635339907,358.9502870645334,0.0
2014-10-20,1.0053824527387294,0.9253219908605047,359.0303475264117,0.0
2014-10-21,1.0053824527387294,0.0,360.0357299791504,0.0
2014-10-22,1.0053824527387294,0.0,361.04111243188913,0.0
2014-10-23,1.0053824527387294,0.0,362.04649488462786,0.0
2014-10-24,1.255670867668444,10.051244641236105,353.2509211110602,0.0
2014-10-25,1.255670867668444,1.9165789763624819,352.5900130023662,0.0
2014-10-26,1.255670867668444,0.0,353.8456838700347,0.0
2014-10-27,1.255670867668444,0.0,355.10135473770316,0.0
2014-10-28,1.255670867668444,0.0,356.35702560537163,0.0
2014-10-29,1.255670867668444,0.0,357.6126964730401,0.0
2014-10-30,1.255670867668444,4.981544928654059,353.8868224120545,0.0
2014-10-31,1.255670867668444,6.656659464348949,348.48583381537406,0.0
2014-11-01,1.1500281143965094,0.0,349.63586192977056,0.0
2014-11-02,1.1500281143965094,0.0,350.78589004416705,0.0
2014-11-03,1.1500281143965094,0.0,351.93591815856354,0.0
2014-11-04,1.1500281143965094,0.0,353.08594627296003,0.0
2014-11-05,1.1500281143965094,0.0,354.2359743873565,0.0
2014-11-06,1.1500281143965094,0.0,355.386002501753,0.0
2014-11-07,1.1500281143965094,0.00434674931568996,356.5316838668338,0.0
2014-11-08,1.1500281143965094,0.0,357.6817119812303,0.0
2014-11-09,0.9069030538051384,0.0,358.58861503503545,0.0
2014-11-10,0.9069030538051384,0.0,359.4955180888406,0.0
2014-11-11,0.9069030538051384,0.0,360.4024211426457,0.0
2014-11-12,0.9069030538051384,10.28040239316391,351.02892180328695,0.0
2014-11-13,0.9069030538051384,0.5550619215003846,351.3807629355917,0.0
2014-11-14,0.9069030538051384,0.0,352.2876659893968,0.0
2014-11-15,0.9069030538051384,0.0,353.19456904320197,0.0
2014-11-16,0.9069030538051384,0.0,354.1014720970071,0.0
2014-11-17,0.8303674260785262,0.0,354.9318395230856,0.0
2014-11-18,0.8303674260785262,7.801557325357253,347.9606496238069,0.0
2014-11-19,0.8303674260785262,14.499470666466115,334.2915463834193,0.0
2014-11-20,0.8303674260785262,18.51495628238831,316.6069575271095,0.0
2014-11-21,0.8303674260785262,23.43611454446987,294.0012104087181,0.0
2014-11-22,0.8303674260785262,1.229018598564269,293.60255923623237,0.0
2014-11-23,0.8303674260785262,0.0,294.4329266623109,0.0
2014-11-24,0.8303674260785262,0.0,295.2632940883894,0.0
2014-11-25,0.8027649054774599,0.0,296.0660589938668,0.0
2014-11-26,0.8027649054774599,0.0,296.8688238993443,0.0
2014-11-27,0.8027649054774599,0.0,297.6715888048218,0.0
2014-11-28,0.8027649054774599,21.66043642947548,276.81391728082383,0.0
2014-11-29,0.8027649054774599,26.58220400972632,251.034478176575,0.0
2014-11-30,0.8027649054774599,9.102393139995655,242.7348499420568,0.0
2014-12-01,0.8027649054774599,17.875579343860732,225.66203550367354,0.0
2014-12-02,0.8027649054774599,67.11242564765291,159.35237476149808,0.0
2014-12-03,0.6541827435773143,30.629482517301476,129.3770749877739,0.0
2014-12-04,0.6541827435773143,4.0569565473326215,125.9743011840186,0.0
2014-12-05,0.6541827435773143,27.213910560489797,99.41457336710612,0.0
2014-12-06,0.6541827435773143,0.4782445864527032,99.59051152423072,0.0
2014-12-07,0.6541827435773143,0.4381238387741909,99.80657042903384,0.0
2014-12-08,0.6541827435773143,7.98640242892522,92.47435074368593,0.0
2014-12-09,0.6541827435773143,0.7022786428315719,92.42625484443167,0.0
2014-12-10,0.6541827435773143,107.32780855728008,0.0,14.247370969271103
2014-12-11,0.940220067862336,66.22727791517511,0.0,65.28705784731277
2014-12-12,0.940220067862336,7.668541858070774,0.0,6.728321790208438
2014-12-13,0.940220067862336,0.09134984339930509,0.848870224463031,0.0
2014-12-14,0.940220067862336,16.560136163197804,0.0,14.771045870872436
2014-12-15,0.940220067862336,34.1196963130136,0.0,33.179476245151264
2014-12-16,0.940220067862336,30.882792753331795,0.0,29.94257268546946
2014-12-17,0.940220067862336,15.821668503823291,0.0,14.881448435960955
2014-12-18,0.940220067862336,34.881287565910405,0.0,33.94106749804807
2014-12-19,0.5863523994183228,4.3972725381054,0.0,3.8109201386870772
2014-12-20,0.5863523994183228,12.055232107085706,0.0,11.468879707667384
2014-12-21,0.5863523994183228,0.13278637694673548,0.4535660224715874,0.0
2014-12-22,0.5863523994183228,0.09133436349177323,0.948584058398137,0.0
2014-12-23,0.5863523994183228,0.0975541761000828,1.437382281716377,0.0
2014-12-24,0.5863523994183228,1.549724454850235,0.474010226284465,0.0
2014-12-25,0.5863523994183228,0.0,1.0603626257027878,0.0
2014-12-26,0.5863523994183228,0.0,1.6467150251211107,0.0
2014-12-27,0.5440804653417349,0.0,2.1907954904628455,0.0
2014-12-28,0.5440804653417349,0.0,2.7348759558045805,0.0
2014-12-29,0.5440804653417349,0.0,3.2789564211463156,0.0
2014-12-30,0.5440804653417349,0.0,3.8230368864880506,0.0
2014-12-31,0.5440804653417349,0.0,4.367117351829785,0.0
2015-01-01,0.531676199709161,0.0,4.8987935515389465,0.0
2015-01-02,0.531676199709161,0.0,5.430469751248108,0.0
2015-01-03,0.531676199709161,0.0,5.962145950957269,0.0
2015-01-04,0.531676199709161,0.0,6.49382215066643,0.0
2015-01-05,0.531676199709161,0.0,7.0254983503755914,0.0
2015-01-06,0.531676199709161,0.0,7.557174550084753,0.0
2015-01-07,0.531676199709161,0.0,8.088850749793913,0.0
2015-01-08,0.531676199709161,0.0,8.620526949503073,0.0
2015-01-09,0.5589035385361123,0.0,9.179430488039186,0.0
2015-01-10,0.5589035385361123,0.0,9.738334026575298,0.0
2015-01-11,0.5589035385361123,0.0,10.297237565111411,0.0
2015-01-12,0.5589035385361123,0.0,10.856141103647523,0.0
2015-01-13,0.5589035385361123,0.0,11.415044642183636,0.0
2015-01-14,0.5589035385361123,0.0,11.973948180719749,0.0
2015-01-15,0.5589035385361123,1.0799907030704958,11.452861016185365,0.0
2015-01-16,0.5589035385361123,4.605996779982149,7.405767774739328,0.0
2015-01-17,0.4892704798836644,0.0027801857874858484,7.892258068835506,0.0
2015-01-18,0.4892704798836644,0.08539009402180234,8.296138454697369,0.0
2015-01-19,0.4892704798836644,0.0,8.785408934581033,0.0
2015-01-20,0.4892704798836644,0.0,9.274679414464698,0.0
2015-01-21,0.4892704798836644,0.0,9.763949894348363,0.0
2015-01-22,0.4892704798836644,0.0,10.253220374232027,0.0
2015-01-23,0.4892704798836644,0.0,10.742490854115692,0.0
2015-01-24,0.4892704798836644,0.0,11.231761333999357,0.0
2015-01-25,0.6945380513814832,0.0,11.92629938538084,0.0
2015-01-26,0.6945380513814832,0.0,12.620837436762324,0.0
2015-01-27,0.6945380513814832,0.0,13.315375488143808,0.0
2015-01-28,0.6945380513814832,0.0,14.009913539525291,0.0
2015-01-29,0.6945380513814832,0.0,14.704451590906775,0.0
2015-01-30,0.6945380513814832,0.0,15.398989642288258,0.0
2015-01-31,0.6945380513814832,0.0,16.093527693669742,0.0
2015-02-01,0.6945380513814832,0.0,16.788065745051224,0.0
2015-02-02,1.0233354338342215,0.0,17.811401178885447,0.0
2015-02-03,1.0233354338342215,0.0,18.83473661271967,0.0
2015-02-04,1.0233354338342215,0.0,19.858072046553893,0.0
2015-02-05,1.0233354338342215,5.391194943488566,15.49021253689955,0.0
2015-02-06,1.0233354338342215,88.78898319445156,0.0,72.27543522371779
2015-02-07,1.0233354338342215,13.695080337878721,0.0,12.6717449040445
2015-02-08,1.0233354338342215,47.00305272624957,0.0,45.97971729241535
2015-02-09,1.0233354338342215,0.3217244637732166,0.7016109700610049,0.0
2015-02-10,1.0696461463887543,0.0,1.7712571164497593,0.0
2015-02-11,1.0696461463887543,0.0,2.8409032628385136,0.0
2015-02-12,1.0696461463887543,0.0,3.9105494092272677,0.0
2015-02-13,1.0696461463887543,0.0,4.980195555616022,0.0
2015-02-14,1.0696461463887543,0.0,6.049841702004776,0.0
2015-02-15,1.0696461463887543,0.0,7.11948784839353,0.0
2015-02-16,1.0696461463887543,0.0,8.189133994782285,0.0
2015-02-17,1.0696461463887543,0.031352940560448274,9.22742720061059,0.0
2015-02-18,1.2519917595734367,0.0,10.479418960184027,0.0
2015-02-19,1.2519917595734367,0.02516098970391617,11.706249730053548,0.0
2015-02-20,1.2519917595734367,0.0,12.958241489626985,0.0
2015-02-21,1.2519917595734367,0.0,14.210233249200423,0.0
2015-02-22,1.2519917595734367,0.0,15.46222500877386,0.0
2015-02-23,1.2519917595734367,0.0,16.714216768347296,0.0
2015-02-24,1.2519917595734367,0.0,17.96620852792073,0.0
2015-02-25,1.2519917595734367,0.0,19.218200287494167,0.0
2015-02-26,1.266287445467765,0.0,20.48448773296193,0.0
2015-02-27,1.266287445467765,0.0,21.750775178429695,0.0
2015-02-28,1.266287445467765,0.005724458515156786,23.011338165382302,0.0
2015-03-01,1.266287445467765,0.0,24.277625610850066,0.0
2015-03-02,1.266287445467765,0.0,25.54391305631783,0.0
2015-03-03,1.266287445467765,0.0,26.810200501785594,0.0
2015-03-04,1.266287445467765,0.0,28.07648794725336,0.0
2015-03-05,1.266287445467765,0.0,29.342775392721123,0.0
2015-03-06,0.9671837130392629,0.0,30.309959105760385,0.0
2015-03-07,0.9671837130392629,0.0,31.277142818799646,0.0
2015-03-08,0.9671837130392629,0.0,32.24432653183891,0.0
2015-03-09,0.9671837130392629,0.0,33.21151024487817,0.0
2015-03-10,0.9671837130392629,1.0389350030813422,33.13975895483609,0.0
2015-03-11,0.9671837130392629,0.13423838810389715,33.972704279771456,0.0
2015-03-12,0.9671837130392629,0.0,34.93988799281072,0.0
2015-03-13,0.9671837130392629,0.0,35.90707170584998,0.0
2015-03-14,1.2099209888511875,0.0,37.11699269470117,0.0
2015-03-15,1.2099209888511875,0.0,38.326913683552355,0.0
2015-03-16,1.2099209888511875,0.0,39.53683467240354,0.0
2015-03-17,1.2099209888511875,0.0,40.74675566125473,0.0
2015-03-18,1.2099209888511875,0.0,41.95667665010592,0.0
2015-03-19,1.2099209888511875,0.0,43.16659763895711,0.0
2015-03-20,1.2099209888511875,0.0,44.376518627808295,0.0
2015-03-21,1.2099209888511875,0.7997708883447912,44.786668728314694,0.0
2015-03-22,1.6615302956858944,4.3516378572481695,42.096561166752416,0.0
2015-03-23,1.6615302956858944,0.0,43.75809146243831,0.0
2015-03-24,1.6615302956858944,0.0,45.4196217581242,0.0
2015-03-25,1.6615302956858944,0.0,47.081152053810094,0.0
2015-03-26,1.6615302956858944,0.0,48.742682349495986,0.0
2015-03-27,1.6615302956858944,0.0,50.40421264518188,0.0
2015-03-28,1.6615302956858944,0.0,52.06574294086777,0.0
2015-03-29,1.6615302956858944,0.0,53.727273236553664,0.0
2015-03-30,1.8750814348036846,0.0,55.60235467135735,0.0
2015-03-31,1.8750814348036846,0.0,57.47743610616103,0.0
2015-04-01,1.8750814348036846,0.0,59.35251754096471,0.0
2015-04-02,1.8750814348036846,0.0,61.227598975768394,0.0
2015-04-03,1.8750814348036846,0.0,63.10268041057208,0.0
2015-04-04,1.8750814348036846,0.0,64.97776184537577,0.0
2015-04-05,1.8750814348036846,7.59399985381324,59.25884342636622,0.0
2015-04-06,1.8750814348036846,20.873656612431674,40.26026824873823,0.0
2015-04-07,2.13822394571013,3.6579814370571637,38.74051075739119,0.0
2015-04-08,2.13822394571013,0.024625387769365455,40.854109315331954,0.0
2015-04-09,2.13822394571013,0.0,42.992333261042084,0.0
2015-04-10,2.13822394571013,0.0,45.130557206752215,0.0
2015-04-11,2.13822394571013,0.0,47.268781152462346,0.0
2015-04-12,2.13822394571013,0.0,49.407005098172476,0.0
2015-04-13,2.13822394571013,0.0,51.54522904388261,0.0
2015-04-14,2.13822394571013,0.0,53.68345298959274,0.0
2015-04-15,2.2902384876393596,0.0,55.973691477232094,0.0
2015-04-16,2.2902384876393596,0.0,58.26392996487145,0.0
2015-04-17,2.2902384876393596,0.0,60.55416845251081,0.0
2015-04-18,2.2902384876393596,0.0,62.844406940150165,0.0
2015-04-19,2.2902384876393596,0.10482353135805009,65.02982189643147,0.0
2015-04-20,2.2902384876393596,0.0,67.32006038407083,0.0
2015-04-21,2.2902384876393596,0.0,69.61029887171019,0.0
2015-04-22,2.2902384876393596,0.0,71.90053735934954,0.0
2015-04-23,2.9222457586039736,0.0,74.82278311795352,0.0
2015-04-24,2.9222457586039736,21.445043038288503,56.299985838268995,0.0
2015-04-25,2.9222457586039736,0.0,59.222231596872966,0.0
2015-04-26,2.9222457586039736,0.0,62.14447735547694,0.0
2015-04-27,2.9222457586039736,0.0,65.06672311408092,0.0
2015-04-28,2.9222457586039736,0.0,67.9889688726849,0.0
2015-04-29,2.9222457586039736,0.0,70.91121463128887,0.0
2015-04-30,2.9222457586039736,0.0,73.83346038989285,0.0
2015-05-01,2.5064963645176928,0.1230588238628656,76.21689793054767,0.0
2015-05-02,2.5064963645176928,0.24357894690701554,78.47981534815834,0.0
2015-05-03,2.5064963645176928,0.24342415059683115,80.74288756207919,0.0
2015-05-04,2.5064963645176928,0.0,83.24938392659688,0.0
2015-05-05,2.5064963645176928,0.0,85.75588029111456,0.0
2015-05-06,2.5064963645176928,0.0,88.26237665563225,0.0
2015-05-07,2.5064963645176928,0.0,90.76887302014994,0.0
2015-05-08,2.5064963645176928,0.0,93.27536938466763,0.0
2015-05-09,1.6898380998545806,0.0,94.96520748452221,0.0
2015-05-10,1.6898380998545806,0.0,96.6550455843768,0.0
2015-05-11,1.6898380998545806,0.0,98.34488368423138,0.0
2015-05-12,1.6898380998545806,0.0,100.03472178408596,0.0
2015-05-13,1.6898380998545806,0.0,101.72455988394054,0.0
2015-05-14,1.6898380998545806,0.0,103.41439798379513,0.0
2015-05-15,1.6898380998545806,0.0,105.10423608364971,0.0
2015-05-16,1.6898380998545806,0.0,106.79407418350429,0.0
2015-05-17,1.6284367426078528,0.0,108.42251092611214,0.0
2015-05-18,1.6284367426078528,0.0,110.05094766871999,0.0
2015-05-19,1.6284367426078528,0.0,111.67938441132783,0.0
2015-05-20,1.6284367426078528,0.0,113.30782115393568,0.0
2015-05-21,1.6284367426078528,0.0,114.93625789654352,0.0
2015-05-22,1.6284367426078528,0.0,116.56469463915137,0.0
2015-05-23,1.6284367426078528,0.0,118.19313138175922,0.0
2015-05-24,1.6284367426078528,0.0,119.82156812436706,0.0
2015-05-25,1.5071478429471636,0.1095696597045789,121.21914630760965,0.0
2015-05-26,1.5071478429471636,0.900173346878205,121.8261208036786,0.0
2015-05-27,1.5071478429471636,0.0,123.33326864662577,0.0
2015-05-28,1.5071478429471636,0.0,124.84041648957293,0.0
2015-05-29,1.5071478429471636,0.0,126.3475643325201,0.0
2015-05-30,1.5071478429471636,0.0,127.85471217546726,0.0
2015-05-31,1.5071478429471636,1.226616091218895,128.13524392719555,0.0
2015-06-01,1.5071478429471636,0.6404643994983107,129.0019273706444,0.0
2015-06-02,1.987847309743091,0.0,130.9897746803875,0.0
2015-06-03,1.987847309743091,0.09198452112475415,132.88563746900587,0.0
2015-06-04,1.987847309743091,0.0,134.87348477874897,0.0
2015-06-05,1.987847309743091,0.0,136.86133208849208,0.0
2015-06-06,1.987847309743091,0.0,138.84917939823518,0.0
2015-06-07,1.987847309743091,0.0,140.83702670797828,0.0
2015-06-08,1.987847309743091,0.0,142.82487401772138,0.0
2015-06-09,1.987847309743091,1.8785325170670497,142.93418881039744,0.0
2015-06-10,2.2202428502181277,0.6160185816395023,144.53841307897605,0.0
2015-06-11,2.2202428502181277,0.0,146.75865592919416,0.0
2015-06-12,2.2202428502181277,0.0,148.9788987794123,0.0
2015-06-13,2.2202428502181277,0.0,151.19914162963045,0.0
2015-06-14,2.2202428502181277,0.0,153.4193844798486,0.0
2015-06-15,2.2202428502181277,0.0,155.63962733006673,0.0
2015-06-16,2.2202428502181277,0.0,157.85987018028487,0.0
2015-06-17,2.2202428502181277,0.0,160.08011303050301,0.0
2015-06-18,2.443291808046533,0.0,162.52340483854954,0.0
2015-06-19,2.443291808046533,0.0,164.96669664659606,0.0
2015-06-20,2.443291808046533,0.0,167.4099884546426,0.0
2015-06-21,2.443291808046533,0.0,169.8532802626891,0.0
2015-06-22,2.443291808046533,0.0,172.29657207073564,0.0
2015-06-23,2.443291808046533,0.0,174.73986387878216,0.0
2015-06-24,2.443291808046533,0.0,177.18315568682868,0.0
2015-06-25,2.443291808046533,0.0,179.6264474948752,0.0
2015-06-26,2.4120591371788644,0.0,182.03850663205407,0.0
2015-06-27,2.4120591371788644,0.0,184.45056576923292,0.0
2015-06-28,2.4120591371788644,0.0,186.86262490641178,0.0
2015-06-29,2.4120591371788644,0.0,189.27468404359064,0.0
2015-06-30,2.4120591371788644,0.0,191.6867431807695,0.0
2015-07-01,2.4120591371788644,0.0,194.09880231794835,0.0
2015-07-02,2.4120591371788644,0.6033467376149106,195.9075147175123,0.0
2015-07-03,2.4120591371788644,0.0,198.31957385469116,0.0
2015-07-04,1.6844168686379064,0.27296285266662157,199.73102787066244,0.0
2015-07-05,1.6844168686379064,0.07565324924217287,201.33979149005816,0.0
2015-07-06,1.6844168686379064,0.0,203.02420835869606,0.0
2015-07-07,1.6844168686379064,0.0,204.70862522733395,0.0
2015-07-08,1.6844168686379064,0.0,206.39304209597185,0.0
2015-07-09,1.6844168686379064,1.5104334313803038,206.56702553322944,0.0
2015-07-10,1.6844168686379064,0.0,208.25144240186734,0.0
2015-07-11,1.6844168686379064,0.0,209.93585927050523,0.0
2015-07-12,2.0888090159961203,0.0,212.02466828650137,0.0
2015-07-13,2.0888090159961203,0.0,214.1134773024975,0.0
2015-07-14,2.0888090159961203,0.0,216.20228631849363,0.0
2015-07-15,2.0888090159961203,0.0,218.29109533448977,0.0
2015-07-16,2.0888090159961203,0.0012229102730012898,220.3786814402129,0.0
2015-07-17,2.0888090159961203,0.0,222.46749045620902,0.0
2015-07-18,2.0888090159961203,0.0,224.55629947220515,0.0
2015-07-19,2.0888090159961203,0.0,226.6451084882013,0.0
2015-07-20,2.15045807077072,0.0,228.795566558972,0.0
2015-07-21,2.15045807077072,0.0,230.94602462974274,0.0
2015-07-22,2.15045807077072,0.0,233.09648270051346,0.0
2015-07-23,2.15045807077072,0.0,235.2469407712842,0.0
2015-07-24,2.15045807077072,0.0,237.3973988420549,0.0
2015-07-25,2.15045807077072,0.0,239.54785691282564,0.0
2015-07-26,2.15045807077072,0.0,241.69831498359636,0.0
2015-07-27,2.15045807077072,0.0,243.8487730543671,0.0
2015-07-28,2.1472404265632563,0.0,245.99601348093034,0.0
2015-07-29,2.1472404265632563,0.0012229102730012898,248.1420309972206,0.0
2015-07-30,2.1472404265632563,0.0,250.28927142378384,0.0
2015-07-31,2.1472404265632563,0.0,252.4365118503471,0.0
2015-08-01,2.1472404265632563,0.0,254.58375227691036,0.0
2015-08-02,2.1472404265632563,0.0,256.7309927034736,0.0
2015-08-03,2.1472404265632563,0.0,258.87823313003685,0.0
2015-08-04,2.1472404265632563,0.0,261.0254735566001,0.0
2015-08-05,1.8811056713523988,0.0,262.9065792279525,0.0
2015-08-06,1.8811056713523988,0.0,264.78768489930485,0.0
2015-08-07,1.8811056713523988,0.0,266.6687905706572,0.0
2015-08-08,1.8811056713523988,0.0,268.5498962420096,0.0
2015-08-09,1.8811056713523988,0.0,270.43100191336197,0.0
2015-08-10,1.8811056713523988,0.0,272.31210758471434,0.0
2015-08-11,1.8811056713523988,0.0,274.1932132560667,0.0
2015-08-12,1.8811056713523988,0.0,276.0743189274191,0.0
2015-08-13,2.1532515753756654,0.0,278.2275705027948,0.0
2015-08-14,2.1532515753756654,0.0,280.38082207817047,0.0
2015-08-15,2.1532515753756654,0.0,282.53407365354616,0.0
2015-08-16,2.1532515753756654,0.0,284.68732522892185,0.0
2015-08-17,2.1532515753756654,0.0,286.84057680429754,0.0
2015-08-18,2.1532515753756654,0.0,288.99382837967323,0.0
2015-08-19,2.1532515753756654,0.0,291.1470799550489,0.0
2015-08-20,2.1532515753756654,0.4560123800571096,292.8443191503675,0.0
2015-08-21,1.927906446921958,0.0,294.77222559728943,0.0
2015-08-22,1.927906446921958,0.0,296.7001320442114,0.0
2015-08-23,1.927906446921958,0.0,298.62803849113334,0.0
2015-08-24,1.927906446921958,0.0,300.5559449380553,0.0
2015-08-25,1.927906446921958,0.0,302.48385138497724,0.0
2015-08-26,1.927906446921958,0.0,304.4117578318992,0.0
2015-08-27,1.927906446921958,0.0,306.33966427882115,0.0
2015-08-28,1.927906446921958,2.2744799331983914,305.9930907925447,0.0
2015-08-29,1.8998889966068835,0.38867801160266147,307.5043017775489,0.0
2015-08-30,1.8998889966068835,0.0,309.4041907741558,0.0
2015-08-31,1.8998889966068835,0.0,311.30407977076266,0.0
2015-09-01,1.8998889966068835,0.0,313.20396876736953,0.0
2015-09-02,1.8998889966068835,0.0,315.1038577639764,0.0
2015-09-03,1.8998889966068835,0.0,317.0037467605833,0.0
2015-09-04,1.8998889966068835,0.0,318.90363575719016,0.0
2015-09-05,1.8998889966068835,0.0,320.80352475379703,0.0
2015-09-06,2.0857270964614627,0.0,322.8892518502585,0.0
2015-09-07,2.0857270964614627,0.0,324.97497894672,0.0
2015-09-08,2.0857270964614627,0.0,327.0607060431815,0.0
2015-09-09,2.0857270964614627,0.0,329.14643313964297,0.0
2015-09-10,2.0857270964614627,0.0,331.23216023610445,0.0
2015-09-11,2.0857270964614627,0.0,333.31788733256593,0.0
2015-09-12,2.0857270964614627,0.0,335.4036144290274,0.0
2015-09-13,2.0857270964614627,0.3727801808591459,337.11656134462976,0.0
2015-09-14,2.046985942801743,1.2428018391685955,337.92074544826295,0.0
2015-09-15,2.046985942801743,1.2681703008365335,338.6995610902282,0.0
2015-09-16,2.046985942801743,19.290290773468488,321.4562562595615,0.0
2015-09-17,2.046985942801743,0.0,323.50324220236325,0.0
2015-09-18,2.046985942801743,0.0,325.550228145165,0.0
2015-09-19,2.046985942801743,0.0,327.5972140879668,0.0
2015-09-20,2.046985942801743,0.0,329.64420003076856,0.0
2015-09-21,2.046985942801743,0.0,331.6911859735703,0.0
2015-09-22,2.0670954920019384,0.0,333.7582814655723,0.0
2015-09-23,2.0670954920019384,0.0,335.82537695757424,0.0
2015-09-24,2.0670954920019384,0.0,337.8924724495762,0.0
2015-09-25,2.0670954920019384,0.0,339.95956794157814,0.0
2015-09-26,2.0670954920019384,0.0,342.0266634335801,0.0
2015-09-27,2.0670954920019384,0.0,344.09375892558205,0.0
2015-09-28,2.0670954920019384,0.0,346.160854417584,0.0
2015-09-29,2.0670954920019384,0.0,348.22794990958596,0.0
2015-09-30,1.5860683470673773,0.0,349.81401825665336,0.0
2015-10-01,1.5860683470673773,0.0,351.40008660372075,0.0
2015-10-02,1.5860683470673773,0.0,352.98615495078815,0.0
2015-10-03,1.5860683470673773,0.0,354.57222329785554,0.0
2015-10-04,1.5860683470673773,0.0,356.15829164492294,0.0
2015-10-05,1.5860683470673773,0.0,357.74435999199034,0.0
2015-10-06,1.5860683470673773,0.0,359.33042833905773,0.0
2015-10-07,1.5860683470673773,0.0,360.91649668612513,0.0
2015-10-08,1.7920925836160921,0.0,362.7085892697412,0.0
2015-10-09,1.7920925836160921,0.0,364.50068185335726,0.0
2015-10-10,1.7920925836160921,0.0,366.29277443697333,0.0
2015-10-11,1.7920925836160921,0.0,368.0848670205894,0.0
2015-10-12,1.7920925836160921,0.0,369.87695960420547,0.0
2015-10-13,1.7920925836160921,0.0,371.66905218782153,0.0
2015-10-14,1.7920925836160921,0.0,373.4611447714376,0.0
2015-10-15,1.7920925836160921,0.0,375.25323735505367,0.0
2015-10-16,1.017555501696558,0.0,376.27079285675023,0.0
2015-10-17,1.017555501696558,0.1805572793152235,377.1077910791316,0.0
2015-10-18,1.017555501696558,0.0,378.12534658082814,0.0
2015-10-19,1.017555501696558,0.0,379.1429020825247,0.0
2015-10-20,1.017555501696558,0.0,380.16045758422126,0.0
2015-10-21,1.017555501696558,0.0,381.1780130859178,0.0
2015-10-22,1.017555501696558,0.0,382.1955685876144,0.0
2015-10-23,1.017555501696558,0.0,383.21312408931095,0.0
2015-10-24,0.9441754726126999,0.0,384.15729956192365,0.0
2015-10-25,0.9441754726126999,0.0,385.10147503453635,0.0
2015-10-26,0.9441754726126999,0.0,386.04565050714905,0.0
2015-10-27,0.9441754726126999,1.7978266440677937,385.19199933569394,0.0
2015-10-28,0.9441754726126999,0.188879253934916,385.9472955543717,0.0
2015-10-29,0.9441754726126999,0.0,386.8914710269844,0.0
2015-10-30,0.9441754726126999,0.0,387.8356464995971,0.0
2015-10-31,0.9441754726126999,0.0,388.7798219722098,0.0
2015-11-01,1.039362578768783,13.971516984166005,375.84766756681256,0.0
2015-11-02,1.039362578768783,0.14734983982643737,376.73968030575486,0.0
2015-11-03,1.039362578768783,0.0,377.7790428845236,0.0
2015-11-04,1.039362578768783,0.0,378.8184054632924,0.0
2015-11-05,1.039362578768783,0.0,379.85776804206114,0.0
2015-11-06,1.039362578768783,0.0,380.8971306208299,0.0
2015-11-07,1.039362578768783,1.1540433292049372,380.78244987039375,0.0
2015-11-08,1.039362578768783,3.886198140519321,377.9356143086432,0.0
2015-11-09,0.9392666020358694,6.620489178058162,372.2543917326209,0.0
2015-11-10,0.9392666020358694,0.0,373.19365833465673,0.0
2015-11-11,0.9392666020358694,0.0,374.1329249366926,0.0
2015-11-12,0.9392666020358694,0.0,375.0721915387284,0.0
2015-11-13,0.9392666020358694,0.0,376.01145814076426,0.0
2015-11-14,0.9392666020358694,11.326594615499301,365.6241301273008,0.0
2015-11-15,0.9392666020358694,0.0,366.56339672933666,0.0
2015-11-16,0.9392666020358694,0.0,367.5026633313725,0.0
2015-11-17,0.8891061560833731,0.0,368.39176948745586,0.0
2015-11-18,0.8891061560833731,0.0,369.2808756435392,0.0
2015-11-19,0.8891061560833731,0.0,370.1699817996226,0.0
2015-11-20,0.8891061560833731,0.0,371.05908795570593,0.0
2015-11-21,0.8891061560833731,0.0,371.9481941117893,0.0
2015-11-22,0.8891061560833731,0.0,372.83730026787265,0.0
2015-11-23,0.8891061560833731,0.9560743222480219,372.770332101708,0.0
2015-11-24,0.8891061560833731,2.486195012142783,371.17324324564856,0.0
2015-11-25,0.6809777023751815,0.0,371.85422094802374,0.0
2015-11-26,0.6809777023751815,0.0,372.5351986503989,0.0
2015-11-27,0.6809777023751815,0.0,373.2161763527741,0.0
2015-11-28,0.6809777023751815,0.0,373.89715405514926,0.0
2015-11-29,0.6809777023751815,0.0,374.57813175752443,0.0
2015-11-30,0.6809777023751815,0.3346129998726188,374.924496460027,0.0
2015-12-01,0.6809777023751815,0.0,375.6054741624022,0.0
2015-12-02,0.6809777023751815,0.8433189056237046,375.4431329591536,0.0
2015-12-03,0.6161987396994668,24.664674841582592,351.3946568572705,0.0
2015-12-04,0.6161987396994668,1.5465974949830825,350.4642581019869,0.0
2015-12-05,0.6161987396994668,18.283656459843776,332.7968003818426,0.0
2015-12-06,0.6161987396994668,10.143346963652146,323.26965215788994,0.0
2015-12-07,0.6161987396994668,0.18917956551531148,323.6966713320741,0.0
2015-12-08,0.6161987396994668,3.203148596427019,321.1097214753466,0.0
2015-12-09,0.6161987396994668,39.93901806054838,281.7869021544977,0.0
2015-12-10,0.6161987396994668,14.188560317544376,268.2145405766528,0.0
2015-12-11,0.5236117304895782,0.04952322061955005,268.6886290865228,0.0
2015-12-12,0.5236117304895782,23.99513345606186,245.21710736095048,0.0
2015-12-13,0.5236117304895782,7.577721394252482,238.1629976971876,0.0
2015-12-14,0.5236117304895782,0.0,238.68660942767718,0.0
2015-12-15,0.5236117304895782,0.0,239.21022115816677,0.0
2015-12-16,0.5236117304895782,0.0,239.73383288865637,0.0
2015-12-17,0.5236117304895782,5.288179619024413,234.96926500012154,0.0
2015-12-18,0.5236117304895782,26.387077225251087,209.10579950536004,0.0
2015-12-19,0.7253645176926803,0.9356935201414599,208.89547050291125,0.0
2015-12-20,0.7253645176926803,72.42033962568631,137.2004953949176,0.0
2015-12-21,0.7253645176926803,73.63752002538911,64.28833988722116,0.0
2015-12-22,0.7253645176926803,0.0,65.01370440491384,0.0
2015-12-23,0.7253645176926803,6.793111479319285,58.945957443287234,0.0
2015-12-24,0.7253645176926803,3.0836408809980735,56.58768107998184,0.0
2015-12-25,0.7253645176926803,0.0,57.313045597674524,0.0
2015-12-26,0.7253645176926803,0.0,58.038410115367206,0.0
2015-12-27,0.3684721279689771,1.1916130333677533,57.21526920996843,0.0
2015-12-28,0.3684721279689771,0.0,57.58374133793741,0.0
2015-12-29,0.3684721279689771,0.11112073950192691,57.84109272640446,0.0
2015-12-30,0.3684721279689771,1.356374610688295,56.85319024368515,0.0
2015-12-31,0.3684721279689771,0.0,57.221662371654126,0.0
2016-01-01,0.6206761997091612,0.0,57.842338571363285,0.0
2016-01-02,0.6206761997091612,0.859724457234421,57.60329031383802,0.0
2016-01-03,0.6206761997091612,11.23118860876597,46.992777904781214,0.0
2016-01-04,0.6206761997091612,35.38237886458358,12.231075239906794,0.0
2016-01-05,0.6206761997091612,23.552637129745243,0.0,10.700885690129288
2016-01-06,0.6206761997091612,22.321876401871716,0.0,21.701200202162553
2016-01-07,0.6206761997091612,0.6437430391001627,0.0,0.023066839391001515
2016-01-08,0.6206761997091612,7.220495291907719,0.0,6.599819092198558
2016-01-09,0.6643814832767813,3.921380722854898,0.0,3.2569992395781164
2016-01-10,0.6643814832767813,1.112786354848844,0.0,0.44840487157206266
2016-01-11,0.6643814832767813,0.7979876087638245,0.0,0.1336061254870432
2016-01-12,0.6643814832767813,24.890318714059177,0.0,24.225937230782396
2016-01-13,0.6643814832767813,1.685897849292578,0.0,1.0215163660157969
2016-01-14,0.6643814832767813,28.749606348043624,0.0,28.085224864766843
2016-01-15,0.6643814832767813,19.821437186131902,0.0,19.15705570285512
2016-01-16,0.6643814832767813,19.192179130695916,0.0,18.527797647419135
2016-01-17,0.7676204556471159,40.18066033047419,0.0,39.41303987482707
2016-01-18,0.7676204556471159,27.977098777936334,0.0,27.20947832228922
2016-01-19,0.7676204556471159,11.474520188736104,0.0,10.706899733088989
2016-01-20,0.7676204556471159,0.0,0.7676204556471159,0.0
2016-01-21,0.7676204556471159,10.484792541055118,0.0,8.949551629760887
2016-01-22,0.7676204556471159,13.990486212928225,0.0,13.22286575728111
2016-01-23,0.7676204556471159,2.0148854835114607,0.0,1.2472650278643447
2016-01-24,0.7676204556471159,3.4282755881271125,0.0,2.6606551324799965
2016-01-25,0.7119486185167228,0.0008421053031557484,0.711106513213567,0.0
2016-01-26,0.7119486185167228,0.0,1.4230551317302897,0.0
2016-01-27,0.7119486185167228,0.4517678026075333,1.683235947639479,0.0
2016-01-28,0.7119486185167228,14.003012474107297,0.0,11.607827907951096
2016-01-29,0.7119486185167228,3.021798784149689,0.0,2.3098501656329664
2016-01-30,0.7119486185167228,0.0,0.7119486185167228,0.0
2016-01-31,0.7119486185167228,0.0,1.4238972370334455,0.0
2016-02-01,0.7119486185167228,2.5008730253568006,0.0,0.3650271698066323
2016-02-02,1.0259806107610285,4.024767993023797e-05,1.0259403630810984,0.0
2016-02-03,1.0259806107610285,0.9097120833839792,1.1422088904581478,0.0
2016-02-04,1.0259806107610285,0.0,2.1681895012191763,0.0
2016-02-05,1.0259806107610285,0.0,3.194170111980205,0.0
2016-02-06,1.0259806107610285,0.0,4.220150722741233,0.0
2016-02-07,1.0259806107610285,0.0,5.246131333502262,0.0
2016-02-08,1.0259806107610285,0.0,6.27211194426329,0.0
2016-02-09,1.0259806107610285,0.0,7.2980925550243185,0.0
2016-02-10,1.2883494910324769,0.0,8.586442046056796,0.0
2016-02-11,1.2883494910324769,0.0,9.874791537089273,0.0
2016-02-12,1.2883494910324769,0.0,11.16314102812175,0.0
2016-02-13,1.2883494910324769,0.0,12.451490519154227,0.0
2016-02-14,1.2883494910324769,0.0,13.739840010186704,0.0
2016-02-15,1.2883494910324769,0.0,15.028189501219181,0.0
2016-02-16,1.2883494910324769,0.0,16.316538992251658,0.0
2016-02-17,1.2883494910324769,16.046136023459418,1.558752459824717,0.0
2016-02-18,1.3339709161415414,6.3473995374083145,0.0,3.4546761614420562
2016-02-19,1.3339709161415414,9.79133440761743,0.0,8.457363491475888
2016-02-20,1.3339709161415414,0.0,1.3339709161415414,0.0
2016-02-21,1.3339709161415414,0.0,2.667941832283083,0.0
2016-02-22,1.3339709161415414,0.0,4.001912748424624,0.0
2016-02-23,1.3339709161415414,0.0,5.335883664566166,0.0
2016-02-24,1.3339709161415414,0.0,6.669854580707707,0.0
2016-02-25,1.3339709161415414,0.0,8.003825496849249,0.0
2016-02-26,1.18364566165778,1.0495541929483596,8.137916965558668,0.0
2016-02-27,1.18364566165778,0.0,9.321562627216448,0.0
2016-02-28,1.18364566165778,0.0,10.505208288874227,0.0
2016-02-29,1.18364566165778,0.0,11.688853950532007,0.0
2016-03-01,1.18364566165778,0.57909287609183,12.293406736097957,0.0
2016-03-02,1.18364566165778,8.845758362820273,4.631294034935463,0.0
2016-03-03,1.18364566165778,4.926099065656632,0.8888406309366106,0.0
2016-03-04,1.18364566165778,20.88083868942024,0.0,18.80835239682585
2016-03-05,1.3034062045564703,54.609436720148324,0.0,53.30603051559186
2016-03-06,1.3034062045564703,24.493545420029584,0.0,23.190139215473113
2016-03-07,1.3034062045564703,1.6987616093166102,0.0,0.39535540476014
2016-03-08,1.3034062045564703,6.610321949879082,0.0,5.306915745322612
2016-03-09,1.3034062045564703,32.77946759156028,0.0,31.476061387003806
2016-03-10,1.3034062045564703,57.66534628144726,0.0,56.36194007689079
2016-03-11,1.3034062045564703,27.951752376261137,0.0,26.648346171704667
2016-03-12,1.3034062045564703,26.559529584996834,0.0,25.256123380440364
2016-03-13,1.497089190499273,18.395231902414796,0.0,16.898142711915522
2016-03-14,1.497089190499273,0.0,1.497089190499273,0.0
2016-03-15,1.497089190499273,0.0,2.994178380998546,0.0
2016-03-16,1.497089190499273,0.0,4.4912675714978185,0.0
2016-03-17,1.497089190499273,0.0,5.988356761997092,0.0
2016-03-18,1.497089190499273,0.0,7.485445952496365,0.0
2016-03-19,1.497089190499273,1.546950469029946,7.435584673965691,0.0
2016-03-20,1.497089190499273,21.787287679619087,0.0,12.854613815154124
2016-03-21,1.849571013087736,10.0441268442585,0.0,8.194555831170764
2016-03-22,1.849571013087736,0.0,1.849571013087736,0.0
2016-03-23,1.849571013087736,0.0,3.699142026175472,0.0
2016-03-24,1.849571013087736,0.0,5.548713039263208,0.0
2016-03-25,1.849571013087736,0.0,7.398284052350944,0.0
2016-03-26,1.849571013087736,0.0,9.24785506543868,0.0
2016-03-27,1.849571013087736,0.0,11.097426078526416,0.0
2016-03-28,1.849571013087736,0.955362223849946,11.991634867764207,0.0
2016-03-29,1.9589893359185653,0.0,13.950624203682771,0.0
2016-03-30,1.9589893359185653,0.0,15.909613539601336,0.0
2016-03-31,1.9589893359185653,0.0,17.8686028755199,0.0
2016-04-01,1.9589893359185653,0.0,19.827592211438468,0.0
2016-04-02,1.9589893359185653,0.0,21.786581547357034,0.0
2016-04-03,1.9589893359185653,0.0,23.7455708832756,0.0
2016-04-04,1.9589893359185653,0.0,25.704560219194168,0.0
2016-04-05,1.9589893359185653,0.0,27.663549555112734,0.0
2016-04-06,1.9642331555986423,0.0,29.627782710711376,0.0
2016-04-07,1.9642331555986423,0.0,31.592015866310017,0.0
2016-04-08,1.9642331555986423,2.917702832827258,30.638546189081403,0.0
2016-04-09,1.9642331555986423,9.968350076823041,22.634429267857,0.0
2016-04-10,1.9642331555986423,1.1932600622206648,23.405402361234977,0.0
2016-04-11,1.9642331555986423,0.0,25.36963551683362,0.0
2016-04-12,1.9642331555986423,0.0,27.33386867243226,0.0
2016-04-13,1.9642331555986423,9.353597643943761,19.94450418408714,0.0
2016-04-14,2.7263378574890926,0.0005201238435303832,22.670321917732704,0.0
2016-04-15,2.7263378574890926,0.0,25.396659775221796,0.0
2016-04-16,2.7263378574890926,0.0,28.122997632710888,0.0
2016-04-17,2.7263378574890926,0.0,30.84933549019998,0.0
2016-04-18,2.7263378574890926,0.0,33.575673347689076,0.0
2016-04-19,2.7263378574890926,0.0,36.30201120517817,0.0
2016-04-20,2.7263378574890926,0.0335201248238238,38.99482893784344,0.0
2016-04-21,2.7263378574890926,10.141473670492967,31.57969312483956,0.0
2016-04-22,2.276698012603005,10.101894916026584,23.75449622141598,0.0
2016-04-23,2.276698012603005,0.67666255449732,25.354531679521667,0.0
2016-04-24,2.276698012603005,0.0,27.631229692124673,0.0
2016-04-25,2.276698012603005,0.0,29.90792770472768,0.0
2016-04-26,2.276698012603005,0.0,32.18462571733068,0.0
2016-04-27,2.276698012603005,0.5733003233885247,33.888023406545166,0.0
2016-04-28,2.276698012603005,0.0,36.16472141914817,0.0
2016-04-29,2.276698012603005,0.0,38.44141943175118,0.0
2016-04-30,2.1198793019873974,0.0,40.561298733738575,0.0
2016-05-01,2.1198793019873974,0.0,42.68117803572597,0.0
2016-05-02,2.1198793019873974,0.0,44.80105733771337,0.0
2016-05-03,2.1198793019873974,0.0,46.92093663970076,0.0
2016-05-04,2.1198793019873974,0.0,49.04081594168816,0.0
2016-05-05,2.1198793019873974,0.49382352599861157,50.66687171767694,0.0
2016-05-06,2.1198793019873974,2.2743251087495784,50.51242591091476,0.0
2016-05-07,2.1198793019873974,3.287795711227983,49.34450950167417,0.0
2016-05-08,2.079271449345612,0.0,51.42378095101978,0.0
2016-05-09,2.079271449345612,0.0,53.50305240036539,0.0
2016-05-10,2.079271449345612,0.0,55.582323849711,0.0
2016-05-11,2.079271449345612,0.0,57.661595299056614,0.0
2016-05-12,2.079271449345612,0.0,59.740866748402226,0.0
2016-05-13,2.079271449345612,0.0,61.82013819774784,0.0
2016-05-14,2.079271449345612,0.1796625345403288,63.71974711255312,0.0
2016-05-15,2.079271449345612,0.0,65.79901856189873,0.0
2016-05-16,2.4418070770722244,0.0,68.24082563897096,0.0
2016-05-17,2.4418070770722244,0.0,70.68263271604319,0.0
2016-05-18,2.4418070770722244,0.0,73.12443979311541,0.0
2016-05-19,2.4418070770722244,0.0,75.56624687018764,0.0
2016-05-20,2.4418070770722244,0.0,78.00805394725987,0.0
2016-05-21,2.4418070770722244,0.0,80.4498610243321,0.0
2016-05-22,2.4418070770722244,0.0,82.89166810140432,0.0
2016-05-23,2.4418070770722244,0.0,85.33347517847655,0.0
2016-05-24,2.3966151236063977,0.0,87.73009030208294,0.0
2016-05-25,2.3966151236063977,0.0,90.12670542568934,0.0
2016-05-26,2.3966151236063977,0.0,92.52332054929573,0.0
2016-05-27,2.3966151236063977,0.0,94.91993567290213,0.0
2016-05-28,2.3966151236063977,0.0,97.31655079650852,0.0
2016-05-29,2.3966151236063977,0.0,99.71316592011492,0.0
2016-05-30,2.3966151236063977,0.0,102.10978104372131,0.0
2016-05-31,2.3966151236063977,0.0,104.50639616732771,0.0
2016-06-01,2.3976030053320403,0.0,106.90399917265975,0.0
2016-06-02,2.3976030053320403,0.0,109.3016021779918,0.0
2016-06-03,2.3976030053320403,0.0,111.69920518332384,0.0
2016-06-04,2.3976030053320403,0.0,114.09680818865588,0.0
2016-06-05,2.3976030053320403,0.0,116.49441119398793,0.0
2016-06-06,2.3976030053320403,0.0906284797659876,118.80138571955399,0.0
2016-06-07,2.3976030053320403,0.0,121.19898872488604,0.0
2016-06-08,2.3976030053320403,0.0,123.59659173021808,0.0
2016-06-09,1.9845409597673274,0.0,125.58113268998541,0.0
2016-06-10,1.9845409597673274,0.0,127.56567364975274,0.0
2016-06-11,1.9845409597673274,0.0,129.55021460952005,0.0
2016-06-12,1.9845409597673274,0.0,131.53475556928737,0.0
2016-06-13,1.9845409597673274,0.0,133.51929652905469,0.0
2016-06-14,1.9845409597673274,0.0,135.503837488822,0.0
2016-06-15,1.9845409597673274,1.3593622006868058,136.1290162479025,0.0
2016-06-16,1.9845409597673274,1.5302972131100232,136.5832599945598,0.0
2016-06-17,2.520294716432379,2.9793776963886454,136.12417701460353,0.0
2016-06-18,2.520294716432379,0.0,138.6444717310359,0.0
2016-06-19,2.520294716432379,0.0,141.16476644746828,0.0
2016-06-20,2.520294716432379,0.0,143.68506116390066,0.0
2016-06-21,2.520294716432379,0.0,146.20535588033303,0.0
2016-06-22,2.520294716432379,0.0,148.7256505967654,0.0
2016-06-23,2.520294716432379,0.0,151.24594531319778,0.0
2016-06-24,2.520294716432379,0.0,153.76624002963015,0.0
2016-06-25,2.8350654386815326,0.0,156.6013054683117,0.0
2016-06-26,2.8350654386815326,0.0,159.43637090699323,0.0
2016-06-27,2.8350654386815326,0.0,162.27143634567477,0.0
2016-06-28,2.8350654386815326,0.0,165.1065017843563,0.0
2016-06-29,2.8350654386815326,0.0,167.94156722303785,0.0
2016-06-30,2.8350654386815326,0.0,170.7766326617194,0.0
2016-07-01,2.8350654386815326,0.0,173.61169810040093,0.0
2016-07-02,2.8350654386815326,0.0,176.44676353908247,0.0
2016-07-03,1.8937702375181764,0.03276780159457734,178.30776597500605,0.0
2016-07-04,1.8937702375181764,0.288126929452637,179.9134092830716,0.0
2016-07-05,1.8937702375181764,0.01008668708493904,181.79709283350482,0.0
2016-07-06,1.8937702375181764,0.0,183.690863071023,0.0
2016-07-07,1.8937702375181764,0.0,185.58463330854116,0.0
2016-07-08,1.8937702375181764,0.0,187.47840354605933,0.0
2016-07-09,1.8937702375181764,0.0,189.3721737835775,0.0
2016-07-10,1.8937702375181764,0.0,191.26594402109566,0.0
2016-07-11,2.3914372273388262,0.0,193.6573812484345,0.0
2016-07-12,2.3914372273388262,0.0,196.04881847577332,0.0
2016-07-13,2.3914372273388262,0.0,198.44025570311214,0.0
2016-07-14,2.3914372273388262,0.0,200.83169293045097,0.0
2016-07-15,2.3914372273388262,0.0,203.2231301577898,0.0
2016-07-16,2.3914372273388262,0.0,205.61456738512862,0.0
2016-07-17,2.3914372273388262,0.0,208.00600461246745,0.0
2016-07-18,2.3914372273388262,0.0,210.39744183980628,0.0
2016-07-19,2.4201129423170133,0.0,212.8175547821233,0.0
2016-07-20,2.4201129423170133,0.0,215.2376677244403,0.0
2016-07-21,2.4201129423170133,0.0,217.65778066675733,0.0
2016-07-22,2.4201129423170133,0.0,220.07789360907435,0.0
2016-07-23,2.4201129423170133,0.0,222.49800655139137,0.0
2016-07-24,2.4201129423170133,0.0,224.9181194937084,0.0
2016-07-25,2.4201129423170133,0.0,227.3382324360254,0.0
2016-07-26,2.4201129423170133,0.0,229.75834537834243,0.0
2016-07-27,2.1877047988366454,0.0,231.94605017717907,0.0
2016-07-28,2.1877047988366454,0.0,234.13375497601572,0.0
2016-07-29,2.1877047988366454,0.0,236.32145977485237,0.0
2016-07-30,2.1877047988366454,0.0018978328876566406,238.50726674080136,0.0
2016-07-31,2.1877047988366454,0.0,240.694971539638,0.0
2016-08-01,2.1877047988366454,0.20254799059300962,242.68012834788163,0.0
2016-08-02,2.1877047988366454,0.0,244.86783314671828,0.0
2016-08-03,2.1877047988366454,0.0,247.05553794555493,0.0
2016-08-04,2.032684924866698,1.1292476585774966,247.95897521184412,0.0
2016-08-05,2.032684924866698,0.0,249.9916601367108,0.0
2016-08-06,2.032684924866698,0.0,252.0243450615775,0.0
2016-08-07,2.032684924866698,0.0,254.05702998644418,0.0
2016-08-08,2.032684924866698,0.0,256.08971491131086,0.0
2016-08-09,2.032684924866698,0.0,258.1223998361776,0.0
2016-08-10,2.032684924866698,0.03419504667006594,260.12088971437424,0.0
2016-08-11,2.032684924866698,0.0,262.15357463924096,0.0
2016-08-12,1.873253999030538,0.0,264.02682863827147,0.0
2016-08-13,1.873253999030538,0.0,265.900082637302,0.0
2016-08-14,1.873253999030538,0.20254799059300962,267.57078864573947,0.0
2016-08-15,1.873253999030538,0.20254799059300962,269.24149465417696,0.0
2016-08-16,1.873253999030538,0.0,271.11474865320747,0.0
2016-08-17,1.873253999030538,0.20254799059300962,272.78545466164496,0.0
2016-08-18,1.873253999030538,0.0,274.6587086606755,0.0
2016-08-19,1.873253999030538,0.0,276.531962659706,0.0
2016-08-20,1.467247212796897,0.0,277.9992098725029,0.0
2016-08-21,1.467247212796897,0.0025232198529937314,279.4639338654468,0.0
2016-08-22,1.467247212796897,0.5426068133660146,280.38857426487766,0.0
2016-08-23,1.467247212796897,0.6945201298769781,281.1613013477976,0.0
2016-08-24,1.467247212796897,0.02551393202237854,282.6030346285721,0.0
2016-08-25,1.467247212796897,0.0,284.070281841369,0.0
2016-08-26,1.467247212796897,0.0,285.53752905416593,0.0
2016-08-27,1.467247212796897,0.0,287.00477626696284,0.0
2016-08-28,1.7737716917111008,0.0,288.7785479586739,0.0
2016-08-29,1.7737716917111008,0.0,290.552319650385,0.0
2016-08-30,1.7737716917111008,0.0,292.3260913420961,0.0
2016-08-31,1.7737716917111008,0.0,294.0998630338072,0.0
2016-09-01,1.7737716917111008,0.0,295.8736347255183,0.0
2016-09-02,1.7737716917111008,0.0,297.6474064172294,0.0
2016-09-03,1.7737716917111008,0.0,299.42117810894047,0.0
2016-09-04,1.7737716917111008,0.0,301.19494980065156,0.0
2016-09-05,1.6692976248182259,0.0,302.8642474254698,0.0
2016-09-06,1.6692976248182259,0.0,304.533545050288,0.0
2016-09-07,1.6692976248182259,0.0,306.20284267510624,0.0
2016-09-08,1.6692976248182259,0.0,307.87214029992447,0.0
2016-09-09,1.6692976248182259,0.0,309.5414379247427,0.0
2016-09-10,1.6692976248182259,0.0,311.2107355495609,0.0
2016-09-11,1.6692976248182259,0.13867492011918367,312.74135825426,0.0
2016-09-12,1.6692976248182259,0.0,314.4106558790782,0.0
2016-09-13,1.6354580707707211,0.0,316.0461139498489,0.0
2016-09-14,1.6354580707707211,0.0,317.6815720206196,0.0
2016-09-15,1.6354580707707211,0.0,319.31703009139034,0.0
2016-09-16,1.6354580707707211,0.0,320.95248816216105,0.0
2016-09-17,1.6354580707707211,0.0,322.58794623293176,0.0
2016-09-18,1.6354580707707211,0.0,324.22340430370247,0.0
2016-09-19,1.6354580707707211,0.0,325.8588623744732,0.0
2016-09-20,1.6354580707707211,0.0,327.4943204452439,0.0
2016-09-21,1.8143228308288892,0.0,329.30864327607276,0.0
2016-09-22,1.8143228308288892,0.0,331.12296610690163,0.0
2016-09-23,1.8143228308288892,0.0,332.9372889377305,0.0
2016-09-24,1.8143228308288892,0.0,334.75161176855937,0.0
2016-09-25,1.8143228308288892,0.0,336.56593459938824,0.0
2016-09-26,1.8143228308288892,0.0,338.3802574302171,0.0
2016-09-27,1.8143228308288892,0.0,340.194580261046,0.0
2016-09-28,1.8143228308288892,0.0,342.00890309187486,0.0
2016-09-29,1.3441202132816295,0.0,343.3530233051565,0.0
2016-09-30,1.3441202132816295,0.0,344.69714351843817,0.0
2016-10-01,1.3441202132816295,0.0,346.0412637317198,0.0
2016-10-02,1.3441202132816295,5.646529467851384,341.7388544771501,0.0
2016-10-03,1.3441202132816295,5.771910264396077,337.31106442603567,0.0
2016-10-04,1.3441202132816295,0.0,338.6551846393173,0.0
2016-10-05,1.3441202132816295,0.0,339.999304852599,0.0
2016-10-06,1.3441202132816295,0.0,341.34342506588064,0.0
2016-10-07,1.7398211342704792,0.0,343.0832462001511,0.0
2016-10-08,1.7398211342704792,0.0,344.8230673344216,0.0
2016-10-09,1.7398211342704792,0.0,346.56288846869205,0.0
2016-10-10,1.7398211342704792,0.0,348.3027096029625,0.0
2016-10-11,1.7398211342704792,0.0,350.042530737233,0.0
2016-10-12,1.7398211342704792,0.0,351.78235187150347,0.0
2016-10-13,1.7398211342704792,14.588724047775974,338.93344895799794,0.0
2016-10-14,1.7398211342704792,3.7587647873550742,336.91450530491335,0.0
2016-10-15,1.3726131846825007,15.17096927808165,323.1161492115142,0.0
2016-10-16,1.3726131846825007,5.793925728222164,318.6948366679745,0.0
2016-10-17,1.3726131846825007,0.0,320.06744985265703,0.0
2016-10-18,1.3726131846825007,0.0,321.44006303733954,0.0
2016-10-19,1.3726131846825007,0.0,322.81267622202205,0.0
2016-10-20,1.3726131846825007,0.0,324.18528940670456,0.0
2016-10-21,1.3726131846825007,0.0,325.55790259138706,0.0
2016-10-22,1.3726131846825007,0.0,326.93051577606957,0.0
2016-10-23,1.018506059137179,0.0,327.94902183520674,0.0
2016-10-24,1.018506059137179,65.31032473679296,263.65720315755095,0.0
2016-10-25,1.018506059137179,14.520541781611485,250.15516743507663,0.0
2016-10-26,1.018506059137179,2.1220464200796356,249.05162707413416,0.0
2016-10-27,1.018506059137179,40.1724823635798,209.89765076969152,0.0
2016-10-28,1.018506059137179,10.631811192161157,200.28434563666752,0.0
2016-10-29,1.018506059137179,9.352836044949274,191.95001565085542,0.0
2016-10-30,1.018506059137179,16.617334929782167,176.3511867802104,0.0
2016-10-31,1.0186548715462918,10.805439630160022,166.5644020215967,0.0
2016-11-01,1.0186548715462918,0.022095974419415916,167.56096091872357,0.0
2016-11-02,1.0186548715462918,0.0,168.57961579026986,0.0
2016-11-03,1.0186548715462918,0.0,169.59827066181614,0.0
2016-11-04,1.0186548715462918,0.0,170.61692553336243,0.0
2016-11-05,1.0186548715462918,2.495640911184966,169.13993949372374,0.0
2016-11-06,1.0186548715462918,0.0,170.15859436527003,0.0
2016-11-07,1.0186548715462918,0.0,171.17724923681632,0.0
2016-11-08,0.7914348036839552,0.0,171.96868404050028,0.0
2016-11-09,0.7914348036839552,0.0,172.76011884418423,0.0
2016-11-10,0.7914348036839552,0.0,173.5515536478682,0.0
2016-11-11,0.7914348036839552,0.3815448823346736,173.96144356921747,0.0
2016-11-12,0.7914348036839552,0.0,174.75287837290142,0.0
2016-11-13,0.7914348036839552,0.0,175.54431317658538,0.0
2016-11-14,0.7914348036839552,0.6964117591226063,175.63933622114672,0.0
2016-11-15,0.7914348036839552,1.6017183006363385,174.82905272419433,0.0
2016-11-16,0.9029035385361119,0.0,175.73195626273045,0.0
2016-11-17,0.9029035385361119,0.0,176.63485980126657,0.0
2016-11-18,0.9029035385361119,50.40141460548613,127.13634873431656,0.0
2016-11-19,0.9029035385361119,36.414228746396454,91.62502352645623,0.0
2016-11-20,0.9029035385361119,0.6401764736179226,91.88775059137441,0.0
2016-11-21,0.9029035385361119,0.0,92.79065412991052,0.0
2016-11-22,0.9029035385361119,9.72134361621396,83.97221405223267,0.0
2016-11-23,0.9029035385361119,0.11156036774844115,84.76355722302034,0.0
2016-11-24,0.708387300048473,0.0,85.47194452306881,0.0
2016-11-25,0.708387300048473,16.162727769314316,70.01760405380297,0.0
2016-11-26,0.708387300048473,8.899371833624114,61.826619520227325,0.0
2016-11-27,0.708387300048473,4.402959709935144,58.13204711034065,0.0
2016-11-28,0.708387300048473,0.0,58.84043441038912,0.0
2016-11-29,0.708387300048473,0.20412693345694347,59.34469477698065,0.0
2016-11-30,0.708387300048473,0.3869318944375367,59.666150182591586,0.0
2016-12-01,0.708387300048473,0.0,60.37453748264006,0.0
2016-12-02,0.6516427532719341,0.0,61.026180235911994,0.0
2016-12-03,0.6516427532719341,0.0,61.67782298918393,0.0
2016-12-04,0.6516427532719341,0.0,62.32946574245587,0.0
2016-12-05,0.6516427532719341,0.0,62.9811084957278,0.0
2016-12-06,0.6516427532719341,0.0,63.63275124899974,0.0
2016-12-07,0.6516427532719341,36.83067484758217,27.453719154689495,0.0
2016-12-08,0.6516427532719341,19.711733794433776,8.393628113527651,0.0
2016-12-09,0.6516427532719341,32.991139320397146,0.0,23.945868453597562
2016-12-10,0.7690911294231699,4.580863789508217,0.0,3.811772660085047
2016-12-11,0.7690911294231699,0.03060371567705652,0.7384874137461134,0.0
2016-12-12,0.7690911294231699,0.0,1.5075785431692834,0.0
2016-12-13,0.7690911294231699,13.389136222862975,0.0,11.112466550270522
2016-12-14,0.7690911294231699,49.444537821199866,0.0,48.6754466917767
2016-12-15,0.7690911294231699,54.10036189784944,0.0,53.33127076842627
2016-12-16,0.7690911294231699,0.0,0.7690911294231699,0.0
2016-12-17,0.7690911294231699,0.0,1.5381822588463399,0.0
2016-12-18,0.6394183228308291,0.0,2.177600581677169,0.0
2016-12-19,0.6394183228308291,0.0,2.8170189045079983,0.0
2016-12-20,0.6394183228308291,0.0,3.4564372273388275,0.0
2016-12-21,0.6394183228308291,0.0,4.095855550169657,0.0
2016-12-22,0.6394183228308291,19.262207521373643,0.0,14.526933648373157
2016-12-23,0.6394183228308291,5.529461238406391,0.0,4.890042915575562
2016-12-24,0.6394183228308291,0.0,0.6394183228308291,0.0
2016-12-25,0.6394183228308291,0.0,1.2788366456616582,0.0
2016-12-26,0.5008279205041202,0.0,1.7796645661657784,0.0
2016-12-27,0.5008279205041202,0.0,2.280492486669899,0.0
2016-12-28,0.5008279205041202,0.0,2.781320407174019,0.0
2016-12-29,0.5008279205041202,0.0,3.282148327678139,0.0
2016-12-30,0.5008279205041202,0.0,3.7829762481822593,0.0
2016-12-31,0.5008279205041202,0.0017244582332601487,4.282079710453119,0.0
2017-01-01,0.9283514299563739,1.079600618627418,4.130830521782075,0.0
2017-01-02,0.9283514299563739,8.935232143283997,0.0,3.8760501915455485
2017-01-03,0.9283514299563739,75.6173233410153,0.0,74.68897191105891
2017-01-04,0.9283514299563739,3.238188844716216,0.0,2.3098374147598424
2017-01-05,0.9283514299563739,0.0,0.9283514299563739,0.0
2017-01-06,0.9283514299563739,19.56335356508615,0.0,17.706650705173402
2017-01-07,0.9283514299563739,79.17021235888217,0.0,78.24186092892579
2017-01-08,0.9283514299563739,39.004472431383626,0.0,38.07612100142725
2017-01-09,0.8251105186621424,39.885307760799634,0.0,39.06019724213749
2017-01-10,0.8251105186621424,65.87784079206247,0.0,65.05273027340033
2017-01-11,0.8251105186621424,13.845232263807171,0.0,13.020121745145028
2017-01-12,0.8251105186621424,3.030266221462757,0.0,2.2051557028006146
2017-01-13,0.8251105186621424,0.01570278642289686,0.8094077322392454,0.0
2017-01-14,0.8251105186621424,0.0,1.6345182509013878,0.0
2017-01-15,0.8251105186621424,0.0,2.45962876956353,0.0
2017-01-16,0.8251105186621424,0.0,3.2847392882256727,0.0
2017-01-17,1.020540959767329,2.8490866714217713,1.4561935765712306,0.0
2017-01-18,1.020540959767329,66.47068042577972,0.0,63.99394588944116
2017-01-19,1.020540959767329,42.53540174879895,0.0,41.514860789031616
2017-01-20,1.020540959767329,12.546083795765972,0.0,11.525542835998642
2017-01-21,1.020540959767329,49.16725352378822,0.0,48.14671256402089
2017-01-22,1.020540959767329,13.078185896386298,0.0,12.057644936618969
2017-01-23,1.020540959767329,6.506600441947441,0.0,5.486059482180112
2017-01-24,1.020540959767329,0.0,1.020540959767329,0.0
2017-01-25,0.5923940862821133,0.0,1.6129350460494423,0.0
2017-01-26,0.5923940862821133,0.0,2.2053291323315554,0.0
2017-01-27,0.5923940862821133,0.0,2.797723218613669,0.0
2017-01-28,0.5923940862821133,0.0,3.3901173048957824,0.0
2017-01-29,0.5923940862821133,0.0,3.982511391177896,0.0
2017-01-30,0.5923940862821133,0.0,4.5749054774600095,0.0
2017-01-31,0.5923940862821133,0.0,5.167299563742123,0.0
2017-02-01,0.5923940862821133,32.69699431499091,0.0,26.937300664966674
2017-02-02,1.1542985942801742,40.56845756507141,0.0,39.414158970791235
2017-02-03,1.1542985942801742,12.984396208181467,0.0,11.830097613901293
2017-02-04,1.1542985942801742,1.9850433097904308,0.0,0.8307447155102565
2017-02-05,1.1542985942801742,20.98901220740917,0.0,19.834713613128997
2017-02-06,1.1542985942801742,85.2609073414522,0.0,84.10660874717202
2017-02-07,1.1542985942801742,27.873164103127113,0.0,26.71886550884694
2017-02-08,1.1542985942801742,27.964293760411877,0.0,26.809995166131703
2017-02-09,1.1542985942801742,46.46310546449832,0.0,45.30880687021815
2017-02-10,1.1399636451769273,0.8328142604407142,0.3071493847362131,0.0
2017-02-11,1.1399636451769273,0.0,1.4471130299131403,0.0
2017-02-12,1.1399636451769273,0.0,2.5870766750900676,0.0
2017-02-13,1.1399636451769273,0.0,3.727040320266995,0.0
2017-02-14,1.1399636451769273,0.0,4.8670039654439226,0.0
2017-02-15,1.1399636451769273,28.357820806119463,0.0,22.350853195498615
2017-02-16,1.1399636451769273,9.95781098652181,0.0,8.817847341344883
2017-02-17,1.1399636451769273,43.58554939293639,0.0,42.445585747759466
2017-02-18,1.0935453223460976,9.074012112691307,0.0,7.98046679034521
2017-02-19,1.0935453223460976,55.630983795543926,0.0,54.53743847319783
2017-02-20,1.0935453223460976,33.70580376781545,0.0,32.61225844546936
2017-02-21,1.0935453223460976,2.037191922819651,0.0,0.9436466004735533
2017-02-22,1.0935453223460976,0.4320000035013576,0.66154531884474,0.0
2017-02-23,1.0935453223460976,0.0,1.7550906411908376,0.0
2017-02-24,1.0935453223460976,0.044668730610733606,2.803967232926202,0.0
2017-02-25,1.0935453223460976,0.0,3.8975125552722996,0.0
2017-02-26,1.2442583616093066,0.8832755144321482,4.258495402449459,0.0
2017-02-27,1.2442583616093066,0.0,5.502753764058765,0.0
2017-02-28,1.2442583616093066,0.0,6.747012125668071,0.0
2017-03-01,1.2442583616093066,0.0,7.991270487277378,0.0
2017-03-02,1.2442583616093066,0.0,9.235528848886684,0.0
2017-03-03,1.2442583616093066,0.5300959767571912,9.949691233738799,0.0
2017-03-04,1.2442583616093066,17.228637270145,0.0,6.034687674796896
2017-03-05,1.2442583616093066,8.085424355309074,0.0,6.841165993699768
2017-03-06,1.6730378090159963,5.6520837091440015,0.0,3.979045900128005
2017-03-07,1.6730378090159963,0.020681115161431462,1.6523566938545649,0.0
2017-03-08,1.6730378090159963,0.0,3.3253945028705614,0.0
2017-03-09,1.6730378090159963,0.0,4.998432311886558,0.0
2017-03-10,1.6730378090159963,0.0,6.671470120902554,0.0
2017-03-11,1.6730378090159963,0.0,8.34450792991855,0.0
2017-03-12,1.6730378090159963,0.0,10.017545738934546,0.0
2017-03-13,1.6730378090159963,0.0,11.690583547950542,0.0
2017-03-14,1.5309786718371305,0.0,13.221562219787673,0.0
2017-03-15,1.5309786718371305,0.2872569717916634,14.46528391983314,0.0
2017-03-16,1.5309786718371305,0.0,15.996262591670272,0.0
2017-03-17,1.5309786718371305,0.0,17.527241263507403,0.0
2017-03-18,1.5309786718371305,1.0951733806000403,17.96304655474449,0.0
2017-03-19,1.5309786718371305,0.0,19.49402522658162,0.0
2017-03-20,1.5309786718371305,24.812804851000518,0.0,3.787800952581769
2017-03-21,1.5309786718371305,10.904631387338547,0.0,9.373652715501416
2017-03-22,1.7509898206495391,0.4165448959536227,1.3344449246959165,0.0
2017-03-23,1.7509898206495391,23.938297673275592,0.0,20.852862927930136
2017-03-24,1.7509898206495391,24.25600927016314,0.0,22.5050194495136
2017-03-25,1.7509898206495391,0.0,1.7509898206495391,0.0
2017-03-26,1.7509898206495391,15.321251154684058,0.0,11.81927151338498
2017-03-27,1.7509898206495391,0.0,1.7509898206495391,0.0
2017-03-28,1.7509898206495391,0.0,3.5019796412990782,0.0
2017-03-29,1.7509898206495391,0.0,5.252969461948617,0.0
2017-03-30,2.5005084827920503,0.0,7.753477944740668,0.0
2017-03-31,2.5005084827920503,0.0,10.253986427532718,0.0
2017-04-01,2.5005084827920503,0.0,12.754494910324768,0.0
2017-04-02,2.5005084827920503,0.0,15.255003393116818,0.0
2017-04-03,2.5005084827920503,0.0,17.75551187590887,0.0
2017-04-04,2.5005084827920503,0.0,20.25602035870092,0.0
2017-04-05,2.5005084827920503,2.0991237927516546,20.657405048741314,0.0
2017-04-06,2.5005084827920503,55.759757062599,0.0,32.60184353106564
2017-04-07,1.7362777508482794,7.609925896021602,0.0,5.873648145173323
2017-04-08,1.7362777508482794,4.22585454444767,0.0,2.4895767935993907
2017-04-09,1.7362777508482794,0.6132879296877066,1.1229898211605729,0.0
2017-04-10,1.7362777508482794,8.821024530074174,0.0,5.9617569580653225
2017-04-11,1.7362777508482794,7.3628450990092285,0.0,5.626567348160949
2017-04-12,1.7362777508482794,23.583238436341652,0.0,21.84696068549337
2017-04-13,1.7362777508482794,0.35555727302382234,1.380720477824457,0.0
2017-04-14,1.7362777508482794,0.0,3.1169982286727365,0.0
2017-04-15,1.8990106640814342,0.05638080475211789,4.959628088002052,0.0
2017-04-16,1.8990106640814342,13.850662842623588,0.0,6.992024090540102
2017-04-17,1.8990106640814342,10.981222887895422,0.0,9.082212223813988
2017-04-18,1.8990106640814342,0.0018947367908162041,1.897115927290618,0.0
2017-04-19,1.8990106640814342,9.714176538189864,0.0,5.9180499468178125
2017-04-20,1.8990106640814342,0.0012569659571206604,1.8977536981243135,0.0
2017-04-21,1.8990106640814342,0.0,3.7967643622057476,0.0
2017-04-22,1.8990106640814342,0.0,5.695775026287182,0.0
2017-04-23,1.965056228793019,0.0,7.6608312550802005,0.0
2017-04-24,1.965056228793019,1.2927151466301718,8.333172337243047,0.0
2017-04-25,1.965056228793019,0.38726624729971026,9.910962318736356,0.0
2017-04-26,1.965056228793019,0.5124086746109804,11.363609872918394,0.0
2017-04-27,1.965056228793019,0.0,13.328666101711413,0.0
2017-04-28,1.965056228793019,0.0,15.293722330504432,0.0
2017-04-29,1.965056228793019,0.0,17.25877855929745,0.0
2017-04-30,1.965056228793019,0.0,19.22383478809047,0.0
2017-05-01,2.7699999999999996,0.0,21.99383478809047,0.0
2017-05-02,2.7699999999999996,0.0,24.76383478809047,0.0
2017-05-03,2.7699999999999996,0.0,27.53383478809047,0.0
2017-05-04,2.7699999999999996,0.0,30.30383478809047,0.0
2017-05-05,2.7699999999999996,0.0,33.073834788090466,0.0
2017-05-06,2.7699999999999996,0.0,35.84383478809046,0.0
2017-05-07,2.7699999999999996,0.0,38.61383478809046,0.0
2017-05-08,2.7699999999999996,0.0,41.383834788090454,0.0
2017-05-09,2.0447256422685407,0.0,43.42856043035899,0.0
2017-05-10,2.0447256422685407,0.40632198280409754,45.066964089823436,0.0
2017-05-11,2.0447256422685407,0.8823126917099434,46.22937704038203,0.0
2017-05-12,2.0447256422685407,0.0,48.27410268265057,0.0
2017-05-13,2.0447256422685407,0.0,50.31882832491911,0.0
2017-05-14,2.0447256422685407,0.0,52.36355396718765,0.0
2017-05-15,2.0447256422685407,0.0,54.40827960945619,0.0
2017-05-16,2.0447256422685407,0.0,56.453005251724726,0.0
2017-05-17,2.344612699951526,0.0,58.79761795167625,0.0
2017-05-18,2.344612699951526,0.0,61.14223065162778,0.0
2017-05-19,2.344612699951526,0.0,63.4868433515793,0.0
2017-05-20,2.344612699951526,0.0,65.83145605153084,0.0
2017-05-21,2.344612699951526,0.0,68.17606875148236,0.0
2017-05-22,2.344612699951526,0.0,70.52068145143389,0.0
2017-05-23,2.344612699951526,0.0,72.86529415138541,0.0
2017-05-24,2.344612699951526,1.4436222866592758,73.76628456467766,0.0
2017-05-25,1.573195346582646,0.010139319163404012,75.32934059209691,0.0
2017-05-26,1.573195346582646,0.0,76.90253593867956,0.0
2017-05-27,1.573195346582646,0.0,78.47573128526221,0.0
2017-05-28,1.573195346582646,0.0,80.04892663184486,0.0
2017-05-29,1.573195346582646,0.0,81.62212197842751,0.0
2017-05-30,1.573195346582646,0.0,83.19531732501017,0.0
2017-05-31,1.573195346582646,0.0,84.76851267159282,0.0
2017-06-01,1.573195346582646,0.0,86.34170801817547,0.0
2017-06-02,2.6322331555986427,0.0,88.97394117377411,0.0
2017-06-03,2.6322331555986427,0.0,91.60617432937275,0.0
2017-06-04,2.6322331555986427,0.0,94.23840748497139,0.0
2017-06-05,2.6322331555986427,0.0,96.87064064057003,0.0
2017-06-06,2.6322331555986427,0.0,99.50287379616867,0.0
2017-06-07,2.6322331555986427,8.927516830225846,93.20759012154147,0.0
2017-06-08,2.6322331555986427,8.35461936868012,87.48520390846,0.0
2017-06-09,2.6322331555986427,0.06295046653604312,90.0544865975226,0.0
2017-06-10,2.612471158507028,0.0,92.66695775602963,0.0
2017-06-11,2.612471158507028,0.40475542368165474,94.87467349085502,0.0
2017-06-12,2.612471158507028,0.0,97.48714464936205,0.0
2017-06-13,2.612471158507028,0.0,100.09961580786909,0.0
2017-06-14,2.612471158507028,0.0,102.71208696637612,0.0
2017-06-15,2.612471158507028,0.0,105.32455812488315,0.0
2017-06-16,2.612471158507028,0.0,107.93702928339019,0.0
2017-06-17,2.612471158507028,0.0,110.54950044189722,0.0
2017-06-18,3.212740668928744,0.0,113.76224111082597,0.0
2017-06-19,3.212740668928744,0.0,116.97498177975471,0.0
2017-06-20,3.212740668928744,0.0,120.18772244868346,0.0
2017-06-21,3.212740668928744,0.0,123.4004631176122,0.0
2017-06-22,3.212740668928744,0.0,126.61320378654095,0.0
2017-06-23,3.212740668928744,0.0,129.82594445546968,0.0
2017-06-24,3.212740668928744,0.0,133.03868512439843,0.0
2017-06-25,3.212740668928744,0.0,136.25142579332717,0.0
2017-06-26,2.4956534173533678,0.0,138.74707921068054,0.0
2017-06-27,2.4956534173533678,0.0,141.2427326280339,0.0
2017-06-28,2.4956534173533678,0.0,143.73838604538727,0.0
2017-06-29,2.4956534173533678,0.0,146.23403946274064,0.0
2017-06-30,2.4956534173533678,0.0,148.729692880094,0.0
2017-07-01,2.4956534173533678,0.0,151.22534629744737,0.0
2017-07-02,2.4956534173533678,0.0,153.72099971480074,0.0
2017-07-03,2.4956534173533678,0.0,156.2166531321541,0.0
2017-07-04,2.7047396994667965,0.0,158.9213928316209,0.0
2017-07-05,2.7047396994667965,0.0,161.62613253108768,0.0
2017-07-06,2.7047396994667965,0.0,164.33087223055446,0.0
2017-07-07,2.7047396994667965,0.0,167.03561193002125,0.0
2017-07-08,2.7047396994667965,0.0,169.74035162948803,0.0
2017-07-09,2.7047396994667965,0.0,172.44509132895482,0.0
2017-07-10,2.7047396994667965,0.0,175.1498310284216,0.0
2017-07-11,2.7047396994667965,0.0,177.8545707278884,0.0
2017-07-12,2.7330959767329133,0.0,180.5876667046213,0.0
2017-07-13,2.7330959767329133,0.0,183.32076268135424,0.0
2017-07-14,2.7330959767329133,0.0,186.05385865808717,0.0
2017-07-15,2.7330959767329133,0.0,188.7869546348201,0.0
2017-07-16,2.7330959767329133,0.0,191.52005061155302,0.0
2017-07-17,2.7330959767329133,0.0,194.25314658828594,0.0
2017-07-18,2.7330959767329133,0.0,196.98624256501887,0.0
2017-07-19,2.7330959767329133,0.0,199.7193385417518,0.0
2017-07-20,2.4488085312651475,0.0,202.16814707301694,0.0
2017-07-21,2.4488085312651475,0.0,204.61695560428208,0.0
2017-07-22,2.4488085312651475,0.0,207.06576413554723,0.0
2017-07-23,2.4488085312651475,0.0,209.51457266681237,0.0
2017-07-24,2.4488085312651475,0.0,211.9633811980775,0.0
2017-07-25,2.4488085312651475,0.0,214.41218972934266,0.0
2017-07-26,2.4488085312651475,0.0,216.8609982606078,0.0
2017-07-27,2.4488085312651475,0.0,219.30980679187294,0.0
2017-07-28,2.300267086766844,0.0,221.61007387863978,0.0
2017-07-29,2.300267086766844,0.0,223.91034096540662,0.0
2017-07-30,2.300267086766844,0.0,226.21060805217346,0.0
2017-07-31,2.300267086766844,0.0,228.5108751389403,0.0
2017-08-01,2.300267086766844,0.0,230.81114222570713,0.0
2017-08-02,2.300267086766844,0.0,233.11140931247397,0.0
2017-08-03,2.300267086766844,0.0,235.4116763992408,0.0
2017-08-04,2.300267086766844,0.0,237.71194348600764,0.0
2017-08-05,1.938995637421231,0.0,239.65093912342888,0.0
2017-08-06,1.938995637421231,0.0,241.58993476085013,0.0
2017-08-07,1.938995637421231,0.0,243.52893039827137,0.0
2017-08-08,1.938995637421231,0.0,245.4679260356926,0.0
2017-08-09,1.938995637421231,0.0,247.40692167311386,0.0
2017-08-10,1.938995637421231,0.0,249.3459173105351,0.0
2017-08-11,1.938995637421231,0.0,251.28491294795634,0.0
2017-08-12,1.938995637421231,0.0,253.2239085853776,0.0
2017-08-13,1.7273339796412992,0.0,254.95124256501887,0.0
2017-08-14,1.7273339796412992,0.0,256.6785765446602,0.0
2017-08-15,1.7273339796412992,0.0,258.4059105243015,0.0
2017-08-16,1.7273339796412992,0.0,260.13324450394276,0.0
2017-08-17,1.7273339796412992,0.0,261.86057848358405,0.0
2017-08-18,1.7273339796412992,0.0,263.58791246322534,0.0
2017-08-19,1.7273339796412992,0.0,265.3152464428666,0.0
2017-08-20,1.7273339796412992,0.0,267.0425804225079,0.0
2017-08-21,2.1127091614154145,0.0,269.1552895839233,0.0
2017-08-22,2.1127091614154145,0.0,271.26799874533873,0.0
2017-08-23,2.1127091614154145,0.0,273.38070790675414,0.0
2017-08-24,2.1127091614154145,0.0,275.49341706816955,0.0
2017-08-25,2.1127091614154145,0.0,277.60612622958496,0.0
2017-08-26,2.1127091614154145,0.0,279.71883539100037,0.0
2017-08-27,2.1127091614154145,0.0,281.8315445524158,0.0
2017-08-28,2.1127091614154145,0.0,283.9442537138312,0.0
2017-08-29,2.3686665050896747,0.0,286.31292021892085,0.0
2017-08-30,2.3686665050896747,0.0,288.6815867240105,0.0
2017-08-31,2.3686665050896747,0.0,291.0502532291002,0.0
2017-09-01,2.3686665050896747,0.0,293.41891973418984,0.0
2017-09-02,2.3686665050896747,0.0,295.7875862392795,0.0
2017-09-03,2.3686665050896747,0.0,298.15625274436917,0.0
2017-09-04,2.3686665050896747,0.0,300.52491924945883,0.0
2017-09-05,2.3686665050896747,0.0,302.8935857545485,0.0
2017-09-06,1.966172079495879,2.1441330319218586,302.71562480212253,0.0
2017-09-07,1.966172079495879,0.4786749176750241,304.2031219639434,0.0
2017-09-08,1.966172079495879,0.0,306.16929404343927,0.0
2017-09-09,1.966172079495879,0.0,308.13546612293516,0.0
2017-09-10,1.966172079495879,0.0,310.10163820243105,0.0
2017-09-11,1.966172079495879,0.0,312.06781028192694,0.0
2017-09-12,1.966172079495879,0.9967151779692976,313.03726718345354,0.0
2017-09-13,1.966172079495879,2.4270680594739527,312.5763712034755,0.0
2017-09-14,1.571757149781871,0.0,314.1481283532574,0.0
2017-09-15,1.571757149781871,0.0,315.7198855030393,0.0
2017-09-16,1.571757149781871,0.0,317.29164265282117,0.0
2017-09-17,1.571757149781871,0.0,318.86339980260306,0.0
2017-09-18,1.571757149781871,0.0,320.43515695238494,0.0
2017-09-19,1.571757149781871,0.0,322.00691410216683,0.0
2017-09-20,1.571757149781871,0.30758824132544327,323.2710830106233,0.0
2017-09-21,1.571757149781871,0.0,324.84284016040516,0.0
2017-09-22,1.9316345128453707,0.0,326.77447467325055,0.0
2017-09-23,1.9316345128453707,0.0,328.70610918609594,0.0
2017-09-24,1.9316345128453707,0.0,330.63774369894134,0.0
2017-09-25,1.9316345128453707,0.0,332.5693782117867,0.0
2017-09-26,1.9316345128453707,0.0,334.5010127246321,0.0
2017-09-27,1.9316345128453707,0.0,336.4326472374775,0.0
2017-09-28,1.9316345128453707,0.0,338.3642817503229,0.0
2017-09-29,1.9316345128453707,0.0,340.2959162631683,0.0
2017-09-30,1.7880184197770237,0.0,342.0839346829453,0.0
2017-10-01,1.7880184197770237,0.0,343.87195310272233,0.0
2017-10-02,1.7880184197770237,0.0,345.65997152249935,0.0
2017-10-03,1.7880184197770237,0.0,347.44798994227637,0.0
2017-10-04,1.7880184197770237,0.0,349.2360083620534,0.0
2017-10-05,1.7880184197770237,0.0,351.0240267818304,0.0
2017-10-06,1.7880184197770237,0.0,352.8120452016074,0.0
2017-10-07,1.7880184197770237,0.0,354.60006362138444,0.0
2017-10-08,1.649133785748909,0.0,356.24919740713335,0.0
2017-10-09,1.649133785748909,0.0,357.89833119288227,0.0
2017-10-10,1.649133785748909,0.0,359.5474649786312,0.0
2017-10-11,1.649133785748909,0.0,361.1965987643801,0.0
2017-10-12,1.649133785748909,0.0,362.845732550129,0.0
2017-10-13,1.649133785748909,0.0,364.49486633587793,0.0
2017-10-14,1.649133785748909,0.0,366.14400012162685,0.0
2017-10-15,1.649133785748909,0.0,367.79313390737576,0.0
2017-10-16,1.4620426563257392,0.0,369.2551765637015,0.0
2017-10-17,1.4620426563257392,0.0,370.7172192200273,0.0
2017-10-18,1.4620426563257392,0.5619907050678973,371.61727117128515,0.0
2017-10-19,1.4620426563257392,7.461498614804293,365.61781521280665,0.0
2017-10-20,1.4620426563257392,0.0,367.0798578691324,0.0
2017-10-21,1.4620426563257392,0.0,368.5419005254582,0.0
2017-10-22,1.4620426563257392,0.0,370.00394318178394,0.0
2017-10-23,1.4620426563257392,0.0,371.4659858381097,0.0
2017-10-24,1.2478065923412507,0.0,372.71379243045095,0.0
2017-10-25,1.2478065923412507,0.0,373.9615990227922,0.0
2017-10-26,1.2478065923412507,0.0,375.20940561513345,0.0
2017-10-27,1.2478065923412507,0.0,376.4572122074747,0.0
2017-10-28,1.2478065923412507,0.0,377.70501879981595,0.0
2017-10-29,1.2478065923412507,0.006674922616350759,378.94615046954084,0.0
2017-10-30,1.2478065923412507,0.0,380.1939570618821,0.0
2017-10-31,1.2478065923412507,0.0,381.44176365422334,0.0
2017-11-01,0.9300785264178377,0.0,382.3718421806412,0.0
2017-11-02,0.9300785264178377,1.13738082344687,382.1645398836122,0.0
2017-11-03,0.9300785264178377,4.4507305718058765,378.64388783822415,0.0
2017-11-04,0.9300785264178377,0.0,379.573966364642,0.0
2017-11-05,0.9300785264178377,0.0,380.50404489105983,0.0
2017-11-06,0.9300785264178377,0.0,381.4341234174777,0.0
2017-11-07,0.9300785264178377,0.0,382.3642019438955,0.0
2017-11-08,0.9300785264178377,41.63781780797999,341.65646266233335,0.0
2017-11-09,0.971364517692681,19.88057306012133,322.7472541199047,0.0
2017-11-10,0.971364517692681,5.62517025596217,318.0934483816352,0.0
2017-11-11,0.971364517692681,0.0,319.0648128993279,0.0
2017-11-12,0.971364517692681,7.30026940147943,312.7359080155411,0.0
2017-11-13,0.971364517692681,14.027709355664324,299.67956317756943,0.0
2017-11-14,0.971364517692681,13.00407431812109,287.64685337714104,0.0
2017-11-15,0.971364517692681,39.325624885204775,249.29259300962894,0.0
2017-11-16,0.971364517692681,2.455956636936672,247.80800089038496,0.0
2017-11-17,0.7385390208434315,0.0,248.5465399112284,0.0
2017-11-18,0.7385390208434315,0.0,249.28507893207183,0.0
2017-11-19,0.7385390208434315,3.1822198869274128,246.84139806598785,0.0
2017-11-20,0.7385390208434315,5.357913335041365,242.22202375178992,0.0
2017-11-21,0.7385390208434315,0.0,242.96056277263335,0.0
2017-11-22,0.7385390208434315,0.0,243.69910179347679,0.0
2017-11-23,0.7385390208434315,0.0009628482906857141,244.43667796602952,0.0
2017-11-24,0.7385390208434315,0.0,245.17521698687295,0.0
2017-11-25,0.6691405719825494,15.393421220336535,230.45093633851897,0.0
2017-11-26,0.6691405719825494,21.703316331278792,209.41676057922274,0.0
2017-11-27,0.6691405719825494,0.0,210.0859011512053,0.0
2017-11-28,0.6691405719825494,0.0,210.75504172318784,0.0
2017-11-29,0.6691405719825494,0.0,211.4241822951704,0.0
2017-11-30,0.6691405719825494,0.0,212.09332286715295,0.0
2017-12-01,0.6691405719825494,0.1410402459688571,212.62142319316663,0.0
2017-12-02,0.6691405719825494,1.2233622235594885,212.0672015415897,0.0
2017-12-03,0.7156480853126512,0.0,212.78284962690236,0.0
2017-12-04,0.7156480853126512,0.0,213.49849771221503,0.0
2017-12-05,0.7156480853126512,0.0,214.2141457975277,0.0
2017-12-06,0.7156480853126512,0.0,214.92979388284036,0.0
2017-12-07,0.7156480853126512,0.0,215.64544196815302,0.0
2017-12-08,0.7156480853126512,0.0,216.3610900534657,0.0
2017-12-09,0.7156480853126512,0.0,217.07673813877835,0.0
2017-12-10,0.7156480853126512,0.0,217.79238622409102,0.0
2017-12-11,0.5795002423654869,0.0,218.37188646645652,0.0
2017-12-12,0.5795002423654869,0.0,218.951386708822,0.0
2017-12-13,0.5795002423654869,0.0,219.5308869511875,0.0
2017-12-14,0.5795002423654869,0.0,220.110387193553,0.0
2017-12-15,0.5795002423654869,0.0,220.6898874359185,0.0
2017-12-16,0.5795002423654869,0.0,221.269387678284,0.0
2017-12-17,0.5795002423654869,0.0,221.8488879206495,0.0
2017-12-18,0.5795002423654869,0.027845201154611417,222.4005429618604,0.0
2017-12-19,0.5054987881725643,2.9218545041217148,219.98418724591124,0.0
2017-12-20,0.5054987881725643,0.0,220.4896860340838,0.0
2017-12-21,0.5054987881725643,0.0,220.99518482225636,0.0
2017-12-22,0.5054987881725643,0.0,221.50068361042892,0.0
2017-12-23,0.5054987881725643,0.0,222.00618239860148,0.0
2017-12-24,0.5054987881725643,0.0,222.51168118677404,0.0
2017-12-25,0.5054987881725643,0.0,223.0171799749466,0.0
2017-12-26,0.5054987881725643,0.0,223.52267876311916,0.0
2017-12-27,0.3490179350460492,0.0,223.8716966981652,0.0
2017-12-28,0.3490179350460492,0.0,224.22071463321126,0.0
2017-12-29,0.3490179350460492,0.0,224.5697325682573,0.0
2017-12-30,0.3490179350460492,0.0,224.91875050330336,0.0
2017-12-31,0.3490179350460492,0.0,225.2677684383494,0.0
2018-01-01,0.5968080465341735,0.0,225.86457648488357,0.0
2018-01-02,0.5968080465341735,0.3791733787801612,226.08221115263757,0.0
2018-01-03,0.5968080465341735,5.918928933586498,220.76009026558523,0.0
2018-01-04,0.5968080465341735,17.933164087242382,203.42373422487702,0.0
2018-01-05,0.5968080465341735,8.038585101856905,195.98195716955428,0.0
2018-01-06,0.5968080465341735,0.006572755382341496,196.5721924607061,0.0
2018-01-07,0.5968080465341735,14.949418209654626,182.21958229758565,0.0
2018-01-08,0.5968080465341735,103.7674592198233,79.04893112429652,0.0
2018-01-09,0.7094134755210861,1.5371516990956875,78.22119290072192,0.0
2018-01-10,0.7094134755210861,1.8805820069999515,77.05002436924305,0.0
2018-01-11,0.7094134755210861,0.5332631684216921,77.22617467634244,0.0
2018-01-12,0.7094134755210861,0.0,77.93558815186353,0.0
2018-01-13,0.7094134755210861,0.0,78.64500162738462,0.0
2018-01-14,0.7094134755210861,0.0,79.3544151029057,0.0
2018-01-15,0.7094134755210861,4.715058853751734,75.34876972467507,0.0
2018-01-16,0.7094134755210861,1.001804959109693,75.05637824108646,0.0
2018-01-17,0.6868841492971401,4.360671746103386,71.38259064428021,0.0
2018-01-18,0.6868841492971401,7.497290944905472,64.57218384867188,0.0
2018-01-19,0.6868841492971401,0.19121361941375967,65.06785437855527,0.0
2018-01-20,0.6868841492971401,0.45745509835219594,65.29728342950021,0.0
2018-01-21,0.6868841492971401,48.227329513974965,17.75683806482239,0.0
2018-01-22,0.6868841492971401,0.38653868873929453,18.057183525380236,0.0
2018-01-23,0.6868841492971401,0.0,18.744067674677375,0.0
2018-01-24,0.6868841492971401,26.169235843623014,0.0,6.7382840196485
2018-01-25,0.8853417353368883,1.7458761875105344,0.0,0.8605344521736461
2018-01-26,0.8853417353368883,0.0,0.8853417353368883,0.0
2018-01-27,0.8853417353368883,0.0002972136317224648,1.770386257042054,0.0
2018-01-28,0.8853417353368883,0.0,2.6557279923789423,0.0
2018-01-29,0.8853417353368883,0.0,3.5410697277158305,0.0
2018-01-30,0.8853417353368883,0.0,4.426411463052719,0.0
2018-01-31,0.8853417353368883,0.0,5.311753198389607,0.0
2018-02-01,0.8853417353368883,0.0,6.197094933726496,0.0
2018-02-02,1.3331890450799802,0.0,7.530283978806477,0.0
2018-02-03,1.3331890450799802,0.0,8.863473023886456,0.0
2018-02-04,1.3331890450799802,0.0,10.196662068966436,0.0
2018-02-05,1.3331890450799802,0.0,11.529851114046416,0.0
2018-02-06,1.3331890450799802,0.0,12.863040159126395,0.0
2018-02-07,1.3331890450799802,0.0,14.196229204206375,0.0
2018-02-08,1.3331890450799802,0.0,15.529418249286355,0.0
2018-02-09,1.3331890450799802,0.0,16.862607294366335,0.0
2018-02-10,1.2445559864275324,0.0,18.107163280793866,0.0
2018-02-11,1.2445559864275324,0.0,19.351719267221398,0.0
2018-02-12,1.2445559864275324,0.0,20.59627525364893,0.0
2018-02-13,1.2445559864275324,0.0,21.84083124007646,0.0
2018-02-14,1.2445559864275324,0.0,23.085387226503993,0.0
2018-02-15,1.2445559864275324,0.0,24.329943212931525,0.0
2018-02-16,1.2445559864275324,0.0,25.574499199359057,0.0
2018-02-17,1.2445559864275324,0.0,26.81905518578659,0.0
2018-02-18,0.8433582161900146,0.0,27.662413401976604,0.0
2018-02-19,0.8433582161900146,0.0,28.50577161816662,0.0
2018-02-20,0.8433582161900146,0.0,29.349129834356635,0.0
2018-02-21,0.8433582161900146,0.07113003140263512,30.121358019144015,0.0
2018-02-22,0.8433582161900146,0.09321362089117752,30.871502614442853,0.0
2018-02-23,0.8433582161900146,0.0,31.71486083063287,0.0
2018-02-24,0.8433582161900146,0.0,32.558219046822884,0.0
2018-02-25,0.8433582161900146,4.832733756617495,28.568843506395403,0.0
2018-02-26,1.336569074163838,1.0073374751551598,28.89807510540408,0.0
2018-02-27,1.336569074163838,0.0,30.234644179567916,0.0
2018-02-28,1.336569074163838,37.315541636464026,0.0,5.744328382732274
2018-03-01,1.336569074163838,11.770773980639666,0.0,10.434204906475827
2018-03-02,1.336569074163838,12.383931963067305,0.0,11.047362888903466
2018-03-03,1.336569074163838,8.184956626626358,0.0,6.848387552462519
2018-03-04,1.336569074163838,0.0005789473865486842,1.3359901267772893,0.0
2018-03-05,1.336569074163838,0.0,2.6725592009411274,0.0
2018-03-06,1.5306854095976732,0.5274241513143013,3.675820459224499,0.0
2018-03-07,1.5306854095976732,9.059888647805794,0.0,3.8533827789836215
2018-03-08,1.5306854095976732,0.0,1.5306854095976732,0.0
2018-03-09,1.5306854095976732,0.0,3.0613708191953464,0.0
2018-03-10,1.5306854095976732,0.0,4.59205622879302,0.0
2018-03-11,1.5306854095976732,0.567201231470787,5.5555404069199055,0.0
2018-03-12,1.5306854095976732,20.561272786497696,0.0,13.475046969980117
2018-03-13,1.5306854095976732,8.964906916898839,0.0,7.4342215073011655
2018-03-14,1.3501871061560828,9.687009085073559,0.0,8.336821978917476
2018-03-15,1.3501871061560828,20.51100352083566,0.0,19.16081641467958
2018-03-16,1.3501871061560828,3.0764396493279893,0.0,1.7262525431719065
2018-03-17,1.3501871061560828,2.3680898384782183,0.0,1.0179027323221355
2018-03-18,1.3501871061560828,0.0,1.3501871061560828,0.0
2018-03-19,1.3501871061560828,3.308755446513739,0.0,0.6083812342015733
2018-03-20,1.3501871061560828,44.12055122446348,0.0,42.7703641183074
2018-03-21,1.3501871061560828,33.76987224023777,0.0,32.41968513408168
2018-03-22,1.899582161900144,1.8121857440139486,0.08739641788619545,0.0
2018-03-23,1.899582161900144,3.9114676171412035,0.0,1.924489037354864
2018-03-24,1.899582161900144,4.278315812810655,0.0,2.3787336509105113
2018-03-25,1.899582161900144,1.0562105108709896,0.8433716510291545,0.0
2018-03-26,1.899582161900144,0.0,2.7429538129292985,0.0
2018-03-27,1.899582161900144,0.0,4.642535974829443,0.0
2018-03-28,1.899582161900144,0.0,6.542118136729586,0.0
2018-03-29,1.899582161900144,0.0,8.44170029862973,0.0
2018-03-30,2.240109064469219,0.0,10.68180936309895,0.0
2018-03-31,2.240109064469219,0.0,12.921918427568169,0.0
2018-04-01,2.240109064469219,0.0,15.162027492037389,0.0
2018-04-02,2.240109064469219,0.0,17.40213655650661,0.0
2018-04-03,2.240109064469219,0.0,19.642245620975828,0.0
2018-04-04,2.240109064469219,0.05055108297350975,21.83180360247154,0.0
2018-04-05,2.240109064469219,46.45086316796648,0.0,22.378950501025724
2018-04-06,2.240109064469219,113.10402915647522,0.0,110.863920092006
2018-04-07,1.9725627726611716,0.007219814448530897,1.9653429582126407,0.0
2018-04-08,1.9725627726611716,0.0,3.9379057308738123,0.0
2018-04-09,1.9725627726611716,0.0,5.910468503534984,0.0
2018-04-10,1.9725627726611716,0.0,7.883031276196156,0.0
2018-04-11,1.9725627726611716,6.411916477392332,3.4436775714649954,0.0
2018-04-12,1.9725627726611716,1.921851460778676,3.494388883347491,0.0
2018-04-13,1.9725627726611716,0.0,5.466951656008662,0.0
2018-04-14,1.9725627726611716,0.0,7.439514428669834,0.0
2018-04-15,2.1059835191468728,11.612615904202768,0.0,2.0671179563860616
2018-04-16,2.1059835191468728,4.100309621438891,0.0,1.994326102292018
2018-04-17,2.1059835191468728,0.0,2.1059835191468728,0.0
2018-04-18,2.1059835191468728,0.0,4.2119670382937455,0.0
2018-04-19,2.1059835191468728,0.0,6.317950557440618,0.0
2018-04-20,2.1059835191468728,0.0,8.423934076587491,0.0
2018-04-21,2.1059835191468728,0.0,10.529917595734364,0.0
2018-04-22,2.1059835191468728,0.0,12.635901114881237,0.0
2018-04-23,1.9074789142026172,0.0,14.543380029083854,0.0
2018-04-24,1.9074789142026172,0.0,16.450858943286473,0.0
2018-04-25,1.9074789142026172,0.0,18.35833785748909,0.0
2018-04-26,1.9074789142026172,0.0,20.265816771691707,0.0
2018-04-27,1.9074789142026172,1.6822445890851803,20.491051096809144,0.0
2018-04-28,1.9074789142026172,0.3684520068183402,22.03007800419342,0.0
2018-04-29,1.9074789142026172,0.0,23.937556918396037,0.0
2018-04-30,1.9074789142026172,0.0,25.845035832598654,0.0
2018-05-01,2.2947464857004363,0.0,28.13978231829909,0.0
2018-05-02,2.2947464857004363,0.0,30.434528803999527,0.0
2018-05-03,2.2947464857004363,0.0,32.72927528969996,0.0
2018-05-04,2.2947464857004363,0.0,35.0240217754004,0.0
2018-05-05,2.2947464857004363,0.0,37.318768261100836,0.0
2018-05-06,2.2947464857004363,0.0,39.61351474680127,0.0
2018-05-07,2.2947464857004363,0.0,41.90826123250171,0.0
2018-05-08,2.2947464857004363,0.0,44.203007718202144,0.0
2018-05-09,1.938065923412506,0.0,46.14107364161465,0.0
2018-05-10,1.938065923412506,0.0,48.07913956502716,0.0
2018-05-11,1.938065923412506,0.0,50.01720548843967,0.0
2018-05-12,1.938065923412506,0.0021207429491698557,51.953150668903014,0.0
2018-05-13,1.938065923412506,0.0,53.89121659231552,0.0
2018-05-14,1.938065923412506,0.0,55.82928251572803,0.0
2018-05-15,1.938065923412506,0.0,57.76734843914054,0.0
2018-05-16,1.938065923412506,0.0,59.70541436255305,0.0
2018-05-17,1.413047018904508,0.0,61.11846138145756,0.0
2018-05-18,1.413047018904508,0.0,62.531508400362064,0.0
2018-05-19,1.413047018904508,0.0,63.94455541926657,0.0
2018-05-20,1.413047018904508,0.0,65.35760243817109,0.0
2018-05-21,1.413047018904508,0.0,66.77064945707559,0.0
2018-05-22,1.413047018904508,0.0,68.1836964759801,0.0
2018-05-23,1.413047018904508,0.2328513928980281,69.36389210198658,0.0
2018-05-24,1.413047018904508,1.2691795774288586,69.50775954346223,0.0
2018-05-25,1.9705748909355314,1.6571362236335918,69.82119821076418,0.0
2018-05-26,1.9705748909355314,0.0,71.79177310169972,0.0
2018-05-27,1.9705748909355314,0.0,73.76234799263526,0.0
2018-05-28,1.9705748909355314,0.0,75.7329228835708,0.0
2018-05-29,1.9705748909355314,0.0,77.70349777450633,0.0
2018-05-30,1.9705748909355314,0.0,79.67407266544187,0.0
2018-05-31,1.9705748909355314,0.0,81.64464755637741,0.0
2018-06-01,1.9705748909355314,0.0,83.61522244731295,0.0
2018-06-02,2.3336815317498787,0.0,85.94890397906282,0.0
2018-06-03,2.3336815317498787,0.0,88.2825855108127,0.0
2018-06-04,2.3336815317498787,0.0,90.61626704256257,0.0
2018-06-05,2.3336815317498787,0.0,92.94994857431244,0.0
2018-06-06,2.3336815317498787,0.0,95.28363010606232,0.0
2018-06-07,2.3336815317498787,0.0,97.6173116378122,0.0
2018-06-08,2.3336815317498787,0.0,99.95099316956207,0.0
2018-06-09,2.3336815317498787,0.0,102.28467470131194,0.0
2018-06-10,2.3780169655840995,0.0,104.66269166689604,0.0
2018-06-11,2.3780169655840995,0.0,107.04070863248013,0.0
2018-06-12,2.3780169655840995,0.0,109.41872559806423,0.0
2018-06-13,2.3780169655840995,0.0,111.79674256364832,0.0
2018-06-14,2.3780169655840995,0.0,114.17475952923242,0.0
2018-06-15,2.3780169655840995,0.0,116.55277649481651,0.0
2018-06-16,2.3780169655840995,0.0,118.93079346040061,0.0
2018-06-17,2.3780169655840995,0.0,121.3088104259847,0.0
2018-06-18,2.524401357246728,0.0,123.83321178323143,0.0
2018-06-19,2.524401357246728,0.0,126.35761314047816,0.0
2018-06-20,2.524401357246728,0.0,128.8820144977249,0.0
2018-06-21,2.524401357246728,0.0,131.4064158549716,0.0
2018-06-22,2.524401357246728,0.0,133.93081721221833,0.0
2018-06-23,2.524401357246728,0.0,136.45521856946505,0.0
2018-06-24,2.524401357246728,0.10591022122648455,138.87370970548528,0.0
2018-06-25,2.524401357246728,0.0,141.398111062732,0.0
2018-06-26,2.455067862336403,0.0,143.8531789250684,0.0
2018-06-27,2.455067862336403,0.0,146.30824678740478,0.0
2018-06-28,2.455067862336403,0.0,148.76331464974118,0.0
2018-06-29,2.455067862336403,0.0,151.21838251207757,0.0
2018-06-30,2.455067862336403,0.0,153.67345037441396,0.0
2018-07-01,2.455067862336403,0.015170278252555118,156.1133479584978,0.0
2018-07-02,2.455067862336403,0.0,158.5684158208342,0.0
2018-07-03,2.455067862336403,0.0,161.02348368317058,0.0
2018-07-04,2.3851211827435774,0.0,163.40860486591416,0.0
2018-07-05,2.3851211827435774,0.0,165.79372604865773,0.0
2018-07-06,2.3851211827435774,0.0,168.1788472314013,0.0
2018-07-07,2.3851211827435774,0.0,170.56396841414488,0.0
2018-07-08,2.3851211827435774,0.0,172.94908959688846,0.0
2018-07-09,2.3851211827435774,0.0,175.33421077963203,0.0
2018-07-10,2.3851211827435774,0.0,177.7193319623756,0.0
2018-07-11,2.3851211827435774,0.0,180.10445314511918,0.0
2018-07-12,2.040408143480368,0.006179566312027696,182.13868172228752,0.0
2018-07-13,2.040408143480368,0.0,184.17908986576788,0.0
2018-07-14,2.040408143480368,0.0,186.21949800924824,0.0
2018-07-15,2.040408143480368,0.0,188.2599061527286,0.0
2018-07-16,2.040408143480368,0.0,190.30031429620897,0.0
2018-07-17,2.040408143480368,0.0,192.34072243968933,0.0
2018-07-18,2.040408143480368,0.0,194.3811305831697,0.0
2018-07-19,2.040408143480368,0.0,196.42153872665006,0.0
2018-07-20,2.239730004847308,0.0,198.66126873149736,0.0
2018-07-21,2.239730004847308,0.0,200.90099873634466,0.0
2018-07-22,2.239730004847308,0.0,203.14072874119196,0.0
2018-07-23,2.239730004847308,0.0,205.38045874603927,0.0
2018-07-24,2.239730004847308,0.0,207.62018875088657,0.0
2018-07-25,2.239730004847308,0.0,209.85991875573387,0.0
2018-07-26,2.239730004847308,0.0,212.09964876058118,0.0
2018-07-27,2.239730004847308,0.0,214.33937876542848,0.0
2018-07-28,2.3862147358216195,0.0,216.7255935012501,0.0
2018-07-29,2.3862147358216195,0.0,219.11180823707173,0.0
2018-07-30,2.3862147358216195,0.0,221.49802297289335,0.0
2018-07-31,2.3862147358216195,0.0,223.88423770871498,0.0
2018-08-01,2.3862147358216195,0.0,226.2704524445366,0.0
2018-08-02,2.3862147358216195,0.0,228.65666718035823,0.0
2018-08-03,2.3862147358216195,0.0,231.04288191617985,0.0
2018-08-04,2.3862147358216195,0.0,233.42909665200148,0.0
2018-08-05,2.3891682016480837,0.0,235.81826485364957,0.0
2018-08-06,2.3891682016480837,0.0,238.20743305529766,0.0
2018-08-07,2.3891682016480837,0.0,240.59660125694575,0.0
2018-08-08,2.3891682016480837,0.0,242.98576945859384,0.0
2018-08-09,2.3891682016480837,0.0,245.37493766024193,0.0
2018-08-10,2.3891682016480837,0.0,247.76410586189002,0.0
2018-08-11,2.3891682016480837,0.0,250.1532740635381,0.0
2018-08-12,2.3891682016480837,0.0,252.5424422651862,0.0
2018-08-13,1.814375181774114,0.0,254.35681744696032,0.0
2018-08-14,1.814375181774114,0.0,256.17119262873445,0.0
2018-08-15,1.814375181774114,0.0,257.98556781050854,0.0
2018-08-16,1.814375181774114,0.0,259.79994299228264,0.0
2018-08-17,1.814375181774114,0.0,261.61431817405673,0.0
2018-08-18,1.814375181774114,0.0,263.42869335583083,0.0
2018-08-19,1.814375181774114,0.0,265.2430685376049,0.0
2018-08-20,1.814375181774114,0.2806377725829961,266.776805946796,0.0
2018-08-21,1.257619001454192,0.0,268.0344249482502,0.0
2018-08-22,1.257619001454192,0.0,269.2920439497044,0.0
2018-08-23,1.257619001454192,0.0,270.5496629511586,0.0
2018-08-24,1.257619001454192,0.004702786295083654,271.80257916631774,0.0
2018-08-25,1.257619001454192,0.004702786295083654,273.0554953814769,0.0
2018-08-26,1.257619001454192,0.004702786295083654,274.308411596636,0.0
2018-08-27,1.257619001454192,0.2669504654237671,275.29908013266646,0.0
2018-08-28,1.257619001454192,0.0,276.55669913412066,0.0
2018-08-29,1.4850727096461456,0.0,278.0417718437668,0.0
2018-08-30,1.4850727096461456,0.0,279.52684455341296,0.0
2018-08-31,1.4850727096461456,0.0,281.0119172630591,0.0
2018-09-01,1.4850727096461456,0.0,282.49698997270525,0.0
2018-09-02,1.4850727096461456,0.0,283.9820626823514,0.0
2018-09-03,1.4850727096461456,0.3566687196585415,285.110466672339,0.0
2018-09-04,1.4850727096461456,0.19695355911557516,286.39858582286956,0.0
2018-09-05,1.4850727096461456,0.0,287.8836585325157,0.0
2018-09-06,1.8340668928744541,0.12382662592703712,289.5938987994631,0.0
2018-09-07,1.8340668928744541,0.0,291.4279656923375,0.0
2018-09-08,1.8340668928744541,0.0,293.26203258521195,0.0
2018-09-09,1.8340668928744541,0.0,295.0960994780864,0.0
2018-09-10,1.8340668928744541,0.0,296.9301663709608,0.0
2018-09-11,1.8340668928744541,0.0,298.76423326383525,0.0
2018-09-12,1.8340668928744541,0.0,300.5983001567097,0.0
2018-09-13,1.8340668928744541,0.0,302.4323670495841,0.0
2018-09-14,1.6212641783809982,0.0,304.0536312279651,0.0
2018-09-15,1.6212641783809982,0.0,305.67489540634614,0.0
2018-09-16,1.6212641783809982,0.0,307.29615958472715,0.0
2018-09-17,1.6212641783809982,0.0,308.91742376310816,0.0
2018-09-18,1.6212641783809982,0.0,310.5386879414892,0.0
2018-09-19,1.6212641783809982,0.0,312.1599521198702,0.0
2018-09-20,1.6212641783809982,0.0,313.7812162982512,0.0
2018-09-21,1.6212641783809982,0.0,315.4024804766322,0.0
2018-09-22,1.5921352399418314,0.0,316.99461571657406,0.0
2018-09-23,1.5921352399418314,0.0,318.5867509565159,0.0
2018-09-24,1.5921352399418314,0.0,320.17888619645777,0.0
2018-09-25,1.5921352399418314,0.0,321.7710214363996,0.0
2018-09-26,1.5921352399418314,0.0,323.3631566763415,0.0
2018-09-27,1.5921352399418314,0.0,324.95529191628333,0.0
2018-09-28,1.5921352399418314,0.3270247702414008,326.2204023859838,0.0
2018-09-29,1.5921352399418314,5.453801736374019,322.3587358895516,0.0
2018-09-30,1.7877038293746963,0.2610897879482422,323.88534993097807,0.0
2018-10-01,1.7877038293746963,31.17967173337198,294.4933820269808,0.0
2018-10-02,1.7877038293746963,6.926287741852987,289.3547981145025,0.0
2018-10-03,1.7877038293746963,1.1735386829015915,289.9689632609756,0.0
2018-10-04,1.7877038293746963,0.13000309513449299,291.62666399521584,0.0
2018-10-05,1.7877038293746963,0.0,293.41436782459056,0.0
2018-10-06,1.7877038293746963,0.0,295.2020716539653,0.0
2018-10-07,1.7877038293746963,0.0,296.98977548334,0.0
2018-10-08,1.909654386815317,0.0,298.8994298701553,0.0
2018-10-09,1.909654386815317,0.0,300.8090842569706,0.0
2018-10-10,1.909654386815317,0.0,302.7187386437859,0.0
2018-10-11,1.909654386815317,0.0,304.6283930306012,0.0
2018-10-12,1.909654386815317,0.0,306.5380474174165,0.0
2018-10-13,1.909654386815317,0.0,308.4477018042318,0.0
2018-10-14,1.909654386815317,0.0,310.35735619104713,0.0
2018-10-15,1.909654386815317,0.0,312.26701057786244,0.0
2018-10-16,1.4402971400872506,0.0,313.7073077179497,0.0
2018-10-17,1.4402971400872506,0.0,315.1476048580369,0.0
2018-10-18,1.4402971400872506,0.0,316.58790199812415,0.0
2018-10-19,1.4402971400872506,0.0,318.0281991382114,0.0
2018-10-20,1.4402971400872506,0.0,319.46849627829863,0.0
2018-10-21,1.4402971400872506,0.005693498306875996,320.903099920079,0.0
2018-10-22,1.4402971400872506,0.0,322.34339706016624,0.0
2018-10-23,1.4402971400872506,0.0,323.7836942002535,0.0
2018-10-24,1.3516946194861847,0.0,325.13538881973966,0.0
2018-10-25,1.3516946194861847,0.0,326.48708343922584,0.0
2018-10-26,1.3516946194861847,0.0,327.838778058712,0.0
2018-10-27,1.3516946194861847,0.0,329.1904726781982,0.0
2018-10-28,1.3516946194861847,0.0,330.5421672976844,0.0
2018-10-29,1.3516946194861847,0.0,331.89386191717057,0.0
2018-10-30,1.3516946194861847,0.0,333.24555653665675,0.0
2018-10-31,1.3516946194861847,0.0,334.59725115614293,0.0
2018-11-01,1.2599544352884147,0.0,335.85720559143135,0.0
2018-11-02,1.2599544352884147,0.0,337.1171600267198,0.0
2018-11-03,1.2599544352884147,0.0,338.3771144620082,0.0
2018-11-04,1.2599544352884147,0.0,339.6370688972966,0.0
2018-11-05,1.2599544352884147,0.0,340.89702333258504,0.0
2018-11-06,1.2599544352884147,0.0,342.15697776787346,0.0
2018-11-07,1.2599544352884147,0.0,343.4169322031619,0.0
2018-11-08,1.2599544352884147,0.0,344.6768866384503,0.0
2018-11-09,0.9392297624818225,0.0,345.6161164009321,0.0
2018-11-10,0.9392297624818225,0.0,346.55534616341396,0.0
2018-11-11,0.9392297624818225,0.0,347.4945759258958,0.0
2018-11-12,0.9392297624818225,0.0,348.4338056883776,0.0
2018-11-13,0.9392297624818225,0.0,349.37303545085945,0.0
2018-11-14,0.9392297624818225,0.0,350.3122652133413,0.0
2018-11-15,0.9392297624818225,0.0,351.2514949758231,0.0
2018-11-16,0.9392297624818225,0.0,352.19072473830494,0.0
2018-11-17,1.0321648085312647,0.0,353.2228895468362,0.0
2018-11-18,1.0321648085312647,0.0,354.25505435536746,0.0
2018-11-19,1.0321648085312647,0.0,355.2872191638987,0.0
2018-11-20,1.0321648085312647,8.99966267092678,347.3197213015032,0.0
2018-11-21,1.0321648085312647,31.88920387764094,316.4626822323935,0.0
2018-11-22,1.0321648085312647,43.094372079099294,274.40047496182547,0.0
2018-11-23,1.0321648085312647,40.755121703487426,234.6775180668693,0.0
2018-11-24,1.0321648085312647,0.0652105268826218,235.64447234851795,0.0
2018-11-25,0.7817838099854579,0.1274024740253624,236.29885368447805,0.0
2018-11-26,0.7817838099854579,3.9201827366654713,233.16045475779802,0.0
2018-11-27,0.7817838099854579,28.820148172762366,205.1220903950211,0.0
2018-11-28,0.7817838099854579,28.918928878595214,176.98494532641135,0.0
2018-11-29,0.7817838099854579,8.433027789319631,169.33370134707718,0.0
2018-11-30,0.7817838099854579,30.33397520437329,139.78150995268936,0.0
2018-12-01,0.7817838099854579,0.9261114788313767,139.63718228384343,0.0
2018-12-02,0.7817838099854579,0.0,140.41896609382889,0.0
2018-12-03,0.6431924381968007,0.001142414896201123,141.06101611712947,0.0
2018-12-04,0.6431924381968007,7.232114647195066,134.4720939081312,0.0
2018-12-05,0.6431924381968007,0.6643467483690279,134.45093959795895,0.0
2018-12-06,0.6431924381968007,0.0,135.09413203615574,0.0
2018-12-07,0.6431924381968007,0.0,135.73732447435253,0.0
2018-12-08,0.6431924381968007,0.001142414896201123,136.37937449765312,0.0
2018-12-09,0.6431924381968007,1.2161114378241193,135.8064554980258,0.0
2018-12-10,0.6431924381968007,0.0,136.4496479362226,0.0
2018-12-11,0.5803048957828404,0.003074303425087279,137.02687852858034,0.0
2018-12-12,0.5803048957828404,0.0,137.60718342436317,0.0
2018-12-13,0.5803048957828404,0.3547801803912817,137.83270813975471,0.0
2018-12-14,0.5803048957828404,13.896640827781276,124.51637220775626,0.0
2018-12-15,0.5803048957828404,21.69256028449941,103.4041168190397,0.0
2018-12-16,0.5803048957828404,28.703579642824337,75.28084207199821,0.0
2018-12-17,0.5803048957828404,2.500708990052757,73.3604379777283,0.0
2018-12-18,0.5803048957828404,10.36699052934676,63.57375234416438,0.0
2018-12-19,0.5803170140571983,0.5326780328994194,63.62139132532216,0.0
2018-12-20,0.5803170140571983,7.884191972183368,56.317516367195985,0.0
2018-12-21,0.5803170140571983,1.083690413380555,55.814142967872634,0.0
2018-12-22,0.5803170140571983,0.0022074302987140763,56.392252551631124,0.0
2018-12-23,0.5803170140571983,4.751659483363384,52.22091008232494,0.0
2018-12-24,0.5803170140571983,17.6418169452679,35.159410151114244,0.0
2018-12-25,0.5803170140571983,0.06844891581811216,35.671278249353335,0.0
2018-12-26,0.5803170140571983,0.0,36.251595263410536,0.0
2018-12-27,0.5695768298594276,0.001142414896201123,36.820029678373764,0.0
2018-12-28,0.5695768298594276,0.0,37.38960650823319,0.0
2018-12-29,0.5695768298594276,0.0,37.95918333809262,0.0
2018-12-30,0.5695768298594276,0.0,38.52876016795205,0.0
2018-12-31,0.5695768298594276,0.0,39.09833699781148,0.0
2019-01-01,0.6515254483761511,0.0,39.74986244618763,0.0
2019-01-02,0.6515254483761511,0.0,40.401387894563776,0.0
2019-01-03,0.6515254483761511,0.0,41.052913342939924,0.0
2019-01-04,0.6515254483761511,2.020712067468247,39.683726723847826,0.0
2019-01-05,0.6515254483761511,18.689473615711318,21.645778556512656,0.0
2019-01-06,0.6515254483761511,56.47957612265004,0.0,34.18227211776123
2019-01-07,0.6515254483761511,0.7028390224504028,0.0,0.05131357407425163
2019-01-08,0.6515254483761511,27.711117080121582,0.0,27.05959163174543
2019-01-09,0.6572656325739216,2.7856161579628105,0.0,2.128350525388889
2019-01-10,0.6572656325739216,0.0,0.6572656325739216,0.0
2019-01-11,0.6572656325739216,13.326253734505952,0.0,12.011722469358109
2019-01-12,0.6572656325739216,0.0,0.6572656325739216,0.0
2019-01-13,0.6572656325739216,0.0,1.3145312651478431,0.0
2019-01-14,0.6572656325739216,4.347148625843296,0.0,2.3753517281215313
2019-01-15,0.6572656325739216,23.063814487988736,0.0,22.406548855414815
2019-01-16,0.6572656325739216,52.505616167381454,0.0,51.84835053480753
2019-01-17,0.765142026175473,5.556854380911718,0.0,4.791712354736244
2019-01-18,0.765142026175473,3.2646346623683486,0.0,2.4994926361928758
2019-01-19,0.765142026175473,16.123030824926982,0.0,15.357888798751508
2019-01-20,0.765142026175473,8.497009354110101,0.0,7.731867327934628
2019-01-21,0.765142026175473,0.0,0.765142026175473,0.0
2019-01-22,0.765142026175473,0.0,1.530284052350946,0.0
2019-01-23,0.765142026175473,0.0,2.295426078526419,0.0
2019-01-24,0.765142026175473,0.0,3.060568104701892,0.0
2019-01-25,0.837104217159476,0.0,3.897672321861368,0.0
2019-01-26,0.837104217159476,0.0,4.734776539020844,0.0
2019-01-27,0.837104217159476,0.0,5.57188075618032,0.0
2019-01-28,0.837104217159476,0.0,6.4089849733397966,0.0
2019-01-29,0.837104217159476,0.0,7.246089190499273,0.0
2019-01-30,0.837104217159476,10.675256983045454,0.0,2.592063575386705
2019-01-31,0.837104217159476,0.4642259980041544,0.3728782191553216,0.0
2019-02-01,0.837104217159476,45.489408758771674,0.0,44.27942632245688
2019-02-02,0.8926868637905965,7.315420916944095,0.0,6.422734053153499
2019-02-03,0.8926868637905965,33.5116650844137,0.0,32.618978220623106
2019-02-04,0.8926868637905965,9.769052670836079,0.0,8.876365807045483
2019-02-05,0.8926868637905965,0.1246099105975576,0.7680769531930389,0.0
2019-02-06,0.8926868637905965,0.0,1.6607638169836354,0.0
2019-02-07,0.8926868637905965,0.0,2.553450680774232,0.0
2019-02-08,0.8926868637905965,17.613560018155592,0.0,14.167422473590765
2019-02-09,0.8926868637905965,11.14080787812224,0.0,10.248121014331645
2019-02-10,1.0903979641299077,0.07936532804655953,1.0110326360833481,0.0
2019-02-11,1.0903979641299077,3.4895571879927223,0.0,1.3881265877794666
2019-02-12,1.0903979641299077,80.65287421731387,0.0,79.56247625318396
2019-02-13,1.0903979641299077,80.76530604170571,0.0,79.67490807757581
2019-02-14,1.0903979641299077,25.47216671686792,0.0,24.38176875273801
2019-02-15,1.0903979641299077,10.943681250415716,0.0,9.853283286285809
2019-02-16,1.0903979641299077,3.959467538000998,0.0,2.8690695738710903
2019-02-17,1.0903979641299077,0.0,1.0903979641299077,0.0
2019-02-18,1.2035952496364508,0.0,2.293993213766359,0.0
2019-02-19,1.2035952496364508,0.003814241465400247,3.4937742219374095,0.0
2019-02-20,1.2035952496364508,0.0,4.69736947157386,0.0
2019-02-21,1.2035952496364508,0.0,5.900964721210311,0.0
2019-02-22,1.2035952496364508,0.0,7.104559970846762,0.0
2019-02-23,1.2035952496364508,0.0,8.308155220483213,0.0
2019-02-24,1.2035952496364508,1.4649659456114281,8.046784524508235,0.0
2019-02-25,1.2035952496364508,141.4659293915834,0.0,132.2155496174387
2019-02-26,1.2650581677169168,143.56346331144633,0.0,142.2984051437294
2019-02-27,1.2650581677169168,4.182473751044495,0.0,2.9174155833275783
2019-02-28,1.2650581677169168,0.0,1.2650581677169168,0.0
2019-03-01,1.2650581677169168,24.00933470002638,0.0,21.479218364592544
2019-03-02,1.2650581677169168,6.092430418858957,0.0,4.82737225114204
2019-03-03,1.2650581677169168,2.903851432327884,0.0,1.6387932646109673
2019-03-04,1.2650581677169168,1.594213612677512,0.0,0.3291554449605951
2019-03-05,1.2650581677169168,43.1910082696023,0.0,41.925950101885384
2019-03-06,1.3841405719825493,6.433284923388124,0.0,5.049144351405575
2019-03-07,1.3841405719825493,0.0,1.3841405719825493,0.0
2019-03-08,1.3841405719825493,16.512061866075257,0.0,13.74378072211016
2019-03-09,1.3841405719825493,20.074297654001334,0.0,18.690157082018786
2019-03-10,1.3841405719825493,3.0881485835686555,0.0,1.7040080115861063
2019-03-11,1.3841405719825493,0.0,1.3841405719825493,0.0
2019-03-12,1.3841405719825493,0.0,2.7682811439650985,0.0
2019-03-13,1.3841405719825493,0.0,4.152421715947648,0.0
2019-03-14,1.8249069316529318,0.0,5.97732864760058,0.0
2019-03-15,1.8249069316529318,0.0,7.802235579253512,0.0
2019-03-16,1.8249069316529318,0.0,9.627142510906443,0.0
2019-03-17,1.8249069316529318,0.0,11.452049442559375,0.0
2019-03-18,1.8249069316529318,0.0,13.276956374212306,0.0
2019-03-19,1.8249069316529318,11.856628671888226,3.2452346339770113,0.0
2019-03-20,1.8249069316529318,10.879628491475483,0.0,5.8094869258455395
2019-03-21,1.8249069316529318,3.391263228820942,0.0,1.5663562971680103
2019-03-22,1.5697993213766352,56.18038618011002,0.0,54.610586858733384
2019-03-23,1.5697993213766352,0.0,1.5697993213766352,0.0
2019-03-24,1.5697993213766352,0.6962352965096293,2.443363346243641,0.0
2019-03-25,1.5697993213766352,22.196386549864023,0.0,18.183223882243745
2019-03-26,1.5697993213766352,15.602730281581819,0.0,14.032930960205183
2019-03-27,1.5697993213766352,8.18541484572939,0.0,6.615615524352755
2019-03-28,1.5697993213766352,27.446052681181822,0.0,25.876253359805187
2019-03-29,1.5697993213766352,1.2233931844817594,0.34640613689487587,0.0
2019-03-30,1.4679718856034902,0.0,1.814378022498366,0.0
2019-03-31,1.4679718856034902,0.0,3.2823499081018563,0.0
2019-04-01,1.4679718856034902,0.6736996959975629,4.076622097707784,0.0
2019-04-02,1.4679718856034902,1.35283284733539,4.191761135975884,0.0
2019-04-03,1.4679718856034902,1.5998544894135767,4.059878532165798,0.0
2019-04-04,1.4679718856034902,16.1455822286222,0.0,10.617731810852911
2019-04-05,1.4679718856034902,9.756349922333706,0.0,8.288378036730217
2019-04-06,1.4679718856034902,9.532371526901196,0.0,8.064399641297706
2019-04-07,1.9841483276781373,0.40137461529058566,1.5827737123875516,0.0
2019-04-08,1.9841483276781373,6.677278531225104,0.0,3.1103564911594153
2019-04-09,1.9841483276781373,0.0,1.9841483276781373,0.0
2019-04-10,1.9841483276781373,0.0,3.9682966553562746,0.0
2019-04-11,1.9841483276781373,0.0,5.952444983034412,0.0
2019-04-12,1.9841483276781373,0.0,7.936593310712549,0.0
2019-04-13,1.9841483276781373,0.0,9.920741638390687,0.0
2019-04-14,1.9841483276781373,0.24802167244664977,11.656868293622177,0.0
2019-04-15,2.379562772661172,10.295733688047426,3.7406973782359234,0.0
2019-04-16,2.379562772661172,0.0,6.120260150897096,0.0
2019-04-17,2.379562772661172,0.0,8.499822923558268,0.0
2019-04-18,2.379562772661172,0.0,10.87938569621944,0.0
2019-04-19,2.379562772661172,0.0,13.258948468880613,0.0
2019-04-20,2.379562772661172,0.0,15.638511241541785,0.0
2019-04-21,2.379562772661172,0.0,18.018074014202956,0.0
2019-04-22,2.379562772661172,0.0,20.397636786864126,0.0
2019-04-23,2.7858982064953963,0.0,23.183534993359523,0.0
2019-04-24,2.7858982064953963,0.0,25.96943319985492,0.0
2019-04-25,2.7858982064953963,0.0,28.755331406350315,0.0
2019-04-26,2.7858982064953963,0.0,31.54122961284571,0.0
2019-04-27,2.7858982064953963,0.0,34.32712781934111,0.0
2019-04-28,2.7858982064953963,0.0,37.113026025836504,0.0
2019-04-29,2.7858982064953963,0.0,39.8989242323319,0.0
2019-04-30,2.7858982064953963,0.0,42.6848224388273,0.0
2019-05-01,2.116682501211827,0.0,44.80150494003912,0.0
2019-05-02,2.116682501211827,0.0,46.91818744125095,0.0
2019-05-03,2.116682501211827,0.0,49.03486994246278,0.0
2019-05-04,2.116682501211827,0.0,51.1515524436746,0.0
2019-05-05,2.116682501211827,0.143535603633606,53.12469934125282,0.0
2019-05-06,2.116682501211827,0.0,55.24138184246465,0.0
2019-05-07,2.116682501211827,0.0,57.358064343676475,0.0
2019-05-08,2.116682501211827,0.2953529406062128,59.17939390428209,0.0
2019-05-09,2.1697581192438196,0.0,61.3491520235259,0.0
2019-05-10,2.1697581192438196,0.0,63.51891014276972,0.0
2019-05-11,2.1697581192438196,0.0,65.68866826201354,0.0
2019-05-12,2.1697581192438196,0.0,67.85842638125736,0.0
2019-05-13,2.1697581192438196,0.0,70.02818450050118,0.0
2019-05-14,2.1697581192438196,10.972671739088122,61.225270880656886,0.0
2019-05-15,2.1697581192438196,44.60664763317757,18.78838136672313,0.0
2019-05-16,2.1697581192438196,17.825340273948644,3.1327992120183055,0.0
2019-05-17,2.006278720310227,4.531869861040691,0.6072080712878423,0.0
2019-05-18,2.006278720310227,40.648839732072666,0.0,38.035352940474596
2019-05-19,2.006278720310227,7.1812600558018165,0.0,5.174981335491589
2019-05-20,2.006278720310227,7.3908266999035055,0.0,5.384547979593279
2019-05-21,2.006278720310227,1.8260804769055392,0.18019824340468782,0.0
2019-05-22,2.006278720310227,0.0,2.186476963714915,0.0
2019-05-23,2.006278720310227,0.0,4.192755684025142,0.0
2019-05-24,2.006278720310227,0.0,6.19903440433537,0.0
2019-05-25,2.194990790111487,0.0,8.394025194446858,0.0
2019-05-26,2.194990790111487,1.3396377970375142,9.24937818752083,0.0
2019-05-27,2.194990790111487,0.0,11.444368977632315,0.0
2019-05-28,2.194990790111487,0.0,13.639359767743802,0.0
2019-05-29,2.194990790111487,0.0,15.834350557855288,0.0
2019-05-30,2.194990790111487,0.0,18.029341347966774,0.0
2019-05-31,2.194990790111487,0.0,20.22433213807826,0.0
2019-06-01,2.194990790111487,0.224452010710542,22.194870917479204,0.0
2019-06-02,3.2654847309743107,0.0,25.460355648453515,0.0
2019-06-03,3.2654847309743107,0.0,28.725840379427826,0.0
2019-06-04,3.2654847309743107,0.0,31.991325110402137,0.0
2019-06-05,3.2654847309743107,0.0,35.256809841376445,0.0
2019-06-06,3.2654847309743107,0.0,38.52229457235075,0.0
2019-06-07,3.2654847309743107,0.0,41.78777930332506,0.0
2019-06-08,3.2654847309743107,0.0,45.05326403429937,0.0
2019-06-09,3.2654847309743107,0.0,48.318748765273675,0.0
2019-06-10,3.5350096946194856,0.0,51.85375845989316,0.0
2019-06-11,3.5350096946194856,0.0,55.38876815451264,0.0
2019-06-12,3.5350096946194856,0.0,58.92377784913212,0.0
2019-06-13,3.5350096946194856,0.0,62.458787543751605,0.0
2019-06-14,3.5350096946194856,0.0,65.99379723837109,0.0
2019-06-15,3.5350096946194856,0.0,69.52880693299058,0.0
2019-06-16,3.5350096946194856,0.0,73.06381662761007,0.0
2019-06-17,3.5350096946194856,0.0,76.59882632222956,0.0
2019-06-18,2.6627140087251555,0.005888544830375411,79.25565178612435,0.0
2019-06-19,2.6627140087251555,0.003473684220537312,81.91489211062897,0.0
2019-06-20,2.6627140087251555,0.0,84.57760611935413,0.0
2019-06-21,2.6627140087251555,0.0,87.24032012807929,0.0
2019-06-22,2.6627140087251555,0.0,89.90303413680445,0.0
2019-06-23,2.6627140087251555,0.0,92.56574814552961,0.0
2019-06-24,2.6627140087251555,0.0,95.22846215425477,0.0
2019-06-25,2.6627140087251555,0.0,97.89117616297993,0.0
2019-06-26,2.2402515753756655,0.0,100.1314277383556,0.0
2019-06-27,2.2402515753756655,0.0,102.37167931373126,0.0
2019-06-28,2.2402515753756655,0.0,104.61193088910693,0.0
2019-06-29,2.2402515753756655,0.0,106.8521824644826,0.0
2019-06-30,2.2402515753756655,0.0,109.09243403985826,0.0
2019-07-01,2.2402515753756655,0.0,111.33268561523393,0.0
2019-07-02,2.2402515753756655,0.0,113.5729371906096,0.0
2019-07-03,2.2402515753756655,0.0,115.81318876598526,0.0
2019-07-04,2.2250625302956863,0.0,118.03825129628095,0.0
2019-07-05,2.2250625302956863,0.0,120.26331382657663,0.0
2019-07-06,2.2250625302956863,0.0,122.48837635687232,0.0
2019-07-07,2.2250625302956863,0.0,124.71343888716801,0.0
2019-07-08,2.2250625302956863,0.0,126.9385014174637,0.0
2019-07-09,2.2250625302956863,0.0,129.16356394775937,0.0
2019-07-10,2.2250625302956863,0.0,131.38862647805504,0.0
2019-07-11,2.2250625302956863,0.0,133.61368900835072,0.0
2019-07-12,2.4930916141541433,0.0,136.10678062250486,0.0
2019-07-13,2.4930916141541433,0.0,138.599872236659,0.0
2019-07-14,2.4930916141541433,0.0,141.09296385081313,0.0
2019-07-15,2.4930916141541433,0.0,143.58605546496727,0.0
2019-07-16,2.4930916141541433,0.0,146.0791470791214,0.0
2019-07-17,2.4930916141541433,0.0,148.57223869327555,0.0
2019-07-18,2.4930916141541433,0.0,151.0653303074297,0.0
2019-07-19,2.4930916141541433,0.013668730693520405,153.5447531908903,0.0
2019-07-20,2.5654411051866215,0.0,156.1101942960769,0.0
2019-07-21,2.5654411051866215,0.0,158.67563540126352,0.0
2019-07-22,2.5654411051866215,0.0,161.24107650645013,0.0
2019-07-23,2.5654411051866215,0.0,163.80651761163674,0.0
2019-07-24,2.5654411051866215,0.0,166.37195871682334,0.0
2019-07-25,2.5654411051866215,0.0,168.93739982200995,0.0
2019-07-26,2.5654411051866215,0.0,171.50284092719656,0.0
2019-07-27,2.5654411051866215,0.0,174.06828203238317,0.0
2019-07-28,2.4265685894328635,0.0,176.49485062181603,0.0
2019-07-29,2.4265685894328635,0.0,178.9214192112489,0.0
2019-07-30,2.4265685894328635,0.0,181.34798780068175,0.0
2019-07-31,2.4265685894328635,0.0,183.7745563901146,0.0
2019-08-01,2.4265685894328635,0.0,186.20112497954747,0.0
2019-08-02,2.4265685894328635,0.0,188.62769356898033,0.0
2019-08-03,2.4265685894328635,0.0,191.0542621584132,0.0
2019-08-04,2.4265685894328635,0.0,193.48083074784606,0.0
2019-08-05,2.201470673776054,0.0,195.6823014216221,0.0
2019-08-06,2.201470673776054,0.0,197.88377209539814,0.0
2019-08-07,2.201470673776054,0.0,200.0852427691742,0.0
2019-08-08,2.201470673776054,0.0,202.28671344295023,0.0
2019-08-09,2.201470673776054,0.0,204.48818411672627,0.0
2019-08-10,2.201470673776054,0.0,206.68965479050232,0.0
2019-08-11,2.201470673776054,0.0,208.89112546427836,0.0
2019-08-12,2.201470673776054,0.0,211.0925961380544,0.0
2019-08-13,2.4975172079495875,0.0,213.590113346004,0.0
2019-08-14,2.4975172079495875,0.0,216.08763055395357,0.0
2019-08-15,2.4975172079495875,0.0,218.58514776190316,0.0
2019-08-16,2.4975172079495875,0.0,221.08266496985274,0.0
2019-08-17,2.4975172079495875,0.0,223.58018217780233,0.0
2019-08-18,2.4975172079495875,0.0,226.0776993857519,0.0
2019-08-19,2.4975172079495875,0.0,228.5752165937015,0.0
2019-08-20,2.4975172079495875,0.0,231.07273380165108,0.0
2019-08-21,2.193112942317014,0.0,233.2658467439681,0.0
2019-08-22,2.193112942317014,0.0,235.4589596862851,0.0
2019-08-23,2.193112942317014,0.5856470565308727,237.06642557207127,0.0
2019-08-24,2.193112942317014,0.0,239.25953851438828,0.0
2019-08-25,2.193112942317014,0.0,241.4526514567053,0.0
2019-08-26,2.193112942317014,0.0,243.6457643990223,0.0
2019-08-27,2.193112942317014,0.0,245.83887734133933,0.0
2019-08-28,2.193112942317014,0.0,248.03199028365634,0.0
2019-08-29,2.1757261269995154,0.0,250.20771641065585,0.0
2019-08-30,2.1757261269995154,0.0,252.38344253765536,0.0
2019-08-31,2.1757261269995154,0.0,254.55916866465486,0.0
2019-09-01,2.1757261269995154,0.0,256.73489479165437,0.0
2019-09-02,2.1757261269995154,0.0,258.9106209186539,0.0
2019-09-03,2.1757261269995154,0.0,261.0863470456534,0.0
2019-09-04,2.1757261269995154,0.0,263.2620731726529,0.0
2019-09-05,2.1757261269995154,0.0013993808807914745,265.4363999187716,0.0
2019-09-06,1.9473902084343184,0.0038823528711225586,267.3799077743348,0.0
2019-09-07,1.9473902084343184,0.0,269.32729798276915,0.0
2019-09-08,1.9473902084343184,0.0,271.2746881912035,0.0
2019-09-09,1.9473902084343184,0.0,273.22207839963784,0.0
2019-09-10,1.9473902084343184,0.0,275.1694686080722,0.0
2019-09-11,1.9473902084343184,0.0,277.1168588165065,0.0
2019-09-12,1.9473902084343184,0.0,279.06424902494086,0.0
2019-09-13,1.9473902084343184,0.0,281.0116392333752,0.0
2019-09-14,1.9112413960252055,0.0,282.9228806294004,0.0
2019-09-15,1.9112413960252055,2.0717708920546727,282.762351133371,0.0
2019-09-16,1.9112413960252055,0.0,284.6735925293962,0.0
2019-09-17,1.9112413960252055,2.9024055878813413,283.6824283375401,0.0
2019-09-18,1.9112413960252055,0.0,285.5936697335653,0.0
2019-09-19,1.9112413960252055,0.0,287.50491112959054,0.0
2019-09-20,1.9112413960252055,0.0,289.41615252561576,0.0
2019-09-21,1.9112413960252055,0.0,291.327393921641,0.0
2019-09-22,1.8619830344158983,0.0,293.1893769560569,0.0
2019-09-23,1.8619830344158983,0.0,295.0513599904728,0.0
2019-09-24,1.8619830344158983,0.0,296.9133430248887,0.0
2019-09-25,1.8619830344158983,0.0,298.77532605930463,0.0
2019-09-26,1.8619830344158983,0.3602352976934528,300.2770737960271,0.0
2019-09-27,1.8619830344158983,0.004681114695574107,302.1343757157474,0.0
2019-09-28,1.8619830344158983,0.0,303.9963587501633,0.0
2019-09-29,1.8619830344158983,0.31162229790453194,305.5467194866747,0.0
2019-09-30,1.6368269510421705,0.0,307.18354643771687,0.0
2019-10-01,1.6368269510421705,0.0,308.82037338875904,0.0
2019-10-02,1.6368269510421705,0.0,310.4572003398012,0.0
2019-10-03,1.6368269510421705,0.0,312.09402729084337,0.0
2019-10-04,1.6368269510421705,0.0,313.73085424188554,0.0
2019-10-05,1.6368269510421705,0.0,315.3676811929277,0.0
2019-10-06,1.6368269510421705,0.0,317.0045081439699,0.0
2019-10-07,1.6368269510421705,0.0,318.64133509501204,0.0
2019-10-08,1.6390741638390682,0.0,320.2804092588511,0.0
2019-10-09,1.6390741638390682,0.0,321.9194834226901,0.0
2019-10-10,1.6390741638390682,0.0,323.55855758652916,0.0
2019-10-11,1.6390741638390682,0.0,325.1976317503682,0.0
2019-10-12,1.6390741638390682,0.0,326.83670591420724,0.0
2019-10-13,1.6390741638390682,0.0,328.4757800780463,0.0
2019-10-14,1.6390741638390682,0.0,330.1148542418853,0.0
2019-10-15,1.6390741638390682,0.0,331.75392840572437,0.0
2019-10-16,1.307948133785749,0.18053251062591932,332.8813440288842,0.0
2019-10-17,1.307948133785749,0.0,334.18929216267,0.0
2019-10-18,1.307948133785749,0.00886068118868782,335.48837961526704,0.0
2019-10-19,1.307948133785749,1.1693684344321211,335.6269593146207,0.0
2019-10-20,1.307948133785749,0.0,336.9349074484065,0.0
2019-10-21,1.307948133785749,0.0,338.24285558219225,0.0
2019-10-22,1.307948133785749,0.0,339.550803715978,0.0
2019-10-23,1.307948133785749,0.0,340.8587518497638,0.0
2019-10-24,1.5140887057682983,0.0,342.3728405555321,0.0
2019-10-25,1.5140887057682983,0.0,343.8869292613004,0.0
2019-10-26,1.5140887057682983,0.0,345.4010179670687,0.0
2019-10-27,1.5140887057682983,0.0,346.915106672837,0.0
2019-10-28,1.5140887057682983,0.0,348.4291953786053,0.0
2019-10-29,1.5140887057682983,0.0,349.9432840843736,0.0
2019-10-30,1.5140887057682983,0.0,351.4573727901419,0.0
2019-10-31,1.5140887057682983,0.0,352.9714614959102,0.0
2019-11-01,1.0545138148327675,0.0,354.025975310743,0.0
2019-11-02,1.0545138148327675,0.0,355.08048912557575,0.0
2019-11-03,1.0545138148327675,0.0,356.1350029404085,0.0
2019-11-04,1.0545138148327675,0.0,357.1895167552413,0.0
2019-11-05,1.0545138148327675,0.0,358.2440305700741,0.0
2019-11-06,1.0545138148327675,0.0,359.29854438490685,0.0
2019-11-07,1.0545138148327675,0.001359133121208648,360.35169906661844,0.0
2019-11-08,1.0545138148327675,0.0,361.4062128814512,0.0
2019-11-09,0.7715899175957341,0.001547987616099071,362.17625481143085,0.0
2019-11-10,0.7715899175957341,0.0,362.9478447290266,0.0
2019-11-11,0.7715899175957341,0.0,363.71943464662235,0.0
2019-11-12,0.7715899175957341,0.0,364.4910245642181,0.0
2019-11-13,0.7715899175957341,0.05109597669248311,365.2115185051214,0.0
2019-11-14,0.7715899175957341,0.028702786685351058,365.95440563603177,0.0
2019-11-15,0.7715899175957341,0.0,366.7259955536275,0.0
2019-11-16,0.7715899175957341,0.0,367.49758547122326,0.0
2019-11-17,0.8407455162384875,0.0,368.33833098746175,0.0
2019-11-18,0.8407455162384875,0.0,369.17907650370023,0.0
2019-11-19,0.8407455162384875,0.0,370.0198220199387,0.0
2019-11-20,0.8407455162384875,0.0,370.8605675361772,0.0
2019-11-21,0.8407455162384875,0.0,371.7013130524157,0.0
2019-11-22,0.8407455162384875,0.0,372.54205856865417,0.0
2019-11-23,0.8407455162384875,0.0,373.38280408489265,0.0
2019-11-24,0.8407455162384875,0.0,374.22354960113114,0.0
2019-11-25,0.7761522055259329,0.464241489479693,374.53546031717735,0.0
2019-11-26,0.7761522055259329,39.120510343427625,336.1911021792757,0.0
2019-11-27,0.7761522055259329,0.13291641099280432,336.83433797380883,0.0
2019-11-28,0.7761522055259329,0.0,337.61049017933476,0.0
2019-11-29,0.7761522055259329,2.668356023890315,335.71828636097035,0.0
2019-11-30,0.7761522055259329,63.88948460629111,272.6049539602052,0.0
2019-12-01,0.7761522055259329,59.11019259709692,214.2709135686342,0.0
2019-12-02,0.7761522055259329,4.786306569450779,210.26075920470936,0.0
2019-12-03,0.6419432864760056,2.9154118199835612,207.98729067120178,0.0
2019-12-04,0.6419432864760056,9.00177729904836,199.6274566586294,0.0
2019-12-05,0.6419432864760056,4.1559596976997675,196.11344024740563,0.0
2019-12-06,0.6419432864760056,37.61463983140124,159.1407437024804,0.0
2019-12-07,0.6419432864760056,29.701541472514712,130.08114551644167,0.0
2019-12-08,0.6419432864760056,0.37644272161526576,130.3466460813024,0.0
2019-12-09,0.6419432864760056,0.7149721482313084,130.27361721954708,0.0
2019-12-10,0.6419432864760056,15.367244643692628,115.54831586233044,0.0
2019-12-11,0.5821997091614155,12.563641099368823,103.56687447212303,0.0
2019-12-12,0.5821997091614155,0.7866470599691194,103.36242712131533,0.0
2019-12-13,0.5821997091614155,5.702408738180579,98.24221809229617,0.0
2019-12-14,0.5821997091614155,0.8924396460336679,97.93197815542392,0.0
2019-12-15,0.5821997091614155,0.0020835913051692506,98.51209427328017,0.0
2019-12-16,0.5821997091614155,0.0,99.09429398244158,0.0
2019-12-17,0.5821997091614155,19.076745656252644,80.59974803535036,0.0
2019-12-18,0.5821997091614155,15.57459767167413,65.60735007283765,0.0
2019-12-19,0.5504517692680561,3.807328162547604,62.35047367955809,0.0
2019-12-20,0.5504517692680561,0.0003343653409589001,62.90059108348519,0.0
2019-12-21,0.5504517692680561,12.765492244401582,50.68555060835166,0.0
2019-12-22,0.5504517692680561,1.8689505146014798,49.36705186301824,0.0
2019-12-23,0.5504517692680561,0.0,49.9175036322863,0.0
2019-12-24,0.5504517692680561,9.233427162879021,41.23452823867534,0.0
2019-12-25,0.5504517692680561,0.0014922601421689468,41.783487747801225,0.0
2019-12-26,0.5504517692680561,0.0,42.33393951706928,0.0
2019-12-27,0.6898046534173531,0.0013312693287390672,43.0224129011579,0.0
2019-12-28,0.6898046534173531,1.7335387331321142,41.97867882144314,0.0
2019-12-29,0.6898046534173531,25.03775850538129,17.630724969479203,0.0
2019-12-30,0.6898046534173531,0.0013312693287390672,18.31919835356782,0.0
2019-12-31,0.6898046534173531,0.03334984473953305,18.975653162245642,0.0
2020-01-01,0.6152685409597672,0.0,19.59092170320541,0.0
2020-01-02,0.6152685409597672,0.0,20.206190244165178,0.0
2020-01-03,0.6152685409597672,3.940260010976171,16.881198774148775,0.0
2020-01-04,0.6152685409597672,0.0021919504200157364,17.494275364688527,0.0
2020-01-05,0.6152685409597672,0.0,18.109543905648295,0.0
2020-01-06,0.6152685409597672,0.018461300104844956,18.706351146503216,0.0
2020-01-07,0.6152685409597672,3.0617864279555085,16.259833259507477,0.0
2020-01-08,0.6152685409597672,7.6180772441828575,9.257024556284389,0.0
2020-01-09,0.6393024721279692,1.5479876896245373e-05,9.896311548535461,0.0
2020-01-10,0.6393024721279692,1.686040270808311,8.84957374985512,0.0
2020-01-11,0.6393024721279692,0.0005789473865486842,9.48829727459654,0.0
2020-01-12,0.6393024721279692,2.108674944369785,8.018924802354725,0.0
2020-01-13,0.6393024721279692,7.539641051100502,1.1185862233821924,0.0
2020-01-14,0.6393024721279692,0.4789597536941799,1.2789289418159817,0.0
2020-01-15,0.6393024721279692,17.96167489397267,0.0,16.04344348002872
2020-01-16,0.6393024721279692,11.755294114812607,0.0,11.115991642684637
2020-01-17,0.6291972855065437,0.0,0.6291972855065437,0.0
2020-01-18,0.6291972855065437,0.0,1.2583945710130875,0.0
2020-01-19,0.6291972855065437,0.0,1.8875918565196312,0.0
2020-01-20,0.6291972855065437,12.088058666548122,0.0,9.571269524521947
2020-01-21,0.6291972855065437,19.58848925788336,0.0,18.959291972376818
2020-01-22,0.6291972855065437,0.0,0.6291972855065437,0.0
2020-01-23,0.6291972855065437,0.27179875952875,0.9865958114843375,0.0
2020-01-24,0.6291972855065437,1.3691238330982785,0.24666926389260269,0.0
2020-01-25,0.8844493456131844,14.03055077071529,0.0,12.899432161209504
2020-01-26,0.8844493456131844,0.8290588519890609,0.055390493624123516,0.0
2020-01-27,0.8844493456131844,3.877959743372795,0.0,2.938119904135487
2020-01-28,0.8844493456131844,3.8132909813163445,0.0,2.92884163570316
2020-01-29,0.8844493456131844,0.0005789473865486842,0.8838703982266357,0.0
2020-01-30,0.8844493456131844,0.0005789473865486842,1.7677407964532714,0.0
2020-01-31,0.8844493456131844,0.0002972136317224648,2.6518929284347337,0.0
2020-02-01,0.8844493456131844,0.0,3.536342274047918,0.0
2020-02-02,1.019281628696073,0.007229102216084304,4.548394800527907,0.0
2020-02-03,1.019281628696073,0.0,5.56767642922398,0.0
2020-02-04,1.019281628696073,0.0,6.586958057920054,0.0
2020-02-05,1.019281628696073,0.0,7.606239686616127,0.0
2020-02-06,1.019281628696073,0.0,8.6255213153122,0.0
2020-02-07,1.019281628696073,0.0002972136317224648,9.644505730376551,0.0
2020-02-08,1.019281628696073,0.0,10.663787359072623,0.0
2020-02-09,1.019281628696073,0.0,11.683068987768696,0.0
2020-02-10,1.3377149781871063,0.0,13.020783965955802,0.0
2020-02-11,1.3377149781871063,0.0,14.358498944142909,0.0
2020-02-12,1.3377149781871063,0.0,15.696213922330015,0.0
2020-02-13,1.3377149781871063,0.0,17.03392890051712,0.0
2020-02-14,1.3377149781871063,0.0,18.371643878704226,0.0
2020-02-15,1.3377149781871063,0.0,19.70935885689133,0.0
2020-02-16,1.3377149781871063,0.0,21.047073835078436,0.0
2020-02-17,1.3377149781871063,0.0,22.38478881326554,0.0
2020-02-18,1.4070853126514784,0.0,23.79187412591702,0.0
2020-02-19,1.4070853126514784,0.0,25.198959438568497,0.0
2020-02-20,1.4070853126514784,0.0,26.606044751219976,0.0
2020-02-21,1.4070853126514784,0.0,28.013130063871454,0.0
2020-02-22,1.4070853126514784,0.0,29.420215376522933,0.0
2020-02-23,1.4070853126514784,0.0,30.82730068917441,0.0
2020-02-24,1.4070853126514784,0.0,32.23438600182589,0.0
2020-02-25,1.4070853126514784,0.0,33.64147131447737,0.0
2020-02-26,1.3395841008240414,0.0,34.98105541530141,0.0
2020-02-27,1.3395841008240414,0.0,36.32063951612545,0.0
2020-02-28,1.3395841008240414,0.0,37.660223616949494,0.0
2020-02-29,1.3395841008240414,0.0,38.999807717773535,0.0
2020-03-01,1.3395841008240414,0.0,40.339391818597576,0.0
2020-03-02,1.3395841008240414,0.0,41.67897591942162,0.0
2020-03-03,1.3395841008240414,0.0,43.01856002024566,0.0
2020-03-04,1.3395841008240414,0.0,44.3581441210697,0.0
2020-03-05,1.301908385845855,1.4585727512282851,44.201479755687274,0.0
2020-03-06,1.301908385845855,3.4877182950176313,42.0156698465155,0.0
2020-03-07,1.301908385845855,2.4820680812047358,40.83551015115662,0.0
2020-03-08,1.301908385845855,0.0,42.137418537002475,0.0
2020-03-09,1.301908385845855,0.0,43.43932692284833,0.0
2020-03-10,1.301908385845855,0.0,44.741235308694186,0.0
2020-03-11,1.301908385845855,0.0,46.04314369454004,0.0
2020-03-12,1.301908385845855,0.0,47.3450520803859,0.0
2020-03-13,1.3079820649539502,3.4483560482414877,45.20467809709836,0.0
2020-03-14,1.3079820649539502,6.9333436038841025,39.5793165581682,0.0
2020-03-15,1.3079820649539502,1.7521238175708072,39.135174805551344,0.0
2020-03-16,1.3079820649539502,0.0034674921825574275,40.43968937832273,0.0
2020-03-17,1.3079820649539502,3.76425077302537,37.98342067025131,0.0
2020-03-18,1.3079820649539502,1.8113715515786277,37.48003118362663,0.0
2020-03-19,1.3079820649539502,0.0,38.788013248580576,0.0
2020-03-20,1.3079820649539502,0.0,40.09599531353452,0.0
2020-03-21,1.4973877847794468,0.0,41.59338309831397,0.0
2020-03-22,1.4973877847794468,0.8271176412747739,42.263653241818645,0.0
2020-03-23,1.4973877847794468,8.514473754186008,35.246567272412086,0.0
2020-03-24,1.4973877847794468,4.010650220670198,32.733304836521334,0.0
2020-03-25,1.4973877847794468,2.540204405784606,31.690488215516176,0.0
2020-03-26,1.4973877847794468,0.0,33.187876000295624,0.0
2020-03-27,1.4973877847794468,1.5729101944264978,33.112353590648574,0.0
2020-03-28,1.4973877847794468,5.107083512533561,29.502657862894463,0.0
2020-03-29,1.6330266602035866,7.668520215126012,23.467164307972038,0.0
2020-03-30,1.6330266602035866,1.0227213471637024,24.07746962101192,0.0
2020-03-31,1.6330266602035866,0.0011021672115854387,25.709394114003924,0.0
2020-04-01,1.6330266602035866,0.0,27.34242077420751,0.0
2020-04-02,1.6330266602035866,0.0,28.975447434411098,0.0
2020-04-03,1.6330266602035866,2.605597461155693,28.002876633458992,0.0
2020-04-04,1.6330266602035866,25.017950164275273,4.617953129387306,0.0
2020-04-05,1.6330266602035866,4.020399362310167,2.230580427280726,0.0
2020-04-06,1.666091614154144,1.601408670930301,2.2952633705045695,0.0
2020-04-07,1.666091614154144,0.0,3.9613549846587137,0.0
2020-04-08,1.666091614154144,0.4477801762821134,5.179666422530745,0.0
2020-04-09,1.666091614154144,0.000820433419275648,6.844937603265613,0.0
2020-04-10,1.666091614154144,0.0,8.511029217419757,0.0
2020-04-11,1.666091614154144,0.000820433419275648,10.176300398154625,0.0
2020-04-12,1.666091614154144,0.2672662518272643,11.575125760481505,0.0
2020-04-13,1.666091614154144,0.0,13.24121737463565,0.0
2020-04-14,2.0347169171110036,0.0,15.275934291746653,0.0
2020-04-15,2.0347169171110036,0.0,17.310651208857657,0.0
2020-04-16,2.0347169171110036,0.0,19.345368125968662,0.0
2020-04-17,2.0347169171110036,0.0,21.380085043079667,0.0
2020-04-18,2.0347169171110036,0.0,23.414801960190673,0.0
2020-04-19,2.0347169171110036,0.0,25.449518877301678,0.0
2020-04-20,2.0347169171110036,0.0,27.484235794412683,0.0
2020-04-21,2.0347169171110036,0.0,29.51895271152369,0.0
2020-04-22,2.7935724672806583,0.0,32.31252517880435,0.0
2020-04-23,2.7935724672806583,0.0,35.10609764608501,0.0
2020-04-24,2.7935724672806583,0.0,37.89967011336567,0.0
2020-04-25,2.7935724672806583,0.0,40.693242580646334,0.0
2020-04-26,2.7935724672806583,0.0,43.486815047926996,0.0
2020-04-27,2.7935724672806583,0.0,46.28038751520766,0.0
2020-04-28,2.7935724672806583,0.0,49.07395998248832,0.0
2020-04-29,2.7935724672806583,0.0,51.86753244976898,0.0
2020-04-30,2.1649491032476984,0.0,54.03248155301668,0.0
2020-05-01,2.1649491032476984,0.0,56.19743065626438,0.0
2020-05-02,2.1649491032476984,0.566334353432264,57.79604540607982,0.0
2020-05-03,2.1649491032476984,0.0,59.96099450932752,0.0
2020-05-04,2.1649491032476984,0.0,62.12594361257522,0.0
2020-05-05,2.1649491032476984,0.0,64.29089271582292,0.0
2020-05-06,2.1649491032476984,0.0,66.45584181907061,0.0
2020-05-07,2.1649491032476984,0.0,68.6207909223183,0.0
2020-05-08,2.081642268540959,0.0,70.70243319085927,0.0
2020-05-09,2.081642268540959,0.000820433419275648,72.78325502598095,0.0
2020-05-10,2.081642268540959,0.45435293244872654,74.41054436207318,0.0
2020-05-11,2.081642268540959,13.839229391824352,62.65295723878979,0.0
2020-05-12,2.081642268540959,1.484018564962381,63.25058094236836,0.0
2020-05-13,2.081642268540959,3.4619473768830664,61.87027583402625,0.0
2020-05-14,2.081642268540959,1.976687328365196,61.97523077420202,0.0
2020-05-15,2.081642268540959,0.3475449004040414,63.70932814233894,0.0
2020-05-16,2.4844958797867176,10.21459440402571,55.97922961809994,0.0
2020-05-17,2.4844958797867176,7.324523332318285,51.13920216556838,0.0
2020-05-18,2.4844958797867176,1.737965933863223,51.885732111491876,0.0
2020-05-19,2.4844958797867176,0.0,54.3702279912786,0.0
2020-05-20,2.4844958797867176,0.0,56.85472387106532,0.0
2020-05-21,2.4844958797867176,0.0,59.33921975085204,0.0
2020-05-22,2.4844958797867176,0.0,61.82371563063876,0.0
2020-05-23,2.4844958797867176,0.0,64.30821151042548,0.0
2020-05-24,3.1443906931652923,0.0,67.45260220359077,0.0
2020-05-25,3.1443906931652923,0.0,70.59699289675606,0.0
2020-05-26,3.1443906931652923,0.0,73.74138358992136,0.0
2020-05-27,3.1443906931652923,0.0,76.88577428308665,0.0
2020-05-28,3.1443906931652923,0.009888544678688048,80.02027643157325,0.0
2020-05-29,3.1443906931652923,2.820244596100444,80.3444225286381,0.0
2020-05-30,3.1443906931652923,0.27754798844051554,83.21126523336288,0.0
2020-05-31,3.1443906931652923,0.0,86.35565592652817,0.0
2020-06-01,3.0414100824042634,0.0,89.39706600893244,0.0
2020-06-02,3.0414100824042634,0.0,92.43847609133671,0.0
2020-06-03,3.0414100824042634,0.0,95.47988617374098,0.0
2020-06-04,3.0414100824042634,0.0,98.52129625614525,0.0
2020-06-05,3.0414100824042634,0.0,101.56270633854952,0.0
2020-06-06,3.0414100824042634,0.0,104.60411642095379,0.0
2020-06-07,3.0414100824042634,0.0,107.64552650335806,0.0
2020-06-08,3.0414100824042634,0.0,110.68693658576233,0.0
2020-06-09,2.680391662627242,0.0,113.36732824838957,0.0
2020-06-10,2.680391662627242,0.0,116.04771991101681,0.0
2020-06-11,2.680391662627242,0.0,118.72811157364406,0.0
2020-06-12,2.680391662627242,0.0,121.4085032362713,0.0
2020-06-13,2.680391662627242,0.0,124.08889489889854,0.0
2020-06-14,2.680391662627242,0.0,126.76928656152579,0.0
2020-06-15,2.680391662627242,0.0,129.44967822415302,0.0
2020-06-16,2.680391662627242,0.0,132.13006988678026,0.0
2020-06-17,2.6417314590402317,0.0,134.7718013458205,0.0
2020-06-18,2.6417314590402317,0.0,137.41353280486075,0.0
2020-06-19,2.6417314590402317,0.0,140.055264263901,0.0
2020-06-20,2.6417314590402317,0.0,142.69699572294124,0.0
2020-06-21,2.6417314590402317,0.0,145.33872718198148,0.0
2020-06-22,2.6417314590402317,0.0,147.98045864102173,0.0
2020-06-23,2.6417314590402317,0.0,150.62219010006197,0.0
2020-06-24,2.6417314590402317,0.0,153.26392155910222,0.0
2020-06-25,2.547648570043624,0.0,155.81157012914585,0.0
2020-06-26,2.547648570043624,0.0010030959839514534,158.35821560320554,0.0
2020-06-27,2.547648570043624,0.0,160.90586417324917,0.0
2020-06-28,2.547648570043624,0.0,163.4535127432928,0.0
2020-06-29,2.547648570043624,0.0,166.00116131333644,0.0
2020-06-30,2.547648570043624,0.0,168.54880988338007,0.0
2020-07-01,2.547648570043624,0.0,171.0964584534237,0.0
2020-07-02,2.547648570043624,0.0,173.64410702346734,0.0
2020-07-03,2.661118759088705,0.0,176.30522578255605,0.0
2020-07-04,2.661118759088705,0.0,178.96634454164476,0.0
2020-07-05,2.661118759088705,0.0,181.62746330073347,0.0
2020-07-06,2.661118759088705,0.0,184.28858205982218,0.0
2020-07-07,2.661118759088705,0.0,186.94970081891088,0.0
2020-07-08,2.661118759088705,0.0,189.6108195779996,0.0
2020-07-09,2.661118759088705,0.0,192.2719383370883,0.0
2020-07-10,2.661118759088705,0.0,194.933057096177,0.0
2020-07-11,2.373424624333494,0.0,197.3064817205105,0.0
2020-07-12,2.373424624333494,0.0,199.679906344844,0.0
2020-07-13,2.373424624333494,0.0,202.0533309691775,0.0
2020-07-14,2.373424624333494,0.0,204.426755593511,0.0
2020-07-15,2.373424624333494,0.0,206.80018021784448,0.0
2020-07-16,2.373424624333494,0.00960371546135875,209.1640011267166,0.0
2020-07-17,2.373424624333494,0.0,211.5374257510501,0.0
2020-07-18,2.373424624333494,0.0,213.9108503753836,0.0
2020-07-19,1.8318332525448378,0.0,215.74268362792844,0.0
2020-07-20,1.8318332525448378,0.02016099082412711,217.55435588964914,0.0
2020-07-21,1.8318332525448378,0.3305294133791982,219.0556597288148,0.0
2020-07-22,1.8318332525448378,0.010102167460294699,220.87739081389932,0.0
2020-07-23,1.8318332525448378,0.0012229101904653495,222.7080011562537,0.0
2020-07-24,1.8318332525448378,0.0,224.53983440879853,0.0
2020-07-25,1.8318332525448378,0.0,226.37166766134337,0.0
2020-07-26,1.8318332525448378,0.0,228.2035009138882,0.0
2020-07-27,2.1780053320407173,0.0,230.38150624592893,0.0
2020-07-28,2.1780053320407173,0.0,232.55951157796966,0.0
2020-07-29,2.1780053320407173,0.0,234.73751691001038,0.0
2020-07-30,2.1780053320407173,0.0028018574907960536,236.91272038456032,0.0
2020-07-31,2.1780053320407173,0.0,239.09072571660104,0.0
2020-08-01,2.1780053320407173,0.0,241.26873104864177,0.0
2020-08-02,2.1780053320407173,0.0,243.4467363806825,0.0
2020-08-03,2.1780053320407173,0.0,245.62474171272322,0.0
2020-08-04,1.9743625787687824,0.0,247.599104291492,0.0
2020-08-05,1.9743625787687824,0.0,249.5734668702608,0.0
2020-08-06,1.9743625787687824,0.0,251.5478294490296,0.0
2020-08-07,1.9743625787687824,0.0,253.52219202779838,0.0
2020-08-08,1.9743625787687824,0.0,255.49655460656717,0.0
2020-08-09,1.9743625787687824,0.0,257.47091718533596,0.0
2020-08-10,1.9743625787687824,0.29713931762766166,259.14814044647704,0.0
2020-08-11,1.9743625787687824,0.0,261.1225030252458,0.0
2020-08-12,2.5211633543383427,0.0,263.64366637958415,0.0
2020-08-13,2.5211633543383427,0.0,266.1648297339225,0.0
2020-08-14,2.5211633543383427,0.0,268.68599308826083,0.0
2020-08-15,2.5211633543383427,1.9651207333378746,269.2420357092613,0.0
2020-08-16,2.5211633543383427,0.9355696460041836,270.82762941759546,0.0
2020-08-17,2.5211633543383427,1.0860835714236872,272.26270920051013,0.0
2020-08-18,2.5211633543383427,0.0,274.7838725548485,0.0
2020-08-19,2.5211633543383427,0.0,277.3050359091868,0.0
2020-08-20,1.9887765390208425,0.0,279.29381244820763,0.0
2020-08-21,1.9887765390208425,0.0,281.28258898722845,0.0
2020-08-22,1.9887765390208425,0.0,283.27136552624927,0.0
2020-08-23,1.9887765390208425,0.0473219800261844,285.2128200852439,0.0
2020-08-24,1.9887765390208425,0.0,287.2015966242647,0.0
2020-08-25,1.9887765390208425,0.0,289.1903731632855,0.0
2020-08-26,1.9887765390208425,0.0,291.17914970230635,0.0
2020-08-27,1.9887765390208425,0.0,293.16792624132717,0.0
2020-08-28,1.5277154629180807,0.0,294.69564170424525,0.0
2020-08-29,1.5277154629180807,0.0,296.22335716716333,0.0
2020-08-30,1.5277154629180807,0.0,297.7510726300814,0.0
2020-08-31,1.5277154629180807,0.0,299.2787880929995,0.0
2020-09-01,1.5277154629180807,0.5023250705317447,300.3041784853858,0.0
2020-09-02,1.5277154629180807,0.0,301.8318939483039,0.0
2020-09-03,1.5277154629180807,0.0,303.359609411222,0.0
2020-09-04,1.5277154629180807,0.0,304.88732487414006,0.0
2020-09-05,2.1446068831798346,0.0,307.0319317573199,0.0
2020-09-06,2.1446068831798346,0.0,309.17653864049976,0.0
2020-09-07,2.1446068831798346,0.0,311.3211455236796,0.0
2020-09-08,2.1446068831798346,0.0,313.46575240685945,0.0
2020-09-09,2.1446068831798346,0.0,315.6103592900393,0.0
2020-09-10,2.1446068831798346,0.0,317.75496617321915,0.0
2020-09-11,2.1446068831798346,0.0,319.899573056399,0.0
2020-09-12,2.1446068831798346,0.0,322.04417993957884,0.0
2020-09-13,1.3746063984488603,0.0,323.4187863380277,0.0
2020-09-14,1.3746063984488603,0.0,324.79339273647656,0.0
2020-09-15,1.3746063984488603,0.0016687305949789817,326.16633040433044,0.0
2020-09-16,1.3746063984488603,0.0,327.5409368027793,0.0
2020-09-17,1.3746063984488603,0.0,328.91554320122816,0.0
2020-09-18,1.3746063984488603,0.0,330.290149599677,0.0
2020-09-19,1.3746063984488603,0.0,331.6647559981259,0.0
2020-09-20,1.3746063984488603,0.0,333.03936239657475,0.0
2020-09-21,1.7602903538536099,0.0,334.7996527504284,0.0
2020-09-22,1.7602903538536099,0.0,336.559943104282,0.0
2020-09-23,1.7602903538536099,0.0,338.32023345813565,0.0
2020-09-24,1.7602903538536099,0.0,340.0805238119893,0.0
2020-09-25,1.7602903538536099,0.0,341.8408141658429,0.0
2020-09-26,1.7602903538536099,0.0,343.60110451969655,0.0
2020-09-27,1.7602903538536099,0.0,345.3613948735502,0.0
2020-09-28,1.7602903538536099,0.0,347.1216852274038,0.0
2020-09-29,1.6973674260785265,0.0,348.81905265348234,0.0
2020-09-30,1.6973674260785265,0.0,350.5164200795609,0.0
2020-10-01,1.6973674260785265,0.0,352.2137875056394,0.0
2020-10-02,1.6973674260785265,0.0,353.91115493171793,0.0
2020-10-03,1.6973674260785265,0.0,355.60852235779646,0.0
2020-10-04,1.6973674260785265,0.0,357.305889783875,0.0
2020-10-05,1.6973674260785265,0.0,359.0032572099535,0.0
2020-10-06,1.6973674260785265,0.0,360.70062463603205,0.0
2020-10-07,1.2512476975278721,0.0,361.9518723335599,0.0
2020-10-08,1.2512476975278721,0.0,363.20312003108774,0.0
2020-10-09,1.2512476975278721,0.004969040133727962,364.44939868848184,0.0
2020-10-10,1.2512476975278721,0.9104303287647825,364.7902160572449,0.0
2020-10-11,1.2512476975278721,0.0,366.04146375477274,0.0
2020-10-12,1.2512476975278721,0.0,367.2927114523006,0.0
2020-10-13,1.2512476975278721,0.0,368.5439591498284,0.0
2020-10-14,1.2512476975278721,0.0,369.79520684735627,0.0
2020-10-15,1.4679011148812404,0.0,371.2631079622375,0.0
2020-10-16,1.4679011148812404,0.0,372.7310090771187,0.0
2020-10-17,1.4679011148812404,0.0,374.1989101919999,0.0
2020-10-18,1.4679011148812404,0.0,375.66681130688113,0.0
2020-10-19,1.4679011148812404,0.0,377.13471242176234,0.0
2020-10-20,1.4679011148812404,0.0,378.60261353664356,0.0
2020-10-21,1.4679011148812404,0.0,380.0705146515248,0.0
2020-10-22,1.4679011148812404,0.0,381.538415766406,0.0
2020-10-23,1.1476728065923403,0.0,382.68608857299836,0.0
2020-10-24,1.1476728065923403,0.0,383.8337613795907,0.0
2020-10-25,1.1476728065923403,0.0,384.9814341861831,0.0
2020-10-26,1.1476728065923403,0.0,386.12910699277546,0.0
2020-10-27,1.1476728065923403,0.0,387.27677979936783,0.0
2020-10-28,1.1476728065923403,0.0,388.4244526059602,0.0
2020-10-29,1.1476728065923403,0.0,389.57212541255257,0.0
2020-10-30,1.1476728065923403,0.0,390.71979821914493,0.0
2020-10-31,0.9744832767813869,0.0,391.6942814959263,0.0
2020-11-01,0.9744832767813869,0.0,392.6687647727077,0.0
2020-11-02,0.9744832767813869,0.0,393.64324804948905,0.0
2020-11-03,0.9744832767813869,0.0,394.6177313262704,0.0
2020-11-04,0.9744832767813869,0.0,395.5922146030518,0.0
2020-11-05,0.9744832767813869,0.0,396.56669787983316,0.0
2020-11-06,0.9744832767813869,0.17914860297697985,397.36203255363756,0.0
2020-11-07,0.9744832767813869,0.0,398.33651583041893,0.0
2020-11-08,0.7943708191953464,0.0,399.1308866496143,0.0
2020-11-09,0.7943708191953464,0.0,399.92525746880966,0.0
2020-11-10,0.7943708191953464,0.0,400.719628288005,0.0
2020-11-11,0.7943708191953464,0.0,401.5139991072004,0.0
2020-11-12,0.7943708191953464,0.8081424193393333,401.5002275070564,0.0
2020-11-13,0.7943708191953464,26.497563583562982,375.7970347426888,0.0
2020-11-14,0.7943708191953464,0.0011021672115854387,376.5903033946726,0.0
2020-11-15,0.7943708191953464,0.0,377.384674213868,0.0
2020-11-16,0.8596684440135726,0.42073064267450805,377.823612015207,0.0
2020-11-17,0.8596684440135726,43.121788833901604,335.5614916253189,0.0
2020-11-18,0.8596684440135726,0.2595665640638847,336.16159350526857,0.0
2020-11-19,0.8596684440135726,0.0,337.0212619492821,0.0
2020-11-20,0.8596684440135726,0.0,337.88093039329567,0.0
2020-11-21,0.8596684440135726,0.0,338.7405988373092,0.0
2020-11-22,0.8596684440135726,0.0011021672115854387,339.5991651141112,0.0
2020-11-23,0.8596684440135726,0.0,340.45883355812475,0.0
2020-11-24,0.7208928744546775,0.0,341.17972643257946,0.0
2020-11-25,0.7208928744546775,0.0,341.90061930703416,0.0
2020-11-26,0.7208928744546775,0.0,342.62151218148887,0.0
2020-11-27,0.7208928744546775,0.0,343.3424050559436,0.0
2020-11-28,0.7208928744546775,0.0,344.0632979303983,0.0
2020-11-29,0.7208928744546775,0.0,344.784190804853,0.0
2020-11-30,0.7208928744546775,0.0,345.5050836793077,0.0
2020-12-01,0.7208928744546775,0.0,346.2259765537624,0.0
2020-12-02,0.7511657779932135,0.0,346.9771423317556,0.0
2020-12-03,0.7511657779932135,0.0,347.7283081097488,0.0
2020-12-04,0.7511657779932135,0.0,348.479473887742,0.0
2020-12-05,0.7511657779932135,0.0,349.2306396657352,0.0
2020-12-06,0.7511657779932135,0.0,349.98180544372843,0.0
2020-12-07,0.7511657779932135,0.0,350.73297122172164,0.0
2020-12-08,0.7511657779932135,0.0,351.48413699971485,0.0
2020-12-09,0.7511657779932135,0.0,352.23530277770806,0.0
2020-12-10,0.616192922927775,0.0,352.85149570063584,0.0
2020-12-11,0.616192922927775,14.497324996688416,338.9703636268752,0.0
2020-12-12,0.616192922927775,9.014405613713219,330.57215093608977,0.0
2020-12-13,0.616192922927775,7.900866908554691,323.28747695046286,0.0
2020-12-14,0.616192922927775,0.0,323.90366987339064,0.0
2020-12-15,0.616192922927775,0.01384829767567362,324.50601449864274,0.0
2020-12-16,0.616192922927775,26.62266552928062,298.4995418922899,0.0
2020-12-17,0.616192922927775,0.0,299.1157348152177,0.0
2020-12-18,0.6513650024236548,0.0,299.76709981764134,0.0
2020-12-19,0.6513650024236548,0.0,300.41846482006497,0.0
2020-12-20,0.6513650024236548,0.0,301.0698298224886,0.0
2020-12-21,0.6513650024236548,0.0,301.72119482491223,0.0
2020-12-22,0.6513650024236548,0.0,302.37255982733586,0.0
2020-12-23,0.6513650024236548,0.0,303.0239248297595,0.0
2020-12-24,0.6513650024236548,0.0,303.6752898321831,0.0
2020-12-25,0.6513650024236548,29.056207072255038,275.2704477623517,0.0
2020-12-26,0.6563717886572952,0.0,275.926819551009,0.0
2020-12-27,0.6563717886572952,0.0,276.58319133966626,0.0
2020-12-28,0.6563717886572952,0.0,277.23956312832354,0.0
2020-12-29,0.6563717886572952,0.0,277.8959349169808,0.0
2020-12-30,0.6563717886572952,4.605529473662006,273.9467772319761,0.0
2020-12-31,0.6563717886572952,0.14292755261663312,274.46022146801675,0.0
2021-01-01,0.5708390693165291,4.527795016581059,270.5032655207522,0.0
2021-01-02,0.5708390693165291,1.2854882028449799,269.7886163872238,0.0
2021-01-03,0.5708390693165291,10.191964264624627,260.1674911919157,0.0
2021-01-04,0.5708390693165291,16.186986255941008,244.55134400529124,0.0
2021-01-05,0.5708390693165291,0.5305947045054596,244.5915883701023,0.0
2021-01-06,0.5708390693165291,5.683729413862198,239.4786980255566,0.0
2021-01-07,0.5708390693165291,7.558406928744478,232.49113016612864,0.0
2021-01-08,0.5708390693165291,3.376459336502263,229.6855098989429,0.0
2021-01-09,0.5791497818710609,0.0017727553244714764,230.26288692548948,0.0
2021-01-10,0.5791497818710609,0.3556823508566008,230.48635435650394,0.0
2021-01-11,0.5791497818710609,0.0,231.065504138375,0.0
2021-01-12,0.5791497818710609,0.5312739763835636,231.11337994386247,0.0
2021-01-13,0.5791497818710609,0.42454519079012015,231.2679845349434,0.0
2021-01-14,0.5791497818710609,0.0,231.84713431681445,0.0
2021-01-15,0.5791497818710609,0.0,232.4262840986855,0.0
2021-01-16,0.5791497818710609,2.036540858885821,230.96889302167074,0.0
2021-01-17,1.0096015511391174,0.0,231.97849457280986,0.0
2021-01-18,1.0096015511391174,0.0,232.988096123949,0.0
2021-01-19,1.0096015511391174,0.0,233.99769767508812,0.0
2021-01-20,1.0096015511391174,0.0,235.00729922622725,0.0
2021-01-21,1.0096015511391174,2.1018609506057873,233.9150398267606,0.0
2021-01-22,1.0096015511391174,2.877540482825169,232.04710089507455,0.0
2021-01-23,1.0096015511391174,2.614108315193247,230.44259413102043,0.0
2021-01-24,1.0096015511391174,5.78745658331242,225.66473909884712,0.0
2021-01-25,0.8292157052835675,6.240157652934637,220.25379715119604,0.0
2021-01-26,0.8292157052835675,43.40724754924006,177.67576530723954,0.0
2021-01-27,0.8292157052835675,17.83325697541606,160.67172403710705,0.0
2021-01-28,0.8292157052835675,2.946404855686813,158.5545348867038,0.0
2021-01-29,0.8292157052835675,0.0,159.38375059198736,0.0
2021-01-30,0.8292157052835675,2.5709513211767,157.64201497609423,0.0
2021-01-31,0.8292157052835675,1.6549791913283496,156.81625149004944,0.0
2021-02-01,0.8292157052835675,22.768782547752917,134.87668464758008,0.0
2021-02-02,0.9513194377120701,0.4157420939336251,135.41226199135852,0.0
2021-02-03,0.9513194377120701,3.2829343287199273,133.08064710035066,0.0
2021-02-04,0.9513194377120701,0.0,134.03196653806273,0.0
2021-02-05,0.9513194377120701,0.0,134.9832859757748,0.0
2021-02-06,0.9513194377120701,0.0,135.93460541348688,0.0
2021-02-07,0.9513194377120701,0.0,136.88592485119895,0.0
2021-02-08,0.9513194377120701,0.0,137.83724428891102,0.0
2021-02-09,0.9513194377120701,0.0,138.7885637266231,0.0
2021-02-10,0.9921197285506544,2.008438978770938,137.77224447640282,0.0
2021-02-11,0.9921197285506544,21.224034259193818,117.54032994575965,0.0
2021-02-12,0.9921197285506544,3.1031528803586217,115.42929679395168,0.0
2021-02-13,0.9921197285506544,0.3477507693571941,116.07366575314514,0.0
2021-02-14,0.9921197285506544,4.033626730597056,113.03215875109873,0.0
2021-02-15,0.9921197285506544,0.1571817257825066,113.86709675386687,0.0
2021-02-16,0.9921197285506544,0.0,114.85921648241752,0.0
2021-02-17,0.9921197285506544,0.015226315332132593,115.83610989563604,0.0
2021-02-18,1.5588172564226845,5.173465421694351,112.22146173036438,0.0
2021-02-19,1.5588172564226845,2.0349708969009916,111.74530808988608,0.0
2021-02-20,1.5588172564226845,0.0,113.30412534630877,0.0
2021-02-21,1.5588172564226845,0.0,114.86294260273145,0.0
2021-02-22,1.5588172564226845,0.0,116.42175985915414,0.0
2021-02-23,1.5588172564226845,0.0,117.98057711557682,0.0
2021-02-24,1.5588172564226845,0.0,119.5393943719995,0.0
2021-02-25,1.5588172564226845,0.0,121.09821162842219,0.0
2021-02-26,1.3833591856519634,0.0,122.48157081407416,0.0
2021-02-27,1.3833591856519634,0.0,123.86492999972613,0.0
2021-02-28,1.3833591856519634,0.0,125.2482891853781,0.0
2021-03-01,1.3833591856519634,0.0,126.63164837103007,0.0
2021-03-02,1.3833591856519634,0.0,128.01500755668204,0.0
2021-03-03,1.3833591856519634,0.0,129.398366742334,0.0
2021-03-04,1.3833591856519634,0.5099538633882444,130.2717720645977,0.0
2021-03-05,1.3833591856519634,9.118580790127025,122.53655046012264,0.0
2021-03-06,1.435174987881725,0.0,123.97172544800436,0.0
2021-03-07,1.435174987881725,0.037765942782815254,125.36913449310327,0.0
2021-03-08,1.435174987881725,3.074690932459875,123.72961854852512,0.0
2021-03-09,1.435174987881725,15.61934042124556,109.54545311516128,0.0
2021-03-10,1.435174987881725,4.5449342535745245,106.43569384946848,0.0
2021-03-11,1.435174987881725,0.0,107.8708688373502,0.0
2021-03-12,1.435174987881725,0.0,109.30604382523192,0.0
2021-03-13,1.435174987881725,1.2304755102370175,109.51074330287663,0.0
2021-03-14,1.2364168686379056,12.409934079314901,98.33722609219964,0.0
2021-03-15,1.2364168686379056,0.0,99.57364296083755,0.0
2021-03-16,1.2364168686379056,0.0,100.81005982947545,0.0
2021-03-17,1.2364168686379056,9.461051896629687,92.58542480148367,0.0
2021-03-18,1.2364168686379056,26.152485224484657,67.66935644563691,0.0
2021-03-19,1.2364168686379056,0.0,68.90577331427481,0.0
2021-03-20,1.2364168686379056,0.0,70.14219018291271,0.0
2021-03-21,1.2364168686379056,0.0,71.37860705155062,0.0
2021-03-22,1.9183330101793497,0.0,73.29694006172997,0.0
2021-03-23,1.9183330101793497,0.0,75.21527307190932,0.0
2021-03-24,1.9183330101793497,0.0,77.13360608208868,0.0
2021-03-25,1.9183330101793497,0.0,79.05193909226803,0.0
2021-03-26,1.9183330101793497,0.0,80.97027210244738,0.0
2021-03-27,1.9183330101793497,0.0,82.88860511262673,0.0
2021-03-28,1.9183330101793497,0.0,84.80693812280609,0.0
2021-03-29,1.9183330101793497,0.0,86.72527113298544,0.0
2021-03-30,2.192416868637906,0.0,88.91768800162335,0.0
2021-03-31,2.192416868637906,0.0,91.11010487026125,0.0
2021-04-01,2.192416868637906,0.0,93.30252173889916,0.0
2021-04-02,2.192416868637906,0.0,95.49493860753707,0.0
2021-04-03,2.192416868637906,0.0,97.68735547617497,0.0
2021-04-04,2.192416868637906,0.0,99.87977234481288,0.0
2021-04-05,2.192416868637906,0.0,102.07218921345078,0.0
2021-04-06,2.192416868637906,0.0,104.26460608208869,0.0
2021-04-07,2.0930412021328153,0.0,106.3576472842215,0.0
2021-04-08,2.0930412021328153,0.0,108.45068848635431,0.0
2021-04-09,2.0930412021328153,0.0,110.54372968848712,0.0
2021-04-10,2.0930412021328153,0.0,112.63677089061993,0.0
2021-04-11,2.0930412021328153,0.0,114.72981209275274,0.0
2021-04-12,2.0930412021328153,0.0,116.82285329488555,0.0
2021-04-13,2.0930412021328153,0.0,118.91589449701836,0.0
2021-04-14,2.0930412021328153,0.0,121.00893569915117,0.0
2021-04-15,1.7426025206010658,0.0,122.75153821975223,0.0
2021-04-16,1.7426025206010658,0.0,124.4941407403533,0.0
2021-04-17,1.7426025206010658,0.0,126.23674326095437,0.0
2021-04-18,1.7426025206010658,0.0,127.97934578155544,0.0
2021-04-19,1.7426025206010658,0.0,129.7219483021565,0.0
2021-04-20,1.7426025206010658,0.0,131.46455082275756,0.0
2021-04-21,1.7426025206010658,0.0,133.2071533433586,0.0
2021-04-22,1.7426025206010658,0.0,134.94975586395967,0.0
2021-04-23,1.9305559864275323,0.00038390091098499,136.8799279494762,0.0
2021-04-24,1.9305559864275323,0.5051807835006124,138.30530315240313,0.0
2021-04-25,1.9305559864275323,4.960063901848099,135.27579523698256,0.0
2021-04-26,1.9305559864275323,1.083591292632438e-05,137.20634038749716,0.0
2021-04-27,1.9305559864275323,0.0,139.13689637392469,0.0
2021-04-28,1.9305559864275323,0.0,141.0674523603522,0.0
2021-04-29,1.9305559864275323,0.0,142.99800834677973,0.0
2021-04-30,1.9305559864275323,0.0,144.92856433320725,0.0
2021-05-01,2.2655894328647608,0.0,147.19415376607202,0.0
2021-05-02,2.2655894328647608,0.0,149.4597431989368,0.0
2021-05-03,2.2655894328647608,0.0,151.72533263180156,0.0
2021-05-04,2.2655894328647608,0.0,153.99092206466634,0.0
2021-05-05,2.2655894328647608,0.0,156.2565114975311,0.0
2021-05-06,2.2655894328647608,0.0,158.52210093039588,0.0
2021-05-07,2.2655894328647608,0.0,160.78769036326065,0.0
2021-05-08,2.2655894328647608,0.0,163.05327979612542,0.0
2021-05-09,2.2030019389238973,0.0,165.25628173504933,0.0
2021-05-10,2.2030019389238973,0.0,167.45928367397323,0.0
2021-05-11,2.2030019389238973,0.0,169.66228561289714,0.0
2021-05-12,2.2030019389238973,0.0,171.86528755182104,0.0
2021-05-13,2.2030019389238973,0.0,174.06828949074495,0.0
2021-05-14,2.2030019389238973,0.0,176.27129142966885,0.0
2021-05-15,2.2030019389238973,0.0,178.47429336859275,0.0
2021-05-16,2.2030019389238973,0.0,180.67729530751666,0.0
2021-05-17,1.8773635482307323,0.0,182.5546588557474,0.0
2021-05-18,1.8773635482307323,0.0,184.43202240397812,0.0
2021-05-19,1.8773635482307323,0.0,186.30938595220886,0.0
2021-05-20,1.8773635482307323,0.0,188.1867495004396,0.0
2021-05-21,1.8773635482307323,0.0,190.06411304867032,0.0
2021-05-22,1.8773635482307323,0.0,191.94147659690105,0.0
2021-05-23,1.8773635482307323,0.0,193.8188401451318,0.0
2021-05-24,1.8773635482307323,0.0,195.69620369336252,0.0
2021-05-25,2.2135811924381974,0.0,197.90978488580072,0.0
2021-05-26,2.2135811924381974,0.0,200.12336607823892,0.0
2021-05-27,2.2135811924381974,0.0,202.33694727067711,0.0
2021-05-28,2.2135811924381974,0.0,204.5505284631153,0.0
2021-05-29,2.2135811924381974,0.0,206.7641096555535,0.0
2021-05-30,2.2135811924381974,0.0,208.9776908479917,0.0
2021-05-31,2.2135811924381974,0.0,211.1912720404299,0.0
2021-06-01,2.2135811924381974,0.0,213.4048532328681,0.0
2021-06-02,2.081055744062044,0.0,215.48590897693015,0.0
2021-06-03,2.081055744062044,0.0,217.5669647209922,0.0
2021-06-04,2.081055744062044,0.0,219.64802046505423,0.0
2021-06-05,2.081055744062044,0.0,221.72907620911627,0.0
2021-06-06,2.081055744062044,0.0,223.8101319531783,0.0
2021-06-07,2.081055744062044,0.0,225.89118769724035,0.0
2021-06-08,2.081055744062044,0.0,227.9722434413024,0.0
2021-06-09,2.081055744062044,0.0,230.05329918536444,0.0
2021-06-10,2.075440135724672,0.0,232.1287393210891,0.0
2021-06-11,2.075440135724672,0.009286068080010427,234.1948933887338,0.0
2021-06-12,2.075440135724672,0.0,236.27033352445847,0.0
2021-06-13,2.075440135724672,0.2728470618326228,238.0729265983505,0.0
2021-06-14,2.075440135724672,0.0,240.14836673407518,0.0
2021-06-15,2.075440135724672,0.0,242.22380686979986,0.0
2021-06-16,2.075440135724672,0.0,244.29924700552453,0.0
2021-06-17,2.075440135724672,0.0,246.3746871412492,0.0
2021-06-18,2.0318400387784785,0.0,248.4065271800277,0.0
2021-06-19,2.0318400387784785,0.0,250.43836721880618,0.0
2021-06-20,2.0318400387784785,0.0,252.47020725758466,0.0
2021-06-21,2.0318400387784785,0.0,254.50204729636314,0.0
2021-06-22,2.0318400387784785,0.16319937512693758,256.37068796001466,0.0
2021-06-23,2.0318400387784785,0.0,258.4025279987931,0.0
2021-06-24,2.0318400387784785,0.0,260.4343680375716,0.0
2021-06-25,2.0318400387784785,0.0,262.46620807635003,0.0
2021-06-26,1.9912792050412023,0.0,264.45748728139125,0.0
2021-06-27,1.9912792050412023,0.0,266.4487664864325,0.0
2021-06-28,1.9912792050412023,0.0,268.4400456914737,0.0
2021-06-29,1.9912792050412023,0.0,270.4313248965149,0.0
2021-06-30,1.9912792050412023,0.0,272.42260410155615,0.0
2021-07-01,1.9912792050412023,0.0,274.41388330659737,0.0
2021-07-02,1.9912792050412023,0.002899380752545761,276.40226313088607,0.0
2021-07-03,1.9912792050412023,0.258558825480149,278.13498351044717,0.0
2021-07-04,2.261762966553564,0.0,280.39674647700076,0.0
2021-07-05,2.261762966553564,0.0,282.65850944355435,0.0
2021-07-06,2.261762966553564,0.0,284.92027241010794,0.0
2021-07-07,2.261762966553564,0.0,287.18203537666153,0.0
2021-07-08,2.261762966553564,0.0,289.4437983432151,0.0
2021-07-09,2.261762966553564,0.0,291.7055613097687,0.0
2021-07-10,2.261762966553564,0.0,293.9673242763223,0.0
2021-07-11,2.261762966553564,0.0,296.2290872428759,0.0
2021-07-12,1.9306073679108098,0.0,298.1596946107867,0.0
2021-07-13,1.9306073679108098,0.0,300.0903019786975,0.0
2021-07-14,1.9306073679108098,0.0,302.0209093466083,0.0
2021-07-15,1.9306073679108098,0.0,303.9515167145191,0.0
2021-07-16,1.9306073679108098,0.0,305.88212408242987,0.0
2021-07-17,1.9306073679108098,0.0,307.81273145034066,0.0
2021-07-18,1.9306073679108098,0.0,309.74333881825146,0.0
2021-07-19,1.9306073679108098,0.0,311.67394618616225,0.0
2021-07-20,1.914524963645176,0.0,313.58847114980745,0.0
2021-07-21,1.914524963645176,0.0,315.50299611345264,0.0
2021-07-22,1.914524963645176,0.0,317.41752107709783,0.0
2021-07-23,1.914524963645176,0.0,319.332046040743,0.0
2021-07-24,1.914524963645176,0.0,321.2465710043882,0.0
2021-07-25,1.914524963645176,0.0,323.1610959680334,0.0
2021-07-26,1.914524963645176,0.0,325.0756209316786,0.0
2021-07-27,1.914524963645176,0.0,326.9901458953238,0.0
2021-07-28,1.7128889966068834,0.0,328.70303489193066,0.0
2021-07-29,1.7128889966068834,0.0,330.4159238885375,0.0
2021-07-30,1.7128889966068834,0.007120742701893619,332.1216921424425,0.0
2021-07-31,1.7128889966068834,0.09618606948907897,333.7383950695603,0.0
2021-08-01,1.7128889966068834,0.0,335.45128406616715,0.0
2021-08-02,1.7128889966068834,0.0,337.164173062774,0.0
2021-08-03,1.7128889966068834,0.0,338.8770620593809,0.0
2021-08-04,1.7128889966068834,0.0,340.58995105598774,0.0
2021-08-05,1.7710882210373238,0.0,342.36103927702504,0.0
2021-08-06,1.7710882210373238,0.0,344.13212749806235,0.0
2021-08-07,1.7710882210373238,0.007599380640053527,345.8956163384596,0.0
2021-08-08,1.7710882210373238,0.0,347.6667045594969,0.0
2021-08-09,1.7710882210373238,0.0,349.4377927805342,0.0
2021-08-10,1.7710882210373238,0.0,351.2088810015715,0.0
2021-08-11,1.7710882210373238,0.0,352.9799692226088,0.0
2021-08-12,1.7710882210373238,0.0,354.7510574436461,0.0
2021-08-13,1.8685525933107126,0.0,356.61961003695683,0.0
2021-08-14,1.8685525933107126,0.0,358.48816263026754,0.0
2021-08-15,1.8685525933107126,0.0,360.35671522357825,0.0
2021-08-16,1.8685525933107126,0.0,362.22526781688896,0.0
2021-08-17,1.8685525933107126,0.0,364.09382041019967,0.0
2021-08-18,1.8685525933107126,0.0,365.9623730035104,0.0
2021-08-19,1.8685525933107126,0.0,367.8309255968211,0.0
2021-08-20,1.8685525933107126,0.0,369.6994781901318,0.0
2021-08-21,1.6326451769268064,0.0,371.3321233670586,0.0
2021-08-22,1.6326451769268064,0.28978482156346086,372.674983722422,0.0
2021-08-23,1.6326451769268064,0.0,374.3076288993488,0.0
2021-08-24,1.6326451769268064,0.0,375.9402740762756,0.0
2021-08-25,1.6326451769268064,0.0,377.57291925320243,0.0
2021-08-26,1.6326451769268064,0.0,379.20556443012924,0.0
2021-08-27,1.6326451769268064,0.0,380.83820960705606,0.0
2021-08-28,1.6326451769268064,0.0,382.4708547839829,0.0
2021-08-29,1.7281008240426556,0.0,384.1989556080255,0.0
2021-08-30,1.7281008240426556,0.0,385.9270564320682,0.0
2021-08-31,1.7281008240426556,0.0,387.65515725611084,0.0
2021-09-01,1.7281008240426556,0.0,389.3832580801535,0.0
2021-09-02,1.7281008240426556,0.0,391.11135890419615,0.0
2021-09-03,1.7281008240426556,0.0,392.8394597282388,0.0
2021-09-04,1.7281008240426556,0.0,394.56756055228146,0.0
2021-09-05,1.7281008240426556,0.0,396.2956613763241,0.0
2021-09-06,2.048694619486184,0.0,398.3443559958103,0.0
2021-09-07,2.048694619486184,0.0,400.3930506152965,0.0
2021-09-08,2.048694619486184,0.0,402.4417452347827,0.0
2021-09-09,2.048694619486184,1.5907448663061983,402.8996949879627,0.0
2021-09-10,2.048694619486184,0.0,404.94838960744886,0.0
2021-09-11,2.048694619486184,0.0,406.99708422693504,0.0
2021-09-12,2.048694619486184,0.0,409.04577884642123,0.0
2021-09-13,2.048694619486184,0.0,411.0944734659074,0.0
2021-09-14,1.396639844886088,0.0,412.4911133107935,0.0
2021-09-15,1.396639844886088,0.13645448923203227,413.7512986664475,0.0
2021-09-16,1.396639844886088,0.0,415.14793851133356,0.0
2021-09-17,1.396639844886088,0.5173786251168501,416.02719973110277,0.0
2021-09-18,1.396639844886088,6.3933760226695515,411.0304635533193,0.0
2021-09-19,1.396639844886088,0.0,412.42710339820536,0.0
2021-09-20,1.396639844886088,0.0,413.8237432430914,0.0
2021-09-21,1.396639844886088,0.0,415.2203830879775,0.0
2021-09-22,1.4040373242850215,0.0,416.6244204122625,0.0
2021-09-23,1.4040373242850215,0.0,418.0284577365475,0.0
2021-09-24,1.4040373242850215,0.0,419.43249506083254,0.0
2021-09-25,1.4040373242850215,0.0,420.83653238511755,0.0
2021-09-26,1.4040373242850215,4.643962888664136e-05,422.2405232697737,0.0
2021-09-27,1.4040373242850215,1.3367904029763515,422.30777019108234,0.0
2021-09-28,1.4040373242850215,0.0,423.71180751536735,0.0
2021-09-29,1.4040373242850215,0.0,425.11584483965237,0.0
2021-09-30,1.4760499272903538,0.0,426.59189476694274,0.0
2021-10-01,1.4760499272903538,0.0,428.0679446942331,0.0
2021-10-02,1.4760499272903538,0.0,429.5439946215235,0.0
2021-10-03,1.4760499272903538,0.0,431.02004454881387,0.0
2021-10-04,1.4760499272903538,0.0,432.49609447610425,0.0
2021-10-05,1.4760499272903538,0.0,433.9721444033946,0.0
2021-10-06,1.4760499272903538,0.0,435.448194330685,0.0
2021-10-07,1.4760499272903538,0.0,436.9242442579754,0.0
2021-10-08,1.2527547261269993,0.0,438.1769989841024,0.0
2021-10-09,1.2527547261269993,0.0,439.4297537102294,0.0
2021-10-10,1.2527547261269993,0.0,440.68250843635644,0.0
2021-10-11,1.2527547261269993,0.0,441.93526316248347,0.0
2021-10-12,1.2527547261269993,0.0,443.1880178886105,0.0
2021-10-13,1.2527547261269993,0.0,444.4407726147375,0.0
2021-10-14,1.2527547261269993,0.0,445.69352734086453,0.0
2021-10-15,1.2527547261269993,0.0,446.94628206699156,0.0
2021-10-16,1.1907653902084343,0.6306925415992736,447.5063549156007,0.0
2021-10-17,1.1907653902084343,6.111680033775305,442.5854402720338,0.0
2021-10-18,1.1907653902084343,1.8668361920690386,441.90936947017315,0.0
2021-10-19,1.1907653902084343,29.989511117846597,413.110623742535,0.0
2021-10-20,1.1907653902084343,18.675992927315065,395.62539620542833,0.0
2021-10-21,1.1907653902084343,49.33157205729293,347.4845895383438,0.0
2021-10-22,1.1907653902084343,7.8497405436016825,340.82561438495054,0.0
2021-10-23,1.1907653902084343,122.4528561051785,219.56352366998044,0.0
2021-10-24,1.28547018904508,148.8135126544964,72.0354812045291,0.0
2021-10-25,1.28547018904508,3.3246853491839237,69.99626604439027,0.0
2021-10-26,1.28547018904508,7.627428257059386,63.65430797637597,0.0
2021-10-27,1.28547018904508,0.27402508060661235,64.66575308481444,0.0
2021-10-28,1.28547018904508,0.0,65.95122327385953,0.0
2021-10-29,1.28547018904508,0.7471897574401122,66.4895037054645,0.0
2021-10-30,1.28547018904508,6.678654362173641,61.09631953233595,0.0
2021-10-31,1.28547018904508,6.927204938126791,55.454584783254234,0.0
2021-11-01,0.8799311682016477,24.37637758402632,31.958138367429566,0.0
2021-11-02,0.8799311682016477,0.5799263008976868,32.258143234733524,0.0
2021-11-03,0.8799311682016477,11.943029241296157,21.195045161639015,0.0
2021-11-04,0.8799311682016477,0.30700587875702795,21.767970451083634,0.0
2021-11-05,0.8799311682016477,0.0,22.647901619285282,0.0
2021-11-06,0.8799311682016477,0.6490015153176274,22.8788312721693,0.0
2021-11-07,0.8799311682016477,3.247516615841042,20.511245824529905,0.0
2021-11-08,0.8799311682016477,54.69611420055661,0.0,33.304937207825056
2021-11-09,1.0246262724188078,7.056395235445475,0.0,6.031768963026667
2021-11-10,1.0246262724188078,0.4630516960340387,0.561574576384769,0.0
2021-11-11,1.0246262724188078,0.0,1.5862008488035768,0.0
2021-11-12,1.0246262724188078,0.04513621955371862,2.565690901668666,0.0
2021-11-13,1.0246262724188078,0.0,3.590317174087474,0.0
2021-11-14,1.0246262724188078,0.0,4.614943446506282,0.0
2021-11-15,1.0246262724188078,0.0,5.63956971892509,0.0
2021-11-16,1.0246262724188078,0.0,6.664195991343898,0.0
2021-11-17,0.670346582646631,0.0,7.334542573990529,0.0
2021-11-18,0.670346582646631,3.66610554644936,4.3387836101878,0.0
2021-11-19,0.670346582646631,1.6471429871331793,3.3619872057012516,0.0
2021-11-20,0.670346582646631,0.0,4.0323337883478825,0.0
2021-11-21,0.670346582646631,0.0,4.702680370994513,0.0
2021-11-22,0.670346582646631,0.0,5.373026953641144,0.0
2021-11-23,0.670346582646631,0.0,6.043373536287775,0.0
2021-11-24,0.670346582646631,0.0,6.713720118934406,0.0
2021-11-25,0.710924866698982,0.0,7.424644985633388,0.0
2021-11-26,0.710924866698982,0.0,8.13556985233237,0.0
2021-11-27,0.710924866698982,0.0,8.846494719031352,0.0
2021-11-28,0.710924866698982,0.0,9.557419585730333,0.0
2021-11-29,0.710924866698982,0.0,10.268344452429314,0.0
2021-11-30,0.710924866698982,0.0,10.979269319128296,0.0
2021-12-01,0.710924866698982,0.0,11.690194185827277,0.0
2021-12-02,0.710924866698982,0.0,12.401119052526258,0.0
2021-12-03,0.6422457586039747,0.0,13.043364811130234,0.0
2021-12-04,0.6422457586039747,0.0,13.685610569734209,0.0
2021-12-05,0.6422457586039747,0.0,14.327856328338184,0.0
2021-12-06,0.6422457586039747,0.8216343295094397,14.14846775743272,0.0
2021-12-07,0.6422457586039747,0.008559752172060979,14.782153763864633,0.0
2021-12-08,0.6422457586039747,0.526515457467767,14.897884065000842,0.0
2021-12-09,0.6422457586039747,0.0,15.540129823604817,0.0
2021-12-10,0.6422457586039747,0.0,16.182375582208792,0.0
2021-12-11,0.633776054289869,34.872624364799755,0.0,18.056472728301095
2021-12-12,0.633776054289869,40.76265769698671,0.0,40.12888164269684
2021-12-13,0.633776054289869,23.672990958388002,0.0,23.039214904098134
2021-12-14,0.633776054289869,0.5290916328182899,0.10468442147157919,0.0
2021-12-15,0.633776054289869,32.46703719502262,0.0,31.72857671926117
2021-12-16,0.633776054289869,0.0,0.633776054289869,0.0
2021-12-17,0.633776054289869,0.0,1.267552108579738,0.0
2021-12-18,0.633776054289869,0.0,1.901328162869607,0.0
2021-12-19,0.5461691711100337,0.04707770631720683,2.400419627662434,0.0
2021-12-20,0.5461691711100337,0.0,2.9465887987724675,0.0
2021-12-21,0.5461691711100337,14.31704784546843,0.0,10.82428987558593
2021-12-22,0.5461691711100337,28.08939662732576,0.0,27.543227456215725
2021-12-23,0.5461691711100337,18.925334948135234,0.0,18.3791657770252
2021-12-24,0.5461691711100337,13.573455488718697,0.0,13.027286317608663
2021-12-25,0.5461691711100337,8.345445201861969,0.0,7.799276030751935
2021-12-26,0.5461691711100337,14.37655052385832,0.0,13.830381352748287
2021-12-27,0.5524255937954431,1.246214836374525,0.0,0.6937892425790818
2021-12-28,0.5524255937954431,9.472126765885957,0.0,8.919701172090514
2021-12-29,0.5524255937954431,1.4681086304018,0.0,0.915683036606357
2021-12-30,0.5524255937954431,0.0,0.5524255937954431,0.0
2021-12-31,0.5524255937954431,0.0,1.1048511875908862,0.0
2022-01-01,0.45006883179835167,0.0,1.5549200193892379,0.0
2022-01-02,0.45006883179835167,2.9403870127887544,0.0,0.9353981616011646
2022-01-03,0.45006883179835167,25.280295262764852,0.0,24.8302264309665
2022-01-04,0.45006883179835167,1.0850272387173892,0.0,0.6349584069190375
2022-01-05,0.45006883179835167,0.6741002978924258,0.0,0.2240314660940741
2022-01-06,0.45006883179835167,4.34447645476728,0.0,3.894407622968928
2022-01-07,0.45006883179835167,4.294636998752321,0.0,3.8445681669539695
2022-01-08,0.45006883179835167,0.00042260062214759844,0.44964623117620406,0.0
2022-01-09,0.5681105186621422,0.0004241486071340808,1.0173326012312123,0.0
2022-01-10,0.5681105186621422,0.0,1.5854431198933545,0.0
2022-01-11,0.5681105186621422,0.0,2.153553638555497,0.0
2022-01-12,0.5681105186621422,0.0,2.7216641572176394,0.0
2022-01-13,0.5681105186621422,0.0,3.289774675879782,0.0
2022-01-14,0.5681105186621422,0.0,3.8578851945419244,0.0
2022-01-15,0.5681105186621422,0.0,4.425995713204067,0.0
2022-01-16,0.5681105186621422,0.0,4.994106231866209,0.0
2022-01-17,0.8106989820649539,0.0,5.804805213931163,0.0
2022-01-18,0.8106989820649539,0.002551083631046554,6.612953112365071,0.0
2022-01-19,0.8106989820649539,0.0,7.423652094430025,0.0
2022-01-20,0.8106989820649539,0.000394427249259993,8.23395664924572,0.0
2022-01-21,0.8106989820649539,0.0,9.044655631310674,0.0
2022-01-22,0.8106989820649539,0.0,9.855354613375628,0.0
2022-01-23,0.8106989820649539,0.0,10.666053595440582,0.0
2022-01-24,0.8106989820649539,0.0,11.476752577505536,0.0
2022-01-25,0.8209573436742603,0.0,12.297709921179797,0.0
2022-01-26,0.8209573436742603,0.0,13.118667264854057,0.0
2022-01-27,0.8209573436742603,0.0,13.939624608528318,0.0
2022-01-28,0.8209573436742603,0.0,14.760581952202578,0.0
2022-01-29,0.8209573436742603,0.0,15.581539295876839,0.0
2022-01-30,0.8209573436742603,0.0,16.4024966395511,0.0
2022-01-31,0.8209573436742603,0.0,17.223453983225358,0.0
2022-02-01,0.8209573436742603,0.0,18.044411326899617,0.0
2022-02-02,0.8371943771206969,0.0,18.881605704020313,0.0
2022-02-03,0.8371943771206969,0.0,19.71880008114101,0.0
2022-02-04,0.8371943771206969,0.0,20.555994458261704,0.0
2022-02-05,0.8371943771206969,0.0,21.3931888353824,0.0
2022-02-06,0.8371943771206969,0.0,22.230383212503096,0.0
2022-02-07,0.8371943771206969,0.0,23.06757758962379,0.0
2022-02-08,0.8371943771206969,0.0,23.904771966744487,0.0
2022-02-09,0.8371943771206969,0.0,24.741966343865183,0.0
2022-02-10,1.0235293262239453,0.0,25.765495670089127,0.0
2022-02-11,1.0235293262239453,0.0,26.78902499631307,0.0
2022-02-12,1.0235293262239453,0.0,27.812554322537014,0.0
2022-02-13,1.0235293262239453,0.0,28.836083648760958,0.0
2022-02-14,1.0235293262239453,0.0,29.859612974984902,0.0
2022-02-15,1.0235293262239453,0.0,30.883142301208846,0.0
2022-02-16,1.0235293262239453,0.0,31.90667162743279,0.0
2022-02-17,1.0235293262239453,0.0,32.93020095365674,0.0
2022-02-18,0.7625584100824041,0.0,33.69275936373914,0.0
2022-02-19,0.7625584100824041,0.0,34.45531777382155,0.0
2022-02-20,0.7625584100824041,0.0,35.217876183903954,0.0
2022-02-21,0.7625584100824041,0.09088915960153926,35.88954543438482,0.0
2022-02-22,0.7625584100824041,0.6449098823701633,36.00719396209706,0.0
2022-02-23,0.7625584100824041,0.0,36.76975237217947,0.0
2022-02-24,0.7625584100824041,0.0,37.532310782261874,0.0
2022-02-25,0.7625584100824041,0.0,38.29486919234428,0.0
2022-02-26,1.346075133301018,0.0,39.6409443256453,0.0
2022-02-27,1.346075133301018,0.0,40.98701945894632,0.0
2022-02-28,1.346075133301018,0.0,42.33309459224734,0.0
2022-03-01,1.346075133301018,0.0,43.67916972554836,0.0
2022-03-02,1.346075133301018,2.3781621249467593,42.64708273390262,0.0
2022-03-03,1.346075133301018,2.03447734866718,41.95868051853646,0.0
2022-03-04,1.346075133301018,0.32078266051531573,42.98397299132217,0.0
2022-03-05,1.346075133301018,0.0,44.33004812462319,0.0
2022-03-06,1.6921284537081915,0.0,46.02217657833138,0.0
2022-03-07,1.6921284537081915,0.0,47.714305032039576,0.0
2022-03-08,1.6921284537081915,0.0,49.40643348574777,0.0
2022-03-09,1.6921284537081915,0.0,51.09856193945596,0.0
2022-03-10,1.6921284537081915,0.0,52.790690393164155,0.0
2022-03-11,1.6921284537081915,0.011946439027970787,54.470872407844375,0.0
2022-03-12,1.6921284537081915,1.973101227276096,54.18989963427647,0.0
2022-03-13,1.6921284537081915,0.026459441442423185,55.85556864654224,0.0
2022-03-14,1.795567619970916,9.001606244420858,48.6495300220923,0.0
2022-03-15,1.795567619970916,0.012325695955162815,50.432771946108055,0.0
2022-03-16,1.795567619970916,0.00029876159976925643,52.2280408044792,0.0
2022-03-17,1.795567619970916,0.0,54.02360842445012,0.0
2022-03-18,1.795567619970916,0.012849844940260468,55.80632619948077,0.0
2022-03-19,1.795567619970916,0.7538776963534,56.84801612309829,0.0
2022-03-20,1.795567619970916,0.0,58.64358374306921,0.0
2022-03-21,1.795567619970916,0.0,60.439151363040125,0.0
2022-03-22,1.9546364517692678,0.0,62.39378781480939,0.0
2022-03-23,1.9546364517692678,0.0,64.34842426657866,0.0
2022-03-24,1.9546364517692678,0.006795355905966123,66.29626536244196,0.0
2022-03-25,1.9546364517692678,0.0,68.25090181421122,0.0
2022-03-26,1.9546364517692678,1.1229482472127437,69.08259001876773,0.0
2022-03-27,1.9546364517692678,17.68940229386368,53.34782417667331,0.0
2022-03-28,1.9546364517692678,2.970890630509462,52.33156999793312,0.0
2022-03-29,1.9546364517692678,0.0002947368388044022,54.28591171286359,0.0
2022-03-30,2.141348521570529,0.0,56.427260234434115,0.0
2022-03-31,2.141348521570529,0.0,58.56860875600464,0.0
2022-04-01,2.141348521570529,0.0,60.70995727757517,0.0
2022-04-02,2.141348521570529,0.0,62.8513057991457,0.0
2022-04-03,2.141348521570529,0.0,64.99265432071623,0.0
2022-04-04,2.141348521570529,0.0,67.13400284228676,0.0
2022-04-05,2.141348521570529,0.0,69.2753513638573,0.0
2022-04-06,2.141348521570529,0.0,71.41669988542783,0.0
2022-04-07,2.259843916626271,0.0,73.6765438020541,0.0
2022-04-08,2.259843916626271,0.0,75.93638771868036,0.0
2022-04-09,2.259843916626271,0.0,78.19623163530663,0.0
2022-04-10,2.259843916626271,4.088840147290067,76.36723540464283,0.0
2022-04-11,2.259843916626271,1.0791857422966704,77.54789357897242,0.0
2022-04-12,2.259843916626271,0.42431732401505523,79.38342017158364,0.0
2022-04-13,2.259843916626271,10.840482930280844,70.80278115792906,0.0
2022-04-14,2.259843916626271,23.63053979371723,49.432085280838095,0.0
2022-04-15,1.7056761997091607,28.18729162659069,22.950469853956566,0.0
2022-04-16,1.7056761997091607,1.7582284706664897,22.897917582999234,0.0
2022-04-17,1.7056761997091607,0.48738884499106233,24.11620493771733,0.0
2022-04-18,1.7056761997091607,9.009690143006504,16.812190994419986,0.0
2022-04-19,1.7056761997091607,0.9802878898317599,17.537579304297385,0.0
2022-04-20,1.7056761997091607,17.13423169434255,2.109023809663995,0.0
2022-04-21,1.7056761997091607,4.290139831625639,0.0,0.4754398222524836
2022-04-22,1.7056761997091607,0.5004294085717866,1.205246791137374,0.0
2022-04-23,2.1745065438681532,0.0,3.3797533350055273,0.0
2022-04-24,2.1745065438681532,0.0,5.554259878873681,0.0
2022-04-25,2.1745065438681532,0.0,7.728766422741834,0.0
2022-04-26,2.1745065438681532,0.0,9.903272966609986,0.0
2022-04-27,2.1745065438681532,0.0,12.07777951047814,0.0
2022-04-28,2.1745065438681532,0.0,14.252286054346293,0.0
2022-04-29,2.1745065438681532,0.0,16.426792598214448,0.0
2022-04-30,2.1745065438681532,0.0,18.601299142082603,0.0
2022-05-01,2.077763936015512,0.0,20.679063078098114,0.0
2022-05-02,2.077763936015512,0.0,22.756827014113625,0.0
2022-05-03,2.077763936015512,0.0,24.834590950129137,0.0
2022-05-04,2.077763936015512,0.0,26.912354886144648,0.0
2022-05-05,2.077763936015512,0.16737894194875336,28.822739880211405,0.0
2022-05-06,2.077763936015512,0.8858557247016837,30.01464809152523,0.0
2022-05-07,2.077763936015512,0.0,32.092412027540746,0.0
2022-05-08,2.077763936015512,1.0781185447985173,33.09205741875775,0.0
2022-05-09,2.085006301502666,1.0892801591117314,34.08778356114868,0.0
2022-05-10,2.085006301502666,0.43493497030284745,35.7378548923485,0.0
2022-05-11,2.085006301502666,0.0,37.82286119385117,0.0
2022-05-12,2.085006301502666,0.0,39.907867495353834,0.0
2022-05-13,2.085006301502666,0.0,41.9928737968565,0.0
2022-05-14,2.085006301502666,0.0,44.07788009835917,0.0
2022-05-15,2.085006301502666,0.0,46.16288639986183,0.0
2022-05-16,2.085006301502666,0.0,48.2478927013645,0.0
2022-05-17,2.549915172079495,0.0,50.79780787344399,0.0
2022-05-18,2.549915172079495,0.0,53.34772304552349,0.0
2022-05-19,2.549915172079495,0.0,55.89763821760298,0.0
2022-05-20,2.549915172079495,0.0,58.447553389682476,0.0
2022-05-21,2.549915172079495,0.0,60.99746856176197,0.0
2022-05-22,2.549915172079495,0.0,63.547383733841464,0.0
2022-05-23,2.549915172079495,0.0,66.09729890592097,0.0
2022-05-24,2.549915172079495,0.0,68.64721407800046,0.0
2022-05-25,2.155245758603974,0.0,70.80245983660443,0.0
2022-05-26,2.155245758603974,0.0003343653020336532,72.95737122990636,0.0
2022-05-27,2.155245758603974,0.0,75.11261698851033,0.0
2022-05-28,2.155245758603974,0.42786470528449794,76.8399980418298,0.0
2022-05-29,2.155245758603974,0.0,78.99524380043377,0.0
2022-05-30,2.155245758603974,0.0,81.15048955903774,0.0
2022-05-31,2.155245758603974,0.0,83.3057353176417,0.0
2022-06-01,2.155245758603974,0.0,85.46098107624567,0.0
2022-06-02,2.3276238487639365,0.0,87.78860492500961,0.0
2022-06-03,2.3276238487639365,0.29671360162481797,89.81951517214873,0.0
2022-06-04,2.3276238487639365,27.988801424717387,64.15833759619528,0.0
2022-06-05,2.3276238487639365,1.9798355717038956,64.50612587325531,0.0
2022-06-06,2.3276238487639365,0.05949102166965142,66.77425870034959,0.0
2022-06-07,2.3276238487639365,0.0,69.10188254911353,0.0
2022-06-08,2.3276238487639365,0.0,71.42950639787746,0.0
2022-06-09,2.3276238487639365,0.0,73.7571302466414,0.0
2022-06-10,2.2580605913717893,0.0,76.01519083801318,0.0
2022-06-11,2.2580605913717893,0.0,78.27325142938497,0.0
2022-06-12,2.2580605913717893,0.0,80.53131202075676,0.0
2022-06-13,2.2580605913717893,0.0,82.78937261212855,0.0
2022-06-14,2.2580605913717893,0.0,85.04743320350033,0.0
2022-06-15,2.2580605913717893,0.0,87.30549379487212,0.0
2022-06-16,2.2580605913717893,0.0,89.56355438624391,0.0
2022-06-17,2.2580605913717893,0.0,91.8216149776157,0.0
2022-06-18,2.6787416383906937,0.0,94.50035661600639,0.0
2022-06-19,2.6787416383906937,0.0,97.17909825439708,0.0
2022-06-20,2.6787416383906937,0.0,99.85783989278777,0.0
2022-06-21,2.6787416383906937,0.0,102.53658153117846,0.0
2022-06-22,2.6787416383906937,0.0,105.21532316956915,0.0
2022-06-23,2.6787416383906937,0.0,107.89406480795984,0.0
2022-06-24,2.6787416383906937,0.0,110.57280644635053,0.0
2022-06-25,2.6787416383906937,0.0,113.25154808474122,0.0
2022-06-26,2.0854624333494907,0.0,115.33701051809071,0.0
2022-06-27,2.0854624333494907,0.0,117.4224729514402,0.0
2022-06-28,2.0854624333494907,0.0,119.50793538478969,0.0
2022-06-29,2.0854624333494907,0.0,121.59339781813918,0.0
2022-06-30,2.0854624333494907,0.0,123.67886025148867,0.0
2022-07-01,2.0854624333494907,0.0,125.76432268483816,0.0
2022-07-02,2.0854624333494907,0.0,127.84978511818765,0.0
2022-07-03,2.0854624333494907,0.0,129.93524755153715,0.0
2022-07-04,1.8784178380998546,0.9207445442065271,130.8929208454305,0.0
2022-07-05,1.8784178380998546,0.0046724455990473914,132.7666662379313,0.0
2022-07-06,1.8784178380998546,0.0,134.64508407603117,0.0
2022-07-07,1.8784178380998546,0.0,136.52350191413103,0.0
2022-07-08,1.8784178380998546,0.0,138.4019197522309,0.0
2022-07-09,1.8784178380998546,0.0,140.28033759033076,0.0
2022-07-10,1.8784178380998546,0.0,142.15875542843062,0.0
2022-07-11,1.8784178380998546,0.0,144.0371732665305,0.0
2022-07-12,2.2090567135239936,0.0,146.2462299800545,0.0
2022-07-13,2.2090567135239936,0.0,148.4552866935785,0.0
2022-07-14,2.2090567135239936,0.0,150.6643434071025,0.0
2022-07-15,2.2090567135239936,0.0,152.8734001206265,0.0
2022-07-16,2.2090567135239936,0.0,155.08245683415052,0.0
2022-07-17,2.2090567135239936,0.0,157.29151354767453,0.0
2022-07-18,2.2090567135239936,0.0,159.50057026119853,0.0
2022-07-19,2.2090567135239936,0.0,161.70962697472254,0.0
2022-07-20,2.0312859912748427,0.0,163.74091296599738,0.0
2022-07-21,2.0312859912748427,0.0,165.77219895727222,0.0
2022-07-22,2.0312859912748427,0.0,167.80348494854707,0.0
2022-07-23,2.0312859912748427,0.0,169.8347709398219,0.0
2022-07-24,2.0312859912748427,0.0,171.86605693109675,0.0
2022-07-25,2.0312859912748427,0.0,173.8973429223716,0.0
2022-07-26,2.0312859912748427,0.0028823528311939057,175.92574656081524,0.0
2022-07-27,2.0312859912748427,0.0,177.95703255209008,0.0
2022-07-28,1.8457038293746968,0.0,179.80273638146477,0.0
2022-07-29,1.8457038293746968,0.0,181.64844021083945,0.0
2022-07-30,1.8457038293746968,0.0,183.49414404021414,0.0
2022-07-31,1.8457038293746968,0.0,185.33984786958882,0.0
2022-08-01,1.8457038293746968,0.0,187.1855516989635,0.0
2022-08-02,1.8457038293746968,0.0,189.0312555283382,0.0
2022-08-03,1.8457038293746968,0.0,190.87695935771288,0.0
2022-08-04,1.8457038293746968,0.0,192.72266318708756,0.0
2022-08-05,1.778203102278235,0.0,194.5008662893658,0.0
2022-08-06,1.778203102278235,0.0,196.27906939164404,0.0
2022-08-07,1.778203102278235,0.0,198.05727249392228,0.0
2022-08-08,1.778203102278235,0.0,199.83547559620052,0.0
2022-08-09,1.778203102278235,0.0,201.61367869847876,0.0
2022-08-10,1.778203102278235,0.0,203.391881800757,0.0
2022-08-11,1.778203102278235,0.0,205.17008490303525,0.0
2022-08-12,1.778203102278235,0.0,206.9482880053135,0.0
2022-08-13,2.3590237518177415,0.0,209.30731175713123,0.0
2022-08-14,2.3590237518177415,0.0,211.66633550894898,0.0
2022-08-15,2.3590237518177415,0.0,214.02535926076672,0.0
2022-08-16,2.3590237518177415,0.0,216.38438301258446,0.0
2022-08-17,2.3590237518177415,0.0,218.7434067644022,0.0
2022-08-18,2.3590237518177415,0.0,221.10243051621995,0.0
2022-08-19,2.3590237518177415,0.0,223.4614542680377,0.0
2022-08-20,2.3590237518177415,0.025991330644110033,225.79448668921134,0.0
2022-08-21,1.906595734367427,0.0,227.70108242357875,0.0
2022-08-22,1.906595734367427,0.0,229.60767815794617,0.0
2022-08-23,1.906595734367427,0.0,231.51427389231358,0.0
2022-08-24,1.906595734367427,0.0,233.420869626681,0.0
2022-08-25,1.906595734367427,0.0,235.3274653610484,0.0
2022-08-26,1.906595734367427,0.0,237.23406109541583,0.0
2022-08-27,1.906595734367427,0.0,239.14065682978324,0.0
2022-08-28,1.906595734367427,0.0,241.04725256415065,0.0
2022-08-29,2.10580077556956,0.0,243.1530533397202,0.0
2022-08-30,2.10580077556956,0.0,245.25885411528975,0.0
2022-08-31,2.10580077556956,0.0,247.3646548908593,0.0
2022-09-01,2.10580077556956,0.0,249.47045566642885,0.0
2022-09-02,2.10580077556956,0.0,251.5762564419984,0.0
2022-09-03,2.10580077556956,0.0,253.68205721756794,0.0
2022-09-04,2.10580077556956,0.0,255.7878579931375,0.0
2022-09-05,2.10580077556956,0.0,257.89365876870704,0.0
2022-09-06,2.02720358700921,0.0,259.9208623557162,0.0
2022-09-07,2.02720358700921,0.0,261.9480659427254,0.0
2022-09-08,2.02720358700921,0.0,263.9752695297346,0.0
2022-09-09,2.02720358700921,0.0,266.0024731167438,0.0
2022-09-10,2.02720358700921,0.0,268.02967670375295,0.0
2022-09-11,2.02720358700921,0.0,270.05688029076214,0.0
2022-09-12,2.02720358700921,0.0,272.0840838777713,0.0
2022-09-13,2.02720358700921,0.0,274.1112874647805,0.0
2022-09-14,1.8337712069801257,0.0,275.94505867176065,0.0
2022-09-15,1.8337712069801257,0.0,277.7788298787408,0.0
2022-09-16,1.8337712069801257,0.0,279.61260108572094,0.0
2022-09-17,1.8337712069801257,8.798371034509993,272.6480012581911,0.0
2022-09-18,1.8337712069801257,23.31135883862758,251.17041362654365,0.0
2022-09-19,1.8337712069801257,0.0,253.00418483352377,0.0
2022-09-20,1.8337712069801257,0.5820194958902364,254.25593654461363,0.0
2022-09-21,1.8337712069801257,0.0,256.0897077515938,0.0
2022-09-22,2.0481255453223457,0.0,258.13783329691614,0.0
2022-09-23,2.0481255453223457,0.0,260.1859588422385,0.0
2022-09-24,2.0481255453223457,0.0,262.23408438756087,0.0
2022-09-25,2.0481255453223457,0.0,264.28220993288323,0.0
2022-09-26,2.0481255453223457,0.0,266.3303354782056,0.0
2022-09-27,2.0481255453223457,0.0,268.37846102352796,0.0
2022-09-28,2.0481255453223457,0.0,270.4265865688503,0.0
2022-09-29,2.0481255453223457,0.0,272.4747121141727,0.0
2022-09-30,1.8086941347552103,0.0,274.2834062489279,0.0
2022-10-01,1.8086941347552103,0.0,276.09210038368315,0.0
2022-10-02,1.8086941347552103,0.0,277.9007945184384,0.0
2022-10-03,1.8086941347552103,0.0,279.7094886531936,0.0
2022-10-04,1.8086941347552103,0.0,281.51818278794883,0.0
2022-10-05,1.8086941347552103,0.0,283.32687692270406,0.0
2022-10-06,1.8086941347552103,0.0,285.1355710574593,0.0
2022-10-07,1.8086941347552103,0.0,286.9442651922145,0.0
2022-10-08,1.4475671352399413,0.0,288.39183232745444,0.0
2022-10-09,1.4475671352399413,0.0,289.83939946269436,0.0
2022-10-10,1.4475671352399413,0.0,291.2869665979343,0.0
2022-10-11,1.4475671352399413,0.0,292.7345337331742,0.0
2022-10-12,1.4475671352399413,0.0,294.1821008684141,0.0
2022-10-13,1.4475671352399413,0.0,295.62966800365405,0.0
2022-10-14,1.4475671352399413,0.019040247696472026,297.0581948911975,0.0
2022-10-15,1.4475671352399413,0.0,298.5057620264374,0.0
2022-10-16,0.9207319437712066,0.0,299.42649397020864,0.0
2022-10-17,0.9207319437712066,0.0,300.34722591397986,0.0
2022-10-18,0.9207319437712066,0.0,301.26795785775107,0.0
2022-10-19,0.9207319437712066,0.0,302.1886898015223,0.0
2022-10-20,0.9207319437712066,0.0,303.1094217452935,0.0
2022-10-21,0.9207319437712066,0.0,304.0301536890647,0.0
2022-10-22,0.9207319437712066,0.0,304.95088563283593,0.0
2022-10-23,0.9207319437712066,0.0,305.87161757660715,0.0
2022-10-24,0.8325685894328646,0.0,306.70418616604,0.0
2022-10-25,0.8325685894328646,0.0,307.5367547554729,0.0
2022-10-26,0.8325685894328646,0.0,308.36932334490575,0.0
2022-10-27,0.8325685894328646,0.0,309.2018919343386,0.0
2022-10-28,0.8325685894328646,0.0,310.0344605237715,0.0
2022-10-29,0.8325685894328646,0.0,310.86702911320435,0.0
2022-10-30,0.8325685894328646,0.0,311.6995977026372,0.0
2022-10-31,0.8325685894328646,3.3020978136328347,309.23006847843726,0.0
2022-11-01,0.8721715947649057,3.5421221676994774,306.5601179055027,0.0
2022-11-02,0.8721715947649057,0.7811024409514092,306.65118705931616,0.0
2022-11-03,0.8721715947649057,0.0,307.52335865408105,0.0
2022-11-04,0.8721715947649057,0.3396941055731138,308.0558361432728,0.0
2022-11-05,0.8721715947649057,2.9429323739680706,305.98507536406964,0.0
2022-11-06,0.8721715947649057,10.304827338770815,296.55241962006374,0.0
2022-11-07,0.8721715947649057,25.793427972232593,271.631163242596,0.0
2022-11-08,0.8721715947649057,6.18325750746594,266.32007732989496,0.0
2022-11-09,0.7560135724672804,0.0,267.07609090236224,0.0
2022-11-10,0.7560135724672804,0.0,267.8321044748295,0.0
2022-11-11,0.7560135724672804,0.0,268.5881180472968,0.0
2022-11-12,0.7560135724672804,0.0,269.3441316197641,0.0
2022-11-13,0.7560135724672804,0.0,270.10014519223137,0.0
2022-11-14,0.7560135724672804,0.0,270.85615876469865,0.0
2022-11-15,0.7560135724672804,0.0,271.61217233716593,0.0
2022-11-16,0.7560135724672804,0.0,272.3681859096332,0.0
2022-11-17,0.823761997091614,0.0,273.1919479067248,0.0
2022-11-18,0.823761997091614,0.0,274.0157099038164,0.0
2022-11-19,0.823761997091614,0.0,274.839471900908,0.0
2022-11-20,0.823761997091614,0.0,275.6632338979996,0.0
2022-11-21,0.823761997091614,0.0,276.4869958950912,0.0
2022-11-22,0.823761997091614,0.0,277.3107578921828,0.0
2022-11-23,0.823761997091614,0.0,278.1345198892744,0.0
2022-11-24,0.823761997091614,0.0,278.95828188636597,0.0
2022-11-25,0.7791260300533205,0.0,279.7374079164193,0.0
2022-11-26,0.7791260300533205,0.0,280.5165339464726,0.0
2022-11-27,0.7791260300533205,0.0,281.2956599765259,0.0
2022-11-28,0.7791260300533205,0.0,282.0747860065792,0.0
2022-11-29,0.7791260300533205,0.0,282.8539120366325,0.0
2022-11-30,0.7791260300533205,24.325001754996944,259.30803631168885,0.0
2022-12-01,0.7791260300533205,3.3363593569480963,256.75080298479406,0.0
2022-12-02,0.7791260300533205,0.13087986778733157,257.39904914706005,0.0
2022-12-03,0.5934110518662143,6.851907871825038,251.14055232710123,0.0
2022-12-04,0.5934110518662143,13.730098745033098,238.00386463393434,0.0
2022-12-05,0.5934110518662143,12.837853502562906,225.75942218323766,0.0
2022-12-06,0.5934110518662143,0.8730526110705208,225.47978062403334,0.0
2022-12-07,0.5934110518662143,0.07704272312068901,225.99614895277887,0.0
2022-12-08,0.5934110518662143,12.096194853354532,214.49336515129056,0.0
2022-12-09,0.5934110518662143,15.497436594298748,199.58933960885804,0.0
2022-12-10,0.5934110518662143,23.576432331427696,176.60631832929656,0.0
2022-12-11,0.635380513814833,26.082504148453747,151.15919469465763,0.0
2022-12-12,0.635380513814833,0.0,151.79457520847245,0.0
2022-12-13,0.635380513814833,0.0,152.42995572228727,0.0
2022-12-14,0.635380513814833,0.0,153.0653362361021,0.0
2022-12-15,0.635380513814833,0.0,153.70071674991692,0.0
2022-12-16,0.635380513814833,0.0,154.33609726373174,0.0
2022-12-17,0.635380513814833,0.0,154.97147777754657,0.0
2022-12-18,0.635380513814833,0.0,155.6068582913614,0.0
2022-12-19,0.5424837615123608,0.0,156.14934205287375,0.0
2022-12-20,0.5424837615123608,0.033860061559883796,156.65796575282621,0.0
2022-12-21,0.5424837615123608,0.0,157.20044951433857,0.0
2022-12-22,0.5424837615123608,0.6853077081334848,157.05762556771745,0.0
2022-12-23,0.5424837615123608,0.0007321981384473688,157.59937713109136,0.0
2022-12-24,0.5424837615123608,0.0,158.14186089260372,0.0
2022-12-25,0.5424837615123608,1.6951160895935153,156.98922856452256,0.0
2022-12-26,0.5424837615123608,85.6106017263312,71.92111059970372,0.0
2022-12-27,0.9427319437712064,3.4331175601888355,69.4307249832861,0.0
2022-12-28,0.9427319437712064,11.109750738823006,59.263706188234295,0.0
2022-12-29,0.9427319437712064,35.62226273622306,24.584175395782445,0.0
2022-12-30,0.9427319437712064,53.505308653178965,0.0,27.978401313625312
2022-12-31,0.9427319437712064,14.97310382146215,0.0,14.030371877690943
2023-01-01,0.861328162869607,1.0186377362846957,0.0,0.15730957341508867
2023-01-02,0.861328162869607,12.970960061985638,0.0,12.109631899116032
2023-01-03,0.861328162869607,15.891624152475833,0.0,15.030295989606227
2023-01-04,0.861328162869607,52.2562124293655,0.0,51.39488426649589
2023-01-05,0.861328162869607,25.124909829059987,0.0,24.26358166619038
2023-01-06,0.861328162869607,16.204871003472768,0.0,15.34354284060316
2023-01-07,0.861328162869607,70.3902378849939,0.0,69.52890972212428
2023-01-08,0.861328162869607,68.53210429141394,0.0,67.67077612854433
2023-01-09,1.130414929714009,16.053907807766464,0.0,14.923492878052455
2023-01-10,1.130414929714009,22.164818388758793,0.0,21.034403459044782
2023-01-11,1.130414929714009,45.1550881235223,0.0,44.02467319380829
2023-01-12,1.130414929714009,20.621063660541925,0.0,19.490648730827914
2023-01-13,1.130414929714009,48.32544859422618,0.0,47.195033664512174
2023-01-14,1.130414929714009,21.266382695720658,0.0,20.13596776600665
2023-01-15,1.130414929714009,15.351325377591252,0.0,14.220910447877243
2023-01-16,1.130414929714009,0.0,1.130414929714009,0.0
2023-01-17,0.8077382452738728,0.6198563276106728,1.318296847377209,0.0
2023-01-18,0.8077382452738728,9.674014593425547,0.0,7.547979500774465
2023-01-19,0.8077382452738728,0.0,0.8077382452738728,0.0
2023-01-20,0.8077382452738728,0.0,1.6154764905477457,0.0
2023-01-21,0.8077382452738728,0.0,2.4232147358216185,0.0
2023-01-22,0.8077382452738728,0.0,3.2309529810954913,0.0
2023-01-23,0.8077382452738728,0.0,4.038691226369364,0.0
2023-01-24,0.8077382452738728,0.0,4.846429471643237,0.0
2023-01-25,0.7623674260785265,0.0,5.6087968977217635,0.0
2023-01-26,0.7623674260785265,0.0,6.37116432380029,0.0
2023-01-27,0.7623674260785265,0.0,7.133531749878816,0.0
2023-01-28,0.7623674260785265,0.0,7.895899175957343,0.0
2023-01-29,0.7623674260785265,0.14374148541190673,8.514525116623963,0.0
2023-01-30,0.7623674260785265,0.0,9.27689254270249,0.0
2023-01-31,0.7623674260785265,0.0,10.039259968781016,0.0
2023-02-01,0.7623674260785265,0.0,10.801627394859542,0.0
2023-02-02,0.8836582646631124,23.931509212812767,0.0,12.246223553290111
2023-02-03,0.8836582646631124,0.4206154643566615,0.4630428003064509,0.0
2023-02-04,0.8836582646631124,18.42759193207826,0.0,17.0808908671087
2023-02-05,0.8836582646631124,5.525027991817462,0.0,4.641369727154349
2023-02-06,0.8836582646631124,0.0,0.8836582646631124,0.0
2023-02-07,0.8836582646631124,0.0,1.7673165293262247,0.0
2023-02-08,0.8836582646631124,0.0,2.650974793989337,0.0
2023-02-09,0.8836582646631124,0.09767430254918502,3.4369587561032646,0.0
2023-02-10,0.9883427047988365,3.796927185619578,0.6283742752825234,0.0
2023-02-11,0.9883427047988365,0.0,1.61671698008136,0.0
2023-02-12,0.9883427047988365,0.0,2.6050596848801963,0.0
2023-02-13,0.9883427047988365,0.0,3.593402389679033,0.0
2023-02-14,0.9883427047988365,0.0,4.581745094477869,0.0
2023-02-15,0.9883427047988365,0.0,5.570087799276705,0.0
2023-02-16,0.9883427047988365,0.0,6.558430504075542,0.0
2023-02-17,0.9883427047988365,0.0,7.546773208874378,0.0
2023-02-18,1.1377818710615604,0.0,8.684555079935938,0.0
2023-02-19,1.1377818710615604,0.0,9.8223369509975,0.0
2023-02-20,1.1377818710615604,0.0,10.96011882205906,0.0
2023-02-21,1.1377818710615604,0.022488234933730984,12.075412458186891,0.0
2023-02-22,1.1377818710615604,0.8167330967752555,12.396461232473197,0.0
2023-02-23,1.1377818710615604,28.39742651074294,0.0,14.863183407208181
2023-02-24,1.1377818710615604,5.708306058641556,0.0,4.570524187579996
2023-02-25,1.1377818710615604,1.9701045973013056,0.0,0.8323227262397452
2023-02-26,1.0521342704798837,14.87447681663206,0.0,13.822342546152175
2023-02-27,1.0521342704798837,24.26704839582413,0.0,23.214914125344247
2023-02-28,1.0521342704798837,9.650587727041804,0.0,8.59845345656192
2023-03-01,1.0521342704798837,0.0,1.0521342704798837,0.0
2023-03-02,1.0521342704798837,0.0,2.1042685409597675,0.0
2023-03-03,1.0521342704798837,0.19216470492876858,2.9642381065108827,0.0
2023-03-04,1.0521342704798837,22.406985427572998,0.0,18.390613050582232
2023-03-05,1.0521342704798837,7.611185814943107,0.0,6.559051544463223
2023-03-06,1.110126514784294,3.186652584341657,0.0,2.076526069557363
2023-03-07,1.110126514784294,12.21253276387973,0.0,11.102406249095436
2023-03-08,1.110126514784294,0.7947123526788716,0.3154141621054224,0.0
2023-03-09,1.110126514784294,105.33005679576387,0.0,103.90451611887416
2023-03-10,1.110126514784294,1.279090690908048,0.0,0.16896417612375392
2023-03-11,1.110126514784294,23.637007373774377,0.0,22.526880858990083
2023-03-12,1.110126514784294,22.786049438334835,0.0,21.67592292355054
2023-03-13,1.110126514784294,38.93880718928003,0.0,37.828680674495736
2023-03-14,1.37031943771207,45.37644255788702,0.0,44.00612312017495
2023-03-15,1.37031943771207,0.0,1.37031943771207,0.0
2023-03-16,1.37031943771207,0.0,2.74063887542414,0.0
2023-03-17,1.37031943771207,0.0,4.11095831313621,0.0
2023-03-18,1.37031943771207,17.71971090806896,0.0,12.238433157220681
2023-03-19,1.37031943771207,11.075024807047178,0.0,9.704705369335109
2023-03-20,1.37031943771207,2.0652875199037437,0.0,0.6949680821916737
2023-03-21,1.37031943771207,43.101448200804526,0.0,41.73112876309246
2023-03-22,1.5260630150266599,1.1746656208215482,0.3513973942051116,0.0
2023-03-23,1.5260630150266599,0.5025402400238963,1.3749201692078752,0.0
2023-03-24,1.5260630150266599,0.0,2.9009831842345353,0.0
2023-03-25,1.5260630150266599,0.0,4.427046199261195,0.0
2023-03-26,1.5260630150266599,0.0,5.9531092142878546,0.0
2023-03-27,1.5260630150266599,21.50434779235084,0.0,14.025175563036324
2023-03-28,1.5260630150266599,44.2202565101647,0.0,42.694193495138045
2023-03-29,1.5260630150266599,6.495360597368364,0.0,4.969297582341705
2023-03-30,1.2844018419777017,0.0,1.2844018419777017,0.0
2023-03-31,1.2844018419777017,0.0,2.5688036839554034,0.0
2023-04-01,1.2844018419777017,1.4685262759034476,2.3846792500296576,0.0
2023-04-02,1.2844018419777017,0.0,3.6690810920073593,0.0
2023-04-03,1.2844018419777017,0.0,4.953482933985061,0.0
2023-04-04,1.2844018419777017,0.0,6.237884775962763,0.0
2023-04-05,1.2844018419777017,0.0,7.522286617940464,0.0
2023-04-06,1.2844018419777017,16.392018758106524,0.0,7.585330298188357
2023-04-07,2.0490877363063507,5.389957458980311,0.0,3.3408697226739608
2023-04-08,2.0490877363063507,0.0,2.0490877363063507,0.0
2023-04-09,2.0490877363063507,0.0,4.098175472612701,0.0
2023-04-10,2.0490877363063507,0.10650556723676596,6.040757641682285,0.0
2023-04-11,2.0490877363063507,0.0,8.089845377988636,0.0
2023-04-12,2.0490877363063507,0.0,10.138933114294987,0.0
2023-04-13,2.0490877363063507,0.0,12.188020850601339,0.0
2023-04-14,2.0490877363063507,0.0,14.23710858690769,0.0
2023-04-15,1.9567842947164322,0.0,16.193892881624123,0.0
2023-04-16,1.9567842947164322,0.03787646925613145,18.112800707084425,0.0
2023-04-17,1.9567842947164322,3.357311933033237,16.71227306876762,0.0
2023-04-18,1.9567842947164322,0.0,18.66905736348405,0.0
2023-04-19,1.9567842947164322,0.0,20.625841658200482,0.0
2023-04-20,1.9567842947164322,0.0,22.582625952916914,0.0
2023-04-21,1.9567842947164322,0.0,24.539410247633345,0.0
2023-04-22,1.9567842947164322,0.0,26.496194542349777,0.0
2023-04-23,2.1813499757634505,0.0,28.677544518113226,0.0
2023-04-24,2.1813499757634505,0.0,30.858894493876676,0.0
2023-04-25,2.1813499757634505,0.0,33.04024446964013,0.0
2023-04-26,2.1813499757634505,0.0,35.22159444540358,0.0
2023-04-27,2.1813499757634505,0.0,37.402944421167035,0.0
2023-04-28,2.1813499757634505,0.0,39.58429439693049,0.0
2023-04-29,2.1813499757634505,0.0,41.76564437269394,0.0
2023-04-30,2.1813499757634505,0.0,43.946994348457395,0.0
2023-05-01,1.5230896752302467,0.8475634608844484,44.62252056280319,0.0
2023-05-02,1.5230896752302467,10.149894587395728,35.995715650637706,0.0
2023-05-03,1.5230896752302467,6.184879305931067,31.333926019936886,0.0
2023-05-04,1.5230896752302467,0.3567368378949239,32.500278857272214,0.0
2023-05-05,1.5230896752302467,10.903637918525433,23.119730613977026,0.0
2023-05-06,1.5230896752302467,0.8856935004700818,23.75712678873719,0.0
2023-05-07,1.5230896752302467,4.7095138753530765,20.57070258861436,0.0
2023-05-08,1.5230896752302467,0.11200000110425445,21.981792262740353,0.0
2023-05-09,2.3787401841977696,0.0,24.360532446938123,0.0
2023-05-10,2.3787401841977696,0.0,26.739272631135893,0.0
2023-05-11,2.3787401841977696,0.0,29.118012815333664,0.0
2023-05-12,2.3787401841977696,0.0,31.496752999531434,0.0
2023-05-13,2.3787401841977696,0.0,33.875493183729205,0.0
2023-05-14,2.3787401841977696,0.0,36.25423336792697,0.0
2023-05-15,2.3787401841977696,0.0,38.63297355212474,0.0
2023-05-16,2.3787401841977696,0.0,41.011713736322505,0.0
2023-05-17,2.539719825496849,0.0,43.55143356181935,0.0
2023-05-18,2.539719825496849,0.0,46.0911533873162,0.0
2023-05-19,2.539719825496849,0.0,48.63087321281304,0.0
2023-05-20,2.539719825496849,0.0,51.17059303830989,0.0
2023-05-21,2.539719825496849,0.0,53.710312863806735,0.0
2023-05-22,2.539719825496849,0.0,56.25003268930358,0.0
2023-05-23,2.539719825496849,0.0,58.789752514800426,0.0
2023-05-24,2.539719825496849,0.0,61.32947234029727,0.0
2023-05-25,2.11760300533204,0.3240928769849771,63.12298246864434,0.0
2023-05-26,2.11760300533204,0.15970279179490385,65.08088268218148,0.0
2023-05-27,2.11760300533204,0.0,67.19848568751353,0.0
2023-05-28,2.11760300533204,0.004303405528467136,69.31178528731711,0.0
2023-05-29,2.11760300533204,0.006640866721746722,71.4227474259274,0.0
2023-05-30,2.11760300533204,0.0,73.54035043125944,0.0
2023-05-31,2.11760300533204,0.0,75.65795343659148,0.0
2023-06-01,2.11760300533204,0.0,77.77555644192353,0.0
2023-06-02,1.736929714008725,0.0,79.51248615593225,0.0
2023-06-03,1.736929714008725,0.0,81.24941586994098,0.0
2023-06-04,1.736929714008725,0.0,82.9863455839497,0.0
2023-06-05,1.736929714008725,0.34544117646522515,84.3778341214932,0.0
2023-06-06,1.736929714008725,0.0,86.11476383550192,0.0
2023-06-07,1.736929714008725,0.0,87.85169354951064,0.0
2023-06-08,1.736929714008725,0.0,89.58862326351937,0.0
2023-06-09,1.736929714008725,0.0,91.32555297752809,0.0
2023-06-10,1.5374144449830345,0.0,92.86296742251112,0.0
2023-06-11,1.5374144449830345,0.16734209669978808,94.23303977079436,0.0
2023-06-12,1.5374144449830345,0.0,95.77045421577739,0.0
2023-06-13,1.5374144449830345,0.0,97.30786866076042,0.0
2023-06-14,1.5374144449830345,0.0,98.84528310574345,0.0
2023-06-15,1.5374144449830345,0.0,100.38269755072648,0.0
2023-06-16,1.5374144449830345,0.0,101.9201119957095,0.0
2023-06-17,1.5374144449830345,0.0,103.45752644069253,0.0
2023-06-18,1.6645065438681523,0.0,105.12203298456069,0.0
2023-06-19,1.6645065438681523,0.0,106.78653952842885,0.0
2023-06-20,1.6645065438681523,0.0,108.451046072297,0.0
2023-06-21,1.6645065438681523,0.0,110.11555261616516,0.0
2023-06-22,1.6645065438681523,0.0,111.78005916003332,0.0
2023-06-23,1.6645065438681523,0.0,113.44456570390147,0.0
2023-06-24,1.6645065438681523,0.0,115.10907224776963,0.0
2023-06-25,1.6645065438681523,0.0,116.77357879163779,0.0
2023-06-26,2.3298017450315065,0.0,119.10338053666929,0.0
2023-06-27,2.3298017450315065,0.0,121.4331822817008,0.0
2023-06-28,2.3298017450315065,0.0,123.7629840267323,0.0
2023-06-29,2.3298017450315065,0.0,126.0927857717638,0.0
2023-06-30,2.3298017450315065,0.0,128.42258751679532,0.0
2023-07-01,2.3298017450315065,0.0,130.75238926182683,0.0
2023-07-02,2.3298017450315065,0.0,133.08219100685835,0.0
2023-07-03,2.3298017450315065,0.0,135.41199275188987,0.0
2023-07-04,1.778047988366457,0.0,137.19004074025634,0.0
2023-07-05,1.778047988366457,0.0,138.9680887286228,0.0
2023-07-06,1.778047988366457,0.0,140.74613671698927,0.0
2023-07-07,1.778047988366457,0.0,142.52418470535574,0.0
2023-07-08,1.778047988366457,0.0,144.3022326937222,0.0
2023-07-09,1.778047988366457,0.0,146.08028068208867,0.0
2023-07-10,1.778047988366457,0.0,147.85832867045514,0.0
2023-07-11,1.778047988366457,0.0,149.6363766588216,0.0
2023-07-12,2.554416868637904,0.0,152.1907935274595,0.0
2023-07-13,2.554416868637904,0.0,154.7452103960974,0.0
2023-07-14,2.554416868637904,0.0,157.2996272647353,0.0
2023-07-15,2.554416868637904,0.0,159.8540441333732,0.0
2023-07-16,2.554416868637904,0.0,162.4084610020111,0.0
2023-07-17,2.554416868637904,0.0,164.962877870649,0.0
2023-07-18,2.554416868637904,0.0,167.5172947392869,0.0
2023-07-19,2.554416868637904,0.0,170.0717116079248,0.0
2023-07-20,2.50692583616093,0.0,172.57863744408573,0.0
2023-07-21,2.50692583616093,0.0,175.08556328024665,0.0
2023-07-22,2.50692583616093,0.0,177.59248911640756,0.0
2023-07-23,2.50692583616093,0.0,180.09941495256848,0.0
2023-07-24,2.50692583616093,0.0,182.6063407887294,0.0
2023-07-25,2.50692583616093,0.0,185.11326662489031,0.0
2023-07-26,2.50692583616093,0.0,187.62019246105123,0.0
2023-07-27,2.50692583616093,0.0,190.12711829721215,0.0
2023-07-28,2.1579316529326213,0.0,192.28504995014478,0.0
2023-07-29,2.1579316529326213,0.0,194.4429816030774,0.0
2023-07-30,2.1579316529326213,0.0,196.60091325601005,0.0
2023-07-31,2.1579316529326213,0.0,198.75884490894268,0.0
2023-08-01,2.1579316529326213,0.0,200.9167765618753,0.0
2023-08-02,2.1579316529326213,0.0,203.07470821480794,0.0
2023-08-03,2.1579316529326213,0.0,205.23263986774057,0.0
2023-08-04,2.1579316529326213,0.0,207.3905715206732,0.0
2023-08-05,2.149050896752301,0.0,209.5396224174255,0.0
2023-08-06,2.149050896752301,0.0,211.6886733141778,0.0
2023-08-07,2.149050896752301,0.0,213.8377242109301,0.0
2023-08-08,2.149050896752301,0.0,215.9867751076824,0.0
2023-08-09,2.149050896752301,0.0,218.1358260044347,0.0
2023-08-10,2.149050896752301,0.0,220.284876901187,0.0
2023-08-11,2.149050896752301,0.0,222.4339277979393,0.0
2023-08-12,2.149050896752301,0.0,224.5829786946916,0.0
2023-08-13,1.9085428986912265,0.0,226.49152159338283,0.0
2023-08-14,1.9085428986912265,0.0,228.40006449207405,0.0
2023-08-15,1.9085428986912265,0.0,230.30860739076527,0.0
2023-08-16,1.9085428986912265,0.0,232.2171502894565,0.0
2023-08-17,1.9085428986912265,0.19810216336427455,233.92759102478345,0.0
2023-08-18,1.9085428986912265,0.006704334215759861,235.82942958925892,0.0
2023-08-19,1.9085428986912265,0.0,237.73797248795015,0.0
2023-08-20,1.9085428986912265,0.0,239.64651538664137,0.0
2023-08-21,2.013407658749394,0.9552578677426179,240.70466517764814,0.0
2023-08-22,2.013407658749394,0.0,242.71807283639754,0.0
2023-08-23,2.013407658749394,0.0,244.73148049514694,0.0
2023-08-24,2.013407658749394,0.0,246.74488815389634,0.0
2023-08-25,2.013407658749394,0.0,248.75829581264574,0.0
2023-08-26,2.013407658749394,0.0,250.77170347139514,0.0
2023-08-27,2.013407658749394,0.0,252.78511113014454,0.0
2023-08-28,2.013407658749394,0.0,254.79851878889394,0.0
2023-08-29,1.8557077072224915,0.0,256.65422649611645,0.0
2023-08-30,1.8557077072224915,0.0,258.50993420333896,0.0
2023-08-31,1.8557077072224915,0.0,260.36564191056146,0.0
2023-09-01,1.8557077072224915,0.6308402133984462,261.5905094043855,0.0
2023-09-02,1.8557077072224915,2.2060274741967025,261.2401896374113,0.0
2023-09-03,1.8557077072224915,0.0,263.0958973446338,0.0
2023-09-04,1.8557077072224915,0.0,264.9516050518563,0.0
2023-09-05,1.8557077072224915,0.0,266.8073127590788,0.0
2023-09-06,1.8513999030538049,0.0,268.6587126621326,0.0
2023-09-07,1.8513999030538049,0.0,270.5101125651864,0.0
2023-09-08,1.8513999030538049,0.0,272.36151246824016,0.0
2023-09-09,1.8513999030538049,0.0,274.21291237129395,0.0
2023-09-10,1.8513999030538049,0.0,276.06431227434774,0.0
2023-09-11,1.8513999030538049,0.0,277.91571217740153,0.0
2023-09-12,1.8513999030538049,0.0,279.7671120804553,0.0
2023-09-13,1.8513999030538049,0.0,281.6185119835091,0.0
2023-09-14,1.2235438681531747,0.0,282.8420558516623,0.0
2023-09-15,1.2235438681531747,0.0,284.06559971981545,0.0
2023-09-16,1.2235438681531747,0.0,285.2891435879686,0.0
2023-09-17,1.2235438681531747,0.0,286.5126874561218,0.0
2023-09-18,1.2235438681531747,0.0,287.73623132427497,0.0
2023-09-19,1.2235438681531747,0.0,288.95977519242814,0.0
2023-09-20,1.2235438681531747,0.0,290.1833190605813,0.0
2023-09-21,1.2235438681531747,0.0,291.4068629287345,0.0
2023-09-22,1.2913780901599607,0.0,292.69824101889446,0.0
2023-09-23,1.2913780901599607,0.0,293.98961910905444,0.0
2023-09-24,1.2913780901599607,0.12373033558067521,295.15726686363377,0.0
2023-09-25,1.2913780901599607,9.389228519640469,287.05941643415326,0.0
2023-09-26,1.2913780901599607,0.0,288.35079452431324,0.0
2023-09-27,1.2913780901599607,0.0,289.6421726144732,0.0
2023-09-28,1.2913780901599607,0.0,290.9335507046332,0.0
2023-09-29,1.2913780901599607,0.0,292.2249287947932,0.0
2023-09-30,1.746736306349975,1.4256392765340418,292.54602582460916,0.0
2023-10-01,1.746736306349975,0.0,294.29276213095915,0.0
2023-10-02,1.746736306349975,0.0,296.03949843730913,0.0
2023-10-03,1.746736306349975,0.0,297.7862347436591,0.0
2023-10-04,1.746736306349975,0.0,299.5329710500091,0.0
2023-10-05,1.746736306349975,0.0,301.2797073563591,0.0
2023-10-06,1.746736306349975,0.0,303.0264436627091,0.0
2023-10-07,1.746736306349975,0.0,304.7731799690591,0.0
2023-10-08,1.330519146873484,0.11591300257588318,305.98778611335666,0.0
2023-10-09,1.330519146873484,3.387658087461725,303.93064717276843,0.0
2023-10-10,1.330519146873484,3.1797290652898065,302.0814372543521,0.0
2023-10-11,1.330519146873484,0.0,303.4119564012256,0.0
2023-10-12,1.330519146873484,0.0,304.7424755480991,0.0
2023-10-13,1.330519146873484,0.8831328024436074,305.189861892529,0.0
2023-10-14,1.330519146873484,0.6432135918930217,305.87716744750946,0.0
2023-10-15,1.330519146873484,0.0,307.20768659438295,0.0
2023-10-16,1.4248332525448373,0.0,308.6325198469278,0.0
2023-10-17,1.4248332525448373,0.0,310.0573530994726,0.0
2023-10-18,1.4248332525448373,0.0,311.48218635201744,0.0
2023-10-19,1.4248332525448373,0.0,312.90701960456227,0.0
2023-10-20,1.4248332525448373,0.0,314.3318528571071,0.0
2023-10-21,1.4248332525448373,5.789080029301599,309.9676060803503,0.0
2023-10-22,1.4248332525448373,14.22227478174971,297.17016455114543,0.0
2023-10-23,1.4248332525448373,0.0,298.59499780369026,0.0
2023-10-24,1.213387784779447,0.0,299.8083855884697,0.0
2023-10-25,1.213387784779447,0.0,301.0217733732492,0.0
2023-10-26,1.213387784779447,0.0,302.23516115802863,0.0
2023-10-27,1.213387784779447,0.0,303.4485489428081,0.0
2023-10-28,1.213387784779447,0.0,304.66193672758754,0.0
2023-10-29,1.213387784779447,0.0,305.875324512367,0.0
2023-10-30,1.213387784779447,0.0,307.08871229714646,0.0
2023-10-31,1.213387784779447,0.0,308.3021000819259,0.0
2023-11-01,1.2453359185651958,0.0,309.54743600049113,0.0
2023-11-02,1.2453359185651958,0.0,310.79277191905635,0.0
2023-11-03,1.2453359185651958,0.0,312.03810783762157,0.0
2023-11-04,1.2453359185651958,2.9337190828825292,310.34972467330425,0.0
2023-11-05,1.2453359185651958,10.402432010638822,301.1926285812306,0.0
2023-11-06,1.2453359185651958,0.38823714390996805,302.04972735588586,0.0
2023-11-07,1.2453359185651958,0.0,303.2950632744511,0.0
2023-11-08,1.2453359185651958,0.0,304.5403991930163,0.0
2023-11-09,0.9522956858943287,0.0,305.49269487891064,0.0
2023-11-10,0.9522956858943287,0.0,306.444990564805,0.0
2023-11-11,0.9522956858943287,0.0,307.3972862506993,0.0
2023-11-12,0.9522956858943287,0.0,308.34958193659367,0.0
2023-11-13,0.9522956858943287,6.118833859269464,303.18304376321856,0.0
2023-11-14,0.9522956858943287,8.499990303819024,295.6353491452939,0.0
2023-11-15,0.9522956858943287,0.37108450570077434,296.2165603254875,0.0
2023-11-16,0.9522956858943287,2.566306766710783,294.602549244671,0.0
2023-11-17,1.0494774600096948,55.54177756058541,240.11024914409532,0.0
2023-11-18,1.0494774600096948,10.663775601992295,230.49595100211272,0.0
2023-11-19,1.0494774600096948,0.0,231.5454284621224,0.0
2023-11-20,1.0494774600096948,0.0,232.59490592213209,0.0
2023-11-21,1.0494774600096948,0.0,233.64438338214177,0.0
2023-11-22,1.0494774600096948,0.0,234.69386084215145,0.0
2023-11-23,1.0494774600096948,0.0,235.74333830216113,0.0
2023-11-24,1.0494774600096948,0.0,236.79281576217082,0.0
2023-11-25,0.8520174503150743,0.0,237.6448332124859,0.0
2023-11-26,0.8520174503150743,0.0,238.496850662801,0.0
2023-11-27,0.8520174503150743,0.0013024767723090183,239.34756563634377,0.0
2023-11-28,0.8520174503150743,4.462000423909709,235.73758266274916,0.0
2023-11-29,0.8520174503150743,0.0,236.58960011306425,0.0
2023-11-30,0.8520174503150743,0.07427244418914841,237.3673451191902,0.0
2023-12-01,0.8520174503150743,3.8847863969419025,234.33457617256337,0.0
2023-12-02,0.8520174503150743,3.7300805458712496,231.4565130770072,0.0
2023-12-03,0.6025206010664078,0.8464427156714093,231.2125909624022,0.0
2023-12-04,0.6025206010664078,0.0,231.8151115634686,0.0
2023-12-05,0.6025206010664078,0.0,232.417632164535,0.0
2023-12-06,0.6025206010664078,15.764641050214735,217.25551171538666,0.0
2023-12-07,0.6025206010664078,5.011832672745081,212.846199643708,0.0
2023-12-08,0.6025206010664078,0.0,213.4487202447744,0.0
2023-12-09,0.6025206010664078,0.0,214.0512408458408,0.0
2023-12-10,0.6025206010664078,0.0,214.6537614469072,0.0
2023-12-11,0.8252666020358699,0.0,215.47902804894306,0.0
2023-12-12,0.8252666020358699,0.0,216.30429465097893,0.0
2023-12-13,0.8252666020358699,0.0,217.1295612530148,0.0
2023-12-14,0.8252666020358699,0.0,217.95482785505067,0.0
2023-12-15,0.8252666020358699,0.0,218.78009445708653,0.0
2023-12-16,0.8252666020358699,0.0,219.6053610591224,0.0
2023-12-17,0.8252666020358699,36.535548396154816,183.89507926500346,0.0
2023-12-18,0.8252666020358699,63.89196058102066,120.82838528601866,0.0
2023-12-19,0.7709970916141542,45.25310125439528,76.34628112323753,0.0
2023-12-20,0.7709970916141542,11.057603874442746,66.05967434040893,0.0
2023-12-21,0.7709970916141542,0.0,66.83067143202308,0.0
2023-12-22,0.7709970916141542,0.0,67.60166852363723,0.0
2023-12-23,0.7709970916141542,0.0,68.37266561525138,0.0
2023-12-24,0.7709970916141542,0.0,69.14366270686553,0.0
2023-12-25,0.7709970916141542,0.0,69.91465979847968,0.0
2023-12-26,0.7709970916141542,0.0,70.68565689009382,0.0
2023-12-27,0.6595482307319436,55.20316508384681,16.142040036978955,0.0
2023-12-28,0.6595482307319436,10.835718457543813,5.965869810167085,0.0
2023-12-29,0.6595482307319436,43.083823413671716,0.0,36.45840537277269
2023-12-30,0.6595482307319436,0.6778483080790138,0.0,0.018300077347070176
2023-12-31,0.6595482307319436,0.0,0.6595482307319436,0.0
2024-01-01,0.6402278235579256,0.0,1.299776054289869,0.0
2024-01-02,0.6402278235579256,29.27096637926603,0.0,27.330962501418238
2024-01-03,0.6402278235579256,0.0,0.6402278235579256,0.0
2024-01-04,0.6402278235579256,0.0,1.2804556471158512,0.0
2024-01-05,0.6402278235579256,0.0,1.9206834706737768,0.0
2024-01-06,0.6402278235579256,6.807514047475053,0.0,4.24660275324335
2024-01-07,0.6402278235579256,0.0,0.6402278235579256,0.0
2024-01-08,0.6402278235579256,1.2988885345842816,0.0,0.018432887468430303
2024-01-09,0.6213732428502181,2.3764489103027904,0.0,1.7550756674525723
2024-01-10,0.6213732428502181,1.1522755560122036,0.0,0.5309023131619854
2024-01-11,0.6213732428502181,0.0,0.6213732428502181,0.0
2024-01-12,0.6213732428502181,6.19977092300037,0.0,4.957024437299934
2024-01-13,0.6213732428502181,36.94715762064552,0.0,36.3257843777953
2024-01-14,0.6213732428502181,0.0,0.6213732428502181,0.0
2024-01-15,0.6213732428502181,0.0,1.2427464857004362,0.0
2024-01-16,0.6213732428502181,11.464928810072387,0.0,9.600809081521732
2024-01-17,0.8514847309743093,0.0,0.8514847309743093,0.0
2024-01-18,0.8514847309743093,0.0,1.7029694619486186,0.0
2024-01-19,0.8514847309743093,27.850516753300052,0.0,25.296062560377123
2024-01-20,0.8514847309743093,31.86721345883774,0.0,31.01572872786343
2024-01-21,0.8514847309743093,71.30757134027155,0.0,70.45608660929724
2024-01-22,0.8514847309743093,1.0683591282773683,0.0,0.21687439730305902
2024-01-23,0.8514847309743093,6.496947436140786,0.0,5.6454627051664765
2024-01-24,0.8514847309743093,7.295263026151862,0.0,6.443778295177553
2024-01-25,1.018602035870092,0.0,1.018602035870092,0.0
2024-01-26,1.018602035870092,0.0,2.037204071740184,0.0
2024-01-27,1.018602035870092,0.0,3.055806107610276,0.0
2024-01-28,1.018602035870092,0.0,4.074408143480368,0.0
2024-01-29,1.018602035870092,0.0,5.09301017935046,0.0
2024-01-30,1.018602035870092,0.8762755346002962,5.235336680620256,0.0
2024-01-31,1.018602035870092,74.23154238060162,0.0,67.97760366411127
2024-02-01,1.018602035870092,10.428989797184709,0.0,9.410387761314617
2024-02-02,0.9659612215220555,2.297299030026415,0.0,1.3313378085043595
2024-02-03,0.9659612215220555,30.023739971243558,0.0,29.057778749721503
2024-02-04,0.9659612215220555,70.66934421409393,0.0,69.70338299257187
2024-02-05,0.9659612215220555,2.5190451344469382,0.0,1.5530839129248828
2024-02-06,0.9659612215220555,0.09470556973661337,0.8712556517854422,0.0
2024-02-07,0.9659612215220555,6.226530919503133,0.0,4.389314046195635
2024-02-08,0.9659612215220555,0.0,0.9659612215220555,0.0
2024-02-09,0.9659612215220555,0.0,1.931922443044111,0.0
2024-02-10,0.8979859428017449,0.0,2.8299083858458562,0.0
2024-02-11,0.8979859428017449,0.0,3.727894328647601,0.0
2024-02-12,0.8979859428017449,0.0,4.625880271449346,0.0
2024-02-13,0.8979859428017449,1.0601959413050128,4.463670272946079,0.0
2024-02-14,0.8979859428017449,27.41271643741949,0.0,22.05106022167167
2024-02-15,0.8979859428017449,0.0,0.8979859428017449,0.0
2024-02-16,0.8979859428017449,1.8024513518478105,0.0,0.006479466244320609
2024-02-17,0.8979859428017449,44.747417568053244,0.0,43.8494316252515
2024-02-18,1.217148812409112,42.40661827772394,0.0,41.18946946531483
2024-02-19,1.217148812409112,29.426516305551438,0.0,28.209367493142327
2024-02-20,1.217148812409112,17.030780372973933,0.0,15.81363156056482
2024-02-21,1.217148812409112,3.8454274644054487,0.0,2.628278651996337
2024-02-22,1.217148812409112,0.0,1.217148812409112,0.0
2024-02-23,1.217148812409112,0.0,2.434297624818224,0.0
2024-02-24,1.217148812409112,0.0,3.651446437227336,0.0
2024-02-25,1.217148812409112,0.008046749114252095,4.860548500522197,0.0
2024-02-26,1.0351434803683954,0.9800755071566201,4.915616473733972,0.0
2024-02-27,1.0351434803683954,0.0,5.9507599541023675,0.0
2024-02-28,1.0351434803683954,2.9273686121122755,4.058534822358487,0.0
2024-02-29,1.0351434803683954,23.519672706769338,0.0,18.425994404042456
2024-03-01,1.0351434803683954,20.153566543531856,0.0,19.118423063163462
2024-03-02,1.0351434803683954,10.368374387546218,0.0,9.333230907177823
2024-03-03,1.0351434803683954,3.017853777475032,0.0,1.9827102971066366
2024-03-04,1.0351434803683954,14.991473575863674,0.0,13.956330095495279
2024-03-05,1.1529384391662627,6.40961617360543,0.0,5.256677734439167
2024-03-06,1.1529384391662627,0.4925306294540133,0.6604078097122494,0.0
2024-03-07,1.1529384391662627,0.0,1.8133462488785121,0.0
2024-03-08,1.1529384391662627,0.0,2.966284688044775,0.0
2024-03-09,1.1529384391662627,3.1149281130486592,1.0042950141623788,0.0
2024-03-10,1.1529384391662627,11.508224714651194,0.0,9.350991261322552
2024-03-11,1.1529384391662627,16.995243547870643,0.0,15.84230510870438
2024-03-12,1.1529384391662627,0.6010971836999474,0.5518412554663154,0.0
2024-03-13,2.0054789142026164,0.0,2.5573201696689316,0.0
2024-03-14,2.0054789142026164,0.0,4.562799083871548,0.0
2024-03-15,2.0054789142026164,0.0,6.568277998074164,0.0
2024-03-16,2.0054789142026164,0.0,8.57375691227678,0.0
2024-03-17,2.0054789142026164,0.0,10.579235826479396,0.0
2024-03-18,2.0054789142026164,0.0,12.584714740682012,0.0
2024-03-19,2.0054789142026164,0.0,14.590193654884628,0.0
2024-03-20,2.0054789142026164,0.0,16.595672569087245,0.0
2024-03-21,1.3447227338826955,0.0,17.94039530296994,0.0
2024-03-22,1.3447227338826955,23.25046615482484,0.0,3.965348117972205
2024-03-23,1.3447227338826955,8.157632804138373,0.0,6.812910070255677
2024-03-24,1.3447227338826955,0.0,1.3447227338826955,0.0
2024-03-25,1.3447227338826955,0.0,2.689445467765391,0.0
2024-03-26,1.3447227338826955,0.0,4.034168201648086,0.0
2024-03-27,1.3447227338826955,22.621609690757722,0.0,17.24271875522694
2024-03-28,1.3447227338826955,2.3271946460469954,0.0,0.9824719121643
2024-03-29,1.678596703829374,24.142701210990406,0.0,22.464104507161032
2024-03-30,1.678596703829374,0.8354386788772724,0.8431580249521017,0.0
2024-03-31,1.678596703829374,0.0,2.5217547287814757,0.0
2024-04-01,1.678596703829374,0.0,4.20035143261085,0.0
2024-04-02,1.678596703829374,0.0,5.878948136440224,0.0
2024-04-03,1.678596703829374,5.191434102899889,2.3661107373697092,0.0
2024-04-04,1.678596703829374,5.1932790951094026,0.0,1.1485716539103192
2024-04-05,1.678596703829374,0.0,1.678596703829374,0.0
2024-04-06,2.3330470189045065,0.0,4.011643722733881,0.0
2024-04-07,2.3330470189045065,0.0,6.344690741638388,0.0
2024-04-08,2.3330470189045065,0.0,8.677737760542895,0.0
2024-04-09,2.3330470189045065,0.0,11.010784779447402,0.0
2024-04-10,2.3330470189045065,0.0,13.343831798351909,0.0
2024-04-11,2.3330470189045065,0.0,15.676878817256416,0.0
2024-04-12,2.3330470189045065,21.5656111454447,0.0,3.5556853092837777
2024-04-13,2.3330470189045065,5.432805311569119,0.0,3.0997582926646126
2024-04-14,2.0791119728550647,0.5342306419976356,1.5448813308574292,0.0
2024-04-15,2.0791119728550647,0.0,3.623993303712494,0.0
2024-04-16,2.0791119728550647,0.0,5.703105276567559,0.0
2024-04-17,2.0791119728550647,0.0,7.782217249422624,0.0
2024-04-18,2.0791119728550647,0.0,9.86132922227769,0.0
2024-04-19,2.0791119728550647,0.0,11.940441195132754,0.0
2024-04-20,2.0791119728550647,0.0,14.01955316798782,0.0
2024-04-21,2.0791119728550647,0.0,16.098665140842883,0.0
2024-04-22,1.8978608822103733,0.0,17.996526023053256,0.0
2024-04-23,1.8978608822103733,0.08150619098587947,19.81288071427775,0.0
2024-04-24,1.8978608822103733,0.0,21.710741596488123,0.0
2024-04-25,1.8978608822103733,0.5226857414924692,23.085916737206027,0.0
2024-04-26,1.8978608822103733,0.0,24.9837776194164,0.0
2024-04-27,1.8978608822103733,0.0,26.881638501626774,0.0
2024-04-28,1.8978608822103733,0.0,28.77949938383715,0.0
2024-04-29,1.8978608822103733,0.0,30.677360266047522,0.0
2024-04-30,2.6024566165777987,0.0,33.27981688262532,0.0
2024-05-01,2.6024566165777987,0.0,35.882273499203116,0.0
2024-05-02,2.6024566165777987,0.0,38.48473011578091,0.0
2024-05-03,2.6024566165777987,12.559445593748297,28.527741138610413,0.0
2024-05-04,2.6024566165777987,15.736686930936923,15.39351082425129,0.0
2024-05-05,2.6024566165777987,0.0,17.99596744082909,0.0
2024-05-06,2.6024566165777987,0.0,20.598424057406888,0.0
2024-05-07,2.6024566165777987,0.0,23.200880673984685,0.0
2024-05-08,2.885212312166748,0.0,26.08609298615143,0.0
2024-05-09,2.885212312166748,0.0,28.97130529831818,0.0
2024-05-10,2.885212312166748,0.0,31.856517610484925,0.0
2024-05-11,2.885212312166748,0.0,34.74172992265167,0.0
2024-05-12,2.885212312166748,0.0,37.62694223481842,0.0
2024-05-13,2.885212312166748,0.0,40.51215454698517,0.0
2024-05-14,2.885212312166748,0.0,43.39736685915192,0.0
2024-05-15,2.885212312166748,0.0,46.28257917131867,0.0
2024-05-16,2.7266955889481337,0.0,49.009274760266806,0.0
2024-05-17,2.7266955889481337,0.0,51.73597034921494,0.0
2024-05-18,2.7266955889481337,0.0,54.46266593816307,0.0
2024-05-19,2.7266955889481337,0.0,57.1893615271112,0.0
2024-05-20,2.7266955889481337,0.0,59.916057116059335,0.0
2024-05-21,2.7266955889481337,0.0,62.64275270500747,0.0
2024-05-22,2.7266955889481337,0.0,65.3694482939556,0.0
2024-05-23,2.7266955889481337,0.0,68.09614388290373,0.0
2024-05-24,2.8756141541444493,0.0,70.97175803704818,0.0
2024-05-25,2.8756141541444493,0.0,73.84737219119262,0.0
2024-05-26,2.8756141541444493,0.0,76.72298634533706,0.0
2024-05-27,2.8756141541444493,0.0,79.5986004994815,0.0
2024-05-28,2.8756141541444493,0.0,82.47421465362595,0.0
2024-05-29,2.8756141541444493,0.0,85.3498288077704,0.0
2024-05-30,2.8756141541444493,0.0,88.22544296191484,0.0
2024-05-31,2.8756141541444493,0.0,91.10105711605928,0.0
2024-06-01,2.393640329617061,0.0,93.49469744567634,0.0
2024-06-02,2.393640329617061,0.0,95.8883377752934,0.0
2024-06-03,2.393640329617061,0.0,98.28197810491045,0.0
2024-06-04,2.393640329617061,0.0,100.67561843452751,0.0
2024-06-05,2.393640329617061,0.0,103.06925876414456,0.0
2024-06-06,2.393640329617061,0.0,105.46289909376162,0.0
2024-06-07,2.393640329617061,0.0,107.85653942337868,0.0
2024-06-08,2.393640329617061,0.0,110.25017975299573,0.0
2024-06-09,2.477049442559379,0.0,112.72722919555511,0.0
2024-06-10,2.477049442559379,0.0,115.20427863811449,0.0
2024-06-11,2.477049442559379,0.0,117.68132808067386,0.0
2024-06-12,2.477049442559379,0.0,120.15837752323324,0.0
2024-06-13,2.477049442559379,0.0,122.63542696579262,0.0
2024-06-14,2.477049442559379,0.0,125.112476408352,0.0
2024-06-15,2.477049442559379,0.0,127.58952585091137,0.0
2024-06-16,2.477049442559379,0.0,130.06657529347075,0.0
2024-06-17,2.427990305380513,0.0,132.49456559885127,0.0
2024-06-18,2.427990305380513,0.0,134.92255590423179,0.0
2024-06-19,2.427990305380513,0.0,137.3505462096123,0.0
2024-06-20,2.427990305380513,0.0,139.77853651499282,0.0
2024-06-21,2.427990305380513,0.0,142.20652682037334,0.0
2024-06-22,2.427990305380513,0.0,144.63451712575386,0.0
2024-06-23,2.427990305380513,0.0,147.06250743113438,0.0
2024-06-24,2.427990305380513,0.0,149.4904977365149,0.0
2024-06-25,2.6027789626757145,0.0,152.09327669919062,0.0
2024-06-26,2.6027789626757145,0.0,154.69605566186635,0.0
2024-06-27,2.6027789626757145,0.0,157.29883462454208,0.0
2024-06-28,2.6027789626757145,0.0,159.9016135872178,0.0
2024-06-29,2.6027789626757145,0.0,162.50439254989354,0.0
2024-06-30,2.6027789626757145,0.0,165.10717151256927,0.0
2024-07-01,2.6027789626757145,0.0,167.709950475245,0.0
2024-07-02,2.6027789626757145,0.0,170.31272943792072,0.0
2024-07-03,2.745851187590886,0.0,173.0585806255116,0.0
2024-07-04,2.745851187590886,0.0,175.8044318131025,0.0
2024-07-05,2.745851187590886,0.0,178.55028300069338,0.0
2024-07-06,2.745851187590886,0.0,181.29613418828427,0.0
2024-07-07,2.745851187590886,0.0,184.04198537587516,0.0
2024-07-08,2.745851187590886,0.0,186.78783656346604,0.0
2024-07-09,2.745851187590886,0.0,189.53368775105693,0.0
2024-07-10,2.745851187590886,0.0,192.27953893864782,0.0
2024-07-11,2.31091565681047,0.0,194.59045459545828,0.0
2024-07-12,2.31091565681047,0.0,196.90137025226875,0.0
2024-07-13,2.31091565681047,0.0,199.2122859090792,0.0
2024-07-14,2.31091565681047,0.0,201.52320156588968,0.0
2024-07-15,2.31091565681047,0.0,203.83411722270014,0.0
2024-07-16,2.31091565681047,0.0,206.1450328795106,0.0
2024-07-17,2.31091565681047,0.0,208.45594853632107,0.0
2024-07-18,2.31091565681047,0.0,210.76686419313154,0.0
2024-07-19,2.5350402326708656,0.0,213.3019044258024,0.0
2024-07-20,2.5350402326708656,0.0,215.83694465847327,0.0
2024-07-21,2.5350402326708656,0.0,218.37198489114414,0.0
2024-07-22,2.5350402326708656,0.0,220.907025123815,0.0
2024-07-23,2.5350402326708656,0.0,223.44206535648587,0.0
2024-07-24,2.5350402326708656,0.0,225.97710558915674,0.0
2024-07-25,2.5350402326708656,0.0,228.5121458218276,0.0
2024-07-26,2.5350402326708656,0.0,231.04718605449847,0.0
2024-07-27,2.1029820649539492,0.0,233.15016811945242,0.0
2024-07-28,2.1029820649539492,0.0,235.25315018440637,0.0
2024-07-29,2.1029820649539492,0.0,237.35613224936031,0.0
2024-07-30,2.1029820649539492,0.0,239.45911431431426,0.0
2024-07-31,2.1029820649539492,0.0,241.5620963792682,0.0
2024-08-01,2.1029820649539492,0.0,243.66507844422216,0.0
2024-08-02,2.1029820649539492,0.0,245.7680605091761,0.0
2024-08-03,2.1029820649539492,0.0,247.87104257413006,0.0
2024-08-04,2.1728405235094512,0.0,250.0438830976395,0.0
2024-08-05,2.1728405235094512,0.0,252.21672362114896,0.0
2024-08-06,2.1728405235094512,0.0,254.3895641446584,0.0
2024-08-07,2.1728405235094512,0.0,256.56240466816786,0.0
2024-08-08,2.1728405235094512,0.0,258.73524519167734,0.0
2024-08-09,2.1728405235094512,0.01310712043714966,260.89497859474966,0.0
2024-08-10,2.1728405235094512,0.0,263.06781911825914,0.0
2024-08-11,2.1728405235094512,0.0,265.2406596417686,0.0
2024-08-12,2.0042501211827437,0.0,267.24490976295135,0.0
2024-08-13,2.0042501211827437,0.0,269.2491598841341,0.0
2024-08-14,2.0042501211827437,0.0,271.2534100053168,0.0
2024-08-15,2.0042501211827437,0.0,273.25766012649956,0.0
2024-08-16,2.0042501211827437,0.0,275.2619102476823,0.0
2024-08-17,2.0042501211827437,0.4442730443119633,276.8218873245531,0.0
2024-08-18,2.0042501211827437,0.0,278.8261374457358,0.0
2024-08-19,2.0042501211827437,0.0,280.83038756691855,0.0
2024-08-20,1.9127246728065928,0.0,282.7431122397251,0.0
2024-08-21,1.9127246728065928,0.0,284.6558369125317,0.0
2024-08-22,1.9127246728065928,0.0,286.5685615853383,0.0
2024-08-23,1.9127246728065928,2.0453751910212605,286.4359110671236,0.0
2024-08-24,1.9127246728065928,0.0,288.34863573993016,0.0
2024-08-25,1.9127246728065928,0.0,290.26136041273674,0.0
2024-08-26,1.9127246728065928,0.0,292.1740850855433,0.0
2024-08-27,1.9127246728065928,0.0,294.0868097583499,0.0
2024-08-28,1.9429554047503623,0.0,296.02976516310025,0.0
2024-08-29,1.9429554047503623,0.0,297.9727205678506,0.0
2024-08-30,1.9429554047503623,0.0,299.915675972601,0.0
2024-08-31,1.9429554047503623,0.0,301.85863137735134,0.0
2024-09-01,1.9429554047503623,0.0,303.8015867821017,0.0
2024-09-02,1.9429554047503623,0.0,305.7445421868521,0.0
2024-09-03,1.9429554047503623,0.0,307.68749759160244,0.0
2024-09-04,1.9429554047503623,0.0,309.6304529963528,0.0
2024-09-05,1.6815055744062035,0.0,311.31195857075903,0.0
2024-09-06,1.6815055744062035,0.0,312.99346414516526,0.0
2024-09-07,1.6815055744062035,0.0,314.6749697195715,0.0
2024-09-08,1.6815055744062035,0.0,316.3564752939777,0.0
2024-09-09,1.6815055744062035,0.0,318.03798086838395,0.0
2024-09-10,1.6815055744062035,0.0,319.7194864427902,0.0
2024-09-11,1.6815055744062035,0.0,321.4009920171964,0.0
2024-09-12,1.6815055744062035,0.0,323.08249759160265,0.0
2024-09-13,1.2695482307319437,0.0,324.3520458223346,0.0
2024-09-14,1.2695482307319437,0.0,325.6215940530666,0.0
2024-09-15,1.2695482307319437,0.0,326.89114228379856,0.0
2024-09-16,1.2695482307319437,0.0,328.16069051453053,0.0
2024-09-17,1.2695482307319437,0.0,329.4302387452625,0.0
2024-09-18,1.2695482307319437,0.0,330.69978697599447,0.0
2024-09-19,1.2695482307319437,0.0,331.96933520672644,0.0
2024-09-20,1.2695482307319437,0.0,333.2388834374584,0.0
2024-09-21,1.4820843431895299,0.0,334.7209677806479,0.0
2024-09-22,1.4820843431895299,0.0,336.20305212383744,0.0
2024-09-23,1.4820843431895299,0.0,337.68513646702695,0.0
2024-09-24,1.4820843431895299,0.0,339.16722081021646,0.0
2024-09-25,1.4820843431895299,0.0,340.649305153406,0.0
2024-09-26,1.4820843431895299,0.0,342.1313894965955,0.0
2024-09-27,1.4820843431895299,0.0,343.613473839785,0.0
2024-09-28,1.4820843431895299,0.0,345.0955581829745,0.0
2024-09-29,1.7183771206980123,0.0,346.8139353036725,0.0
2024-09-30,1.7183771206980123,0.0,348.5323124243705,0.0
2024-10-01,1.7183771206980123,0.0,350.2506895450685,0.0
2024-10-02,1.7183771206980123,0.0,351.9690666657665,0.0
2024-10-03,1.7183771206980123,0.0,353.6874437864645,0.0
2024-10-04,1.7183771206980123,0.0,355.4058209071625,0.0
2024-10-05,1.7183771206980123,0.0,357.1241980278605,0.0
2024-10-06,1.7183771206980123,0.0,358.84257514855847,0.0
2024-10-07,1.3060382937469694,0.0,360.1486134423054,0.0
2024-10-08,1.3060382937469694,0.0,361.45465173605237,0.0
2024-10-09,1.3060382937469694,0.0,362.7606900297993,0.0
2024-10-10,1.3060382937469694,0.0,364.0667283235463,0.0
2024-10-11,1.3060382937469694,0.6683944125109045,364.7043722047823,0.0
2024-10-12,1.3060382937469694,9.468798606388338,356.5416118921409,0.0
2024-10-13,1.3060382937469694,0.0,357.84765018588786,0.0
2024-10-14,1.3060382937469694,0.0,359.1536884796348,0.0
2024-10-15,1.2910315075133298,0.0,360.4447199871481,0.0
2024-10-16,1.2910315075133298,0.0,361.73575149466143,0.0
2024-10-17,1.2910315075133298,0.0,363.02678300217474,0.0
2024-10-18,1.2910315075133298,0.0,364.31781450968805,0.0
2024-10-19,1.2910315075133298,0.0,365.60884601720136,0.0
2024-10-20,1.2910315075133298,0.0,366.89987752471467,0.0
2024-10-21,1.2910315075133298,0.0,368.190909032228,0.0
2024-10-22,1.2910315075133298,0.0,369.4819405397413,0.0
2024-10-23,0.9714042656325736,0.0,370.4533448053739,0.0
2024-10-24,0.9714042656325736,0.0,371.4247490710065,0.0
2024-10-25,0.9714042656325736,0.0,372.3961533366391,0.0
2024-10-26,0.9714042656325736,0.3138445706190339,373.05371303165265,0.0
2024-10-27,0.9714042656325736,0.8705665351067532,373.1545507621785,0.0
2024-10-28,0.9714042656325736,0.9872485652058486,373.1387064626052,0.0
2024-10-29,0.9714042656325736,0.0,374.1101107282378,0.0
2024-10-30,0.9714042656325736,11.83339114233436,363.2481238515361,0.0
2024-10-31,1.2620247212796898,0.1638167134540922,364.3463318593617,0.0
2024-11-01,1.2620247212796898,19.35271290876548,346.255643671876,0.0
2024-11-02,1.2620247212796898,0.0,347.5176683931557,0.0
2024-11-03,1.2620247212796898,0.0,348.7796931144354,0.0
2024-11-04,1.2620247212796898,0.0,350.04171783571513,0.0
2024-11-05,1.2620247212796898,0.0,351.30374255699485,0.0
2024-11-06,1.2620247212796898,0.0,352.56576727827456,0.0
2024-11-07,1.2620247212796898,0.0,353.8277919995543,0.0
2024-11-08,0.9532234609791567,0.0,354.7810154605334,0.0
2024-11-09,0.9532234609791567,0.0,355.73423892151254,0.0
2024-11-10,0.9532234609791567,10.850802870357738,345.83665951213396,0.0
2024-11-11,0.9532234609791567,10.112450549477023,336.67743242363605,0.0
2024-11-12,0.9532234609791567,0.0,337.6306558846152,0.0
2024-11-13,0.9532234609791567,17.620277348686667,320.96360199690764,0.0
2024-11-14,0.9532234609791567,4.329040740665636,317.58778471722115,0.0
2024-11-15,0.9532234609791567,0.0,318.5410081782003,0.0
2024-11-16,1.165784294716432,0.0,319.70679247291673,0.0
2024-11-17,1.165784294716432,0.8443891566604284,320.02818761097274,0.0
2024-11-18,1.165784294716432,0.0,321.1939719056892,0.0
2024-11-19,1.165784294716432,25.0462433310116,297.313512869394,0.0
2024-11-20,1.165784294716432,185.91577266539582,112.56352449871463,0.0
2024-11-21,1.165784294716432,112.16942483057545,1.5598839628556078,0.0
2024-11-22,1.165784294716432,44.75017476746172,0.0,42.02450650988968
2024-11-23,1.165784294716432,3.0083078887809536,0.0,1.8425235940645215
2024-11-24,0.6933519146873482,11.252419394974368,0.0,10.55906748028702
2024-11-25,0.6933519146873482,12.563385482173953,0.0,11.870033567486605
2024-11-26,0.6933519146873482,0.0,0.6933519146873482,0.0
2024-11-27,0.6933519146873482,0.008343653124829195,1.3783601762498674,0.0
2024-11-28,0.6933519146873482,0.0,2.0717120909372158,0.0
2024-11-29,0.6933519146873482,0.005504953487554201,2.7595590521370097,0.0
2024-11-30,0.6933519146873482,0.0,3.452910966824358,0.0
2024-12-01,0.6933519146873482,0.0,4.146262881511706,0.0
2024-12-02,0.614644692195831,0.0,4.760907573707537,0.0
2024-12-03,0.614644692195831,0.0,5.375552265903368,0.0
2024-12-04,0.614644692195831,0.0,5.990196958099198,0.0
2024-12-05,0.614644692195831,0.0,6.604841650295029,0.0
2024-12-06,0.614644692195831,0.0,7.2194863424908595,0.0
2024-12-07,0.614644692195831,0.0,7.83413103468669,0.0
2024-12-08,0.614644692195831,0.0,8.448775726882522,0.0
2024-12-09,0.614644692195831,0.0,9.063420419078353,0.0
2024-12-10,0.8489185651963161,0.0,9.912338984274669,0.0
2024-12-11,0.8489185651963161,30.415482594870923,0.0,19.65422504539994
2024-12-12,0.8489185651963161,14.369962686355636,0.0,13.52104412115932
2024-12-13,0.8489185651963161,84.55231716758325,0.0,83.70339860238694
2024-12-14,0.8489185651963161,6.290857597032198,0.0,5.441939031835882
2024-12-15,0.8489185651963161,19.95472730276385,0.0,19.105808737567532
2024-12-16,0.8489185651963161,14.971811040636183,0.0,14.122892475439867
2024-12-17,0.8489185651963161,0.393061923906899,0.45585664128941716,0.0
2024-12-18,0.58341396025206,0.0,1.0392706015414772,0.0
2024-12-19,0.58341396025206,0.0,1.6226845617935373,0.0
2024-12-20,0.58341396025206,10.94115464975221,0.0,8.735056127706613
2024-12-21,0.58341396025206,9.90067805594335,0.0,9.317264095691291
2024-12-22,0.58341396025206,15.397854654412518,0.0,14.814440694160458
2024-12-23,0.58341396025206,28.60184913375429,0.0,28.01843517350223
2024-12-24,0.58341396025206,3.3310433408424216,0.0,2.7476293805903618
2024-12-25,0.58341396025206,21.93190697767417,0.0,21.34849301742211
2024-12-26,0.7570571982549684,48.66181794630115,0.0,47.90476074804618
2024-12-27,0.7570571982549684,8.190297132675122,0.0,7.433239934420153
2024-12-28,0.7570571982549684,34.053312732708335,0.0,33.296255534453365
2024-12-29,0.7570571982549684,4.403712054155189,0.0,3.6466548559002208
2024-12-30,0.7570571982549684,0.0,0.7570571982549684,0.0
2024-12-31,0.7570571982549684,0.0,1.5141143965099368,0.0
