date,Q_m3d,storage_m3,substeps
2010-10-01,0.0,41166.293130931124,243
2010-10-02,0.0,77723.4094537777,243
2010-10-03,0.0,110290.5708975411,243
2010-10-04,0.0,139403.12863751262,243
2010-10-05,0.0,165525.75373186017,243
2010-10-06,0.0,189061.69356096358,243
2010-10-07,0.0,210351.95332622537,243
2010-10-08,0.0,229690.34069559717,243
2010-10-09,0.0,247327.22438400835,243
2010-10-10,0.0,263475.82910899236,243
2010-10-11,0.0,278317.27561796416,243
2010-10-12,0.0,291995.29874417896,243
2010-10-13,0.0,304638.4763559792,243
2010-10-14,0.0,316375.0258777102,243
2010-10-15,0.0,327304.14707951574,243
2010-10-16,0.0,337509.94773077697,243
2010-10-17,0.0,347064.79853896995,243
2010-10-18,0.0,356031.40865222504,243
2010-10-19,0.0,364465.5140861674,243
2010-10-20,0.0,372415.5748680966,243
2010-10-21,0.0,379924.05423093133,243
2010-10-22,0.0,387028.7739628524,243
2010-10-23,0.0,393763.31352508743,243
2010-10-24,0.0,400157.2384196945,243
2010-10-25,0.0,406236.9907269114,243
2010-10-26,0.0,412026.17357679363,243
2010-10-27,0.0,417546.21420142875,243
2010-10-28,0.0,422817.05893114116,243
2010-10-29,0.0,427856.59609218047,243
2010-10-30,0.0,432680.92594431515,243
2010-10-31,0.0,437304.4702331222,243
2010-11-01,0.0,441790.39187895425,243
2010-11-02,0.0,446097.13855790865,243
2010-11-03,0.0,450236.04907543905,243
2010-11-04,0.0,454217.3393137072,243
2010-11-05,0.0,458050.3072753879,243
2010-11-06,0.0,461743.3624800426,243
2010-11-07,0.0,465304.61947253416,243
2010-11-08,0.0,468741.4484655005,243
2010-11-09,0.0,472060.67912926077,243
2010-11-10,0.0,475268.564900652,243
2010-11-11,0.0,478371.01027626183,243
2010-11-12,0.0,481373.5222123893,243
2010-11-13,0.0,484281.1493651293,243
2010-11-14,0.0,487098.64494592696,243
2010-11-15,0.0,489830.2997646765,243
2010-11-16,0.0,492480.1625135853,243
2010-11-17,0.0,495052.0601260859,243
2010-11-18,0.0,497549.52535376325,243
2010-11-19,0.0,499975.8305488354,243
2010-11-20,0.0,502334.09895694203,243
2010-11-21,0.0,504627.2890312127,243
2010-11-22,1006.2860526879667,601207.886772098,239
2010-11-23,0.0,601565.7852854694,242
2010-11-24,0.0,602170.7759016412,243
2010-11-25,0.0,602838.5537952391,243
2010-11-26,8197.386869624344,814174.3102173811,235
2010-11-27,5815.119831287193,859315.4245218586,240
2010-11-28,3912.963045398902,855239.3489166417,242
2010-11-29,3186.732395110849,851889.5039617128,243
2010-11-30,2769.291488948592,848957.0999129462,243
2010-12-01,2459.4455199194826,846329.2990403587,243
2010-12-02,3939.108772757594,881268.646118111,241
2010-12-03,2958.2105480580694,878684.2989159012,243
2010-12-04,4721.251846434367,920286.1010934601,241
2010-12-05,40028.225709660794,1379304.9099213227,229
2010-12-06,15208.398354124603,1363928.15621453,241
2010-12-07,42590.248116269184,1610668.365892931,233
2010-12-08,37986.848022692226,1728962.0904959538,236
2010-12-09,26516.89182983592,1753814.8503778032,239
2010-12-10,20151.96448143476,1734156.7511929043,242
2010-12-11,18325.93036249778,1715662.4654777385,242
2010-12-12,17344.232728586623,1698149.877396484,243
2010-12-13,37945.95954604156,1859168.1206983367,235
2010-12-14,22600.948407094173,1838498.0759738274,242
2010-12-15,20518.94442319786,1817810.7761979615,242
2010-12-16,24497.741125303597,1844947.7416002173,240
2010-12-17,91669.89338334708,2204227.198690051,230
2010-12-18,134822.49818563124,2537216.424642794,229
2010-12-19,105450.35137439691,2685132.92880011,233
2010-12-20,65349.45733880805,2679702.765995152,238
2010-12-21,198604.71420589834,3036427.6725891577,228
2010-12-22,70238.91731867433,2968960.239744958,240
2010-12-23,61778.855421265216,2907013.028971025,242
2010-12-24,56485.965669303296,2850358.7079490535,242
2010-12-25,197945.48732365947,3194939.0639214655,228
2010-12-26,89715.71104734643,3168893.7070379737,238
2010-12-27,68664.98026200682,3101257.1080833706,241
2010-12-28,456253.46286722156,3755234.753145471,237
2010-12-29,103249.90236660241,3651816.495426201,240
2010-12-30,90462.95923583079,3561185.180837702,241
2010-12-31,81774.10378332259,3479242.7217017114,242
2011-01-01,140392.24232293715,3562671.4757957864,234
2011-01-02,80978.50314805962,3481519.0353294727,242
2011-01-03,73386.3989602167,3407958.699051002,242
2011-01-04,67555.8539863874,3340228.9077463606,243
2011-01-05,62708.459170385526,3277346.511257721,243
2011-01-06,58502.53117828749,3218670.0427611796,243
2011-01-07,54798.66159546308,3163697.4438474625,243
2011-01-08,51509.77789306993,3112013.7286361386,243
2011-01-09,48544.65026387086,3063295.1410540137,243
2011-01-10,45847.21371025525,3017273.9900255045,243
2011-01-11,43426.07956359608,2973673.9731436544,243
2011-01-12,41239.88948289098,2932260.1463425094,243
2011-01-13,63815.768182016254,2995806.5079641324,237
2011-01-14,42920.97133054471,2952711.5993153336,242
2011-01-15,40338.410318454524,2912199.251678625,243
2011-01-16,38263.98167578902,2873761.332684582,243
2011-01-17,36411.62286102053,2837175.7725053076,243
2011-01-18,34730.083999013325,2802271.7511880402,243
2011-01-19,33199.53357036112,2768898.280299425,243
2011-01-20,31781.692455272452,2736942.6505258987,243
2011-01-21,30458.104253243917,2706310.6089544008,243
2011-01-22,29224.5477474395,2676912.1238887073,243
2011-01-23,28074.715945367498,2648663.4706250858,243
2011-01-24,26997.489865876065,2621492.0434409557,243
2011-01-25,25989.446162432694,2595328.659960269,243
2011-01-26,25048.323515410797,2570106.399126604,243
2011-01-27,24169.398821964656,2545763.0629863855,243
2011-01-28,23349.011898635683,2522240.113769496,243
2011-01-29,39635.2824577492,2597002.014933656,238
2011-01-30,26867.18879847259,2576195.9027894097,242
2011-01-31,24959.635429788643,2551062.330041367,243
2011-02-01,23942.06480535079,2526973.3193592606,243
2011-02-02,23041.394854656013,2503784.978627849,243
2011-02-03,22216.966980415455,2481421.0657706778,243
2011-02-04,21455.577484120207,2459818.542409802,243
2011-02-05,20749.57516637916,2438922.021366667,243
2011-02-06,20085.679003071098,2418689.39648684,243
2011-02-07,19456.65951861214,2399085.7910914724,243
2011-02-08,18860.65172835585,2380078.193486361,243
2011-02-09,18294.988014983537,2361636.2595946216,243
2011-02-10,17762.72372672014,2343726.589991146,243
2011-02-11,17261.924140669464,2326317.7199737206,243
2011-02-12,16787.084216241317,2309383.6898807236,243
2011-02-13,16335.835781674426,2292900.9082222935,243
2011-02-14,27138.237003012124,2354510.259790414,239
2011-02-15,231080.88496337575,3079204.8668968277,233
2011-02-16,129134.20205951971,3225282.212788895,233
2011-02-17,181352.84999232867,3439185.848874137,231
2011-02-18,128709.21310175085,3502283.0681073004,234
2011-02-19,70453.13084544806,3431682.9913850967,241
2011-02-20,63740.19290403003,3367795.852604311,242
2011-02-21,58973.619728066085,3308675.286999489,242
2011-02-22,55067.23580710316,3253461.1053156303,243
2011-02-23,51694.35507761693,3201619.8043612577,243
2011-02-24,154923.90225562005,3433147.181858268,231
2011-02-25,64341.86468335573,3368658.3712981567,241
2011-02-26,58336.60431392776,3310174.821107473,242
2011-02-27,54133.48492123379,3255894.3903094837,243
2011-02-28,50681.63436529698,3205065.810067431,243
2011-03-01,223294.39276411012,3554997.775712903,228
2011-03-02,76858.04507615315,3499062.9702626728,240
2011-03-03,64770.4021157789,3433960.0636377335,242
2011-03-04,59491.97376839714,3374135.585360176,242
2011-03-05,123917.5897141541,3489348.728726088,234
2011-03-06,78912.64257975147,3465281.654213913,239
2011-03-07,63707.90537747621,3411743.8621874833,241
2011-03-08,57031.5624306499,3354379.795247673,242
2011-03-09,53187.982307609076,3300859.3084309036,243
2011-03-10,54272.36435090436,3266505.2672013706,242
2011-03-11,48154.365902135054,3218018.396790075,243
2011-03-12,45401.193762041534,3172284.698518873,243
2011-03-13,106251.03111327239,3324464.269532509,234
2011-03-14,79030.61795505567,3343426.886218274,238
2011-03-15,266081.3012119228,3685696.9466127153,228
2011-03-16,75769.65777779502,3609594.78432576,241
2011-03-17,98471.14342387317,3613311.4615196264,237
2011-03-18,185766.37220480922,3754637.955213273,232
2011-03-19,343932.7790373806,4027639.9872172847,229
2011-03-20,97500.9766029128,3929806.5061052116,240
2011-03-21,86310.68289594204,3843163.318700109,242
2011-03-22,224942.41051587096,3998007.880804327,231
2011-03-23,190858.25946714825,4041535.827371211,234
2011-03-24,259270.67407383677,4143196.6119374195,231
2011-03-25,290845.1883829118,4241845.842402639,231
2011-03-26,130779.99729070287,4165502.715094686,238
2011-03-27,166535.004015724,4156825.1254826174,236
2011-03-28,99962.16855836651,4056530.4524150905,241
2011-03-29,90004.05095160884,3966193.8969543213,242
2011-03-30,82380.65544571719,3883480.7369994437,242
2011-03-31,76068.97984167738,3807079.252648606,243
2011-04-01,70677.94414827034,3735906.2437983844,243
2011-04-02,65998.4413360608,3669412.7377603725,243
2011-04-03,61884.697098599216,3607032.975959822,243
2011-04-04,58238.40859080891,3548299.502667062,243
2011-04-05,54937.35815644537,3492867.0798086654,243
2011-04-06,51938.61810497188,3440433.3970017424,243
2011-04-07,49247.808775321515,3390690.5235244697,243
2011-04-08,46814.537278190655,3343380.921544328,243
2011-04-09,44588.21103716449,3298297.645805212,243
2011-04-10,42551.999651233135,3255250.581452028,243
2011-04-11,40676.62839676154,3214078.888353315,243
2011-04-12,38933.70301069592,3174650.120640668,243
2011-04-13,37322.185983115276,3136832.8699556016,243
2011-04-14,35816.58357159368,3100521.221682057,243
2011-04-15,34406.11912368511,3065620.0378564205,243
2011-04-16,33083.392397919604,3032041.5807565497,243
2011-04-17,31836.1862919153,2999710.3297626833,243
2011-04-18,30654.4425189378,2968560.8225417943,243
2011-04-19,29544.73998048476,2938521.0178593583,243
2011-04-20,28503.89442397368,2909522.0587334335,243
2011-04-21,27529.38604723935,2881497.607984243,243
2011-04-22,26611.186959743434,2854391.3563225484,243
2011-04-23,25745.713999933032,2828150.577620664,243
2011-04-24,24926.022293221606,2802729.4906254914,243
2011-04-25,24145.052642038027,2778089.373281502,243
2011-04-26,23404.89170201582,2754189.416877535,243
2011-04-27,22708.698648834536,2730985.6535267495,243
2011-04-28,22053.172444527903,2708437.4163802704,243
2011-04-29,21429.08939534326,2686513.262282976,243
2011-04-30,20834.190011499384,2665184.0075695254,243
2011-05-01,20200.186929138916,2644376.773971402,243
2011-05-02,19653.106822224872,2624116.620480193,243
2011-05-03,19131.07860830154,2604378.495202907,243
2011-05-04,18634.389243756494,2585137.059290166,243
2011-05-05,18160.257330961133,2566369.7552902205,243
2011-05-06,17709.33629950283,2548053.3723217333,243
2011-05-07,17282.998899323473,2530163.3267534254,243
2011-05-08,16871.50664030442,2512684.7734441366,243
2011-05-09,16478.27148790339,2495599.455287249,243
2011-05-10,16099.156668900117,2478893.2519493643,243
2011-05-11,15733.273917800818,2462552.931362579,243
2011-05-12,15379.005988256611,2446566.878705338,243
2011-05-13,15033.451230112534,2430926.380806241,243
2011-05-14,14704.670652545594,2415614.663484711,243
2011-05-15,14388.833678331763,2400618.783137395,243
2011-05-16,14083.992676313106,2385927.7437920975,243
2011-05-17,13790.092912494742,2371530.6042106184,243
2011-05-18,13506.599394939445,2357416.9581466946,243
2011-05-19,13231.693275960233,2343578.21820175,243
2011-05-20,12964.444796437934,2330006.7267363276,243
2011-05-21,12704.636834134884,2316695.0432332084,243
2011-05-22,12452.640970419698,2303635.3555938043,243
2011-05-23,12209.10217700021,2290819.2067478197,243
2011-05-24,11973.348629024882,2278238.8114498104,243
2011-05-25,11739.748850586895,2265892.015930239,243
2011-05-26,11516.871062362638,2253768.098198892,243
2011-05-27,11303.509652426072,2241857.5418774816,243
2011-05-28,11096.68850931346,2230153.806699184,243
2011-05-29,10895.98286365492,2218650.7771665445,243
2011-05-30,10701.504770731159,2207342.225726829,243
2011-05-31,10514.703705095757,2196220.4753527488,243
2011-06-01,10203.158419336662,2184977.081344379,243
2011-06-02,10019.918415490542,2173916.9273398556,243
2011-06-03,9833.034806464802,2163043.656944358,243
2011-06-04,9655.317855459176,2152348.1034998656,243
2011-06-05,9484.017793010458,2141823.850117822,243
2011-06-06,9317.520908271897,2131466.0936205173,243
2011-06-07,9157.719843418807,2121268.1381880655,243
2011-06-08,9003.905120598622,2111223.997478434,243
2011-06-09,8851.077721067708,2101332.684168333,243
2011-06-10,8704.839828483298,2091587.608750817,243
2011-06-11,8564.293237784415,2081983.0799239995,243
2011-06-12,8421.31881488278,2072521.5255200837,243
2011-06-13,8278.926275818845,2063202.363655232,243
2011-06-14,8146.750741353727,2054015.3773248452,243
2011-06-15,8017.364109744321,2044957.7776260679,243
2011-06-16,7892.127210417765,2036025.414826617,243
2011-06-17,7770.8410310624195,2027214.3382065217,243
2011-06-18,7652.763565028555,2018521.3390524602,243
2011-06-19,7537.037593774035,2009944.0658696531,243
2011-06-20,7423.373745574619,2001480.4565350455,243
2011-06-21,7311.142690892334,1993129.0782551202,243
2011-06-22,7203.590583216402,1984885.2520828708,243
2011-06-23,7096.66444436787,1976748.35204947,243
2011-06-24,6992.622365590886,1968715.494094846,243
2011-06-25,6891.394754661948,1960783.8637511511,243
2011-06-26,6789.070197450931,1952954.5579646672,243
2011-06-27,6687.490037171406,1945226.8323384628,243
2011-06-28,6585.274444013138,1937601.3223054167,243
2011-06-29,6492.353281097024,1930068.7334352867,243
2011-06-30,6401.216396232604,1922627.281450021,243
2011-07-01,5979.361494973772,1914854.7788088673,243
2011-07-02,5878.272127404115,1907183.3655352832,243
2011-07-03,5780.720382832927,1899609.5040062703,243
2011-07-04,5686.362415310931,1892130.0004447794,243
2011-07-05,5596.315392082096,1884740.5439065173,243
2011-07-06,5508.010079657431,1877439.39268068,243
2011-07-07,5422.585227120672,1870223.6663073793,243
2011-07-08,5338.88900465216,1863091.636156547,243
2011-07-09,5257.1846613790885,1856041.310348988,243
2011-07-10,5177.965032465993,1849070.204170342,243
2011-07-11,5100.696517746202,1842176.366506416,243
2011-07-12,5025.358917856826,1835357.866442379,243
2011-07-13,4951.9310732889035,1828612.7942229102,243
2011-07-14,4880.377273170282,1821939.27580356,243
2011-07-15,4810.696987429871,1815335.43766995,243
2011-07-16,4742.393448997061,1808799.903074773,243
2011-07-17,4674.0129152787895,1802332.7490133143,243
2011-07-18,4606.758075659168,1795932.849791475,243
2011-07-19,4539.54882601812,1789600.159819277,243
2011-07-20,4470.866557352482,1783336.1521157445,243
2011-07-21,4397.217459074226,1777145.7935104903,243
2011-07-22,4334.815164741133,1771017.8371995692,243
2011-07-23,4274.194764456949,1764950.5012889323,243
2011-07-24,4214.6200339889665,1758942.7401087633,243
2011-07-25,4155.794031240749,1752993.8049313426,243
2011-07-26,4096.377176808431,1747104.2866083542,243
2011-07-27,4039.1353144676004,1741272.0101477066,243
2011-07-28,3982.715413719886,1735496.1535878067,243
2011-07-29,3926.440774156018,1729776.5716674707,243
2011-07-30,3868.6455292897344,1724114.784992001,243
2011-07-31,3814.646746356976,1718506.997099464,243
2011-08-01,3945.5635704551446,1713138.440371777,243
2011-08-02,3897.1665666226386,1707818.2806479223,243
2011-08-03,3849.6029632312334,1702545.684527459,243
2011-08-04,3803.2443192398264,1697319.4470509873,243
2011-08-05,3757.5214203698183,1692138.9324733855,243
2011-08-06,3712.3738868934656,1687003.56542926,243
2011-08-07,3667.877328985333,1681912.6949430427,243
2011-08-08,3623.951103903781,1676865.750681907,243
2011-08-09,3580.8866646117153,1671861.8708600632,243
2011-08-10,3538.574527033567,1666900.3031757977,243
2011-08-11,3497.190240093702,1661980.119778472,243
2011-08-12,3454.209599847169,1657102.9170213928,243
2011-08-13,3410.114347754707,1652269.8095164062,243
2011-08-14,3367.7616615455686,1647479.0546976286,243
2011-08-15,3327.339682027194,1642728.7218583694,243
2011-08-16,3286.2769147879067,1638019.4517863495,243
2011-08-17,3246.2262414912316,1633350.2323876263,243
2011-08-18,3208.1890141598037,1628719.0502162345,243
2011-08-19,3170.6168824883266,1624125.4401765142,243
2011-08-20,3133.3712372292853,1619569.075782053,243
2011-08-21,3096.4877533134627,1615049.5948715075,243
2011-08-22,3060.061293873898,1610566.5404204016,243
2011-08-23,3024.0573860231875,1606119.4898771464,243
2011-08-24,2988.5893681216608,1601707.9073517928,243
2011-08-25,2953.488726574657,1597331.4254679861,243
2011-08-26,2918.743342374181,1592989.68896838,243
2011-08-27,2884.4244934178046,1588682.2713177302,243
2011-08-28,2850.443009983012,1584408.8351505152,243
2011-08-29,2816.7876118633053,1580169.05438142,243
2011-08-30,2783.407166350828,1575962.654057837,243
2011-08-31,2749.6904771739705,1571789.9704234311,243
2011-09-01,2926.4734527411156,1567860.87056563,243
2011-09-02,2898.459615401992,1563959.784545168,243
2011-09-03,2869.3730422803883,1560087.7850978277,243
2011-09-04,2841.7521076489456,1556243.4065851187,243
2011-09-05,2814.0317070948176,1552426.748472964,243
2011-09-06,2786.234373915776,1548637.8876939882,243
2011-09-07,2758.434023701421,1544876.8272652267,243
2011-09-08,2730.724582156933,1541143.4762780098,243
2011-09-09,2703.166265046292,1537437.6836079035,243
2011-09-10,2676.005882476059,1533759.0513203675,243
2011-09-11,2649.253584902802,1530107.1713304047,243
2011-09-12,2622.933474401546,1526481.6114509432,243
2011-09-13,2596.804678305819,1522882.1803675774,243
2011-09-14,2570.8681121357467,1519308.6858503816,243
2011-09-15,2545.2153133610946,1515760.8441319605,243
2011-09-16,2519.7387729681313,1512238.4789539324,243
2011-09-17,2494.517033950261,1508741.3355149222,243
2011-09-18,2469.689831739127,1505269.019278123,243
2011-09-19,2445.162785053787,1501821.2300880093,243
2011-09-20,2420.83889347927,1498397.76478947,243
2011-09-21,2396.8432799054526,1494998.2951045046,243
2011-09-22,2373.1085905854807,1491622.560108859,243
2011-09-23,2349.5914780905687,1488270.3422257085,243
2011-09-24,2326.2977710429795,1484941.4180496056,243
2011-09-25,2303.2338008953475,1481635.5578436502,243
2011-09-26,2280.383928556762,1478352.5475100335,243
2011-09-27,2257.7582543073904,1475092.162850666,243
2011-09-28,2235.440225481124,1471854.096220125,243
2011-09-29,2213.307267071049,1468638.162547994,243
2011-09-30,2191.401482980301,1465444.1346599536,243
2011-10-01,2431.015359611681,1462537.759625854,243
2011-10-02,2415.7973783306893,1459646.6025730353,243
2011-10-03,2399.94300902189,1456771.2998895254,243
2011-10-04,2383.5863898060866,1453912.3538252313,243
2011-10-05,2366.9143921080627,1451070.0797586353,243
2011-10-06,2350.080247960251,1448244.639836187,243
2011-10-07,2333.128953416564,1445436.1512082824,243
2011-10-08,2316.088331859291,1442644.7032019352,243
2011-10-09,2298.9796620898064,1439870.3638653574,243
2011-10-10,2281.808305172913,1437113.1958856964,243
2011-10-11,2264.613319386926,1434373.2228918215,243
2011-10-12,2247.5255353850894,1431650.3376819484,243
2011-10-13,2230.691562978516,1428944.286444482,243
2011-10-14,2213.9687136003863,1426254.9580563935,243
2011-10-15,2197.3531034749117,1423582.2452784306,243
2011-10-16,2180.354050243704,1420926.531553699,243
2011-10-17,2163.877455300151,1418287.2944239108,243
2011-10-18,2147.687297181424,1415664.2474522414,243
2011-10-19,2130.5202051803585,1413058.367572573,243
2011-10-20,2114.0199747464735,1410468.9879233385,243
2011-10-21,2097.955700818647,1407895.672548032,243
2011-10-22,2082.028846848721,1405338.2840266952,243
2011-10-23,2066.1829811576404,1402796.7413710495,243
2011-10-24,2050.4264529023435,1400270.9552436592,243
2011-10-25,2034.831327971036,1397760.7642412002,243
2011-10-26,2019.3398674861178,1395266.064699226,243
2011-10-27,2004.1495875843916,1392786.5554371537,243
2011-10-28,1989.21241557874,1390321.983347087,243
2011-10-29,1974.4414854652364,1387872.1821871337,243
2011-10-30,1959.7809413363807,1385437.0415713093,243
2011-10-31,1945.1813096829806,1383016.5005871383,243
2011-11-01,2082.2043004270754,1380771.1837268933,243
2011-11-02,2071.108865762327,1378536.962301313,243
2011-11-03,2059.721934064023,1376314.127807431,243
2011-11-04,2048.225549580261,1374102.7896980327,243
2011-11-05,2036.8728200569394,1371902.8043181577,243
2011-11-06,2025.6821403763834,1369714.0096179633,243
2011-11-07,2014.0660551993287,1367536.831002946,243
2011-11-08,2002.3714011350758,1365371.347041993,243
2011-11-09,1990.9510943786818,1363217.2833877963,243
2011-11-10,1979.6158067183214,1361074.55502126,243
2011-11-11,1968.3453772705625,1358943.0970841714,243
2011-11-12,1957.2649817033316,1356822.71954265,243
2011-11-13,1946.1844728614315,1354713.4225099706,243
2011-11-14,1935.0920361994877,1352615.2179139531,243
2011-11-15,1923.9975248176715,1350528.1078293175,243
2011-11-16,1912.9088328450098,1348452.0864366544,243
2011-11-17,1901.8314645297005,1346387.1424123067,243
2011-11-18,1890.7680561260431,1344333.2617963627,243
2011-11-19,1879.7752310933656,1342290.3740054513,243
2011-11-20,1869.0990976523253,1340258.162347981,243
2011-11-21,1858.6977231241408,1338236.3520650389,243
2011-11-22,1848.3040157875157,1336224.9354894334,243
2011-11-23,1837.3604043826572,1334224.4625252327,243
2011-11-24,1827.1420355711243,1332234.2079298436,243
2011-11-25,1817.0613375345356,1330254.034032491,243
2011-11-26,1807.0701535723283,1328283.8513191007,243
2011-11-27,1797.1060363079532,1326323.6327229748,243
2011-11-28,1787.1936844335514,1324373.3264787232,243
2011-11-29,1777.3546226611006,1322432.859296244,243
2011-11-30,1767.5261464679725,1320502.2205899581,243
2011-12-01,1755.3776351065364,1318578.4876021836,243
2011-12-02,1745.5361829340447,1316664.5960665816,243
2011-12-03,1735.7295254269604,1314760.5111884866,243
2011-12-04,1725.9543523170043,1312866.2014835016,243
2011-12-05,1716.2752994709638,1310981.5708313626,243
2011-12-06,1706.6545960939013,1309106.5608826007,243
2011-12-07,1697.0616985336867,1307241.143831399,243
2011-12-08,1687.564822090416,1305385.2236566406,243
2011-12-09,1678.1353431938671,1303538.7329607788,243
2011-12-10,1668.7246551740438,1301701.6529529367,243
2011-12-11,1659.371731858094,1299873.9258684106,243
2011-12-12,1650.1027356713068,1298055.4677800713,243
2011-12-13,1640.937686584982,1296246.1747408183,243
2011-12-14,1631.8367885983073,1294445.982599552,243
2011-12-15,1622.76839064001,1292654.858856244,243
2011-12-16,1613.734015787578,1290872.7694877884,243
2011-12-17,1604.7347479151551,1289099.6793872053,243
2011-12-18,1595.7719443089784,1287335.5520902283,243
2011-12-19,1586.8466346057587,1285580.3501029545,243
2011-12-20,1577.9581659688604,1283834.0365843177,243
2011-12-21,1569.1085770491966,1282096.5726546005,243
2011-12-22,1560.4425386249543,1280367.7747633075,243
2011-12-23,1551.9016974217714,1278647.5177132178,243
2011-12-24,1543.4156024552406,1276935.7467580945,243
2011-12-25,1534.9686548319635,1275232.4227505946,243
2011-12-26,1526.5615614211176,1273537.5058365054,243
2011-12-27,1518.264863177062,1271850.8856206604,243
2011-12-28,1510.107170505774,1270172.4230974866,243
2011-12-29,1501.980960997845,1268502.0867838208,243
2011-12-30,1493.7811822137785,1266839.950248939,243
2011-12-31,1485.5774749821041,1265186.0174212889,243
2012-01-01,1474.9968323777728,1263537.083270657,243
2012-01-02,1466.9461475755386,1261896.1998048276,243
2012-01-03,1458.9422785912473,1260263.3202079823,243
2012-01-04,1450.9865834373347,1258638.396306291,243
2012-01-05,1443.078328157572,1257021.3806598794,243
2012-01-06,1435.2168800821826,1255412.2264615432,243
2012-01-07,1427.401971740445,1253810.8871715488,243
2012-01-08,1419.749608212879,1252217.200245082,243
2012-01-09,1412.3482708575036,1250630.9146559704,243
2012-01-10,1405.047525379138,1249051.9298123373,243
2012-01-11,1397.9076073444746,1247480.0848867388,243
2012-01-12,1390.815779233614,1245915.3317892512,243
2012-01-13,1383.760380588036,1244357.6340904091,243
2012-01-14,1376.7448604333047,1242806.9519117218,243
2012-01-15,1369.9084123596847,1241263.1061811082,243
2012-01-16,1363.2221964812204,1239725.946666373,243
2012-01-17,1356.6282709541563,1238195.3810771648,243
2012-01-18,1350.0669330673124,1236671.3768258435,243
2012-01-19,1343.5369064028207,1235153.9026011867,243
2012-01-20,1336.7884570795875,1233643.176825853,243
2012-01-21,1330.2315002596304,1232139.0080073394,243
2012-01-22,32433.442982781795,1656263.4350454682,230
2012-01-23,12192.864724989322,1654043.9051036017,241
2012-01-24,9895.153247789043,1643974.8145375587,242
2012-01-25,8864.48531958976,1634936.391899715,242
2012-01-26,8179.396941859072,1626583.0576396019,243
2012-01-27,7716.570449814696,1618692.5498715332,243
2012-01-28,7360.839668984555,1611157.7728842946,243
2012-01-29,7062.023041474197,1603921.8125245664,243
2012-01-30,6796.559334796651,1596951.3158715158,243
2012-01-31,6573.914741853049,1590203.4638114087,243
2012-02-01,6377.7660833583805,1583678.7518512947,243
2012-02-02,6200.22929041047,1577331.5766841285,243
2012-02-03,6034.883589673381,1571149.7472176994,243
2012-02-04,5877.617301415944,1565125.1840395278,243
2012-02-05,5732.671694277612,1559245.5664684945,243
2012-02-06,11239.217077542868,1622162.0956107923,239
2012-02-07,13208.3840640313,1680177.7984377805,239
2012-02-08,8860.179098554248,1671170.6734624705,242
2012-02-09,8361.633827050297,1663784.716959022,243
2012-02-10,13344.335746715624,1714037.7805665117,240
2012-02-11,9431.450594655065,1704459.384095101,242
2012-02-12,16075.896514334221,1768692.0799326287,239
2012-02-13,10765.716359559507,1757779.4176963135,242
2012-02-14,10056.52687798982,1747575.944941568,243
2012-02-15,9627.809520887504,1737801.1895439248,243
2012-02-16,9256.407376189776,1728397.8362909793,243
2012-02-17,8931.029420409877,1719319.8609938137,243
2012-02-18,8651.267381701213,1710521.6477353568,243
2012-02-19,8405.763059951192,1701968.93879865,243
2012-02-20,8172.306001163845,1693649.6869207304,243
2012-02-21,7951.562576529629,1685551.178467445,243
2012-02-22,7744.886671045854,1677659.3459196435,243
2012-02-23,7548.842756324041,1669963.5572865638,243
2012-02-24,7360.527105138231,1662456.0843046699,243
2012-02-25,7182.105133980339,1655127.0332939338,243
2012-02-26,7012.519808363229,1647967.567608815,243
2012-02-27,6852.156958621054,1640968.4647734382,243
2012-02-28,17507.933500453335,1745405.9577917922,238
2012-02-29,13654.71989249203,1772362.2630532498,240
2012-03-01,13165.959490032285,1787737.565663384,241
2012-03-02,10774.276387006184,1776630.7847672175,243
2012-03-03,10196.950151156541,1766101.3301069005,243
2012-03-04,9781.129823597987,1755987.6957741422,243
2012-03-05,9424.113409576612,1746231.0778554052,243
2012-03-06,9105.163529146137,1736793.4098170986,243
2012-03-07,8815.224491541414,1727645.6808163968,243
2012-03-08,8552.55334498887,1718760.6229622476,243
2012-03-09,8307.936542763748,1710120.1819103234,243
2012-03-10,8080.205486822781,1701707.4719143403,243
2012-03-11,7864.905465499405,1693510.0619396805,243
2012-03-12,33292.72114310411,1912225.7656686823,234
2012-03-13,255297.31669952092,2797329.5180956367,237
2012-03-14,83232.59208529984,2870621.5542868758,235
2012-03-15,102532.5984508092,2988275.6077669533,234
2012-03-16,177142.42807228887,3245812.1744681876,230
2012-03-17,68192.77476462667,3177286.8951944006,240
2012-03-18,61109.05057831984,3115845.3401069203,242
2012-03-19,56429.85706629641,3059082.9785314635,242
2012-03-20,52565.85910524884,3006184.6149170543,242
2012-03-21,49209.45003405809,2956642.660373836,243
2012-03-22,46258.14716939153,2910052.008695284,243
2012-03-23,43612.42351644663,2866107.080669677,243
2012-03-24,103633.40437773615,3049705.8121048496,233
2012-03-25,52003.12016710676,2997370.1874285825,242
2012-03-26,114411.40188874741,3145972.2812155997,233
2012-03-27,254459.57006669906,3498403.539683144,228
2012-03-28,77104.57472563293,3420966.4604483508,240
2012-03-29,68335.3468209886,3352298.609118202,242
2012-03-30,86581.39594136702,3358552.901012281,238
2012-03-31,107601.61678909892,3407743.5752798934,236
2012-04-01,65717.53041576866,3341530.9801621735,242
2012-04-02,60062.953748489665,3280972.9617117327,242
2012-04-03,55774.617675422625,3224703.279334359,243
2012-04-04,52135.09314632968,3172073.121486078,243
2012-04-05,48936.58876127045,3122641.4680228564,243
2012-04-06,46111.973519331244,3076034.429801574,243
2012-04-07,43588.28591223148,3031951.0791873913,243
2012-04-08,41315.036148459585,2990140.9783369806,243
2012-04-09,39238.45894554437,2950407.454689485,243
2012-04-10,46568.130695046224,2953589.7452243087,240
2012-04-11,81078.77752964615,3076710.6685213633,235
2012-04-12,119765.27573533659,3241512.3088668445,233
2012-04-13,54333.91160453058,3186683.3325603628,241
2012-04-14,49440.448566973144,3136747.8192914384,242
2012-04-15,46099.001907934835,3090153.7526815524,243
2012-04-16,43366.242518222825,3046292.4454613784,243
2012-04-17,40984.36068051395,3004813.0200789133,243
2012-04-18,38857.48330293496,2965460.472074027,243
2012-04-19,36941.66233803698,2928023.745034039,243
2012-04-20,35197.01077985198,2892331.669552236,243
2012-04-21,33591.022276478754,2858245.582573806,243
2012-04-22,32125.52813078177,2825624.989741073,243
2012-04-23,30763.551980613665,2794366.373058508,243
2012-04-24,29489.81985156511,2764381.488504992,243
2012-04-25,28300.39037812867,2735586.033424912,243
2012-04-26,27194.138010235438,2707896.8307127254,243
2012-04-27,26167.82125297089,2681233.9447578033,243
2012-04-28,25206.52986692258,2655532.3501889296,243
2012-04-29,24312.57977916573,2630724.7057078127,243
2012-04-30,23471.072158053452,2606758.568847808,243
2012-05-01,22659.46418686358,2583492.05799196,243
2012-05-02,21913.11827653933,2560971.8930464364,243
2012-05-03,21209.436328607684,2539155.4100488443,243
2012-05-04,20540.88756669553,2518007.4758131644,243
2012-05-05,19908.864512913933,2497491.564631266,243
2012-05-06,19308.107031726817,2477576.410930555,243
2012-05-07,18737.346992454564,2458232.017269116,243
2012-05-08,18192.508647577444,2439432.461952554,243
2012-05-09,17678.654989033545,2421146.760294536,243
2012-05-10,17189.403293677213,2403350.3103318745,243
2012-05-11,16723.161212017832,2386020.1024508723,243
2012-05-12,16275.773685590435,2369137.2820962975,243
2012-05-13,15850.541464673426,2352679.6939626397,243
2012-05-14,15446.099349367038,2336626.5479442882,243
2012-05-15,15062.490771040857,2320957.010504263,243
2012-05-16,14695.272408944626,2305654.691426334,243
2012-05-17,14340.662172297552,2290706.982585052,243
2012-05-18,13998.843674196001,2276101.0922418716,243
2012-05-19,13666.10582056928,2261827.939752318,243
2012-05-20,13348.933876624867,2247871.9592067087,243
2012-05-21,13043.655876853109,2234221.256660871,243
2012-05-22,12752.895793161892,2220861.314198725,243
2012-05-23,12473.402006755188,2207780.8655229853,243
2012-05-24,12198.7404878387,2194975.0783661623,243
2012-05-25,11936.998189030286,2182431.0335081476,243
2012-05-26,11684.13661529224,2170139.850223871,243
2012-05-27,11440.112228381984,2158092.6913265046,243
2012-05-28,11204.714281134844,2146280.9303763853,243
2012-05-29,10976.501162666898,2134697.382544734,243
2012-05-30,10755.297115189094,2123335.0387605606,243
2012-05-31,10540.37449859928,2112187.617592977,243
2012-06-01,10204.722617638767,2100942.659386305,243
2012-06-02,9994.026825062469,2089908.3969722097,243
2012-06-03,9777.55851432076,2079090.602868856,243
2012-06-04,9582.120232745077,2068468.2470470779,243
2012-06-05,9390.705831818053,2058037.3056262268,243
2012-06-06,9204.196466359546,2047792.8735708343,243
2012-06-07,9023.429547793236,2037729.208434008,243
2012-06-08,8848.080429515805,2027840.8924154593,243
2012-06-09,8680.047711725816,2018120.6091147005,243
2012-06-10,8520.44527427154,2008559.928251396,243
2012-06-11,8363.848686028276,1999155.8439763347,243
2012-06-12,8211.145377018493,1989904.4630102832,243
2012-06-13,8063.380660890139,1980800.84676036,243
2012-06-14,7919.328285005412,1971841.2828863217,243
2012-06-15,7782.925294697287,1963018.1220025914,243
2012-06-16,7651.739945923447,1954326.146467635,243
2012-06-17,7514.6474232189385,1945771.263455383,243
2012-06-18,7390.604423779531,1937340.4234425705,243
2012-06-19,7269.940077652692,1929030.2477758848,243
2012-06-20,7151.4411032216185,1920838.5710836302,243
2012-06-21,7036.098156921335,1912762.2373376759,243
2012-06-22,6924.930907222678,1904797.0708414202,243
2012-06-23,6816.067757697546,1896940.7674946897,243
2012-06-24,6709.207626895982,1889191.3242787607,243
2012-06-25,6604.752852669454,1881546.3358370583,243
2012-06-26,6502.977047578434,1874003.1232004468,243
2012-06-27,6401.95568281459,1866560.9319285993,243
2012-06-28,6303.623867933408,1859217.0724716329,243
2012-06-29,6207.897668036402,1851968.9392145635,243
2012-06-30,6114.144019215836,1844814.5596063146,243
2012-07-01,5715.517220953717,1837305.901239181,243
2012-07-02,5603.512943655024,1829909.247149346,243
2012-07-03,5502.573180940938,1822613.532822225,243
2012-07-04,5403.137128953361,1815417.2545470917,243
2012-07-05,5307.825966054345,1808316.2874348573,243
2012-07-06,5201.216674887347,1801321.92961379,243
2012-07-07,5098.657843693863,1794430.1306239162,243
2012-07-08,5008.9320043276575,1787628.0574734085,243
2012-07-09,4924.254289758629,1780910.66203747,243
2012-07-10,4843.130512687382,1774274.3903786025,243
2012-07-11,4763.525365191516,1767717.723867231,243
2012-07-12,4686.289422662002,1761238.293298389,243
2012-07-13,4596.5167095447005,1754848.6354426644,243
2012-07-14,4521.315863865199,1748534.1784326192,243
2012-07-15,4449.424892341257,1742291.612394098,243
2012-07-16,4379.3113831779965,1736119.15986474,243
2012-07-17,4309.623895809292,1730016.3948227507,243
2012-07-18,4241.718223569919,1723981.5354530008,243
2012-07-19,4175.462614693218,1718012.9316921276,243
2012-07-20,4110.6963156827305,1712109.094230265,243
2012-07-21,4047.518037152714,1706268.4350469322,243
2012-07-22,3978.13025774132,1700497.163643011,243
2012-07-23,3912.53797838395,1694791.484518447,243
2012-07-24,3850.1928226868667,1689148.15054958,243
2012-07-25,3788.802910669013,1683566.206492731,243
2012-07-26,3729.825985252629,1678043.2393612985,243
2012-07-27,3670.0090500498236,1672580.0891650687,243
2012-07-28,3614.2022264299494,1667172.7457924588,243
2012-07-29,3559.3707987009593,1661820.2338475778,243
2012-07-30,3505.5289345181127,1656521.5637668797,243
2012-07-31,3452.5340041285426,1651275.8886165712,243
2012-08-01,3603.049255256969,1646249.8462040822,243
2012-08-02,3555.413940919991,1641271.4391059303,243
2012-08-03,3507.8635843549478,1636340.5823643433,243
2012-08-04,3461.920460483487,1631455.6687466279,243
2012-08-05,3416.4344452728606,1626616.241144123,243
2012-08-06,3371.3558216543956,1621821.8921652366,243
2012-08-07,3327.035360631495,1617071.8636473732,243
2012-08-08,3283.9092210942968,1612364.9612690469,243
2012-08-09,3241.409222433306,1607700.5588893816,243
2012-08-10,3199.7845146155073,1603077.781217534,243
2012-08-11,3157.9614154712385,1598496.8266448309,243
2012-08-12,3117.3279766537803,1593956.505510945,243
2012-08-13,3077.1066284444737,1589456.4057252686,243
2012-08-14,3037.4818475748966,1584995.9307204618,243
2012-08-15,2998.4277149238246,1580574.509848306,243
2012-08-16,2960.164833002453,1576191.3518580715,243
2012-08-17,2922.49955848298,1571845.8591423566,243
2012-08-18,2885.433446249654,1567537.432538875,243
2012-08-19,2848.8762509238063,1563265.5631307191,243
2012-08-20,2812.9716827708385,1559029.5982907163,243
2012-08-21,2777.5886757303583,1554829.016457754,243
2012-08-22,2742.626287495447,1550663.3970130265,243
2012-08-23,2708.009233739655,1546532.3946220549,243
2012-08-24,2671.1249148679985,1542438.276549955,243
2012-08-25,2635.6971126480116,1538379.586280075,243
2012-08-26,2602.5491487092427,1534354.0439741337,243
2012-08-27,2568.90573325796,1530362.1450836437,243
2012-08-28,2534.1743031802675,1526404.9776232315,243
2012-08-29,2502.0799754492095,1522479.9044905503,243
2012-08-30,2470.711618943568,1518586.1997143747,243
2012-08-31,2439.7213505266322,1514723.485206616,243
2012-09-01,2634.0757904162847,1511086.7830111398,243
2012-09-02,2608.276111185619,1507475.8804948942,243
2012-09-03,2582.338295653065,1503890.9157941812,243
2012-09-04,2556.2730205909565,1500332.0163685302,243
2012-09-05,2530.1709122085695,1496799.2190512617,243
2012-09-06,2504.075654445517,1493292.5169917562,243
2012-09-07,2478.0420907506004,1489811.8484959456,243
2012-09-08,2452.1800727772743,1486357.0420181083,243
2012-09-09,2426.4521081813828,1482927.963504867,243
2012-09-10,2400.892841986216,1479524.4442578207,243
2012-09-11,2375.5943130301994,1476146.2235397305,243
2012-09-12,2350.4301696916327,1472793.166964979,243
2012-09-13,2325.433401117868,1469465.107158801,243
2012-09-14,2300.610934585634,1466161.8698191554,243
2012-09-15,2275.9898720731244,1462883.2535420223,243
2012-09-16,2251.8641914644495,1459628.7629454979,243
2012-09-17,2228.065925549784,1456398.070614888,243
2012-09-18,2204.5550032468263,1453190.8892065813,243
2012-09-19,2181.294436882551,1450006.9683646387,243
2012-09-20,2158.1984074281745,1446846.1435521506,243
2012-09-21,2135.324250517714,1443708.1928965729,243
2012-09-22,2112.7051667662554,1440592.8613247466,243
2012-09-23,2090.335740828722,1437499.899178858,243
2012-09-24,2068.151557318236,1434429.1212164797,243
2012-09-25,2046.291126654086,1431380.2036847656,243
2012-09-26,2024.7002846603964,1428352.8769950452,243
2012-09-27,2003.4731116232679,1425346.777478362,243
2012-09-28,1982.5002787209332,1422361.650794581,243
2012-09-29,1961.8400033256721,1419397.1843861954,243
2012-09-30,1941.4287769823086,1416453.129204153,243
2012-10-01,2196.270039886434,1413781.4994897787,243
2012-10-02,2182.6240840835612,1411123.515731207,243
2012-10-03,2168.384519820765,1408479.7715368983,243
2012-10-04,2153.6969477068283,1405850.7149147035,243
2012-10-05,2138.9103064015158,1403236.444933814,243
2012-10-06,2123.9547007765736,1400637.1305585494,243
2012-10-07,2108.838168405194,1398052.9327156562,243
2012-10-08,2093.2924430749495,1395484.2805980933,243
2012-10-09,2077.6957037415937,1392931.2252198637,243
2012-10-10,2062.209328155231,1390393.6562172205,243
2012-10-11,2046.8490252149873,1387871.4475175175,243
2012-10-12,2031.5473831141949,1385364.5404599153,243
2012-10-13,2016.2616613874793,1382872.9191240398,243
2012-10-14,2000.9974578413762,1380396.5619917104,243
2012-10-15,1985.768724679679,1377935.4335925428,243
2012-10-16,1970.5866529838763,1375489.487265071,243
2012-10-17,1955.4504401741665,1373058.6771504087,243
2012-10-18,1940.355168297619,1370642.9623076231,243
2012-10-19,1925.3705274262115,1368242.232105709,243
2012-10-20,1910.5184149443753,1365856.3540162765,243
2012-10-21,1895.7418975645792,1363485.252444224,243
2012-10-22,1881.0388205169816,1361128.853949219,243
2012-10-23,1866.412755052524,1358787.0815196785,243
2012-10-24,1851.866197344812,1356459.8556478457,243
2012-10-25,1837.4706186365452,1354147.0253547211,243
2012-10-26,1823.357731880818,1351848.3079483523,243
2012-10-27,1809.4511008602217,1349563.497173004,243
2012-10-28,1795.7012562951654,1347292.436242221,243
2012-10-29,1782.1608843684312,1345034.9156833645,243
2012-10-30,1768.743365906144,1342790.8126429704,243
2012-10-31,1755.5188849758938,1340559.9340835065,243
2012-11-01,1894.2840846886038,1338502.5374389999,243
2012-11-02,1884.9934830653592,1336454.4313961165,243
2012-11-03,1875.5578932466096,1334415.760943052,243
2012-11-04,1865.9095704217552,1332386.7388128121,243
2012-11-05,1856.0570750867128,1330367.5691779074,243
2012-11-06,1846.095162067294,1328358.3614560221,243
2012-11-07,1836.0899382244907,1326359.1589579796,243
2012-11-08,1825.970725115586,1324370.075673046,243
2012-11-09,1815.9306665861159,1322391.032446642,243
2012-11-10,1806.0669992533158,1320421.8528875706,243
2012-11-11,1796.1981591446902,1318462.542168608,243
2012-11-12,1786.2775635805092,1316513.1520452094,243
2012-11-13,1776.320826993754,1314573.7186583977,243
2012-11-14,1766.3402685634437,1312644.2658300162,243
2012-11-15,1756.3302713979147,1310724.8229988003,243
2012-11-16,1746.3062243808172,1308815.4042146015,243
2012-11-17,1736.4538971979282,1306915.8377575856,243
2012-11-18,1726.7180096471793,1305026.0071881204,243
2012-11-19,1716.9960140941776,1303145.8986142082,243
2012-11-20,1707.2917221407051,1301275.4943322495,243
2012-11-21,1697.6015469440836,1299414.7802254874,243
2012-11-22,1687.930580416426,1297563.737085253,243
2012-11-23,1678.2861383624486,1295722.3383870726,243
2012-11-24,1668.5168988289888,1293890.7089284256,243
2012-11-25,1658.9102416948526,1292068.6861269127,243
2012-11-26,1649.5096751714236,1290256.0638919233,243
2012-11-27,1640.2968912496808,1288452.6544408556,243
2012-11-28,1631.164196959894,1286658.3776840777,243
2012-11-29,1622.0761263363174,1284873.1889979234,243
2012-11-30,10085.316890437534,1420993.183339689,237
2012-12-01,96696.10726574226,2125174.6404333347,230
2012-12-02,33307.62088181707,2164520.902952077,238
2012-12-03,21611.73669011993,2142740.810909289,241
2012-12-04,156343.13042819337,2673137.2348648133,229
2012-12-05,41113.44977906753,2638337.54142571,240
2012-12-06,36202.94460454453,2601966.2414684976,241
2012-12-07,34030.01838152865,2567767.867734301,242
2012-12-08,32333.52932821689,2535265.983053416,242
2012-12-09,30972.04346683258,2504125.5842339154,243
2012-12-10,29792.35186558319,2474164.8770156642,243
2012-12-11,28646.281871262097,2445350.239791734,243
2012-12-12,27535.20607895553,2417646.6783601106,243
2012-12-13,26472.260029800327,2391006.0629776423,243
2012-12-14,25441.65591936521,2365396.051705609,243
2012-12-15,33494.945381640726,2396430.079742244,240
2012-12-16,77587.71805845498,2618160.190470644,233
2012-12-17,36654.193280899526,2581337.6418370763,242
2012-12-18,33560.3120208337,2547608.9744635746,242
2012-12-19,31508.50999227082,2515932.1091186358,243
2012-12-20,242905.1558024116,3118395.3428002656,231
2012-12-21,271000.7471566044,3484963.566665477,231
2012-12-22,312509.928686991,3796431.112477937,232
2012-12-23,294963.5053450509,3986173.0479565673,230
2012-12-24,108437.53609104277,3877567.1565128565,239
2012-12-25,323320.2838958398,4103394.264290465,229
2012-12-26,113427.76809695698,3989798.14084084,240
2012-12-27,99848.38299935739,3889781.4024888147,241
2012-12-28,119885.92057843963,3863499.6613071477,238
2012-12-29,87997.51589964385,3775333.790054836,242
2012-12-30,80228.31986137349,3694937.1148407944,242
2012-12-31,73955.06507753496,3620813.6944105914,243
2013-01-01,68598.17051599015,3552041.5865763472,243
2013-01-02,63970.55819960337,3487897.09105849,243
2013-01-03,59894.55086980414,3427828.6028704317,243
2013-01-04,56287.48445983211,3371367.1810923456,243
2013-01-05,89960.07930013232,3433456.188455797,237
2013-01-06,57428.14299223505,3375854.1081453077,242
2013-01-07,53502.47835597608,3322177.6924710777,243
2013-01-08,50297.95361576954,3271705.801537054,243
2013-01-09,47517.253293392976,3224014.610925407,243
2013-01-10,45057.34462536851,3178783.3289817846,243
2013-01-11,42817.05728503017,3135792.3343785005,243
2013-01-12,40764.13316008335,3094854.263900163,243
2013-01-13,38881.626353689266,3055798.70022822,243
2013-01-14,37141.28860177126,3018483.4743081946,243
2013-01-15,35534.61448577259,2982774.922504168,243
2013-01-16,34047.644597405364,2948553.3405885086,243
2013-01-17,32662.284134306276,2915717.1191359484,243
2013-01-18,31368.125861681794,2884175.0559560126,243
2013-01-19,30159.88325535439,2853841.235382404,243
2013-01-20,29019.21302599905,2824648.085038151,243
2013-01-21,27942.044350434822,2796532.1033694623,243
2013-01-22,26938.7702135735,2769419.395837635,243
2013-01-23,30989.819255084043,2770130.210872464,241
2013-01-24,26378.7866614878,2743577.486892722,243
2013-01-25,25348.79890949445,2718054.7506649736,243
2013-01-26,24471.199796651286,2693409.6135500683,243
2013-01-27,23653.726533860696,2669581.9496979536,243
2013-01-28,22881.378523768653,2646526.633855931,243
2013-01-29,22155.37039186785,2624197.326145809,243
2013-01-30,21471.780154069216,2602551.608673486,243
2013-01-31,20830.33322778417,2581547.3381274478,243
2013-02-01,20227.798252146284,2561172.593998546,243
2013-02-02,19653.266093524697,2541372.3820282654,243
2013-02-03,19102.946702278743,2522122.489449231,243
2013-02-04,18578.786390835478,2503396.75718164,243
2013-02-05,18081.96332766494,2485167.847977219,243
2013-02-06,17613.258244986704,2467407.6438554768,243
2013-02-07,17167.11850451125,2450093.57947421,243
2013-02-08,16740.70216095267,2433205.9314365014,243
2013-02-09,16337.726360181407,2416721.2591995643,243
2013-02-10,15951.751399783943,2400622.5619230247,243
2013-02-11,15580.807018105,2384894.809028164,243
2013-02-12,15222.75789585995,2369525.1052555484,243
2013-02-13,14876.87090817612,2354501.2884706166,243
2013-02-14,14541.926124667343,2339812.4164691935,243
2013-02-15,14218.261492256135,2325447.2091001817,243
2013-02-16,13906.418067517285,2311393.8451559087,243
2013-02-17,13607.139520135768,2297639.7597590173,243
2013-02-18,13319.496608267133,2284173.3172739944,243
2013-02-19,13041.960095441495,2270984.4113017973,243
2013-02-20,12774.32075617841,2258063.144668863,243
2013-02-21,12515.37781926623,2245400.8209728412,243
2013-02-22,12265.334515250348,2232988.540580835,243
2013-02-23,12022.65273046872,2220818.941973611,243
2013-02-24,11787.255279062376,2208884.7408177927,243
2013-02-25,11558.67646634119,2197179.118474696,243
2013-02-26,11336.748788660452,2185695.4238092797,243
2013-02-27,11122.17165101605,2174426.306281508,243
2013-02-28,10914.214176127747,2163365.1462286245,243
2013-03-01,10693.730700621289,2152338.911018843,243
2013-03-02,10495.438843313046,2141510.9676663694,243
2013-03-03,10303.309996721708,2130875.1531604873,243
2013-03-04,10119.943641192187,2120422.7050101347,243
2013-03-05,9943.841352873855,2110146.3591481005,243
2013-03-06,9773.679621695914,2100040.175017244,243
2013-03-07,9607.440638644528,2090100.2298694393,243
2013-03-08,9445.785001733946,2080321.940358545,243
2013-03-09,9289.53065626477,2070699.9051931198,243
2013-03-10,9128.136327472888,2061239.2643564865,243
2013-03-11,8981.327189917816,2051925.4326574083,243
2013-03-12,8841.112055374682,2042751.8160928732,243
2013-03-13,8705.045812663297,2033714.2657710495,243
2013-03-14,8571.700071751513,2024810.0611901376,243
2013-03-15,8442.265015652776,2016035.2916653245,243
2013-03-16,8316.894727781788,2007385.8924283823,243
2013-03-17,8194.122573271301,1998859.2653459506,243
2013-03-18,8073.7251864801165,1990453.03565031,243
2013-03-19,7955.955366296601,1982164.5757748531,243
2013-03-20,7841.350837987988,1973990.7204277047,243
2013-03-21,7729.558134496585,1965928.6577840478,243
2013-03-22,7619.846250295081,1957976.3070245923,243
2013-03-23,7512.2247893932745,1950131.5777260386,243
2013-03-24,7406.301537724119,1942392.7716791541,243
2013-03-25,7303.12710539056,1934757.1400646032,243
2013-03-26,7201.828811847978,1927222.8067435948,243
2013-03-27,7103.358915638086,1919786.9433187963,243
2013-03-28,7006.763846184733,1912447.6749634512,243
2013-03-29,6913.01767962114,1905202.1527746697,243
2013-03-30,6821.010669125617,1898048.6375963837,243
2013-03-31,15569.379349362134,1983703.1711564837,238
2013-04-01,9131.89991503761,1974076.206539495,242
2013-04-02,8689.765087525759,1964891.376750018,243
2013-04-03,36322.212453008455,2194525.7895655464,233
2013-04-04,27688.511166431068,2263364.6864804844,238
2013-04-05,17634.376472004624,2245235.2453065286,242
2013-04-06,16209.140218852952,2228531.0403857245,242
2013-04-07,19090.81585347727,2240708.8609140273,241
2013-04-08,15855.586862802438,2224358.2093492737,243
2013-04-09,15095.97111155412,2208767.1735357684,243
2013-04-10,14546.616179727416,2193725.49265409,243
2013-04-11,14075.56208879587,2179154.865863343,243
2013-04-12,13626.832927768983,2165032.9682336226,243
2013-04-13,13224.459861302681,2151313.4436703688,243
2013-04-14,12846.91395804745,2137971.46501037,243
2013-04-15,12494.925443770297,2124981.4748646487,243
2013-04-16,12151.073266568526,2112335.336896129,243
2013-04-17,11826.593306486428,2100013.6788876913,243
2013-04-18,11533.122742752012,2087985.4914429882,243
2013-04-19,11252.744928925697,2076237.6818121113,243
2013-04-20,10984.535266687095,2064758.081843473,243
2013-04-21,10730.018974312514,2053532.9981672093,243
2013-04-22,10487.470689952306,2042550.4627753058,243
2013-04-23,10255.676075573245,2031799.7219977814,243
2013-04-24,10033.833936190631,2021270.8233596396,243
2013-04-25,9818.823721269311,2010956.9349364191,243
2013-04-26,9613.256741479903,2000848.613492988,243
2013-04-27,9416.959318069208,1990936.5894729677,243
2013-04-28,9226.877215202132,1981214.6475558144,243
2013-04-29,9041.717815912029,1971677.8650379512,243
2013-04-30,8861.385254844956,1962321.415081155,243
2013-05-01,8736.102823398845,1952978.2655887718,243
2013-05-02,8561.693106410397,1943809.525813377,243
2013-05-03,8397.09468056711,1934805.3844638255,243
2013-05-04,8228.941376118526,1925969.3964187226,243
2013-05-05,8073.439846462408,1917288.9099032758,243
2013-05-06,7926.002442566749,1908755.8607917246,243
2013-05-07,7783.32138641046,1900365.4927363298,243
2013-05-08,7642.245371657727,1892116.2006956877,243
2013-05-09,7505.556923528506,1884003.5971031748,243
2013-05-10,7365.802910451848,1876030.7475237385,243
2013-05-11,7234.600801208127,1868189.100053546,243
2013-05-12,7109.081640311122,1860472.9717442505,243
2013-05-13,6987.643897236861,1852878.2811780293,243
2013-05-14,6870.538994995482,1845400.6955140494,243
2013-05-15,6756.394795906335,1838037.2540491587,243
2013-05-16,6645.520142360661,1830784.6872378136,243
2013-05-17,6535.676866993845,1823641.9637018354,243
2013-05-18,6430.282934046421,1816604.6340988046,243
2013-05-19,6328.123610789027,1809669.4638190311,243
2013-05-20,6228.843836364873,1802833.5733136819,243
2013-05-21,6128.470925404761,1796098.0557192927,243
2013-05-22,6033.503324810486,1789457.5057254978,243
2013-05-23,5942.1315890355745,1782908.3274674779,243
2013-05-24,5853.471263170779,1776447.8095353227,243
2013-05-25,5766.890254834272,1770073.872611504,243
2013-05-26,5681.8087059316,1763785.017236588,243
2013-05-27,5598.611646995485,1757579.3589206082,243
2013-05-28,5517.310763178231,1751455.0014884456,243
2013-05-29,5435.21641491803,1745412.7384045431,243
2013-05-30,5355.848923018739,1739449.84281254,243
2013-05-31,5277.765099749506,1733565.031043806,243
2013-06-01,5035.745877711105,1727489.049577062,243
2013-06-02,4944.67238593777,1721504.1416020913,243
2013-06-03,4860.298163053815,1715603.6078500045,243
2013-06-04,4781.542675428095,1709781.8295855434,243
2013-06-05,4706.725119471786,1704034.8688770386,243
2013-06-06,4635.610892100961,1698359.0223959046,243
2013-06-07,4566.334831493211,1692752.4519753784,243
2013-06-08,4496.1244241925915,1687216.0919621529,243
2013-06-09,4428.1398180217975,1681747.716555098,243
2013-06-10,4357.719876554797,1676349.7610895103,243
2013-06-11,4286.040946235417,1671023.4845542419,243
2013-06-12,4223.292091525861,1665759.956873683,243
2013-06-13,4162.604850250066,1660557.1164344,243
2013-06-14,4104.083058457824,1655412.7977869092,243
2013-06-15,4045.7770217270618,1650326.785176149,243
2013-06-16,3986.8888935116147,1645299.6606936045,243
2013-06-17,3930.6065647797686,1640328.8185397917,243
2013-06-18,3876.4104070845087,1635412.1725436742,243
2013-06-19,3823.180637857414,1630548.7563167838,243
2013-06-20,3770.425076165705,1625738.0956515851,243
2013-06-21,3719.315147511431,1620978.5449150407,243
2013-06-22,3669.492810570405,1616268.8165154373,243
2013-06-23,3621.005235927415,1611607.575690477,243
2013-06-24,3573.733562692537,1606993.6065387514,243
2013-06-25,3526.3701690288754,1602427.0007806895,243
2013-06-26,3480.642268499828,1597906.1229231567,243
2013-06-27,3433.8987477629007,1593431.9885863608,243
2013-06-28,3389.4930469407727,1589002.259950387,243
2013-06-29,3345.030933602483,1584616.9934277516,243
2013-06-30,3302.170529755068,1580274.5873089635,243
2013-07-01,2886.692628042777,1575594.7535347408,243
2013-07-02,2832.4028324384753,1570969.2095561223,243
2013-07-03,2775.3540780039084,1566400.7143319384,243
2013-07-04,2706.4993729987227,1561901.0738127597,243
2013-07-05,2650.5668221304704,1557457.3658444493,243
2013-07-06,2603.691952501428,1553060.5327457679,243
2013-07-07,2557.1460348793817,1548710.2455647085,243
2013-07-08,2513.3512825488624,1544403.7531359796,243
2013-07-09,2471.793971269163,1540138.8180185305,243
2013-07-10,2431.1112353245308,1535914.565637026,243
2013-07-11,2391.122692532609,1531730.3017983134,243
2013-07-12,2352.3255116546106,1527584.8351404788,243
2013-07-13,2313.725759616359,1523477.9682346825,243
2013-07-14,2274.575347530893,1519410.2517409716,243
2013-07-15,2238.111167266271,1515378.9994275253,243
2013-07-16,2202.2260177794424,1511383.632263566,243
2013-07-17,2167.042700365656,1507423.4484170203,243
2013-07-18,2132.4884741406468,1503497.8187966996,243
2013-07-19,2098.533717419491,1499606.1439331002,243
2013-07-20,2065.1353005794854,1495747.8674863407,243
2013-07-21,2032.317979751625,1491922.408360409,243
2013-07-22,2000.0551542807416,1488129.2120599484,243
2013-07-23,1968.4202258070045,1484367.6506879614,243
2013-07-24,1933.156049268092,1480641.3534925133,243
2013-07-25,1899.329235201706,1476948.8831111316,243
2013-07-26,1868.9000543493357,1473286.8419106023,243
2013-07-27,1838.8924514087894,1469654.8083130135,243
2013-07-28,1809.021635157992,1466052.6455316755,243
2013-07-29,1779.3763185609178,1462480.1280669346,243
2013-07-30,1750.5027607290585,1458936.4841600256,243
2013-07-31,1722.034035363472,1455421.3089784821,243
2013-08-01,1912.311735428832,1452086.0040858213,243
2013-08-02,1888.7845159284393,1448774.226412661,243
2013-08-03,1864.9357520562685,1445486.2975033727,243
2013-08-04,1841.4968614463783,1442221.8074846943,243
2013-08-05,1818.2174282928086,1438980.5968991695,243
2013-08-06,1795.2257299320395,1435762.3780120055,243
2013-08-07,1772.4938993118326,1432566.8909554617,243
2013-08-08,1749.324676673356,1429394.5731215563,243
2013-08-09,1726.4421227546031,1426245.1378415697,243
2013-08-10,1704.4379196697469,1423117.706764668,243
2013-08-11,1682.630368773322,1420012.0832386627,243
2013-08-12,1660.9685924583669,1416928.1214889723,243
2013-08-13,1639.131808540979,1413865.9965231994,243
2013-08-14,1616.9210316361482,1410826.0823343312,243
2013-08-15,1596.030316632669,1407807.0588604666,243
2013-08-16,1574.6159606899223,1404809.4497425447,243
2013-08-17,1552.760916227437,1401833.6956690853,243
2013-08-18,1531.5537288051187,1398879.1487830481,243
2013-08-19,1511.4776081067598,1395944.6780177094,243
2013-08-20,1491.5450084851677,1393030.1398519923,243
2013-08-21,1471.8701560648246,1390135.2765386954,243
2013-08-22,1451.9718031724537,1387260.311578291,243
2013-08-23,1432.2442207585177,1384405.0742003005,243
2013-08-24,1412.9548149639363,1381569.1262281046,243
2013-08-25,1393.8186393938581,1378752.3144314787,243
2013-08-26,1374.923160226745,1375954.39811402,243
2013-08-27,1356.1989135127137,1373175.2060432753,243
2013-08-28,1336.1644157967153,1370416.0484702466,243
2013-08-29,1318.1160821197177,1367674.939230895,243
2013-08-30,1300.1778545940383,1364951.7682190689,243
2013-08-31,1282.0841292945756,1362246.6909325423,243
2013-09-01,1502.0184580484156,1359742.046069434,243
2013-09-02,1489.0546748126608,1357250.3649895613,243
2013-09-03,1475.7878749259498,1354771.9507095753,243
2013-09-04,1462.2352418301843,1352307.0890626851,243
2013-09-05,1448.5120731411253,1349855.950584484,243
2013-09-06,1434.7478472442117,1347418.5763321798,243
2013-09-07,1421.0124592087914,1344994.937467911,243
2013-09-08,1407.4689417617146,1342584.8421210893,243
2013-09-09,1393.9970019669954,1340188.2187140624,243
2013-09-10,1380.4690699219454,1337805.1232390804,243
2013-09-11,1366.8961171480578,1335435.6007168724,243
2013-09-12,1353.3120494350542,1333079.6622623773,243
2013-09-13,1339.8006211256825,1330737.2352361917,243
2013-09-14,1326.3258356771648,1328408.2829954545,243
2013-09-15,1312.9550980455924,1326092.701492349,243
2013-09-16,1298.1361872892112,1323791.9388999997,243
2013-09-17,1284.3968321227685,1321504.915662817,243
2013-09-18,1271.0901249754925,1319231.1991327815,243
2013-09-19,1256.8290353322618,1316971.7436923892,243
2013-09-20,1243.6602777071048,1314725.4570096221,243
2013-09-21,1231.3342406186957,1312491.4963639434,243
2013-09-22,1219.2182403943252,1310269.6517184891,243
2013-09-23,1207.2058393916332,1308059.8194740375,243
2013-09-24,1195.2497952653312,1305861.9432737122,243
2013-09-25,1183.413678369553,1303675.9031902826,243
2013-09-26,1171.1720913726122,1301502.10469385,243
2013-09-27,1158.9780467518822,1299340.5002420382,243
2013-09-28,1147.251853665638,1297190.6219833125,243
2013-09-29,1135.6252906125255,1295052.37028764,243
2013-09-30,1124.0660873640545,1292925.677795216,243
2013-10-01,1410.2046030766446,1291040.1135176513,243
2013-10-02,1405.0193159079295,1289159.7345272554,243
2013-10-03,1398.4878670225967,1287285.8869857448,243
2013-10-04,1391.5824241686728,1285418.9448870881,243
2013-10-05,1384.7214095790055,1283558.8638030211,243
2013-10-06,1377.703330998041,1281705.800797535,243
2013-10-07,1370.4892677033436,1279859.9518553438,243
2013-10-08,1363.0802272681262,1278021.5119535876,243
2013-10-09,1355.65100271228,1276190.5012763874,243
2013-10-10,1348.145253362332,1274366.996348537,243
2013-10-11,1340.65612072238,1272550.9805533267,243
2013-10-12,1333.211807548732,1270742.40907129,243
2013-10-13,1325.781645376666,1268941.2677514253,243
2013-10-14,1318.216856369248,1267147.691220568,243
2013-10-15,1310.4600639820214,1265361.871482098,243
2013-10-16,1302.8510655013029,1263583.6607421087,243
2013-10-17,1295.286290685844,1261813.0147769349,243
2013-10-18,1287.7428063533384,1260049.9122960935,243
2013-10-19,1280.2505270617198,1258294.3020945438,243
2013-10-20,1272.7524873634916,1256546.1899326923,243
2013-10-21,1265.237657821935,1254805.5926003824,243
2013-10-22,1257.709068874095,1253072.5238570203,243
2013-10-23,1250.1441174659062,1251347.0200650664,243
2013-10-24,1242.6002633310504,1249629.0601272474,243
2013-10-25,1235.0478390254661,1247918.652613734,243
2013-10-26,1227.4952343988348,1246215.797704847,243
2013-10-27,1219.9484579071518,1244520.489572452,243
2013-10-28,1212.4104338935226,1242832.7194640704,243
2013-10-29,1204.9056481502134,1241152.4541414322,243
2013-10-30,1197.456418698153,1239479.638048246,243
2013-10-31,1190.025440606952,1237814.252933151,243
2013-11-01,1346.1173492285534,1236305.0230241045,243
2013-11-02,1342.1801555400825,1234799.7303087465,243
2013-11-03,1337.8832039970084,1233298.7345449314,243
2013-11-04,1333.3675174677855,1231802.2544676457,243
2013-11-05,1328.597461594466,1230310.5444462332,243
2013-11-06,1323.6498951036128,1228823.7819913116,243
2013-11-07,1318.5674377013574,1227342.1019937922,243
2013-11-08,1313.4191075218487,1225865.5703264524,243
2013-11-09,1308.1648866920377,1224394.2928799423,243
2013-11-10,1302.8245761508233,1222928.3557439735,243
2013-11-11,1297.54385063491,1221467.6993335206,243
2013-11-12,1292.4898779820296,1220012.0968957206,243
2013-11-13,1287.3898349585588,1218561.594500944,243
2013-11-14,1282.2426916437335,1217116.2392494823,243
2013-11-15,1277.1918984944577,1215675.9347911698,243
2013-11-16,1272.2958181642107,1214240.5264131876,243
2013-11-17,1267.3762831501308,1212810.0375702195,243
2013-11-18,1262.4267233362998,1211384.4982870652,243
2013-11-19,1257.4524859818275,1209963.9332412654,243
2013-11-20,1252.4587229033577,1208548.361958544,243
2013-11-21,1247.4486478916015,1207137.8007508344,243
2013-11-22,1242.4245405033807,1205732.263650513,243
2013-11-23,1237.3869070093724,1204331.7641836856,243
2013-11-24,1232.333386740379,1202936.3182371273,243
2013-11-25,1227.2601412057056,1201545.9455361036,243
2013-11-26,1222.0815340829658,1200160.7514422026,243
2013-11-27,1217.0058214305545,1198780.633060954,243
2013-11-28,1211.9270074355527,1197405.5934937005,243
2013-11-29,1206.8465878020152,1196035.6343460805,243
2013-11-30,1201.7657449808548,1194670.7560412816,243
2013-12-01,1194.0851114151058,1193308.3155771985,243
2013-12-02,1188.974442174983,1191950.9857823555,243
2013-12-03,1183.879969493578,1190598.750460194,243
2013-12-04,1178.793552975961,1189251.60155455,243
2013-12-05,1173.715196513663,1187909.5310053683,243
2013-12-06,1168.645003587798,1186572.5306491125,243
2013-12-07,1163.5778150103044,1185240.5974814342,243
2013-12-08,1158.510060271806,1183913.7320684944,243
2013-12-09,1153.4518627802365,1182591.9248530462,243
2013-12-10,1148.4169800941356,1181275.152520284,243
2013-12-11,1143.4481356349763,1179963.349031981,243
2013-12-12,1138.4927765921213,1178656.500902721,243
2013-12-13,1133.5422473767296,1177354.6033026762,243
2013-12-14,1128.599571931268,1176057.648378077,243
2013-12-15,1123.6527718357731,1174765.6402535732,243
2013-12-16,1118.722355968411,1173478.5625449368,243
2013-12-17,1113.7699837301382,1172196.4372085386,243
2013-12-18,1108.8174113483158,1170919.2644445223,243
2013-12-19,1103.9329659101543,1169646.9761259442,243
2013-12-20,1099.0768635171455,1168379.543909759,243
2013-12-21,1094.2017693723076,1167116.9867877187,243
2013-12-22,1089.4013054753643,1165859.2301295754,243
2013-12-23,1084.636529594752,1164606.2382473126,243
2013-12-24,1079.8763016151254,1163358.0065930295,243
2013-12-25,1075.12279317025,1162114.5284471912,243
2013-12-26,1070.375911482469,1160875.7971830408,243
2013-12-27,1065.7043355795079,1159641.7374947933,243
2013-12-28,1061.1567951262452,1158412.225346999,243
2013-12-29,1056.4641234943167,1157187.4058708367,243
2013-12-30,1051.7164632001416,1155967.3340549686,243
2013-12-31,1047.2313662169956,1154751.7473360836,243
2014-01-01,1039.8876052645799,1153537.922412565,243
2014-01-02,1035.1155063731428,1152328.8695879378,243
2014-01-03,1030.1515351010319,1151124.7807345828,243
2014-01-04,1025.7082415081393,1149925.1351748207,243
2014-01-05,1021.2868660011161,1148729.9109905655,243
2014-01-06,1016.9128918119538,1147539.0607804996,243
2014-01-07,1012.5490318162199,1146352.5744304294,243
2014-01-08,1008.1915630628653,1145170.4455491125,243
2014-01-09,1003.8527912483848,1143992.6554396101,243
2014-01-10,999.5308446546849,1142819.1872767014,243
2014-01-11,995.2164803825151,1141650.033478065,243
2014-01-12,990.9107894220222,1140485.185370389,243
2014-01-13,986.6146929436661,1139324.6333591912,243
2014-01-14,982.3289822172671,1138168.36705872,243
2014-01-15,978.0500326466579,1137016.3797078193,243
2014-01-16,973.7121958812065,1135868.730193684,243
2014-01-17,969.4584775204137,1134725.3343979097,243
2014-01-18,965.2173041815702,1133586.1797754741,243
2014-01-19,960.9883595353756,1132451.2540976848,243
2014-01-20,956.7726721554361,1131320.5441072753,243
2014-01-21,952.5686914981641,1130194.0380975232,243
2014-01-22,948.377967857087,1129071.722811412,243
2014-01-23,944.2016323812138,1127953.5838607769,243
2014-01-24,940.039250314964,1126839.607292208,243
2014-01-25,935.8907870988194,1125729.779186855,243
2014-01-26,931.7564986246005,1124624.0853699765,243
2014-01-27,927.6366236598994,1123522.5114280626,243
2014-01-28,923.6008519723844,1122424.9732578362,243
2014-01-29,919.6428750730418,1121331.3930645091,243
2014-01-30,915.6511048281398,1120241.804641427,243
2014-01-31,911.6874329557475,1119156.1798902173,243
2014-02-01,921.7721516828178,1118087.4618617787,243
2014-02-02,918.1824485005936,1117022.3335365225,243
2014-02-03,914.558936704475,1115960.8287230623,243
2014-02-04,910.9077591838441,1114902.9750871228,243
2014-02-05,907.2306523414454,1113848.7985580256,243
2014-02-06,903.5377017723522,1112798.3149794976,243
2014-02-07,899.834196626035,1111751.5349061158,243
2014-02-08,896.1240509371864,1110708.464978423,243
2014-02-09,892.4104964594017,1109669.1086052079,243
2014-02-10,888.6962104780259,1108633.4665179742,243
2014-02-11,884.7625722340899,1107601.7580689844,243
2014-02-12,881.0102253091181,1106573.8019669196,243
2014-02-13,877.3699313277039,1105549.4861588362,243
2014-02-14,873.7413547642655,1104528.7989273162,243
2014-02-15,870.1203967074989,1103511.732653853,243
2014-02-16,866.5110699749212,1102498.2757071224,243
2014-02-17,862.9462590045887,1101488.3835713621,243
2014-02-18,859.3988165720957,1100482.0388780343,243
2014-02-19,855.8610354504208,1099479.2319658282,243
2014-02-20,852.2779779700222,1098480.0081111025,243
2014-02-21,848.7493032049979,1097484.3129311418,243
2014-02-22,845.240620660189,1096492.126433726,243
2014-02-23,841.7431063978593,1095503.4374505724,243
2014-02-24,838.2568215805231,1094518.2347522362,243
2014-02-25,834.7823374549052,1093536.5065380256,243
2014-02-26,35320.610740552656,1586362.9034896558,228
2014-02-27,53945.684144639294,1892133.371204164,231
2014-02-28,45762.64327654167,2041459.0507447664,235
2014-03-01,21067.036626287103,2020078.3259868887,241
2014-03-02,20956.057348937844,2021754.6161492472,241
2014-03-03,96095.24502147996,2387191.3587489435,229
2014-03-04,31913.37269596886,2354945.4815438143,241
2014-03-05,84129.43765425985,2564882.303946997,233
2014-03-06,38071.533207438326,2526478.2662303983,241
2014-03-07,34612.298075774124,2491533.463645464,242
2014-03-08,32512.701819613485,2458688.25731669,242
2014-03-09,30912.263535756992,2427443.4892717726,243
2014-03-10,29610.973780895027,2397500.010981717,243
2014-03-11,28315.235101183785,2368852.271371373,243
2014-03-12,27119.554974855764,2341400.211887357,243
2014-03-13,26007.868439781854,2315059.8389384146,243
2014-03-14,24972.97989657652,2289754.3545326777,243
2014-03-15,23971.482674203722,2265450.3673493136,243
2014-03-16,22979.91495491043,2242137.9478852428,243
2014-03-17,22056.824902122284,2219748.61847396,243
2014-03-18,21193.07990697343,2198223.0340578263,243
2014-03-19,20378.3622493268,2177512.167299339,243
2014-03-20,19605.73552269759,2157573.927267481,243
2014-03-21,18862.044786338138,2138379.3779719826,243
2014-03-22,18179.971716110038,2119866.901746712,243
2014-03-23,17536.707484178154,2101997.6897533736,243
2014-03-24,16926.11302730432,2084739.072216909,243
2014-03-25,16346.360338311084,2068060.2073694374,243
2014-03-26,15794.238975735754,2051933.4638845413,243
2014-03-27,15271.930612008926,2036329.028763372,243
2014-03-28,43515.41938746552,2217202.1069845324,234
2014-03-29,24444.605478021225,2212356.3243893674,241
2014-03-30,21096.21305114208,2190927.606829065,242
2014-03-31,101366.6931766381,2550003.038981303,230
2014-04-01,85507.91594664034,2686614.693235485,234
2014-04-02,41093.05997539771,2645026.568558136,241
2014-04-03,47152.869701215364,2651950.761846405,239
2014-04-04,52143.001296919945,2677060.113835505,239
2014-04-05,37822.07311842724,2638742.976015127,242
2014-04-06,35107.539362333184,2603140.3719508424,243
2014-04-07,33064.16572431422,2569581.141524577,243
2014-04-08,31289.820071211485,2537796.2567514144,243
2014-04-09,29707.601210399465,2507593.5908390637,243
2014-04-10,28281.662007817,2478816.8641292956,243
2014-04-11,26977.04115389607,2451344.7582734483,243
2014-04-12,25763.845841924594,2425085.8477295726,243
2014-04-13,24641.122804448874,2399949.6602231725,243
2014-04-14,23608.58079177088,2375846.0147294505,243
2014-04-15,22645.128065985096,2352705.821961514,243
2014-04-16,21740.274440742964,2330470.48281882,243
2014-04-17,20895.172454895386,2309080.2456619735,243
2014-04-18,20107.497095132647,2288477.6838648897,243
2014-04-19,19369.97893423208,2268612.6402287064,243
2014-04-20,18684.048631902253,2249433.526894853,243
2014-04-21,18037.299834595462,2230901.1623583063,243
2014-04-22,17428.23792918858,2212977.8597271666,243
2014-04-23,16855.795036696763,2195626.9999885187,243
2014-04-24,16314.569938642837,2178817.3653479246,243
2014-04-25,15801.466499200955,2162520.8341467725,243
2014-04-26,15313.917473289583,2146711.8519715318,243
2014-04-27,14852.377906474218,2131364.4093631064,243
2014-04-28,14412.017279982965,2116457.327381172,243
2014-04-29,13993.50244012282,2101968.760239098,243
2014-04-30,13596.206540091827,2087877.4889970552,243
2014-05-01,13278.32379884699,2073992.1185292238,243
2014-05-02,12915.643739135541,2060469.428121104,243
2014-05-03,12570.533780990472,2047291.847671129,243
2014-05-04,12237.658084162349,2034447.1429179823,243
2014-05-05,11918.315102124192,2021921.7811468737,243
2014-05-06,11613.528203106789,2009701.2062747825,243
2014-05-07,11321.813643037645,1997772.3459627605,243
2014-05-08,11043.2132101367,1986122.0860836394,243
2014-05-09,10774.98188968592,1974740.057524969,243
2014-05-10,10514.473539421173,1963618.5373165635,243
2014-05-11,10266.412980541425,1952745.0776670377,243
2014-05-12,10024.556605411532,1942113.4743926418,243
2014-05-13,9795.166364810966,1931711.2613588464,243
2014-05-14,9572.318144045841,1921531.8965458162,243
2014-05-15,9359.12347681618,1911565.7264000156,243
2014-05-16,9152.702951525176,1901805.976779506,243
2014-05-17,8949.386875272334,1892249.5432352494,243
2014-05-18,8757.259800062586,1882885.2367662024,243
2014-05-19,8572.291837147042,1873705.898260071,243
2014-05-20,8393.02697445925,1864705.8246166273,243
2014-05-21,8219.5640088239,1855879.213938819,243
2014-05-22,8051.807939995384,1847220.3593298392,243
2014-05-23,7889.353258759553,1838723.9594020953,243
2014-05-24,7732.787615554245,1830384.1251175567,243
2014-05-25,7581.00350796485,1822196.0749406074,243
2014-05-26,7434.108215962142,1814154.920055661,243
2014-05-27,7293.22241428129,1806254.6509723952,243
2014-05-28,7154.768904151932,1798492.8353992589,243
2014-05-29,7019.952808441665,1790865.8359218328,243
2014-05-30,6890.5412798273155,1783368.2479730211,243
2014-05-31,6765.4785727100225,1775995.7227313267,243
2014-06-01,6513.835008457306,1768441.6521338364,243
2014-06-02,6389.637479969303,1761011.7790648341,243
2014-06-03,6268.639526067304,1753702.9039497338,243
2014-06-04,6139.419581285681,1746523.2487794152,243
2014-06-05,6018.785422328862,1739464.2277680533,243
2014-06-06,5909.798148195728,1732514.1940308246,243
2014-06-07,5804.589240983597,1725669.369200808,243
2014-06-08,5701.305014348126,1718927.8285974269,243
2014-06-09,5600.9206437291605,1712286.6723646647,243
2014-06-10,5503.126682247504,1705743.3100933842,243
2014-06-11,5408.358555943941,1699294.7159484073,243
2014-06-12,5315.822981841632,1692938.6573775327,243
2014-06-13,5225.1001358828535,1686673.3216526168,243
2014-06-14,5136.7916971067925,1680496.294366477,243
2014-06-15,5050.365381516519,1674405.6933959275,243
2014-06-16,4966.03048299393,1668399.4273239006,243
2014-06-17,4883.767262878365,1662475.4244719893,243
2014-06-18,4796.078387731223,1656639.110495225,243
2014-06-19,4716.459359818374,1650882.4155463737,243
2014-06-20,4639.361466634323,1645202.8184907064,243
2014-06-21,4564.287303483582,1639598.2955981898,243
2014-06-22,4492.739511486611,1634065.3204976702,243
2014-06-23,4419.081037103667,1628606.0038715336,243
2014-06-24,4346.742191953587,1623219.026090547,243
2014-06-25,4278.191507234474,1617900.5989942795,243
2014-06-26,4209.992113659394,1612650.3712915871,243
2014-06-27,4143.825733527078,1607466.309969027,243
2014-06-28,4080.1055913558257,1602345.9687886382,243
2014-06-29,4018.0079659719513,1597287.7252336333,243
2014-06-30,3957.4723681460628,1592290.0172764543,243
2014-07-01,3531.766407050197,1586965.109723224,243
2014-07-02,3454.9582092275423,1581717.0103678165,243
2014-07-03,3382.6841853293636,1576541.1850363072,243
2014-07-04,3312.3758012803783,1571435.6680888468,243
2014-07-05,3249.5545003349007,1566392.972442332,243
2014-07-06,3187.3431537412152,1561412.4881424108,243
2014-07-07,3126.7007920653605,1556492.6462041654,243
2014-07-08,3070.0886260867164,1551629.4164318987,243
2014-07-09,3015.2204980235592,1546821.0547876952,243
2014-07-10,2958.631609637295,1542069.282031878,243
2014-07-11,2894.1754334087063,1537381.9654522892,243
2014-07-12,2840.2478386799385,1532748.5764674293,243
2014-07-13,2789.5853064134762,1528165.8500148358,243
2014-07-14,2737.4536732072056,1523635.2551954486,243
2014-07-15,2690.2768345044506,1519151.8372147642,243
2014-07-16,2642.485125491633,1514716.2109430926,243
2014-07-17,2596.531937812925,1510326.5378590997,243
2014-07-18,2551.8257588436873,1505981.570954076,243
2014-07-19,2506.1719454939057,1501682.2578624021,243
2014-07-20,2461.9764376138382,1497427.1402786083,243
2014-07-21,2419.5662996375513,1493214.4328327908,243
2014-07-22,2378.4098552148835,1489042.881831396,243
2014-07-23,2338.403150020172,1484911.3375351958,243
2014-07-24,2299.0848456537396,1480819.111543362,243
2014-07-25,2260.289129970134,1476765.681267212,243
2014-07-26,2221.516541139693,1472751.0235798922,243
2014-07-27,2182.6884370758244,1468775.1939966364,243
2014-07-28,2145.8347598435403,1464836.218090613,243
2014-07-29,2110.1889259442733,1460932.8880184887,243
2014-07-30,2075.291667352435,1457064.4552049562,243
2014-07-31,2038.7077955764298,1453232.6062631998,243
2014-08-01,2222.8189134837216,1449586.794192484,243
2014-08-02,2193.2350511755417,1445970.5659840766,243
2014-08-03,2164.3279498011893,1442383.2448770434,243
2014-08-04,2135.6832688082563,1438824.5684510032,243
2014-08-05,2107.2536446011713,1435294.32164917,243
2014-08-06,2078.919630158422,1431792.4088617796,243
2014-08-07,2049.342961329929,1428320.0727432177,243
2014-08-08,2020.9241222468759,1424876.1554637388,243
2014-08-09,1992.1438158892183,1421461.0184906176,243
2014-08-10,1960.8131944113034,1418077.2121389743,243
2014-08-11,1933.6511518128304,1414720.5678299295,243
2014-08-12,1906.7091366182635,1411390.8655360793,243
2014-08-13,1877.8024979179813,1408090.0698809293,243
2014-08-14,1851.9096974725458,1404815.1670262248,243
2014-08-15,1826.31337547671,1401565.860493516,243
2014-08-16,1800.9497427453375,1398341.9175935388,243
2014-08-17,1775.819228540137,1395143.1052077666,243
2014-08-18,1750.937644055541,1391969.174406479,243
2014-08-19,1726.5477173972963,1388819.6335318498,243
2014-08-20,1702.4896291370592,1385694.1507454808,243
2014-08-21,1678.6402132336138,1382592.5173750152,243
2014-08-22,1654.754657813543,1379514.7695599697,243
2014-08-23,1631.3539851733572,1376460.4224175643,243
2014-08-24,1608.3496796020395,1373429.0795807303,243
2014-08-25,1585.6357306527993,1370420.4506928455,243
2014-08-26,1563.1596811008262,1367434.2978545127,243
2014-08-27,1540.9738758620429,1364470.3308214187,243
2014-08-28,1519.1190033913213,1361528.2186607954,243
2014-08-29,1497.5776672323323,1358607.647836331,243
2014-08-30,1476.2477601687046,1355708.4069189304,243
2014-08-31,1454.4168198483153,1352830.99694185,243
2014-09-01,1670.3676793331497,1350158.002857457,243
2014-09-02,1654.0923706531275,1347501.2840817438,243
2014-09-03,1637.4995833810635,1344861.1580933027,243
2014-09-04,1620.6988913496707,1342237.832796893,243
2014-09-05,1604.0642440161419,1339631.142147817,243
2014-09-06,1587.502527071697,1337041.0132156853,243
2014-09-07,1570.8959696000193,1334467.4908410253,243
2014-09-08,1554.3092215760362,1331910.5552143892,243
2014-09-09,1537.701417432002,1329370.2273918972,243
2014-09-10,1521.0973956476182,1326846.5035911896,243
2014-09-11,1504.5046312718869,1324339.3725548577,243
2014-09-12,1488.3521782558628,1321848.393971542,243
2014-09-13,1472.2888987598226,1319373.478667722,243
2014-09-14,1455.365792059175,1316915.486470603,243
2014-09-15,1438.4566226423003,1314474.4034429006,243
2014-09-16,1422.5482278897643,1312049.2288099509,243
2014-09-17,1406.3691943472468,1309640.2332105436,243
2014-09-18,1390.1406934248034,1307247.4661120588,243
2014-09-19,1374.9928995948967,1304869.846807404,243
2014-09-20,1360.167206426685,1302507.0531959173,243
2014-09-21,1345.525133318336,1300158.901657539,243
2014-09-22,1331.034618608256,1297825.2406338707,243
2014-09-23,1316.6849578934007,1295505.9292709173,243
2014-09-24,1302.0795949772682,1293201.22327088,243
2014-09-25,1287.4669814122126,1290911.1298844079,243
2014-09-26,1273.5250759844885,1288634.9784033634,243
2014-09-27,1259.6389058826708,1286372.7130924207,243
2014-09-28,1245.8186406577688,1284124.268046703,243
2014-09-29,1232.1370655378078,1281889.5045761052,243
2014-09-30,1218.5439600719355,1279668.3342109732,243
2014-10-01,1503.7783170330454,1277689.1962194522,243
2014-10-02,1496.372272098169,1275717.464272866,243
2014-10-03,1488.2575477624428,1273753.8470506156,243
2014-10-04,1479.7862394810304,1271798.7011366466,243
2014-10-05,1471.0356356985517,1269852.30582646,243
2014-10-06,1461.9872390168834,1267914.9589129551,243
2014-10-07,1452.7617839448735,1265986.8374545223,243
2014-10-08,1443.5237390668713,1264067.9540409674,243
2014-10-09,1434.2295680415932,1262158.3647984378,243
2014-10-10,1424.8107336277258,1260258.194390322,243
2014-10-11,1415.3189335309085,1258367.5157823032,243
2014-10-12,1405.8522843562182,1256486.303823459,243
2014-10-13,1396.3621875915792,1254614.5819613794,243
2014-10-14,1387.1492514882352,1252752.0730354032,243
2014-10-15,1378.041407867067,1250898.671953048,243
2014-10-16,1368.5678756509092,1249054.7444029092,243
2014-10-17,1359.548886098631,1247219.8358423226,243
2014-10-18,1350.5481336589087,1245393.9280341757,243
2014-10-19,1341.5500893683288,1243577.0182703193,243
2014-10-20,1332.6516277694259,1241769.006968062,243
2014-10-21,1323.768806449801,1239969.878487124,243
2014-10-22,1314.8938545726355,1238179.6249580635,243
2014-10-23,1306.1510385186061,1236398.1142450569,243
2014-10-24,1297.5429223677725,1234625.211648201,243
2014-10-25,1289.0059559796587,1232860.8460177334,243
2014-10-26,1280.4899066020384,1231104.9964366434,243
2014-10-27,1271.9956806730129,1229357.6410814824,243
2014-10-28,1263.5258180703618,1227618.755588924,243
2014-10-29,1255.075690911815,1225888.3202235242,243
2014-10-30,1246.6366208830964,1224166.3239281531,243
2014-10-31,1238.2278388903592,1222452.7364147748,243
2014-11-01,1393.26407333716,1220896.3597816196,243
2014-11-02,1388.3506139709725,1219344.8966078307,243
2014-11-03,1383.1754012312385,1217798.6086467814,243
2014-11-04,1377.7219790047611,1216257.7741079587,243
2014-11-05,1372.1075030297152,1214722.554045111,243
2014-11-06,1366.3211294661387,1213193.1203558268,243
2014-11-07,1360.3559912985302,1211669.6518047103,243
2014-11-08,1354.1655983065366,1210152.3736465857,243
2014-11-09,1348.0785205673537,1208641.1825662004,243
2014-11-10,1341.914741227135,1207136.1552651552,243
2014-11-11,1335.689976747578,1205637.3527285897,243
2014-11-12,1329.4118024557474,1204144.828366316,243
2014-11-13,1323.1334672269522,1202658.582339271,243
2014-11-14,1316.9031631860062,1201178.566616267,243
2014-11-15,1310.7270315631404,1199704.7270248858,243
2014-11-16,1304.400542855693,1198237.2139222121,243
2014-11-17,1298.1596320196631,1196775.9417303745,243
2014-11-18,1292.1613107267412,1195320.6678598297,243
2014-11-19,1286.1637295954506,1193871.3915704163,243
2014-11-20,1280.1759267614334,1192428.1030838368,243
2014-11-21,1274.2587851720973,1190990.7317388467,243
2014-11-22,1268.3434531271569,1189559.2757259016,243
2014-11-23,1262.4231995169184,1188133.7399665667,243
2014-11-24,1256.4983915623388,1186714.1290151863,243
2014-11-25,1250.5634083284176,1185300.45304704,243
2014-11-26,1244.6554957211129,1183892.6849915008,243
2014-11-27,1238.809334072016,1182490.7630976108,243
2014-11-28,1232.9666868073045,1181094.6838509855,243
2014-11-29,1227.1340031034424,1179704.437288064,243
2014-11-30,1221.322209024068,1178320.002519222,243
2014-12-01,1212.9478914258991,1176938.699275128,243
2014-12-02,1207.0929886066344,1175563.2509338534,243
2014-12-03,1201.0343388953236,1174193.8612422901,243
2014-12-04,1195.0327260434617,1172830.4731635787,243
2014-12-05,1189.3254613025103,1171472.7923496081,243
2014-12-06,1183.7171855504614,1170120.7198113897,243
2014-12-07,1178.1256032587019,1168774.238855463,243
2014-12-08,1172.5470510070202,1167433.336451788,243
2014-12-09,1166.9854406720017,1166097.995658448,243
2014-12-10,15926.196613644424,1408885.031638619,234
2014-12-11,143280.40246489202,2239735.3004270922,234
2014-12-12,43590.85107124859,2297045.0378961326,237
2014-12-13,26626.291615757716,2270250.390927707,241
2014-12-14,62100.40139058995,2431715.0841765674,234
2014-12-15,142534.85405952536,2786799.934802413,229
2014-12-16,162987.88851405255,3073786.544184411,230
2014-12-17,120976.36796385617,3178682.952233348,234
2014-12-18,225960.79267796327,3463687.6557642287,229
2014-12-19,98819.4064553573,3421571.4379347926,238
2014-12-20,127956.04100153266,3464679.54756386,235
2014-12-21,79264.17553933253,3385247.0166718597,241
2014-12-22,71632.0731827422,3313446.5881364495,242
2014-12-23,65802.82966245952,3247475.403121322,242
2014-12-24,60936.319589682484,3186370.7281789714,243
2014-12-25,56745.89333774066,3129456.479488563,243
2014-12-26,53096.55193002066,3076191.572205874,243
2014-12-27,49838.3727330287,3026184.8441201774,243
2014-12-28,46929.70306897126,2979086.785698538,243
2014-12-29,44286.47200937718,2934631.958336493,243
2014-12-30,41871.55916361567,2892592.0438202093,243
2014-12-31,39694.63918081075,2852729.0492867306,243
2015-01-01,37717.09074778881,2814838.021220688,243
2015-01-02,35890.536298569554,2778773.547603864,243
2015-01-03,34207.82255701421,2744391.787728596,243
2015-01-04,32668.52789948674,2711549.3225108553,243
2015-01-05,31242.815122146887,2680132.5700704544,243
2015-01-06,29920.414606999402,2650038.218145201,243
2015-01-07,28688.487750435044,2621175.793076512,243
2015-01-08,27532.774034830538,2593469.0817234274,243
2015-01-09,26454.095607512892,2566841.0487976605,243
2015-01-10,25440.61859992778,2541226.4928794787,243
2015-01-11,24483.778788101656,2516568.776773123,243
2015-01-12,23584.985037152917,2492809.854417716,243
2015-01-13,22744.389207022527,2469891.5278924396,243
2015-01-14,21961.76834048031,2447755.8222337053,243
2015-01-15,21221.529477938806,2426360.3554375125,243
2015-01-16,20519.802140183543,2405666.615979075,243
2015-01-17,19854.74844148828,2385637.9302193327,243
2015-01-18,19219.889040550013,2366244.1038605287,243
2015-01-19,18616.718104356696,2347453.448437918,243
2015-01-20,18048.757347155624,2329230.7537725084,243
2015-01-21,17511.9974207294,2311544.819033525,243
2015-01-22,17002.73606274629,2294368.1456525247,243
2015-01-23,16518.732090847363,2277675.4762434233,243
2015-01-24,16059.193290752155,2261442.345634417,243
2015-01-25,15621.640941461344,2245646.767374702,243
2015-01-26,15205.251310616528,2230267.5787458313,243
2015-01-27,14809.468900913169,2215284.172526664,243
2015-01-28,14431.341047924274,2200678.894160486,243
2015-01-29,14070.907982628123,2186434.0488596037,243
2015-01-30,13727.003332287335,2172533.1082090624,243
2015-01-31,13396.228867444472,2158962.942023364,243
2015-02-01,13082.2844342888,2145733.7117123194,243
2015-02-02,12777.439131431807,2132809.326704132,243
2015-02-03,12483.824104970381,2120178.556722406,243
2015-02-04,12199.074869201113,2107832.535976449,243
2015-02-05,11923.977411058559,2095761.6126886348,243
2015-02-06,218058.062140679,2940072.020061332,235
2015-02-07,93181.39460040553,3035416.118352453,235
2015-02-08,262819.0411219477,3458101.390822182,231
2015-02-09,70656.77088743733,3387297.674057989,240
2015-02-10,63499.74549149448,3323650.9826897387,241
2015-02-11,58732.987554734165,3264771.049258249,242
2015-02-12,54820.7894956377,3209803.3138858555,242
2015-02-13,51450.33615501603,3158206.0318540838,243
2015-02-14,48477.733884287125,3109581.352093041,243
2015-02-15,45803.712826367526,3063630.6933899177,243
2015-02-16,43395.64312674996,3020088.104386412,243
2015-02-17,41193.87202998303,2978747.2864796733,243
2015-02-18,39161.23581646156,2939439.104786456,243
2015-02-19,37272.398446669395,2902019.760463031,243
2015-02-20,35515.89375989145,2866356.920826384,243
2015-02-21,33904.708984369005,2832305.265965259,243
2015-02-22,32421.54513232928,2799736.774956174,243
2015-02-23,31045.933566617372,2768543.895512801,243
2015-02-24,29765.93196775118,2738631.0176682943,243
2015-02-25,28574.31072474696,2709909.7610667916,243
2015-02-26,27461.084045726864,2682301.731144309,243
2015-02-27,26417.454335733375,2655737.33093182,243
2015-02-28,25443.177393011807,2630147.2076620525,243
2015-03-01,24496.687047107054,2605318.016105785,243
2015-03-02,23634.566633552222,2581350.9449630724,243
2015-03-03,22821.80967062144,2558196.6307832906,243
2015-03-04,22055.569532340767,2535808.5567417894,243
2015-03-05,21333.419681689145,2514142.63255094,243
2015-03-06,20645.723078478502,2493164.404963301,243
2015-03-07,19997.320368505923,2472834.5800856347,243
2015-03-08,19384.78289669976,2453117.2926797746,243
2015-03-09,18801.228316861114,2433983.559853753,243
2015-03-10,18245.607761162708,2415405.44758343,243
2015-03-11,17721.44557844885,2397351.4974958207,243
2015-03-12,17228.287773539687,2379790.7052131207,243
2015-03-13,16758.61415614784,2362699.5865478124,243
2015-03-14,16306.924223645963,2346060.157815006,243
2015-03-15,15876.489456644655,2329851.163849201,243
2015-03-16,15469.4247586363,2314049.2345814044,243
2015-03-17,15080.110574693792,2298636.61949755,243
2015-03-18,14706.429970730469,2283597.6850176593,243
2015-03-19,14350.8047677706,2268914.3757407283,243
2015-03-20,14012.41093890546,2254569.4602926625,243
2015-03-21,13685.596523420327,2240551.359260082,243
2015-03-22,13370.44489391977,2226848.4098570016,243
2015-03-23,13064.882369438094,2213451.022978403,243
2015-03-24,12771.266164713912,2200347.252304529,243
2015-03-25,12489.71299668951,2187525.034798679,243
2015-03-26,12212.241566505656,2174980.288723013,243
2015-03-27,11952.374179018103,2162695.4100348344,243
2015-03-28,11700.102017494757,2150662.8035081793,243
2015-03-29,11454.990043086838,2138875.308955932,243
2015-03-30,11219.930610627775,2127322.873836144,243
2015-03-31,10993.16442060275,2115997.2049063807,243
2015-04-01,10756.198962325629,2104745.941242104,243
2015-04-02,10539.396419553019,2093711.4801205997,243
2015-04-03,10329.603730986293,2082886.8116876623,243
2015-04-04,10126.079756420737,2072265.6672292904,243
2015-04-05,9928.823652695797,2061841.7788746434,243
2015-04-06,9738.559295985548,2051608.1548767067,243
2015-04-07,9548.537072982572,2041564.553101773,243
2015-04-08,9345.125950520325,2031724.3624493014,243
2015-04-09,9173.732582078015,2022055.5651652722,243
2015-04-10,9007.722514962477,2012552.7779483586,243
2015-04-11,8848.40017174457,2003209.3130746628,243
2015-04-12,8668.08962140924,1994046.1587513024,243
2015-04-13,8505.740325191224,1985045.35372416,243
2015-04-14,8358.433675544735,1976191.855346664,243
2015-04-15,8215.38748398207,1967481.4031607308,243
2015-04-16,8077.580066764195,1958908.7583920155,243
2015-04-17,7945.277378224236,1950468.41631184,243
2015-04-18,7817.3313659829355,1942156.020243906,243
2015-04-19,7692.838096118,1933968.1174458368,243
2015-04-20,7571.408748921406,1925901.6439949642,243
2015-04-21,7453.116842190669,1917953.4624508223,243
2015-04-22,7338.847867828262,1910119.549881043,243
2015-04-23,7227.384447548472,1902397.1007315433,243
2015-04-24,7117.590436027552,1894784.4455935645,243
2015-04-25,7010.383825509044,1887278.9970661043,243
2015-04-26,6906.7492514752585,1879877.183112678,243
2015-04-27,6805.124911156882,1872576.9934995698,243
2015-04-28,6705.294619073559,1865376.634178545,243
2015-04-29,6608.399055334906,1858273.170421259,243
2015-04-30,6513.45822380267,1851264.6474955052,243
2015-05-01,6446.993188865321,1844210.6076376555,243
2015-05-02,6351.026263105754,1837252.5347055653,243
2015-05-03,6260.4791823074465,1830385.0088542735,243
2015-05-04,6172.604919681862,1823605.3572656072,243
2015-05-05,6086.078865055066,1816912.2317315678,243
2015-05-06,6000.430059839344,1810304.755002744,243
2015-05-07,5917.2559409547375,1803780.452392805,243
2015-05-08,5832.141086982168,1797341.2646368383,243
2015-05-09,5746.714237894934,1790987.503729959,243
2015-05-10,5666.399237582298,1784714.0578233923,243
2015-05-11,5589.603035493359,1778517.4081189146,243
2015-05-12,5515.380906467397,1772394.9805434628,243
2015-05-13,5441.805750931917,1766346.1281235465,243
2015-05-14,5369.613262126293,1760369.4681924358,243
2015-05-15,5299.750090831962,1754462.6714326194,243
2015-05-16,5229.082270691708,1748626.5424929434,243
2015-05-17,5161.023850744661,1742858.4719732143,243
2015-05-18,5092.222317693593,1737159.2029865363,243
2015-05-19,5028.673519584188,1731523.4827979677,243
2015-05-20,4966.332753919602,1725950.1033750637,243
2015-05-21,4905.153808579851,1720437.9028974995,243
2015-05-22,4843.624540933944,1714987.2316875812,243
2015-05-23,4783.940797643108,1709596.2442209537,243
2015-05-24,4725.1288298446,1704264.0687221247,243
2015-05-25,4667.97389015935,1698989.048162981,243
2015-05-26,4612.4274573897255,1693769.5740366068,243
2015-05-27,4558.08872006375,1688604.4386475587,243
2015-05-28,4503.416583359545,1683493.9753952147,243
2015-05-29,4447.485023118161,1678439.4437031122,243
2015-05-30,4393.739391152585,1673438.6576429752,243
2015-05-31,4342.19702861209,1668489.4139453787,243
2015-06-01,4098.43562137848,1663350.7427349673,243
2015-06-02,4038.590622903316,1658271.916523031,243
2015-06-03,3982.137072530345,1653249.5438614676,243
2015-06-04,3928.1395494111375,1648281.1687230235,243
2015-06-05,3872.1877508126227,1643368.745383178,243
2015-06-06,3820.909752405717,1638507.6000417392,243
2015-06-07,3771.264419037153,1633696.100033669,243
2015-06-08,3723.160740407885,1628932.7037042282,243
2015-06-09,3671.2574269315255,1624221.2106882636,243
2015-06-10,3618.3992527411347,1619562.5758464895,243
2015-06-11,3572.8711539623355,1614949.4691034942,243
2015-06-12,3528.7926988282734,1610380.440815633,243
2015-06-13,3486.2871792698306,1605853.91804733,243
2015-06-14,3444.4786356082213,1601369.203822689,243
2015-06-15,3402.8964796017417,1596926.0717540542,243
2015-06-16,3360.661031067374,1592525.1751339538,243
2015-06-17,3319.504964378898,1588165.434580542,243
2015-06-18,3279.434268431508,1583845.7647230774,243
2015-06-19,3240.609979781325,1579564.919154263,243
2015-06-20,3201.2303362584234,1575323.4532289717,243
2015-06-21,3162.300639885015,1571120.9170000537,243
2015-06-22,3125.5075904128635,1566955.1738206078,243
2015-06-23,3089.3384449312025,1562825.5997866436,243
2015-06-24,3053.6523311941446,1558731.7118664165,243
2015-06-25,3018.4324359342017,1554673.0438414493,243
2015-06-26,2983.6938289238633,1550649.1144234925,243
2015-06-27,2949.3827402833876,1546659.496094176,243
2015-06-28,2914.453146702147,1542704.807358441,243
2015-06-29,2880.3459227590383,1538784.225846649,243
2015-06-30,2845.0004322377526,1534898.9898253782,243
2015-07-01,2421.4160992594016,1530684.4325799388,243
2015-07-02,2380.0913209253968,1526511.2001128334,243
2015-07-03,2340.55186369061,1522377.5071029628,243
2015-07-04,2286.486682997788,1518297.879273785,243
2015-07-05,2242.477551757828,1514262.2605758472,243
2015-07-06,2202.6374647368257,1510266.4819649304,243
2015-07-07,2165.294806104158,1506308.0460126463,243
2015-07-08,2128.3297565006696,1502386.5751099656,243
2015-07-09,2092.5704977142204,1498500.8634660714,243
2015-07-10,2058.5651436361995,1494649.1571762552,243
2015-07-11,2023.1086334867914,1490832.9073965885,243
2015-07-12,1990.7541653576818,1487049.0120850508,243
2015-07-13,1959.0602733257738,1483296.810665545,243
2015-07-14,1927.8843267504171,1479575.7851926147,243
2015-07-15,1897.1498036379971,1475885.4942427967,243
2015-07-16,1866.8618521203798,1472225.4912444963,243
2015-07-17,1834.6600463392724,1468597.690051977,243
2015-07-18,1804.6757706652907,1464999.8731351318,243
2015-07-19,1776.1620482534681,1461430.5699406983,243
2015-07-20,1748.058256030553,1457889.3705384878,243
2015-07-21,1720.372792370389,1454375.8565999374,243
2015-07-22,1693.1772585248154,1450889.5381952326,243
2015-07-23,1666.4085766146936,1447429.988472438,243
2015-07-24,1640.042572092968,1443996.804754165,243
2015-07-25,1614.2071947234263,1440589.4564132616,243
2015-07-26,1588.7988597548147,1437207.5164073268,243
2015-07-27,1563.6804965164092,1433850.6947646304,243
2015-07-28,1538.8433839455292,1430518.710234505,243
2015-07-29,1514.2536405758046,1427211.315447749,243
2015-07-30,1489.9290032442705,1423928.2452983249,243
2015-07-31,1464.1690750024327,1420670.9350771424,243
2015-08-01,1659.2463098975918,1417588.6956100129,243
2015-08-02,1640.3779449292547,1414525.3245078516,243
2015-08-03,1621.1877483289777,1411481.1436022907,243
2015-08-04,1601.6869249108336,1408456.4635201478,243
2015-08-05,1581.919211066523,1405451.5511518493,243
2015-08-06,1562.9848516345578,1402465.5731429828,243
2015-08-07,1544.0487650858327,1399498.531220665,243
2015-08-08,1525.068979298891,1396550.469084134,243
2015-08-09,1506.0737541743642,1393621.4021727277,243
2015-08-10,1487.1818182549528,1390711.2271972408,243
2015-08-11,1468.3437292570802,1387819.8903107517,243
2015-08-12,1448.46789903935,1384948.4292544804,243
2015-08-13,1428.4800305207814,1382096.9560667276,243
2015-08-14,1409.3248115556403,1379264.63809794,243
2015-08-15,1389.8332360148984,1376451.8117046931,243
2015-08-16,1371.4642933634664,1373657.3542540977,243
2015-08-17,1351.7918877973775,1370882.5692090683,243
2015-08-18,1333.314489681236,1368126.261562155,243
2015-08-19,1315.3579766552052,1365387.910428268,243
2015-08-20,1297.5371748644015,1362667.3800961715,243
2015-08-21,1279.4661384885753,1359964.920800451,243
2015-08-22,1261.504679612312,1357280.4229636067,243
2015-08-23,1244.0523073167628,1354613.377499058,243
2015-08-24,1226.3343422407838,1351964.0499995851,243
2015-08-25,1209.2044425243134,1349331.8523998288,243
2015-08-26,1192.4331529324031,1346716.4260896645,243
2015-08-27,1175.8725959634962,1344117.560336469,243
2015-08-28,1159.5707399607259,1341534.9964392763,243
2015-08-29,1143.5622533813207,1338968.441028663,243
2015-08-30,1126.8931953785564,1336418.5546760524,243
2015-08-31,1109.445732771847,1333886.1157860486,243
2015-09-01,1333.2094928774268,1331550.2798881112,243
2015-09-02,1323.0528898149014,1329224.6005932363,243
2015-09-03,1312.649854344384,1326909.324333832,243
2015-09-04,1299.9990948308941,1324606.698833941,243
2015-09-05,1288.9942356907513,1322315.0781931903,243
2015-09-06,1277.7725432934922,1320034.6792448368,243
2015-09-07,1266.4612352820795,1317765.5916044947,243
2015-09-08,1255.037483259871,1315507.9277161749,243
2015-09-09,1243.5558185494256,1313261.7454925654,243
2015-09-10,1231.9904260033027,1311027.1286615022,243
2015-09-11,1220.5098043799617,1308803.9924520622,243
2015-09-12,1209.094441978562,1306592.2716050236,243
2015-09-13,1197.5932281043597,1304392.0519718593,243
2015-09-14,1185.1696841277399,1302204.2558826716,243
2015-09-15,1173.6616460311443,1300027.9678315804,243
2015-09-16,1162.2005886233628,1297863.140837897,243
2015-09-17,1150.7846158866987,1295709.7298169504,243
2015-09-18,1139.4738242405683,1293567.6295876498,243
2015-09-19,1128.2646510282748,1291436.7385315616,243
2015-09-20,1117.187357916332,1289316.9247685852,243
2015-09-21,1106.238992259906,1287208.0593712653,243
2015-09-22,1094.855566475143,1285110.5773997302,243
2015-09-23,1083.587037684697,1283024.3639569855,243
2015-09-24,1072.7068503348373,1280949.0307015907,243
2015-09-25,1061.8707485034347,1278884.5335480273,243
2015-09-26,1051.2424040425785,1276830.6647389247,243
2015-09-27,1040.780833230422,1274787.2575006343,243
2015-09-28,1030.3531166176062,1272754.2779789567,243
2015-09-29,1020.0998901848897,1270731.5516837118,243
2015-09-30,1010.0732988429471,1268718.8519798089,243
2015-10-01,1299.723526415613,1266943.7687789053,243
2015-10-02,1295.8702996305306,1265172.5388047867,243
2015-10-03,1291.3913575375568,1263405.7877727612,243
2015-10-04,1286.3976334933773,1261644.0304647798,243
2015-10-05,1281.0406188421998,1259887.6301714496,243
2015-10-06,1275.3632960326154,1258136.907200929,243
2015-10-07,1269.388698858174,1256392.1588275828,243
2015-10-08,1263.1778561768238,1254653.621296918,243
2015-10-09,1256.7704698491957,1252921.4911525808,243
2015-10-10,1250.4258434346061,1251195.7056346582,243
2015-10-11,1244.1086569383856,1249476.2373032318,243
2015-10-12,1237.6759042532299,1247763.2017244906,243
2015-10-13,1231.1515286571462,1246056.6905213455,243
2015-10-14,1224.6146834974293,1244356.71616336,243
2015-10-15,1218.0222513642743,1242663.3342375078,243
2015-10-16,1211.3653003284358,1240976.6092626913,243
2015-10-17,1204.638078841113,1239296.6115093622,243
2015-10-18,1197.869509341393,1237623.3823255328,243
2015-10-19,1191.069183307432,1235956.9534677374,243
2015-10-20,1184.2426121532567,1234297.3511810962,243
2015-10-21,1177.3966237273648,1232644.5948828808,243
2015-10-22,1170.5358607547473,1230998.699347638,243
2015-10-23,1163.6643255871836,1229359.6753475629,243
2015-10-24,1156.7840874616172,1227727.5315856133,243
2015-10-25,1149.8889973309938,1226102.2829137943,243
2015-10-26,1142.9934502930496,1224483.9297890132,243
2015-10-27,1136.145685888559,1222872.4244286367,243
2015-10-28,1129.321004945517,1221267.7437492032,243
2015-10-29,1122.2305054978583,1219670.1535692173,243
2015-10-30,1115.2533217295654,1218079.5405729997,243
2015-10-31,1108.4362946017295,1216495.74460391,243
2015-11-01,1266.556996457476,1215066.0750476345,243
2015-11-02,1263.1802434362116,1213639.7822443803,243
2015-11-03,1259.4310800078902,1212217.2386045544,243
2015-11-04,1255.389303421799,1210798.7367413146,243
2015-11-05,1251.1140123039595,1209384.5101691927,243
2015-11-06,1246.6976649488433,1207974.6999444258,243
2015-11-07,1242.2227669062204,1206569.3646177016,243
2015-11-08,1237.6371047317161,1205168.614953152,243
2015-11-09,1232.952919215627,1203772.5494741183,243
2015-11-10,1228.1760303878336,1202381.2608839124,243
2015-11-11,1223.3621381772327,1200994.7861859172,243
2015-11-12,1218.676805012824,1199612.9968210864,243
2015-11-13,1214.0102751135937,1198235.8739861548,243
2015-11-14,1209.3059590730927,1196863.4554672637,243
2015-11-15,1204.7146252579632,1195495.6282821877,243
2015-11-16,1200.1517479975819,1194132.3639743722,243
2015-11-17,1195.560581058694,1192773.6908334955,243
2015-11-18,1190.9458708625398,1191419.632402815,243
2015-11-19,1186.3116151713411,1190070.2082278256,243
2015-11-20,1181.652278798364,1188725.4433892092,243
2015-11-21,1176.9460053026787,1187385.3848240885,243
2015-11-22,1172.190504051011,1186050.0817602195,243
2015-11-23,1166.8276471567451,1184720.1415532448,243
2015-11-24,1162.045313644653,1183394.9836797821,243
2015-11-25,1157.3150099541172,1182074.55611001,243
2015-11-26,1152.5801404772437,1180758.8634097148,243
2015-11-27,1147.845495178096,1179447.9053547187,243
2015-11-28,1143.1090164703428,1178141.6837784303,243
2015-11-29,1138.3717250174022,1176840.199493595,243
2015-11-30,1133.6328249924927,1175543.4541087844,243
2015-12-01,1126.272091118711,1174248.8266649977,243
2015-12-02,1121.6062768961758,1172958.8650354336,243
2015-12-03,1116.9620153762855,1171673.5476673893,243
2015-12-04,1112.3300585319278,1170392.8622561893,243
2015-12-05,1107.7067128260144,1169116.8001906953,243
2015-12-06,1103.103078174264,1167845.341759853,243
2015-12-07,1098.5638475554053,1166578.4225596297,243
2015-12-08,1093.9554887310126,1165316.1117182306,243
2015-12-09,1089.123076962632,1164058.6332886,243
2015-12-10,1084.6319621448395,1162805.6459737872,243
2015-12-11,1080.1324346010563,1161557.1581865181,243
2015-12-12,1075.6767043411721,1160313.126129509,243
2015-12-13,1071.2983630782448,1159073.4724137627,243
2015-12-14,1066.9716258743767,1157838.1454352203,243
2015-12-15,1062.687617637542,1156607.1024649148,243
2015-12-16,1058.412005645315,1155380.3351066015,243
2015-12-17,1054.1301356999659,1154157.8496182335,243
2015-12-18,1049.7727629047342,1152939.7215026608,243
2015-12-19,1045.4676389080462,1151725.8985110847,243
2015-12-20,1041.1839195830737,1150516.3592388337,243
2015-12-21,1036.9060711607792,1149311.0978150049,243
2015-12-22,1032.6264431733628,1148110.1160191635,243
2015-12-23,1028.3469930403855,1146913.4136734551,243
2015-12-24,1024.069452567351,1145720.9888682198,243
2015-12-25,1019.8003435648036,1144532.833171987,243
2015-12-26,1015.5780392611389,1143348.8997800578,243
2015-12-27,1011.3655226678577,1142169.178904722,243
2015-12-28,1007.1541734320101,1140993.669378622,243
2015-12-29,1002.9454074284051,1139822.3686185256,243
2015-12-30,998.7403706138477,1138655.2728952437,243
2015-12-31,994.5391904193432,1137492.3783521564,243
2016-01-01,987.4460624780338,1136330.9949714243,243
2016-01-02,983.1821984320711,1135173.8754547383,243
2016-01-03,978.9301453659143,1134021.0079911184,243
2016-01-04,974.715969745798,1132872.3547031186,243
2016-01-05,11254.479300484207,1317322.363040666,235
2016-01-06,28529.4696564317,1612065.0596262342,232
2016-01-07,11730.374534822797,1600160.7477731574,241
2016-01-08,18222.330984774715,1679539.9919865401,238
2016-01-09,15760.150048449024,1712211.1151073268,240
2016-01-10,12179.19906229306,1706357.0803880058,242
2016-01-11,10887.909129246427,1696903.9128104309,242
2016-01-12,51304.482863074576,2006378.9224241015,231
2016-01-13,21900.059410280774,1998778.9978483848,241
2016-01-14,87710.74346566194,2329055.9271751847,230
2016-01-15,87756.22096054611,2525856.956273337,233
2016-01-16,96950.60478345497,2703880.4048889214,233
2016-01-17,197486.79848819145,3094392.6952806436,229
2016-01-18,181383.509409059,3318994.5892448714,231
2016-01-19,120466.34455782062,3358344.3970819344,235
2016-01-20,75184.41200629881,3282986.0477573816,241
2016-01-21,102831.76292873095,3314264.2411356037,236
2016-01-22,126819.80499180863,3385118.6834063744,235
2016-01-23,78234.81278991132,3325946.362485281,240
2016-01-24,77403.22271940787,3288801.941835539,240
2016-01-25,64185.23616315218,3224442.768354133,242
2016-01-26,59153.36513639733,3165115.4658994814,243
2016-01-27,55070.35951547258,3109871.169065755,243
2016-01-28,90923.693404992,3188485.959131403,236
2016-01-29,63681.704808703216,3156757.729465029,241
2016-01-30,53847.45741826881,3102736.3347285064,242
2016-01-31,50075.15832788011,3052487.2390823723,243
2016-02-01,46938.34896999743,3005401.944235619,243
2016-02-02,44188.03324275889,2961066.9651161046,243
2016-02-03,41753.192591012514,2919166.8266483364,243
2016-02-04,39577.44350777619,2879442.4372638045,243
2016-02-05,37593.67367417697,2841701.817712872,243
2016-02-06,35776.115575583244,2805778.756260533,243
2016-02-07,34105.78244651115,2771526.027937266,243
2016-02-08,32570.94586935459,2738808.1361911558,243
2016-02-09,31154.357856219693,2707506.8324581804,243
2016-02-10,29835.507937511953,2677524.3786439127,243
2016-02-11,28602.140893756005,2648775.291873401,243
2016-02-12,27451.223893024086,2621177.1221036213,243
2016-02-13,26379.635336059204,2594650.5408908064,243
2016-02-14,25381.355859851057,2569122.2391541996,243
2016-02-15,24440.692565533856,2544534.60071191,243
2016-02-16,23561.040970116446,2520826.613865038,243
2016-02-17,22741.027628787386,2497938.640359495,243
2016-02-18,26190.65699653954,2501972.4405871686,241
2016-02-19,41506.36342597428,2586811.410280252,237
2016-02-20,26086.90283804672,2560577.5615654495,242
2016-02-21,24695.87090096489,2535734.744787729,243
2016-02-22,23658.74103147356,2511929.0578794996,243
2016-02-23,22732.18300588202,2489049.928996862,243
2016-02-24,21889.934802764154,2467013.048317342,243
2016-02-25,21110.339972131012,2445755.7624684554,243
2016-02-26,20385.509217991552,2425223.307373708,243
2016-02-27,19711.07007511385,2405365.2914218386,243
2016-02-28,19078.643016205227,2386139.7025288776,243
2016-02-29,18479.74338843912,2367513.013263683,243
2016-03-01,17888.361293970516,2349292.147460552,243
2016-03-02,17350.464298258445,2331609.178653133,243
2016-03-03,16844.17505778596,2314432.4990861868,243
2016-03-04,57277.93523456302,2538820.9640460415,233
2016-03-05,221631.18608851312,3112359.7107773055,231
2016-03-06,155708.03663446044,3302031.5154740415,232
2016-03-07,61860.75674318465,3245015.667801019,240
2016-03-08,74122.29605236034,3248673.721208535,238
2016-03-09,204127.03595840296,3512496.018006684,229
2016-03-10,407958.1643847667,3943505.578681553,234
2016-03-11,269050.4371790537,4069636.383954286,231
2016-03-12,274773.5701855075,4168906.184505481,231
2016-03-13,224587.45262054005,4196162.4555368535,233
2016-03-14,113191.25846128995,4082638.692566403,240
2016-03-15,100372.2523624831,3981933.9356947597,242
2016-03-16,90961.9370053838,3890639.4941802155,242
2016-03-17,83296.38992138617,3807010.599749669,242
2016-03-18,76836.22358141319,3729841.8716590954,243
2016-03-19,71255.15772988685,3658254.209420048,243
2016-03-20,115928.9666099399,3715415.445075783,236
2016-03-21,109055.69257042262,3728317.1479094503,237
2016-03-22,72253.4159745168,3655731.227425773,242
2016-03-23,66494.59150359072,3588904.131413022,242
2016-03-24,61934.99891058672,3526636.627993275,243
2016-03-25,57995.31498344606,3468308.8085006685,243
2016-03-26,54527.315471891685,3413448.9885196164,243
2016-03-27,51427.597132802846,3361688.886877653,243
2016-03-28,48675.59643188342,3312680.7859366094,243
2016-03-29,46200.340396016276,3266147.9410314327,243
2016-03-30,43934.12341812756,3221881.3131041448,243
2016-03-31,41856.225611041205,3179692.582983943,243
2016-04-01,39933.00033538363,3139264.5179466084,243
2016-04-02,38167.294254917586,3100602.1589897396,243
2016-04-03,36533.65933566068,3063573.4349521277,243
2016-04-04,35015.1562637267,3028063.21398645,243
2016-04-05,33596.72306214546,2993971.4262223532,243
2016-04-06,32272.451851587677,2961203.9096688144,243
2016-04-07,31035.374201262304,2929673.470765601,243
2016-04-08,29864.79474662424,2899313.6113170255,243
2016-04-09,28761.056637857044,2870057.4899772173,243
2016-04-10,27734.388245155038,2841828.037030111,243
2016-04-11,26774.45710871921,2814558.5152194407,243
2016-04-12,25875.087526224488,2788188.362991265,243
2016-04-13,25024.831880523758,2762668.46640879,243
2016-04-14,24219.30672952759,2737954.0949773113,243
2016-04-15,23454.79617078456,2714004.2341045756,243
2016-04-16,22729.133199014635,2690780.03620361,243
2016-04-17,22043.501096104672,2668241.470405554,243
2016-04-18,21398.223982684714,2646348.181720918,243
2016-04-19,20784.417883275943,2625068.699135691,243
2016-04-20,20198.06966807314,2604375.5647656666,243
2016-04-21,19637.601985798618,2584242.898077917,243
2016-04-22,19103.770896659633,2564644.062479306,243
2016-04-23,18598.37678458768,2545550.620992767,243
2016-04-24,18119.30986719991,2526936.246423616,243
2016-04-25,17661.169789582425,2508780.0119320825,243
2016-04-26,17218.8319285651,2491066.115301566,243
2016-04-27,16788.861949138744,2473782.1886504763,243
2016-04-28,16392.036895315563,2456895.0870532095,243
2016-04-29,16010.570160426598,2440389.452190832,243
2016-04-30,15642.45878602837,2424251.928702852,243
2016-05-01,15246.509735844169,2408398.3722980237,243
2016-05-02,14896.451824455127,2392894.873804584,243
2016-05-03,14558.287206741586,2377729.539928858,243
2016-05-04,14236.015953729466,2362886.4773061443,243
2016-05-05,13922.806271937281,2348356.6243652226,243
2016-05-06,13623.669065730252,2334125.908630508,243
2016-05-07,13335.282408684097,2320183.5795528395,243
2016-05-08,13056.6851158208,2306519.8477680343,243
2016-05-09,12787.255663845293,2293125.5454352046,243
2016-05-10,12525.359772995185,2279993.138993225,243
2016-05-11,12271.108717275389,2267114.9836069653,243
2016-05-12,12024.509797706805,2254483.427140274,243
2016-05-13,11785.918225566462,2242090.462245723,243
2016-05-14,11555.806214000635,2229927.609362738,243
2016-05-15,11332.957258466702,2217987.605435287,243
2016-05-16,11117.37570890931,2206263.1830573934,243
2016-05-17,10909.02301852645,2194747.1133698826,243
2016-05-18,10706.363959257562,2183433.7027416406,243
2016-05-19,10510.682029136527,2172315.9740435197,243
2016-05-20,10321.120800948773,2161387.8065735865,243
2016-05-21,10138.25203774178,2150642.5078668604,243
2016-05-22,9960.566625228223,2140074.8945726478,243
2016-05-23,9788.265389561258,2129679.582514102,243
2016-05-24,9620.074102579221,2119452.4617425385,243
2016-05-25,9457.780250202935,2109387.634823351,243
2016-05-26,9301.317951913994,2099479.270202453,243
2016-05-27,9149.75992652618,2089722.4636069422,243
2016-05-28,9001.507710726304,2080113.9092272315,243
2016-05-29,8857.035947784387,2070649.8266104627,243
2016-05-30,8713.931764411345,2061328.848177067,243
2016-05-31,8579.467657961488,2052142.3338501211,243
2016-06-01,8310.725346168507,2042791.3729149196,243
2016-06-02,8163.976309820081,2033587.1610160666,243
2016-06-03,8023.301708652641,2024523.623718381,243
2016-06-04,7876.153897560903,2015607.234231787,243
2016-06-05,7749.600539814218,2006817.3981029398,243
2016-06-06,7625.464685114336,1998151.6978287925,243
2016-06-07,7502.506353022068,1989608.9558867374,243
2016-06-08,7386.374034555632,1981182.3462631488,243
2016-06-09,7272.433285699694,1972869.6773884161,243
2016-06-10,7161.606634108352,1964667.8351652748,243
2016-06-11,7052.815800580432,1956574.7837756614,243
2016-06-12,6947.744737829317,1948586.803448799,243
2016-06-13,6843.303031039194,1940703.2648287269,243
2016-06-14,6739.975646591748,1932923.0535931021,243
2016-06-15,6633.7558987962575,1925249.062105273,243
2016-06-16,6529.235763350504,1917679.5907528894,243
2016-06-17,6433.0826431217165,1910206.2725207347,243
2016-06-18,6339.59592389013,1902826.4410078116,243
2016-06-19,6249.010579754834,1895537.1948390238,243
2016-06-20,6160.723145961531,1888336.2361040292,243
2016-06-21,6073.584422720366,1881222.4160922759,243
2016-06-22,5987.501426675127,1874194.6790765678,243
2016-06-23,5902.134006985466,1867252.3094805493,243
2016-06-24,5819.009589030876,1860393.0643024854,243
2016-06-25,5736.996278577254,1853615.8324348752,243
2016-06-26,5657.669918941802,1846917.9269269004,243
2016-06-27,5580.23992688698,1840297.4514109804,243
2016-06-28,5505.5725565278,1833751.6432654196,243
2016-06-29,5432.500405094356,1827278.9072712923,243
2016-06-30,5360.267713161887,1820878.4039690974,243
2016-07-01,4956.046938690594,1814129.2158842268,243
2016-07-02,4876.028083896735,1807460.0466541501,243
2016-07-03,4800.048052481846,1800866.8574554883,243
2016-07-04,4725.63702826831,1794348.07928104,243
2016-07-05,4650.2106348672,1787904.7274999928,243
2016-07-06,4576.801666781311,1781534.7846870315,243
2016-07-07,4508.229737559571,1775233.413803292,243
2016-07-08,4434.568483819957,1769005.704173292,243
2016-07-09,4358.724568543029,1762853.838458569,243
2016-07-10,4291.940847577997,1756768.756464811,243
2016-07-11,4229.112782065994,1750746.502536565,243
2016-07-12,4167.135855986974,1744786.225534398,243
2016-07-13,4106.43367036642,1738886.6507178517,243
2016-07-14,4046.175538250017,1733047.3340334217,243
2016-07-15,3987.550971368798,1727266.641915873,243
2016-07-16,3929.909663216681,1721543.5911064763,243
2016-07-17,3871.9798639768314,1715878.4700963194,243
2016-07-18,3816.0575302608822,1710269.2714198786,243
2016-07-19,3761.64662682964,1704714.483646869,243
2016-07-20,3708.2588443295144,1699213.0836563595,243
2016-07-21,3655.8134214179636,1693764.1290887615,243
2016-07-22,3601.3125772979156,1688369.6753652836,243
2016-07-23,3549.7627083950256,1683026.7715107086,243
2016-07-24,3500.568033478926,1677733.0623310497,243
2016-07-25,3452.9129193092276,1672487.0082655605,243
2016-07-26,3405.3872366279875,1667288.4798827525,243
2016-07-27,3347.6061948931356,1662147.7325416794,243
2016-07-28,3295.8421851478097,1657058.7492103516,243
2016-07-29,3241.8566419060853,1652023.7514222655,243
2016-07-30,3196.4620522202504,1647034.1482238653,243
2016-07-31,3151.9400632712104,1642089.0670144141,243
2016-08-01,3313.268480855701,1637352.8053763264,243
2016-08-02,3274.6633644296876,1632655.1488546648,243
2016-08-03,3236.508142793979,1627995.6475546388,243
2016-08-04,3198.6601247174754,1623373.9942726893,243
2016-08-05,3160.984441235391,1618790.016674222,243
2016-08-06,3122.629117739349,1614244.3943992506,243
2016-08-07,3083.6253643114674,1609737.7758777072,243
2016-08-08,3046.940521918665,1605267.8421985565,243
2016-08-09,3010.7584514119285,1600834.0905899126,243
2016-08-10,2971.9185232286895,1596439.178909452,243
2016-08-11,2936.3833715924616,1592079.8023806275,243
2016-08-12,2901.2889901906806,1587755.5202332048,243
2016-08-13,2866.503877224363,1583466.0231987485,243
2016-08-14,2832.134516181852,1579210.8955253346,243
2016-08-15,2798.2279022440403,1574989.6744658586,243
2016-08-16,2764.6246195193003,1570802.0566891073,243
2016-08-17,2731.332970846174,1566647.7305610292,243
2016-08-18,2698.345705351289,1562526.391698446,243
2016-08-19,2665.6613385765436,1558437.7372026374,243
2016-08-20,2633.294205889301,1554381.449839516,243
2016-08-21,2601.0890776125802,1550357.3676046715,243
2016-08-22,2564.417235235646,1546369.9572122039,243
2016-08-23,2532.217672336343,1542414.7463826356,243
2016-08-24,2500.857274502478,1538490.895950901,243
2016-08-25,2469.842866125246,1534598.0599275439,243
2016-08-26,2439.2935128036975,1530735.7732575082,243
2016-08-27,2409.2333780394024,1526903.5467222368,243
2016-08-28,2379.6319989952813,1523100.9215660095,243
2016-08-29,2350.3891993194907,1519327.539209458,243
2016-08-30,2321.514181328201,1515583.0318708979,243
2016-08-31,2293.0324200181844,1511867.0062936477,243
2016-09-01,2491.490225983386,1508372.8896626043,243
2016-09-02,2469.1848879028794,1504901.0783696414,243
2016-09-03,2446.612835780087,1501451.8391288014,243
2016-09-04,2423.8121559003584,1498025.400567841,243
2016-09-05,2400.836653226589,1494621.9375095544,243
2016-09-06,2377.595316290225,1491241.7157882042,243
2016-09-07,2353.436490092262,1487885.652893052,243
2016-09-08,2330.4951146825433,1484552.5313733094,243
2016-09-09,2307.790402850903,1481242.1145653985,243
2016-09-10,2285.243329516913,1477954.2448308216,243
2016-09-11,2262.714634460698,1474688.903791301,243
2016-09-12,2239.4323259525218,1471446.8450602884,243
2016-09-13,2217.1669944709383,1468227.0516607575,243
2016-09-14,2195.099318586591,1465029.325937111,243
2016-09-15,2173.234938435092,1461853.4645936158,243
2016-09-16,2151.5871338274546,1458699.2510547284,243
2016-09-17,2130.1167824606628,1455566.5078672078,243
2016-09-18,2108.781532874632,1452455.0999292731,243
2016-09-19,2087.7025867843286,1449364.7709374288,243
2016-09-20,2066.844298090621,1446295.3002342782,243
2016-09-21,2046.1392164387025,1443246.5346127795,243
2016-09-22,2025.5615016159818,1440218.3467061035,243
2016-09-23,2004.8002744997602,1437210.9200265438,243
2016-09-24,1982.5869683107112,1434225.706653173,243
2016-09-25,1962.4341626081832,1431260.646085505,243
2016-09-26,1942.502473115058,1428315.5172073299,243
2016-09-27,1922.8288771622565,1425390.0619251076,243
2016-09-28,1903.317181839443,1422484.1183382082,243
2016-09-29,1883.9664138544567,1419597.5255192937,243
2016-09-30,1864.308149081956,1416730.5909651518,243
2016-10-01,2118.1871761518646,1414137.044114512,243
2016-10-02,2105.61427418791,1411556.070165836,243
2016-10-03,2092.373134461662,1408988.3373568864,243
2016-10-04,2078.731371554278,1406434.246310844,243
2016-10-05,2064.870465732843,1403894.0161706232,243
2016-10-06,2050.800052049302,1401367.856444086,243
2016-10-07,2036.6852281270199,1398855.811541471,243
2016-10-08,2022.5095591277,1396357.9423078552,243
2016-10-09,2008.3300926377647,1393874.2525407295,243
2016-10-10,1994.1120071063865,1391404.780859135,243
2016-10-11,1979.904154061072,1388949.517030586,243
2016-10-12,1965.6775005303439,1386508.4798555677,243
2016-10-13,1951.6009243654203,1384081.5192567143,243
2016-10-14,1937.6317570448969,1381668.5278251814,243
2016-10-15,1923.6614437254261,1379269.506706968,243
2016-10-16,1909.712644570705,1376884.4343879092,243
2016-10-17,1895.9075973208178,1374513.1671161004,243
2016-10-18,1882.4994186928611,1372155.3080229196,243
2016-10-19,1869.1827778333914,1369810.7655705982,243
2016-10-20,1855.9187325196922,1367479.4871635905,243
2016-10-21,1842.6727248741895,1365161.4547642283,243
2016-10-22,1829.5099694283795,1362856.585120312,243
2016-10-23,1816.554793056997,1360564.670652767,243
2016-10-24,1803.6244604419567,1358285.686517837,243
2016-10-25,1790.852546262287,1356019.4742970867,243
2016-10-26,1778.2125895337317,1353765.902033065,243
2016-10-27,1765.696784352383,1351524.8455742246,243
2016-10-28,1753.2641981646534,1349296.221701572,243
2016-10-29,1740.8656829462502,1347079.9963441377,243
2016-10-30,1728.507958481519,1344876.1287111682,243
2016-10-31,1715.3600007285945,1342685.4090359516,243
2016-11-01,1856.6781521318126,1340665.6183240018,243
2016-11-02,1848.0997414535022,1338654.4060227303,243
2016-11-03,1839.2447419135942,1336652.0487209987,243
2016-11-04,1830.2898325237556,1334658.646328657,243
2016-11-05,1821.247849259723,1332674.2859195792,243
2016-11-06,1812.0390039335116,1330699.1343558277,243
2016-11-07,1802.6918869244046,1328733.3299090853,243
2016-11-08,1793.4187274300139,1326776.7986218373,243
2016-11-09,1784.1204362914077,1324829.5656257279,243
2016-11-10,1774.7552849773429,1322891.6977809325,243
2016-11-11,1765.5126385083067,1320963.0725826062,243
2016-11-12,1756.3708004492446,1319043.589222339,243
2016-11-13,1747.2283992992825,1317133.2482632217,243
2016-11-14,1738.110812873777,1315232.02489053,243
2016-11-15,1729.051121185731,1313339.8612095262,243
2016-11-16,1720.0980300486199,1311456.6506196596,243
2016-11-17,1711.1396774940304,1309582.3983823475,243
2016-11-18,1702.2607655536494,1307717.025056976,243
2016-11-19,1693.4032416632044,1305860.5092554947,243
2016-11-20,1684.5898561123404,1304012.8068395643,243
2016-11-21,1675.775559461873,1302173.9187202845,243
2016-11-22,1666.970844953984,1300343.8353155125,243
2016-11-23,1658.1601331398933,1298522.5626225546,243
2016-11-24,1649.3604555301945,1296710.0896072064,243
2016-11-25,1640.573870602494,1294906.403176786,243
2016-11-26,1631.8110610153171,1293111.4795559526,243
2016-11-27,1623.1305339936744,1291325.236462141,243
2016-11-28,1614.4675743362977,1289547.6563279866,243
2016-11-29,1605.8179740018322,1287778.7257941668,243
2016-11-30,1597.1676461472753,1286018.4455882015,243
2016-12-01,1586.1929991518602,1284263.8972363817,243
2016-12-02,1577.5807518247505,1282517.961131889,243
2016-12-03,1568.996442181616,1280780.6093370393,243
2016-12-04,1560.4338983293612,1279051.820086042,243
2016-12-05,1551.8986099707884,1277331.5661234031,243
2016-12-06,1543.3924910583057,1275619.8182796768,243
2016-12-07,1534.9165102754243,1273916.5464167334,243
2016-12-08,1526.5268042642613,1272221.6642598012,243
2016-12-09,29896.159455874586,1655943.9544100899,230
2016-12-10,15505.544289888625,1697154.321187531,239
2016-12-11,10668.361896650493,1686317.6039382126,242
2016-12-12,9432.775111943576,1676716.473473601,242
2016-12-13,24217.31751533423,1819616.9484297705,236
2016-12-14,131414.06703095057,2415400.897603154,229
2016-12-15,223184.165149539,2989136.949767537,234
2016-12-16,52468.260864977354,2936500.3335498916,239
2016-12-17,47468.141204013584,2888863.83699321,241
2016-12-18,44974.05071836626,2843721.4309221758,242
2016-12-19,42899.49443029808,2800653.5811392097,242
2016-12-20,40858.24557822859,2759626.980208313,243
2016-12-21,38994.66937240316,2720463.955483242,243
2016-12-22,79330.75599624374,2863484.682748845,234
2016-12-23,60611.97120505151,2876972.6265250286,239
2016-12-24,45561.88930367781,2831242.381868683,242
2016-12-25,42303.180197977556,2788770.8463180372,243
2016-12-26,39788.99448640002,2748813.496478969,243
2016-12-27,37598.573280107325,2711046.567846194,243
2016-12-28,35645.82466969416,2675232.3878238318,243
2016-12-29,33875.87292234609,2641188.1595488177,243
2016-12-30,32240.655217505617,2608779.148978644,243
2016-12-31,30729.1994769169,2577881.594149059,243
2017-01-01,29331.000861929526,2548376.6559688756,243
2017-01-02,36998.242386939644,2569416.2655896954,240
2017-01-03,333219.86826267396,3351014.3421860905,236
2017-01-04,78778.20274100738,3307110.3838037793,238
2017-01-05,63654.84354086805,3243281.602944657,241
2017-01-06,133986.34873678023,3375096.4439418614,233
2017-01-07,532508.5944566817,4011197.0079052905,239
2017-01-08,368906.1191167111,4211686.831538249,232
2017-01-09,412146.0628538587,4382274.277449198,232
2017-01-10,692259.081106801,4660278.783878532,239
2017-01-11,253092.4834895069,4600586.563489002,234
2017-01-12,158077.24093931803,4474149.932249452,238
2017-01-13,129383.89296404392,4344592.101967154,241
2017-01-14,115494.15124009855,4228924.0134088015,242
2017-01-15,104543.50168963781,4124206.5744009097,242
2017-01-16,95488.5130319584,4028544.1240506973,243
2017-01-17,87765.78814114004,3940604.3985913033,243
2017-01-18,506627.8191926095,4381582.53859923,233
2017-01-19,468506.84671612235,4534038.248750246,231
2017-01-20,219301.3717215309,4488958.205746617,235
2017-01-21,559899.3371629126,4650587.949904174,232
2017-01-22,238538.01631287285,4595809.329266761,234
2017-01-23,175164.207685193,4507133.379061308,237
2017-01-24,126050.23995669771,4380909.201786356,241
2017-01-25,112589.18987241972,4268146.074595682,242
2017-01-26,102114.3903252676,4165857.7469521607,242
2017-01-27,93441.19516310914,4072242.6144707976,243
2017-01-28,86068.36584847214,3986000.3113040715,243
2017-01-29,79748.18452542115,3906078.1894603963,243
2017-01-30,74248.24834372455,3831656.0037984177,243
2017-01-31,69441.83142323818,3762040.2350569256,243
2017-02-01,188097.70622896025,3952030.814789739,231
2017-02-02,343386.1071068833,4196687.488620661,228
2017-02-03,179162.25883186926,4193949.2427796917,235
2017-02-04,104072.54384979536,4102180.695494448,240
2017-02-05,218977.85996102355,4179135.698599779,232
2017-02-06,831850.1316559757,4602394.608994159,240
2017-02-07,372745.1641905957,4628370.124383872,231
2017-02-08,377099.0384847296,4651378.4622497205,231
2017-02-09,578479.4351360009,4749096.65238752,233
2017-02-10,153657.94861330377,4595291.757897461,239
2017-02-11,133353.55507950025,4461791.256941205,241
2017-02-12,119054.76381189196,4342589.547252557,242
2017-02-13,107778.58656755934,4234664.014808242,242
2017-02-14,98426.88517144375,4136090.183760043,242
2017-02-15,218689.50316713518,4252101.294411264,232
2017-02-16,156402.23739669548,4227663.119979223,236
2017-02-17,425541.8161721135,4436009.133022852,228
2017-02-18,174238.0412298101,4380719.128629084,236
2017-02-19,593465.5359338014,4600704.625093451,233
2017-02-20,431601.6744155185,4655076.574688195,230
2017-02-21,147962.33377122605,4520206.199579744,239
2017-02-22,125574.02029742865,4394485.233405559,241
2017-02-23,112543.73953398044,4281794.547994823,242
2017-02-24,102222.72994172858,4179424.872176339,242
2017-02-25,93601.38466197584,4085676.5416376074,243
2017-02-26,86256.41305769939,3999273.1827031523,243
2017-02-27,79949.10017156234,3919177.1366548343,243
2017-02-28,74466.25650312664,3844563.934274952,243
2017-03-01,69639.36610641694,3774592.0636593746,243
2017-03-02,65383.988703587,3708875.570446627,243
2017-03-03,61520.53737147888,3647022.528565988,243
2017-03-04,74756.29515216565,3639009.2449557185,240
2017-03-05,83466.49376387548,3651704.132343574,238
2017-03-06,75201.48028676996,3635550.684443365,240
2017-03-07,58897.5028652315,3576320.677068973,242
2017-03-08,55145.205880720074,3520842.9666790925,243
2017-03-09,52054.24238773705,3468456.219782195,243
2017-03-10,49351.66809242489,3418772.04718061,243
2017-03-11,46923.79683187129,3371515.745839578,243
2017-03-12,44710.45398800345,3326472.7873424143,243
2017-03-13,42681.652961782085,3283458.629871472,243
2017-03-14,40814.126750715914,3242311.9986115955,243
2017-03-15,39091.63620762052,3202887.8578948146,243
2017-03-16,37488.46466626776,3165066.8887193864,243
2017-03-17,35989.62531821141,3128744.7588920146,243
2017-03-18,34594.26468238039,3093817.989700474,243
2017-03-19,33289.483129506836,3060196.0020618066,243
2017-03-20,41962.37434684685,3073228.9779996527,240
2017-03-21,59707.77464838416,3150201.7446782687,237
2017-03-22,37365.5624855211,3112503.677683587,242
2017-03-23,107075.96275871806,3314890.7932870435,232
2017-03-24,146171.24493760394,3501440.108791173,232
2017-03-25,57727.65885079037,3443379.945431222,241
2017-03-26,100718.06118085448,3508924.8995767077,236
2017-03-27,56991.24755313983,3451601.1475144075,242
2017-03-28,52428.12384429658,3398840.5191609506,242
2017-03-29,49153.40401867861,3349354.6106331116,243
2017-03-30,46426.00446933359,3302596.1016546176,243
2017-03-31,44019.93060622541,3258243.666539232,243
2017-04-01,41849.47972019243,3215899.122117088,243
2017-04-02,39891.248165061166,3175512.809250076,243
2017-04-03,38099.95955842028,3136917.7849897044,243
2017-04-04,36444.55313890328,3099978.16714885,243
2017-04-05,34900.170785026094,3064582.9316618727,243
2017-04-06,158127.81942261202,3407237.5360497693,229
2017-04-07,78368.43292982111,3416028.3126211995,238
2017-04-08,62353.20947444447,3390029.2013741746,240
2017-04-09,50763.601341822585,3338770.535330401,242
2017-04-10,69307.3986264092,3356419.4002592824,239
2017-04-11,70434.58552306397,3368242.503935383,239
2017-04-12,152704.07248682115,3539554.520325859,232
2017-04-13,60985.50202778394,3478073.953596124,241
2017-04-14,55316.496297784084,3422262.3925963887,242
2017-04-15,51471.41146896913,3370295.9164254684,242
2017-04-16,73397.34224169665,3396678.1178313624,238
2017-04-17,88032.0731947328,3443441.2470714813,237
2017-04-18,53791.25504236196,3389154.927327168,242
2017-04-19,72568.57503582833,3403545.767506523,239
2017-04-20,51155.23743429587,3351895.465370276,242
2017-04-21,47749.016012007305,3303651.3846563175,243
2017-04-22,45044.73831892473,3258111.5816354416,243
2017-04-23,42673.74655132222,3214942.7703821682,243
2017-04-24,40555.12304232729,3173892.58263789,243
2017-04-25,38646.00733586534,3134751.5106000733,243
2017-04-26,36907.71714662754,3097348.7287514945,243
2017-04-27,35304.48676408169,3061549.1772854617,243
2017-04-28,33824.203821252966,3027229.9087622575,243
2017-04-29,32442.8160668853,2994292.027993421,243
2017-04-30,31151.055779292183,2962645.9075121777,243
2017-05-01,29883.755757193154,2932155.105086,243
2017-05-02,28766.45586646961,2902781.602550546,243
2017-05-03,27719.424369867033,2874455.1315116948,243
2017-05-04,26745.704213530364,2847102.38062918,243
2017-05-05,25830.111652512176,2820665.2223076834,243
2017-05-06,24964.935010026747,2795093.2406286723,243
2017-05-07,24150.96895436391,2770335.225005324,243
2017-05-08,23387.104357115066,2746341.0739792245,243
2017-05-09,22665.339208128004,2723068.688102112,243
2017-05-10,21975.63675390983,2700486.004679218,243
2017-05-11,21320.551569893098,2678558.4064403404,243
2017-05-12,20698.223238611667,2657253.1365327444,243
2017-05-13,20113.197563444803,2636532.892300315,243
2017-05-14,19559.759749716686,2616366.085881614,243
2017-05-15,19033.91623573618,2596725.1229768936,243
2017-05-16,18533.08194420261,2577584.9943637066,243
2017-05-17,18053.740498228537,2558924.2071964936,243
2017-05-18,17597.604139980467,2540719.556387529,243
2017-05-19,17165.395082491057,2522947.1146360533,243
2017-05-20,16752.853657704385,2505587.2143093646,243
2017-05-21,16357.402500480484,2488622.7651398997,243
2017-05-22,15977.823434605334,2472037.89503631,243
2017-05-23,15610.286649630942,2455820.5617176946,243
2017-05-24,15252.322490888719,2439961.1925578215,243
2017-05-25,14908.23452675955,2424445.9113620776,243
2017-05-26,14579.677396109399,2409259.187296984,243
2017-05-27,14266.277319877014,2394385.8633081224,243
2017-05-28,13965.832166384977,2379812.984472753,243
2017-05-29,13673.090599709261,2365532.8472040594,243
2017-05-30,13387.592937721476,2351538.2075973535,243
2017-05-31,13110.462220751286,2337820.698707618,243
2017-06-01,12714.119190754373,2324066.3439278305,243
2017-06-02,12447.832658816133,2310578.2756799813,243
2017-06-03,12190.423602659259,2297347.616488289,243
2017-06-04,11937.247944077946,2284370.132955178,243
2017-06-05,11692.344934017867,2271637.5524321273,243
2017-06-06,11459.866446434524,2259137.45039666,243
2017-06-07,11236.58008512203,2246860.6347225048,243
2017-06-08,11017.898965758275,2234802.5001677135,243
2017-06-09,10808.680142199159,2222953.5844364814,243
2017-06-10,10604.826355118308,2211308.52249233,243
2017-06-11,10403.907361566558,2199864.3795417305,243
2017-06-12,10209.249232096136,2188614.8947206014,243
2017-06-13,10021.078145488635,2177553.5809860798,243
2017-06-14,9839.835544641599,2166673.509852405,243
2017-06-15,9661.707686418671,2155971.5665769535,243
2017-06-16,9489.485630582556,2145441.845357338,243
2017-06-17,9310.396752255972,2135091.213016049,243
2017-06-18,9147.530056594409,2124903.4473704216,243
2017-06-19,8991.109418637123,2114872.1023627515,243
2017-06-20,8842.799622240014,2104989.0671514785,243
2017-06-21,8696.11192716705,2095252.7196352785,243
2017-06-22,8555.781088940104,2085656.7029573054,243
2017-06-23,8419.342332595032,2076197.1250356773,243
2017-06-24,8286.199417107044,2066870.6900295373,243
2017-06-25,8154.234704429985,2057676.2197360743,243
2017-06-26,8027.738920239036,2048608.2452268023,243
2017-06-27,7903.69074619096,2039664.3188915784,243
2017-06-28,7782.8548209224855,2030841.2284816229,243
2017-06-29,7664.072472210278,2022136.9204203796,243
2017-06-30,7548.30891214358,2013548.375919203,243
2017-07-01,7153.1533432977785,2004602.0814297253,243
2017-07-02,7019.081276732967,1995789.8590068123,243
2017-07-03,6886.718799251602,1987109.9990613807,243
2017-07-04,6759.56610072358,1978557.2918144772,243
2017-07-05,6637.876833508494,1970126.2738347887,243
2017-07-06,6526.57590121008,1961806.5567873986,243
2017-07-07,6416.1175517649435,1953597.2980894537,243
2017-07-08,6309.254761274909,1945494.9021819988,243
2017-07-09,6204.934131082152,1937496.8269047367,243
2017-07-10,6099.318034685221,1929604.3677238715,243
2017-07-11,5996.788943512603,1921814.437634179,243
2017-07-12,5900.556180325574,1914120.7403076733,243
2017-07-13,5807.592483508638,1906520.0066779847,243
2017-07-14,5717.04574529408,1899009.8197865107,243
2017-07-15,5627.864973862427,1891588.8136664683,243
2017-07-16,5540.270689044152,1884255.4018312441,243
2017-07-17,5454.531930603557,1877007.7287544606,243
2017-07-18,5371.81455517421,1869842.7730531064,243
2017-07-19,5291.702254633657,1862757.9296522927,243
2017-07-20,5213.822330445521,1855750.9661756672,243
2017-07-21,5137.698555187327,1848820.1264743,243
2017-07-22,5061.295981679116,1841965.6893464408,243
2017-07-23,4986.71826926107,1835185.8299309998,243
2017-07-24,4913.3052122450945,1828479.3835725747,243
2017-07-25,4840.395657157763,1821845.846769237,243
2017-07-26,4771.477138093444,1815281.2284849635,243
2017-07-27,4703.890877932082,1808784.1964608515,243
2017-07-28,4629.612877736804,1802361.4424369347,243
2017-07-29,4556.915346443658,1796011.385944311,243
2017-07-30,4492.340863690716,1789725.9039344403,243
2017-07-31,4429.328897149307,1783503.433891111,243
2017-08-01,4548.965214431015,1777531.475519448,243
2017-08-02,4490.947758928136,1771617.534603288,243
2017-08-03,4431.988700354201,1765762.5527457017,243
2017-08-04,4376.18956151042,1759963.3700269593,243
2017-08-05,4321.256474066953,1754219.1203956604,243
2017-08-06,4266.841365106133,1748529.2858733223,243
2017-08-07,4213.041572279491,1742893.2511438108,243
2017-08-08,4159.851080251587,1737310.4069063272,243
2017-08-09,4107.156511736297,1731780.257237359,243
2017-08-10,4055.0145107404883,1726302.2495693865,243
2017-08-11,4003.5071104485164,1720875.749301706,243
2017-08-12,3952.706543995728,1715500.0496004783,243
2017-08-13,3903.1482813788666,1710173.9081618674,243
2017-08-14,3854.722170567335,1704896.192834068,243
2017-08-15,3807.9875374841126,1699665.212139352,243
2017-08-16,3762.0615710040643,1694480.157411116,243
2017-08-17,3716.845364930536,1689340.3188889534,243
2017-08-18,3672.2310085801496,1684245.0947231413,243
2017-08-19,3628.103444571802,1679193.9981213375,243
2017-08-20,3584.758828490702,1674186.2461356148,243
2017-08-21,3537.8464764919686,1669225.4065018909,243
2017-08-22,3493.409931011926,1664309.003413647,243
2017-08-23,3450.598111676713,1659435.4121447382,243
2017-08-24,3408.1314143249388,1654604.2875731813,243
2017-08-25,3367.202860468961,1649814.0915554804,243
2017-08-26,3327.548745898958,1645063.5496523494,243
2017-08-27,3288.3417058949913,1640352.2147892225,243
2017-08-28,3249.5283322813543,1635679.6932997091,243
2017-08-29,3208.479113561995,1631048.2210289151,243
2017-08-30,3170.3062556665013,1626454.9216160167,243
2017-08-31,3132.6962397300726,1621899.2322190546,243
2017-09-01,3303.4929658906285,1617593.112848104,243
2017-09-02,3272.103420181501,1613318.3830228625,243
2017-09-03,3240.715774107094,1609075.0408436954,243
2017-09-04,3209.190165833871,1604863.2242728015,243
2017-09-05,3177.5754297837366,1600683.0224379578,243
2017-09-06,3145.9763736022387,1596534.4196592956,243
2017-09-07,3114.4347359587655,1592417.3585182768,243
2017-09-08,3082.990264140836,1588331.741849076,243
2017-09-09,3051.7024169115566,1584277.4130271045,243
2017-09-10,3020.6690288533673,1580254.117593191,243
2017-09-11,2989.8808779980272,1576261.610310133,243
2017-09-12,2959.312289645265,1572299.6716154278,243
2017-09-13,2928.933135713519,1568368.1120746543,243
2017-09-14,2898.612022385535,1564466.8736472088,243
2017-09-15,2868.840948000153,1560595.4062941486,243
2017-09-16,2839.299166769323,1556753.4807223193,243
2017-09-17,2808.77540319769,1552942.0789140617,243
2017-09-18,2778.621864847907,1549160.8306441538,243
2017-09-19,2749.752630919519,1545408.4516081742,243
2017-09-20,2721.2217156352226,1541684.603487479,243
2017-09-21,2693.0026122122754,1537988.9744702068,243
2017-09-22,2665.046818099053,1534321.3012470477,243
2017-09-23,2637.480648507665,1530681.19419348,243
2017-09-24,2610.271073540275,1527068.2967148798,243
2017-09-25,2583.607559624662,1523482.0627501952,243
2017-09-26,2557.244687603622,1519922.1916575315,243
2017-09-27,2531.4722107656517,1516388.093041706,243
2017-09-28,2506.1692481102173,1512879.2973885357,243
2017-09-29,2481.1530304898724,1509395.5179529858,243
2017-09-30,2456.3238882912074,1505936.5676596346,243
2017-10-01,2691.7785382393863,1502769.4294469072,243
2017-10-02,2673.8410278411698,1499620.228744578,243
2017-10-03,2655.2586619096924,1496489.6104081804,243
2017-10-04,2636.211388726451,1493378.039344966,243
2017-10-05,2617.012811074231,1490285.6668594037,243
2017-10-06,2597.72342305138,1487212.5837618643,243
2017-10-07,2578.3863889150903,1484158.8376984613,243
2017-10-08,2559.068993823568,1481124.4090301497,243
2017-10-09,2539.7409174309228,1478109.3084382308,243
2017-10-10,2520.466465654748,1475113.482298088,243
2017-10-11,2501.145699631155,1472136.9769239689,243
2017-10-12,2481.9316547074936,1469179.6855947734,243
2017-10-13,2462.782001465291,1466241.54391882,243
2017-10-14,2443.6541812426526,1463322.5300630894,243
2017-10-15,2424.644517159753,1460422.5258714417,243
2017-10-16,2405.7526252362527,1457541.4135717175,243
2017-10-17,2386.9767355860326,1454679.0771616434,243
2017-10-18,2368.3261659340583,1451835.3913212214,243
2017-10-19,2349.74828455291,1449010.2833621805,243
2017-10-20,2331.255856902769,1446203.6678307897,243
2017-10-21,2312.8583207111456,1443415.4498355906,243
2017-10-22,2294.5980645189643,1440645.4920965836,243
2017-10-23,2276.615808277123,1437893.5166138185,243
2017-10-24,2258.733409801463,1435159.423529529,243
2017-10-25,2240.9650956161436,1432443.0987594249,243
2017-10-26,2223.3102374805253,1429744.4288474564,243
2017-10-27,2204.7355198261444,1427064.3336531422,243
2017-10-28,2187.2022034849156,1424401.7717751693,243
2017-10-29,2170.033686318167,1421756.3784143631,243
2017-10-30,2153.1805227424134,1419127.8382171327,243
2017-10-31,2136.58227216542,1416515.8962704793,243
2017-11-01,2270.4108873465675,1414082.3728233147,243
2017-11-02,2257.614167114917,1411661.6460963818,243
2017-11-03,2244.5434054599255,1409253.990131104,243
2017-11-04,2231.2767092904187,1406859.6008619955,243
2017-11-05,2217.8725576849765,1404478.6157444925,243
2017-11-06,2204.433969283674,1402111.0692153908,243
2017-11-07,2190.9362331034727,1399757.0204224694,243
2017-11-08,2177.436259083647,1397416.4716035677,243
2017-11-09,2163.941219701862,1395089.4178240479,243
2017-11-10,2150.5617755686044,1392775.7434886612,243
2017-11-11,2137.19586449695,1390475.4350643463,243
2017-11-12,2123.8435741702206,1388188.478930358,243
2017-11-13,2110.6394084980357,1385914.726962042,243
2017-11-14,2097.66150629773,1383653.9528959263,243
2017-11-15,2085.07323268844,1381405.7671034199,243
2017-11-16,2072.3900613416563,1379170.2644822602,243
2017-11-17,2060.0451092959493,1376947.1068131463,243
2017-11-18,2047.7883308233804,1374736.205922505,243
2017-11-19,2035.5636878001615,1372537.5296748867,243
2017-11-20,2023.4272914332914,1370350.9898236354,243
2017-11-21,2011.4163589533064,1368176.4609048641,243
2017-11-22,1999.6271731871757,1366013.721171859,243
2017-11-23,1987.88906752594,1363862.719544515,243
2017-11-24,1976.180896386003,1361723.426088311,243
2017-11-25,1964.504227455437,1359595.8093010376,243
2017-11-26,1952.8584043574165,1357479.8383368622,243
2017-11-27,1941.2626945352758,1355375.4630825089,243
2017-11-28,1929.8391958463117,1353282.5113268446,243
2017-11-29,1918.5681101672462,1351200.8306568593,243
2017-11-30,1907.3884675446543,1349130.3296294967,243
2017-12-01,1893.9610622472585,1347068.0132145814,243
2017-12-02,1882.808480752957,1345016.8493811605,243
2017-12-03,1871.771321806683,1342976.7227066858,243
2017-12-04,1860.8123463036948,1340947.555007714,243
2017-12-05,1849.9301741806314,1338929.2694808654,243
2017-12-06,1839.195670056249,1336921.7184581412,243
2017-12-07,1828.5906839846623,1334924.7724214885,243
2017-12-08,1818.196300199813,1332938.2207686207,243
2017-12-09,1807.432319433986,1330962.4330965187,243
2017-12-10,1796.787116188648,1328997.290627662,243
2017-12-11,1786.5413889136155,1327042.3938860805,243
2017-12-12,1776.5108859141812,1325097.5276474983,243
2017-12-13,1766.5386092312158,1323162.633685599,243
2017-12-14,1756.0420624519222,1321238.2362704792,243
2017-12-15,1745.9904227714044,1319323.8904950398,243
2017-12-16,1736.0737997871813,1317419.4613425846,243
2017-12-17,1726.2391075050448,1315524.8668824115,243
2017-12-18,1716.486594917112,1313640.0249348264,243
2017-12-19,1706.754364636586,1311764.9152175218,243
2017-12-20,1697.0581444339816,1309899.5017204199,243
2017-12-21,1687.4718739971042,1308043.6744937547,243
2017-12-22,1677.9984806152981,1306197.3206604715,243
2017-12-23,1668.5653371779238,1304360.3999706255,243
2017-12-24,1659.217703070118,1302532.8269148874,243
2017-12-25,1649.9304555064057,1300714.541106713,243
2017-12-26,1640.67492894465,1298905.5108251004,243
2017-12-27,1631.4428139788554,1297105.7126584535,243
2017-12-28,1622.2452047673044,1295315.1121010182,243
2017-12-29,1613.0869524307539,1293533.6697959194,243
2017-12-30,1603.9696489657265,1291761.3447942857,243
2017-12-31,1594.8975040873968,1289998.0919375303,243
2018-01-01,1583.5196967530362,1288240.6349225233,243
2018-01-02,1574.6893601282798,1286492.008244141,243
2018-01-03,1565.9584418635648,1284752.1124840234,243
2018-01-04,1557.2734197145626,1283020.9017460549,243
2018-01-05,1548.6685040961318,1281298.2959237047,243
2018-01-06,1540.0886191400066,1279584.2699863107,243
2018-01-07,1531.6278835162818,1277878.7047845405,243
2018-01-08,1523.211504757434,1276181.555961529,243
2018-01-09,1514.8357396752406,1274492.7829035998,243
2018-01-10,1506.5042382758409,1272812.34134707,243
2018-01-11,1498.2168137913402,1271140.1872150246,243
2018-01-12,1489.9993590093516,1269476.2505377613,243
2018-01-13,1481.9504570004362,1267820.3627625068,243
2018-01-14,1473.9402532056272,1266172.4851910472,243
2018-01-15,1465.987567730045,1264532.5603050631,243
2018-01-16,1457.9400145158004,1262900.6829722933,243
2018-01-17,1450.0290480647534,1261276.7166059746,243
2018-01-18,1442.3092528898567,1259660.4700348307,243
2018-01-19,1434.6348785253074,1258051.8978380514,243
2018-01-20,1427.053332958866,1256450.9071868386,243
2018-01-21,1419.6572205107957,1254857.3126480738,243
2018-01-22,1412.3935873268936,1253270.9817424929,243
2018-01-23,1405.257730593469,1251691.7866936454,243
2018-01-24,10841.260618010216,1409125.2066810392,236
2018-01-25,5238.761705529247,1416554.5303606614,241
2018-01-26,4443.811143110769,1411936.7818992967,243
2018-01-27,4167.591515835637,1407595.253065207,243
2018-01-28,3957.159587224277,1403464.1561597288,243
2018-01-29,3788.678375096789,1399501.540466378,243
2018-01-30,3652.279366428994,1395675.323781695,243
2018-01-31,3540.6734125672674,1391960.7130508737,243
2018-02-01,3438.699721095444,1388375.0674530226,243
2018-02-02,3342.429878451222,1384885.6916978157,243
2018-02-03,3259.144695073658,1381479.6011259863,243
2018-02-04,3186.7399800792928,1378145.9152691513,243
2018-02-05,3119.8743614983405,1374879.0950308973,243
2018-02-06,3058.198689501326,1371673.9504646403,243
2018-02-07,3001.798211528513,1368525.206376356,243
2018-02-08,2949.385038856243,1365428.8754607441,243
2018-02-09,2899.610557864945,1362382.3190261235,243
2018-02-10,2852.122092500621,1359383.2510568672,243
2018-02-11,2806.5446490103504,1356429.7605311011,243
2018-02-12,2762.658462673019,1353520.1561916724,243
2018-02-13,2720.347259629344,1350652.8630552874,243
2018-02-14,2678.604450511805,1347827.31272802,243
2018-02-15,2639.196598818585,1345041.1702524456,243
2018-02-16,2601.768420561276,1342292.4559551287,243
2018-02-17,2565.686457828445,1339579.8236205445,243
2018-02-18,2529.882704845456,1336902.9950389434,243
2018-02-19,2494.0362483319486,1334262.0129138557,243
2018-02-20,2459.581636738324,1331655.4854003617,243
2018-02-21,2427.799985386723,1329080.7395382193,243
2018-02-22,2397.096013250354,1326536.6976482132,243
2018-02-23,2367.2525335653345,1324022.4992378922,243
2018-02-24,2337.496823118593,1321538.056538018,243
2018-02-25,2308.89098600956,1319082.2196752527,243
2018-02-26,2280.837528811827,1316654.4362696852,243
2018-02-27,2253.417259261304,1314254.0731336682,243
2018-02-28,5619.8713107096555,1369557.0096619853,240
2018-03-01,13627.173805856408,1510223.8876339546,236
2018-03-02,19544.355194165924,1653761.8237978714,236
2018-03-03,18926.06116989843,1734893.3345655096,238
2018-03-04,11516.896212018468,1723043.9338443307,242
2018-03-05,10272.689025464608,1712438.7403097057,242
2018-03-06,9657.399318457256,1702448.836482088,243
2018-03-07,13834.682024680274,1741416.18634305,240
2018-03-08,10378.83898675153,1730704.8428471382,242
2018-03-09,9678.352235304332,1720693.9861026735,243
2018-03-10,9234.7342285336,1711126.7473649795,243
2018-03-11,8877.541597623984,1701916.701258195,243
2018-03-12,28728.87131009379,1880681.7139618024,235
2018-03-13,26883.9977714306,1966765.3346797915,237
2018-03-14,32288.667320104374,2058557.1446400164,237
2018-03-15,64369.18803794397,2278773.413043126,233
2018-03-16,31130.240863932486,2271022.3718963233,240
2018-03-17,27403.096835684668,2255402.7015927946,241
2018-03-18,24362.46496402789,2230707.7321196063,242
2018-03-19,22891.59726895895,2207483.630341487,243
2018-03-20,148776.05204434542,2690356.8168812757,227
2018-03-21,167701.71113234916,2998957.680389091,229
2018-03-22,57257.90998412054,2941367.26589581,240
2018-03-23,56517.08755832251,2912602.197431515,240
2018-03-24,55276.66025179248,2891221.166038691,240
2018-03-25,46895.83323638225,2843992.8282931484,242
2018-03-26,43766.30925193233,2799894.0145320557,243
2018-03-27,41175.96341968877,2758385.5466032065,243
2018-03-28,38882.36980579598,2719170.67228825,243
2018-03-29,36828.43688230999,2682009.73089678,243
2018-03-30,34963.42329356717,2646713.8030940522,243
2018-03-31,33242.792984486,2613138.505600406,243
2018-04-01,31639.395312132714,2581004.045586322,243
2018-04-02,30137.88279366999,2550371.098090701,243
2018-04-03,28737.183023124868,2521138.8503656248,243
2018-04-04,27467.86418630735,2493175.9214773662,243
2018-04-05,84342.28942091588,2736906.7770387502,232
2018-04-06,596516.2550564569,3797845.736104958,242
2018-04-07,96057.7928579123,3701292.8785450947,239
2018-04-08,84991.75302098638,3615806.060822157,240
2018-04-09,77404.82272764474,3537906.1733925613,241
2018-04-10,71237.81161960486,3466173.297071005,242
2018-04-11,66008.73361919813,3399669.498749856,242
2018-04-12,61459.49559178802,3337714.9384561167,243
2018-04-13,57472.565869117556,3279747.307885048,243
2018-04-14,53933.988547026114,3225318.2546360707,243
2018-04-15,55646.69983168645,3193055.9556839215,241
2018-04-16,55251.3424706079,3167441.789118998,241
2018-04-17,47700.71164238772,3119246.0127746593,243
2018-04-18,44937.36761725594,3073813.580455452,243
2018-04-19,42537.12344103905,3030781.392312462,243
2018-04-20,40357.533502913946,2989928.794107597,243
2018-04-21,38374.809650029456,2951058.919755616,243
2018-04-22,36551.33136429352,2914012.5236893715,243
2018-04-23,34883.350378417344,2878634.108609003,243
2018-04-24,33347.05382355389,2844791.990083498,243
2018-04-25,31925.188542021373,2812371.7368395254,243
2018-04-26,30597.136442650044,2781279.535694924,243
2018-04-27,29364.778620001794,2751419.692372971,243
2018-04-28,28213.00140250747,2722711.6262685126,243
2018-04-29,27128.87456790258,2695087.686998659,243
2018-04-30,26109.646537485,2668482.9757592226,243
2018-05-01,25142.52868222313,2642733.400408015,243
2018-05-02,24257.42116364611,2617868.9325753846,243
2018-05-03,23427.36090655446,2593834.524999846,243
2018-05-04,22638.315456741562,2570589.16287412,243
2018-05-05,21890.995333244166,2548091.1208718913,243
2018-05-06,21185.39343538841,2526298.6807675185,243
2018-05-07,20510.76585705539,2505180.8682414787,243
2018-05-08,19869.80750937255,2484704.0140631218,243
2018-05-09,19264.93342732459,2464832.033966813,243
2018-05-10,18694.142726621663,2445530.8445712067,243
2018-05-11,18151.594552797804,2426772.2033494245,243
2018-05-12,17635.49037892984,2408529.6663015103,243
2018-05-13,17144.893273996728,2390777.726358529,243
2018-05-14,16677.479677994343,2373493.2000115504,243
2018-05-15,16231.138996062406,2356655.0143465037,243
2018-05-16,15805.569331051387,2340242.398346468,243
2018-05-17,15400.381421423122,2324234.9702560604,243
2018-05-18,15012.508114059061,2308615.415473017,243
2018-05-19,14644.39550409706,2293363.9732999355,243
2018-05-20,14290.915789558157,2278466.010841393,243
2018-05-21,13950.441455413193,2263908.5227169953,243
2018-05-22,13622.995940268576,2249678.4801077424,243
2018-05-23,13303.521251242213,2235767.9121875158,243
2018-05-24,12996.345813985054,2222164.5197045463,243
2018-05-25,12701.643566631783,2208855.82946893,243
2018-05-26,12419.791622297444,2195828.9911776483,243
2018-05-27,12148.976756572329,2183072.9677520916,243
2018-05-28,11886.754845956411,2170579.166237151,243
2018-05-29,11633.62010171318,2158338.499466453,243
2018-05-30,11385.010484196317,2146346.4423132725,243
2018-05-31,11149.152693242371,2134590.2429510457,243
2018-06-01,10795.115321603607,2122754.892040409,243
2018-06-02,10566.10213222029,2111148.554319156,243
2018-06-03,10336.178900638133,2099772.1398294847,243
2018-06-04,10110.200114148207,2088621.7041263035,243
2018-06-05,9901.714743204884,2077679.7537940657,243
2018-06-06,9695.59407336242,2066943.9241316703,243
2018-06-07,9496.467905100671,2056407.2206375366,243
2018-06-08,9301.510814810175,2046065.4742336934,243
2018-06-09,9117.363447444983,2035907.8751972155,243
2018-06-10,8939.026073117744,2025928.6135350647,243
2018-06-11,8767.545138330435,2016120.8328077013,243
2018-06-12,8602.212846420709,2006478.3843722476,243
2018-06-13,8443.175451856809,1996994.9733313578,243
2018-06-14,8289.547009418024,1987665.1907329068,243
2018-06-15,8137.962331471735,1978486.992812402,243
2018-06-16,7991.3759636809145,1969455.3812596882,243
2018-06-17,7848.315707473087,1960566.829963182,243
2018-06-18,7713.901014766426,1951812.6933593827,243
2018-06-19,7575.896661816168,1943196.5611085335,243
2018-06-20,7449.34120105929,1934706.9843184412,243
2018-06-21,7327.077758980219,1926339.670970428,243
2018-06-22,7208.014672046297,1918091.4207093487,243
2018-06-23,7091.476002676881,1909959.7091176389,243
2018-06-24,6975.7887649377835,1901943.684763668,243
2018-06-25,6864.263970752948,1894039.1852038822,243
2018-06-26,6756.060891230593,1886242.8887236186,243
2018-06-27,6649.972976269669,1878552.680158316,243
2018-06-28,6546.641386317558,1870965.8031829654,243
2018-06-29,6445.045244137526,1863480.5223497949,243
2018-06-30,6344.14665560704,1856096.1401051548,243
2018-07-01,5935.275082732788,1848367.723876242,243
2018-07-02,5826.114153497158,1840748.468576565,243
2018-07-03,5714.835512299794,1833240.4919180851,243
2018-07-04,5609.414111032854,1825837.9366608723,243
2018-07-05,5505.76958760899,1818539.0259270833,243
2018-07-06,5404.946539816451,1811340.938241087,243
2018-07-07,5292.364326001848,1804255.432768905,243
2018-07-08,5198.5269952018325,1797263.7646275233,243
2018-07-09,5108.541468637069,1790362.0820127062,243
2018-07-10,5021.155314001259,1783547.785552525,243
2018-07-11,4937.035423302096,1776817.6089830429,243
2018-07-12,4846.2373579843015,1770178.2304788786,243
2018-07-13,4762.82600760181,1763622.2633250968,243
2018-07-14,4684.406467396538,1757144.7157115203,243
2018-07-15,4605.7614498562225,1750745.813115484,243
2018-07-16,4530.991280990192,1744421.680688314,243
2018-07-17,4456.174383618873,1738172.365158515,243
2018-07-18,4384.616648063301,1731994.6073642718,243
2018-07-19,4315.827433544914,1725885.6387845469,243
2018-07-20,4248.534282081998,1719843.963356285,243
2018-07-21,4175.939157906924,1713874.883052198,243
2018-07-22,4107.252226179936,1707974.489679838,243
2018-07-23,4043.1559304611337,1702138.192603197,243
2018-07-24,3975.995184297678,1696369.0562727193,243
2018-07-25,3912.491335306787,1690663.4237912325,243
2018-07-26,3850.3501633291644,1685019.9324817234,243
2018-07-27,3791.164796331902,1679435.6265392115,243
2018-07-28,3733.3188014575326,1673909.166591574,243
2018-07-29,3672.7511515093547,1668443.2742938846,243
2018-07-30,3616.569154809932,1663033.5639928947,243
2018-07-31,3561.641051362273,1657678.7817953525,243
2018-08-01,3709.6016297149094,1652546.1870084056,243
2018-08-02,3660.895830300133,1647462.2980208735,243
2018-08-03,3612.8524381024386,1642426.452425539,243
2018-08-04,3565.5580402428373,1637437.9012280642,243
2018-08-05,3518.8776284758555,1632496.0304423564,243
2018-08-06,3472.7465024822945,1627600.290782642,243
2018-08-07,3426.9888381207916,1622750.3087872893,243
2018-08-08,3379.372270049955,1617947.9433600074,243
2018-08-09,3331.629901102939,1613193.3203016724,243
2018-08-10,3286.7512760716113,1608483.5758683688,243
2018-08-11,3242.764631796125,1603817.8180793407,243
2018-08-12,3199.7236728656194,1599195.1012492431,243
2018-08-13,3157.6190347049474,1594614.4890573062,243
2018-08-14,3116.215496855983,1590075.2804032182,243
2018-08-15,3076.252232878664,1585576.0350131076,243
2018-08-16,3036.8241447209934,1581116.2177111546,243
2018-08-17,2997.902558326218,1576695.3219955964,243
2018-08-18,2959.3808892506263,1572312.9479491138,243
2018-08-19,2921.264218884948,1567968.6905729969,243
2018-08-20,2883.85580251269,1563661.8416132522,243
2018-08-21,2847.049781174594,1559391.7986748456,243
2018-08-22,2810.801259767925,1555158.0042578457,243
2018-08-23,2775.025130287008,1550959.9859703267,243
2018-08-24,2740.0036696882075,1546796.9891434065,243
2018-08-25,2705.4535374417524,1542668.5424487328,243
2018-08-26,2666.5913662355947,1538578.9579252652,243
2018-08-27,2632.3759082567035,1534523.5888597765,243
2018-08-28,2596.6523362889043,1530503.9433662556,243
2018-08-29,2562.8960389955523,1526518.054170028,243
2018-08-30,2530.4940524736508,1522564.5669603224,243
2018-08-31,2498.459982684543,1518643.113820406,243
2018-09-01,2692.123911576181,1514948.3635037697,243
2018-09-02,2665.5189881379,1511280.2181105718,243
2018-09-03,2638.7631294623234,1507638.8285760495,243
2018-09-04,2611.9010251928803,1504024.3011457967,243
2018-09-05,2585.0522917037115,1500436.622449033,243
2018-09-06,2558.229440294973,1496875.766603678,243
2018-09-07,2531.426153083633,1493341.7140455344,243
2018-09-08,2504.6975487808913,1489834.3900916935,243
2018-09-09,2478.1273131126754,1486353.6363735208,243
2018-09-10,2451.8254320044753,1482899.1845364564,243
2018-09-11,2425.844081897124,1479470.7140494992,243
2018-09-12,2400.0868829228666,1476068.0007615164,243
2018-09-13,2374.4886720658496,1472690.8856843906,243
2018-09-14,2349.089981748092,1469339.1692975825,243
2018-09-15,2324.1057521121793,1466012.4371404103,243
2018-09-16,2299.303546259248,1462710.507189091,243
2018-09-17,2274.6787151068665,1459433.2020689242,243
2018-09-18,2250.246364179601,1456180.3292996846,243
2018-09-19,2226.0448334681087,1452951.6580611565,243
2018-09-20,2202.165002161705,1449746.8666539348,243
2018-09-21,2178.5055853501644,1446565.7346635247,243
2018-09-22,2155.1662759164565,1443407.9419825482,243
2018-09-23,2132.1022810566456,1440273.2132964316,243
2018-09-24,2109.3424814961136,1437161.2444098755,243
2018-09-25,2086.778794478926,1434071.8392103366,243
2018-09-26,2064.4065375340388,1431004.8062677425,243
2018-09-27,2042.474433690145,1427959.7054289924,243
2018-09-28,2020.8297796778597,1424936.2492442545,243
2018-09-29,1999.4682217746258,1421934.15461742,243
2018-09-30,1978.4495319834195,1418953.0786803765,243
2018-10-01,2232.6804595139924,1416245.0385463745,243
2018-10-02,2218.455066525575,1413551.223805361,243
2018-10-03,2203.685512074467,1410872.1786187985,243
2018-10-04,2188.4846569758024,1408208.3342873347,243
2018-10-05,2172.9935073030297,1405559.9811055437,243
2018-10-06,2157.386735235073,1402927.2346958206,243
2018-10-07,2141.8954812641837,1400309.9795400684,243
2018-10-08,2126.3385457466006,1397708.2813198338,243
2018-10-09,2110.822801620199,1395122.0988437256,243
2018-10-10,2095.2527301075984,1392551.48643913,243
2018-10-11,2079.6440858069923,1389996.482678835,243
2018-10-12,2064.037719147245,1387457.0852851998,243
2018-10-13,2048.462964417378,1384933.2626462944,243
2018-10-14,2032.3235776978195,1382425.5793941086,243
2018-10-15,2016.5270810299203,1379933.6926385907,243
2018-10-16,2000.945105949149,1377457.3878581536,243
2018-10-17,1985.4235830101766,1374996.6046006554,243
2018-10-18,1969.969881954335,1372551.275044213,243
2018-10-19,1954.589571864542,1370121.3257978605,243
2018-10-20,1939.2871356203336,1367706.6789877522,243
2018-10-21,1924.0658029701676,1365307.253510294,243
2018-10-22,1908.937581478583,1362922.9562543274,243
2018-10-23,1893.9580912482575,1360553.6384885912,243
2018-10-24,1879.0724197395261,1358199.2063943637,243
2018-10-25,1864.3267167578101,1355859.5200031179,243
2018-10-26,1849.7055883607477,1353534.454740269,243
2018-10-27,1835.1697149427723,1351223.9253508383,243
2018-10-28,1820.7325501038808,1348927.8331262465,243
2018-10-29,1806.5308782192528,1346645.9425735392,243
2018-10-30,1792.6792656012926,1344377.90363345,243
2018-10-31,1779.0791479162522,1342123.4648110457,243
2018-11-01,1917.3432979222498,1340043.0089533054,243
2018-11-02,1907.9221995498165,1337971.9741939376,243
2018-11-03,1898.229536948923,1335910.6320971707,243
2018-11-04,1888.2484941503144,1333859.2710432024,243
2018-11-05,1878.064683708094,1331818.0937996763,243
2018-11-06,1867.7417312229163,1329787.2395086354,243
2018-11-07,1857.2912553760334,1327766.8356934413,243
2018-11-08,1846.7755023629516,1325756.9476312604,243
2018-11-09,1836.3259115409683,1323757.5091599014,243
2018-11-10,1825.7870332095417,1321768.6095668739,243
2018-11-11,1815.2705772055424,1319790.2264298503,243
2018-11-12,1804.865876014076,1317822.2479940183,243
2018-11-13,1794.597999434417,1315864.5374347658,243
2018-11-14,1784.4442996563967,1313916.9805752914,243
2018-11-15,1774.2760826700478,1311979.5919328034,243
2018-11-16,1764.1021775474883,1310052.377195438,243
2018-11-17,1753.9294766280445,1308135.3351589919,243
2018-11-18,1743.7607970093022,1306228.4618021646,243
2018-11-19,1733.5956500367838,1304331.7535923098,243
2018-11-20,1723.436675534781,1302445.204356957,243
2018-11-21,1713.4294849433581,1300568.6623121956,243
2018-11-22,1703.5920400200057,1298701.9577123576,243
2018-11-23,1693.7815790408868,1296845.0635734987,243
2018-11-24,1683.7894139187056,1294998.161599762,243
2018-11-25,1674.122101406997,1293160.926938537,243
2018-11-26,1664.7291818582098,1291333.0851968608,243
2018-11-27,1655.1436714452802,1289514.8289655976,243
2018-11-28,1645.3620239309612,1287706.3543818486,243
2018-11-29,1636.0983218871634,1285907.1435001434,243
2018-11-30,1626.918680593336,1284117.112259732,243
2018-12-01,1615.4906294651785,1282333.266277599,243
2018-12-02,1606.4366084910919,1280558.4743164398,243
2018-12-03,1597.4364827017755,1278792.68248107,243
2018-12-04,1588.6476494272695,1277035.6794789748,243
2018-12-05,1580.039325626892,1275287.28480068,243
2018-12-06,1571.4786743052293,1273547.4507737067,243
2018-12-07,1562.9425505675365,1271816.1528704711,243
2018-12-08,1554.4379560142745,1270093.3595617888,243
2018-12-09,1545.9735657000904,1268379.0306434208,243
2018-12-10,1537.6026115320612,1266673.0726792207,243
2018-12-11,1529.2871490084556,1264975.4301775442,243
2018-12-12,1520.8590325287998,1263286.2157923474,243
2018-12-13,1512.2779243451998,1261605.5825153342,243
2018-12-14,1504.3492248524901,1259932.8779378138,243
2018-12-15,1496.2175940029313,1258268.3049911428,243
2018-12-16,1488.3261309527782,1256611.623507522,243
2018-12-17,1480.5138277240087,1254962.75432713,243
2018-12-18,1472.709637166093,1253321.689337296,243
2018-12-19,1464.9039452824265,1251688.4300393455,243
2018-12-20,1457.0655240470999,1250063.0091626304,243
2018-12-21,1448.9708452314128,1248445.682964731,243
2018-12-22,1441.2580094394264,1246836.0696026236,243
2018-12-23,1433.5776144676831,1245234.136635488,243
2018-12-24,1425.930470257624,1243639.8508125623,243
2018-12-25,1418.3170019803558,1242053.178457914,243
2018-12-26,1410.73625288261,1240474.0868523633,243
2018-12-27,1403.1899158871722,1238902.5415838081,243
2018-12-28,1395.6787670113602,1237338.5074641288,243
2018-12-29,1388.2035482277618,1235781.948563233,243
2018-12-30,1380.7650842350897,1234232.82812633,243
2018-12-31,1373.3636744912703,1232691.1090991707,243
2019-01-01,1363.4203316273931,1231153.7514492893,243
2019-01-02,1356.0278424967844,1229623.7862885385,243
2019-01-03,1348.5656986122783,1228101.2832716722,243
2019-01-04,1341.1887590627018,1226586.1571943555,243
2019-01-05,1333.9159193442035,1225078.3039567573,243
2019-01-06,47169.774711895036,1774597.7336800667,227
2019-01-07,15141.83664213481,1759983.4811984373,241
2019-01-08,64831.18760498107,2098722.085620779,231
2019-01-09,26038.589650082195,2104271.594093104,239
2019-01-10,20207.581748590368,2083890.0750262595,242
2019-01-11,43392.59420576159,2218974.503506526,235
2019-01-12,23618.123402198573,2195182.4427860733,242
2019-01-13,21671.122452116368,2173337.383015703,242
2019-01-14,24629.71166840788,2181567.035723841,241
2019-01-15,77132.36697603908,2437433.2093706205,232
2019-01-16,222943.63406248763,2986656.0257739034,231
2019-01-17,72732.99372289568,2985257.3053480033,237
2019-01-18,61862.31132300452,2960387.521790039,239
2019-01-19,108243.07705425823,3080892.5698750466,234
2019-01-20,87581.93336195221,3108119.0371840093,237
2019-01-21,59142.131637145096,3048802.96822861,242
2019-01-22,53966.46572930299,2994662.5651810532,242
2019-01-23,50135.75855816927,2944352.86930463,243
2019-01-24,46940.79260352792,2897238.139382848,243
2019-01-25,44127.42520761004,2852936.776856984,243
2019-01-26,41610.838156373036,2811152.001382357,243
2019-01-27,39358.56835814731,2771619.4957059557,243
2019-01-28,37321.77080186762,2734123.787585834,243
2019-01-29,35462.81030038025,2698487.0399672,243
2019-01-30,39295.98796560662,2693190.7505467674,241
2019-01-31,33617.340048174636,2659399.4731803387,243
2019-02-01,188779.3902859121,3129920.858229976,227
2019-02-02,82631.9450268913,3142990.420947439,237
2019-02-03,210643.8582053951,3418613.9393934915,229
2019-02-04,112067.15739924341,3438126.9718779074,236
2019-02-05,70477.29422187578,3367502.731779276,241
2019-02-06,63720.7492171615,3303635.0366853587,242
2019-02-07,58791.489686962275,3244696.6011216408,242
2019-02-08,108472.61801710722,3340863.245520884,235
2019-02-09,105115.8348050415,3385954.664223102,236
2019-02-10,63654.11575814063,3322153.6025882056,242
2019-02-11,62894.21217985336,3279616.728639096,241
2019-02-12,512844.3035753297,3953538.6855961336,238
2019-02-13,702062.0528027359,4439709.588557353,241
2019-02-14,324257.1037738684,4478317.601965408,232
2019-02-15,203442.1424000704,4420716.319324043,235
2019-02-16,144429.92095593244,4317688.509513023,238
2019-02-17,116497.93691417767,4201043.62672209,241
2019-02-18,104633.63612253038,4096263.044722804,242
2019-02-19,95203.37635682995,4000912.722489218,242
2019-02-20,87307.5775316442,3913458.1990808183,243
2019-02-21,80568.9392785803,3832742.3139254823,243
2019-02-22,74747.11416562932,3757848.2538830973,243
2019-02-23,69670.42112845468,3688030.886877887,243
2019-02-24,65236.45712917956,3622647.4838719517,243
2019-02-25,1025673.1427219594,4565232.652194921,242
2019-02-26,1658676.7006597272,5029972.26904469,242
2019-02-27,210329.6989606688,4862810.98444045,237
2019-02-28,163836.771934907,4698827.266628787,238
2019-03-01,305338.8549639498,4712586.259256283,232
2019-03-02,177977.9988857344,4605427.578339523,237
2019-03-03,142874.4850870912,4485566.119445273,240
2019-03-04,122409.49480943914,4366403.381230034,241
2019-03-05,425751.5464083534,4564438.3300130945,228
2019-03-06,165013.14608673207,4474442.627614788,238
2019-03-07,121521.37675645752,4352588.74634917,241
2019-03-08,195690.92473525216,4359201.387368228,235
2019-03-09,243367.16262648127,4391954.100061682,233
2019-03-10,122985.58441379176,4290776.6049575545,240
2019-03-11,104126.68842927963,4186317.4120191145,242
2019-03-12,94518.04923093403,4091466.85827902,242
2019-03-13,86747.42408842352,4004386.929681436,243
2019-03-14,80219.79119300834,3923834.6339792674,243
2019-03-15,74589.92214641898,3848912.207323688,243
2019-03-16,69699.54681017148,3778880.156004356,243
2019-03-17,65393.24368950063,3713154.407805695,243
2019-03-18,61515.83874691641,3651306.0645496184,243
2019-03-19,58008.110886829345,3592965.4491536287,243
2019-03-20,75152.77085012091,3599370.646914455,239
2019-03-21,62337.73033839085,3563406.8020079583,241
2019-03-22,358159.86394567695,4019885.170070055,231
2019-03-23,88013.03814351364,3931539.627417381,240
2019-03-24,78556.18399514715,3852650.9389130734,242
2019-03-25,172145.18647667032,3952666.8430483863,233
2019-03-26,166486.33913459312,3996025.5845674807,234
2019-03-27,121953.357284889,3973416.357968392,237
2019-03-28,255761.1852884579,4104621.7297776174,231
2019-03-29,93955.70699981498,4010333.518268642,241
2019-03-30,84044.22521286077,3925956.788546621,242
2019-03-31,77022.44423619044,3848601.83980127,242
2019-04-01,71333.69896801042,3776773.0761313085,243
2019-04-02,66522.70400481105,3709755.307424546,243
2019-04-03,62327.472779586846,3646932.769943008,243
2019-04-04,99008.7126510923,3692767.1119898846,237
2019-04-05,98199.41967409283,3711985.369485746,237
2019-04-06,100307.62310370135,3724790.0417879466,237
2019-04-07,65594.9422150626,3658700.034870933,242
2019-04-08,72971.67379815568,3630912.500051629,240
2019-04-09,59243.637063349066,3571173.7982863286,242
2019-04-10,55412.129278715634,3515266.6043056617,243
2019-04-11,52224.89924652449,3462546.640357186,243
2019-04-12,49409.25496679538,3412642.3206884395,243
2019-04-13,46882.30513736785,3365264.9508491205,243
2019-04-14,44592.330513290995,3320177.5556338783,243
2019-04-15,42508.13859918055,3277174.3523327466,243
2019-04-16,40603.55823139095,3236075.7293994045,243
2019-04-17,38860.45512556837,3196720.209571885,243
2019-04-18,37245.69136185425,3158979.4535080795,243
2019-04-19,35739.53910933475,3122744.8496967936,243
2019-04-20,34326.60756020474,3087923.1774346377,243
2019-04-21,32988.95771142694,3054439.1550212596,243
2019-04-22,31737.808929520128,3022206.2813897883,243
2019-04-23,30574.85345950949,2991136.3632283276,243
2019-04-24,29486.84466511936,2961154.453861257,243
2019-04-25,28464.173524821577,2932195.2156344843,243
2019-04-26,27505.20923702645,2904194.9416955067,243
2019-04-27,26599.714242890877,2877100.1627506646,243
2019-04-28,25739.770871833367,2850865.32717688,243
2019-04-29,24920.469270961294,2825449.7932039676,243
2019-04-30,24143.799425022145,2800810.9290769943,243
2019-05-01,23346.476472346185,2776857.4059356637,243
2019-05-02,22658.48871045241,2753591.870556227,243
2019-05-03,22005.71413185548,2730979.109755387,243
2019-05-04,21383.10117297627,2708988.9619134264,243
2019-05-05,20782.773437481446,2687599.1418069606,243
2019-05-06,20213.52561358463,2666778.5695243916,243
2019-05-07,19674.24888570288,2646497.2739697043,243
2019-05-08,19159.02819476284,2626731.199105957,243
2019-05-09,18668.501346834077,2607455.6510901386,243
2019-05-10,18202.929889125822,2588645.6745320284,243
2019-05-11,17762.338721889144,2570276.289141155,243
2019-05-12,17341.518810576832,2552327.7236615936,243
2019-05-13,16936.100412629152,2534784.57657998,243
2019-05-14,16545.897794045115,2517631.6321169506,243
2019-05-15,16171.2755489229,2500853.3098990433,243
2019-05-16,15806.20614833811,2484440.057081721,243
2019-05-17,15454.950604797878,2468378.0598079385,243
2019-05-18,108983.2497206931,2925630.8198696426,228
2019-05-19,50182.092420066125,2951365.48114971,238
2019-05-20,50438.985777958034,2979618.651044227,238
2019-05-21,35095.60769658962,2943915.996678653,242
2019-05-22,32647.00404550841,2910661.9459641604,242
2019-05-23,30927.28292266892,2879127.616372507,243
2019-05-24,29509.283926815333,2849011.2857767073,243
2019-05-25,28285.633826886842,2820118.605280836,243
2019-05-26,27200.877525988573,2792310.681085863,243
2019-05-27,26170.224269357117,2765533.4101475216,243
2019-05-28,25195.970494275985,2739730.3929842613,243
2019-05-29,24292.886604765037,2714830.459710512,243
2019-05-30,23451.890767130142,2690771.5222743973,243
2019-05-31,22664.515890929455,2667499.9597144835,243
2019-06-01,21844.04239119776,2644615.6817342527,243
2019-06-02,21137.266664601866,2622438.179480618,243
2019-06-03,20463.47769264458,2600934.4661989403,243
2019-06-04,19834.799488134686,2580059.4311217726,243
2019-06-05,19241.435244018216,2559777.7602887214,243
2019-06-06,18682.258363737263,2540055.266335951,243
2019-06-07,18150.737516170837,2520864.2932307473,243
2019-06-08,17638.60504727811,2502185.4525944362,243
2019-06-09,17154.70475860639,2483990.512246797,243
2019-06-10,16686.462344955657,2466263.814312808,243
2019-06-11,16244.524883660491,2448979.0538401147,243
2019-06-12,15823.851491159763,2432114.966759922,243
2019-06-13,15422.918452217247,2415651.8127186717,243
2019-06-14,15038.710726900961,2399572.866402738,243
2019-06-15,14669.262104540136,2383863.3687091647,243
2019-06-16,14316.46058203001,2368506.6725381017,243
2019-06-17,13982.760866386354,2353483.6760826823,243
2019-06-18,13664.687294161417,2338778.753199488,243
2019-06-19,13358.259272434287,2324380.2583380206,243
2019-06-20,13062.449173323814,2310277.573575664,243
2019-06-21,12775.764918350153,2296461.5730682807,243
2019-06-22,12496.677349103618,2282924.660130144,243
2019-06-23,12230.827331893615,2269653.5972092175,243
2019-06-24,11973.142318185888,2256640.2193019986,243
2019-06-25,11720.844981419858,2243879.138731546,243
2019-06-26,11468.009163443934,2231370.893979069,243
2019-06-27,11231.326950110499,2219099.3314399254,243
2019-06-28,11001.646671327766,2207057.4491795646,243
2019-06-29,10780.494812677152,2195236.7187778545,243
2019-06-30,10566.556431250185,2183629.9267575713,243
2019-07-01,10098.208448520167,2171738.577162871,243
2019-07-02,9869.724922856087,2160075.711093835,243
2019-07-03,9661.624363585146,2148620.94558407,243
2019-07-04,9460.339955510808,2137367.464482379,243
2019-07-05,9267.549237391217,2126306.774098808,243
2019-07-06,9078.410828610187,2115435.222124018,243
2019-07-07,8897.888456901772,2104744.192520936,243
2019-07-08,8713.62370400038,2094237.4276707557,243
2019-07-09,8536.541363362925,2083907.7451612127,243
2019-07-10,8358.999816341795,2073755.604198691,243
2019-07-11,8201.094948313901,2063761.368104197,243
2019-07-12,8048.778580102841,2053919.4483779143,243
2019-07-13,7900.270188256404,2044226.0370434779,243
2019-07-14,7755.39316608082,2034677.502731217,243
2019-07-15,7616.428823841507,2025267.9327611956,243
2019-07-16,7482.565920142229,2015992.2256948734,243
2019-07-17,7352.46932746843,2006846.615221225,243
2019-07-18,7224.919591722083,1997828.554483323,243
2019-07-19,7100.035423827129,1988935.3779133158,243
2019-07-20,6978.255420625447,1980163.9813465104,243
2019-07-21,6860.3293776672845,1971510.510822663,243
2019-07-22,6742.420791893038,1962974.94888459,243
2019-07-23,6624.7782778574665,1954557.0294605526,243
2019-07-24,6512.9687171396845,1946250.919597233,243
2019-07-25,6405.048911794792,1938052.7295392582,243
2019-07-26,6297.960625387733,1929961.6277676905,243
2019-07-27,6193.321394523843,1921975.1652269866,243
2019-07-28,6091.793043400864,1914090.2310374058,243
2019-07-29,5989.084254720486,1906308.0056365053,243
2019-07-30,5887.26409048378,1898627.6003998416,243
2019-07-31,5790.179360653278,1891044.2798930083,243
2019-08-01,5868.251886148433,1883753.0348496279,243
2019-08-02,5783.314766693124,1876546.7269257028,243
2019-08-03,5698.967001198054,1869424.7667672727,243
2019-08-04,5616.7441202385435,1862385.0294898022,243
2019-08-05,5534.460792043907,1855427.5755405263,243
2019-08-06,5455.272558919349,1848549.309824375,243
2019-08-07,5376.438800181457,1841749.8778669615,243
2019-08-08,5296.268807911043,1835030.6159018185,243
2019-08-09,5214.358542626918,1828393.2642019596,243
2019-08-10,5140.970850173811,1821829.3001945538,243
2019-08-11,5068.499146408596,1815337.8078909132,243
2019-08-12,4997.984585100281,1808916.830148581,243
2019-08-13,4929.128494513416,1802564.7084968355,243
2019-08-14,4861.850916104586,1796279.864423499,243
2019-08-15,4795.778758370978,1790061.092507896,243
2019-08-16,4729.138020468605,1783908.9613301954,243
2019-08-17,4663.958936873785,1777822.0092360897,243
2019-08-18,4600.939026619735,1771798.077052238,243
2019-08-19,4538.726602449975,1765836.357292556,243
2019-08-20,4476.117773099299,1759937.2463622247,243
2019-08-21,4415.450573038504,1754098.8026319542,243
2019-08-22,4356.256316793113,1748319.553157929,243
2019-08-23,4297.594559880401,1742598.9654408167,243
2019-08-24,4240.489957735603,1736935.4823258491,243
2019-08-25,4184.343819002117,1731328.145349615,243
2019-08-26,4129.054183418824,1725776.0980089642,243
2019-08-27,4074.6722239411524,1720278.432627791,243
2019-08-28,4021.141757787633,1714834.2977127715,243
2019-08-29,3968.7173220635946,1709442.5872334759,243
2019-08-30,3917.43880928304,1704102.1552669608,243
2019-08-31,3867.5668045421685,1698811.5953051867,243
2019-09-01,4015.0363451040566,1693793.9325550226,243
2019-09-02,3972.78008809483,1688818.5260618678,243
2019-09-03,3931.099450568271,1683884.8002062396,243
2019-09-04,3889.8583229059104,1678992.3154782737,243
2019-09-05,3848.9783893230588,1674140.7106838906,243
2019-09-06,3808.205515129327,1669329.8787637013,243
2019-09-07,3767.829720249235,1664559.422638392,243
2019-09-08,3727.9979653259024,1659828.7982680062,243
2019-09-09,3687.6964445573494,1655138.4754183888,243
2019-09-10,3648.118629401618,1650487.7303839272,243
2019-09-11,3609.3057255843405,1645875.798253283,243
2019-09-12,3570.894999713938,1641302.276848509,243
2019-09-13,3532.922014366205,1636766.7284290828,243
2019-09-14,3495.3873345668644,1632268.714689456,243
2019-09-15,3458.284906030468,1627807.8033783655,243
2019-09-16,3421.6556371257857,1623383.5213361797,243
2019-09-17,3385.123950862161,1618995.7709802575,243
2019-09-18,3348.8970571042255,1614644.2475180933,243
2019-09-19,3313.268743899952,1610328.3523691334,243
2019-09-20,3277.976392372114,1606047.7495717013,243
2019-09-21,3243.018120957141,1601802.1050456841,243
2019-09-22,3208.4500144408767,1597591.0286261833,243
2019-09-23,3174.395210855243,1593414.007010268,243
2019-09-24,3140.725247630685,1589270.6553575774,243
2019-09-25,3107.3814842242964,1585160.647468293,243
2019-09-26,3072.7086993640505,1581085.312363869,243
2019-09-27,3035.3754925786734,1577047.3104662304,243
2019-09-28,3003.031302676837,1573041.6527584936,243
2019-09-29,2971.0412444927015,1569067.9851089409,243
2019-09-30,2937.901406250264,1565127.4572976306,243
2019-10-01,3163.3644578943145,1561488.7331652483,243
2019-10-02,3139.1948766598593,1557874.1786141004,243
2019-10-03,3114.4778529100236,1554284.3410867024,243
2019-10-04,3089.404287563136,1550719.5771246513,243
2019-10-05,3064.1078541006077,1547180.1095960627,243
2019-10-06,3038.704488859244,1543666.0454327154,243
2019-10-07,3013.3433483633794,1540177.342409864,243
2019-10-08,2988.206865358364,1536713.7758700177,243
2019-10-09,2963.341904971015,1533275.0742905587,243
2019-10-10,2938.532156607334,1529861.1824594634,243
2019-10-11,2913.9977625275146,1526471.8250224479,243
2019-10-12,2889.8388284144107,1523106.6265195454,243
2019-10-13,2865.872804609325,1519765.3940404481,243
2019-10-14,2842.2254856906015,1516447.8088802695,243
2019-10-15,2818.731529510778,1513153.7176762708,243
2019-10-16,2795.404584885074,1509882.9534168977,243
2019-10-17,2772.225850024924,1506635.3678923848,243
2019-10-18,2749.2730187885113,1503410.7351991083,243
2019-10-19,2726.4659047093824,1500208.9096199109,243
2019-10-20,2703.778829823213,1497029.7711155997,243
2019-10-21,2681.2561458698124,1493873.1552952419,243
2019-10-22,2658.9660816387855,1490738.829539115,243
2019-10-23,2636.902984619804,1487626.5668800073,243
2019-10-24,2615.0663139454205,1484536.1408915739,243
2019-10-25,2593.4107543839723,1481467.370462702,243
2019-10-26,2572.0289385963347,1478419.9818496176,243
2019-10-27,2550.8098095103283,1475393.8123656192,243
2019-10-28,2529.7828740113996,1472388.6698171198,243
2019-10-29,2508.9507630259845,1469404.3593796059,243
2019-10-30,2488.2642728557926,1466440.735432262,243
2019-10-31,2467.750400702434,1463497.6253570716,243
2019-11-01,2595.8751384019497,1460738.6376588517,243
2019-11-02,2579.3664770142286,1457996.1586220195,243
2019-11-03,2562.6354525819997,1455270.4106096195,243
2019-11-04,2545.780863575136,1452561.5171862263,243
2019-11-05,2528.8500037178974,1449869.5546226904,243
2019-11-06,2511.9370210580173,1447194.5050418144,243
2019-11-07,2495.1375877975597,1444536.2548941988,243
2019-11-08,2478.310762523405,1441894.8315718574,243
2019-11-09,2461.4839726753644,1439270.235039364,243
2019-11-10,2444.6881980506814,1436662.4342814954,243
2019-11-11,2427.9413345874864,1434071.38038709,243
2019-11-12,2411.2219131732936,1431497.0459140986,243
2019-11-13,2394.644163510028,1428939.2891907706,243
2019-11-14,2378.1642081609107,1426398.0124227917,243
2019-11-15,2361.754699534701,1423873.145163439,243
2019-11-16,2345.4204348995927,1421364.6121687214,243
2019-11-17,2329.2169621160365,1418872.2826467874,243
2019-11-18,2313.1758179652616,1416395.994269004,243
2019-11-19,2297.3561963198817,1413935.5255128662,243
2019-11-20,2281.653183153562,1411490.7597698946,243
2019-11-21,2266.021790982887,1409061.6254190938,243
2019-11-22,2250.485421525512,1406648.0274377503,243
2019-11-23,2235.2426896353363,1404249.672188297,243
2019-11-24,2220.1867787206656,1401866.3728497582,243
2019-11-25,2205.309629339922,1399497.9506606003,243
2019-11-26,2190.668551315751,1397144.1695494666,243
2019-11-27,2176.170913220115,1394804.8860764285,243
2019-11-28,2162.065034660708,1392479.7084819498,243
2019-11-29,2148.212259181274,1390168.3836629505,243
2019-11-30,2134.5957314846682,1387870.6753716478,243
2019-12-01,2118.9256403365625,1385583.3943786433,243
2019-12-02,2105.4676916365033,1383309.5713343387,243
2019-12-03,2092.154280041902,1381049.0617016288,243
2019-12-04,2079.0432380280445,1378801.6631109328,243
2019-12-05,2066.0165030302933,1376567.2912552345,243
2019-12-06,2053.1217454647167,1374345.8141571018,243
2019-12-07,2040.323254426102,1372137.1355500077,243
2019-12-08,2027.5744511986607,1369941.205746141,243
2019-12-09,2014.8626787626174,1367757.9877147104,243
2019-12-10,2002.2057524340682,1365587.4266096083,243
2019-12-11,1989.6529511558813,1363429.4183057845,243
2019-12-12,1977.2729038471346,1361283.7900492693,243
2019-12-13,1965.005141473933,1359150.4295551274,243
2019-12-14,1952.8998764418986,1357029.1743260175,243
2019-12-15,1940.6848435437762,1354920.1341298057,243
2019-12-16,1928.9367728485715,1352822.8420042892,243
2019-12-17,1917.2842774282665,1350737.202374193,243
2019-12-18,1905.693933929176,1348663.1530875957,243
2019-12-19,1894.220203328737,1346600.577531599,243
2019-12-20,1882.8183210660693,1344549.403857865,243
2019-12-21,1871.4716890380707,1342509.5768161588,243
2019-12-22,1860.2333696802136,1340480.9880938106,243
2019-12-23,1849.0635665218335,1338463.5691746208,243
2019-12-24,1837.9292333066453,1336457.2845886461,243
2019-12-25,1827.0351381223638,1334461.8940978558,243
2019-12-26,1816.2401810980857,1332477.2985640897,243
2019-12-27,1805.5102392738675,1330503.4329721478,243
2019-12-28,1794.889660464459,1328540.1879590154,243
2019-12-29,1784.4465376023193,1326587.386068745,243
2019-12-30,1774.069031737837,1324644.9616843392,243
2019-12-31,1763.2031803912007,1322713.40315128,243
2020-01-01,1750.663673353644,1320788.8021596724,243
2020-01-02,1740.5855129477866,1318874.2793284706,243
2020-01-03,1730.5372981943954,1316969.8047120222,243
2020-01-04,1720.5735258742068,1315075.293867894,243
2020-01-05,1710.7293086934667,1313190.6272409465,243
2020-01-06,1701.0256742367353,1311315.6642484558,243
2020-01-07,1691.3658969798423,1309450.361033222,243
2020-01-08,1681.7427233225033,1307594.6809916454,243
2020-01-09,1672.158562969679,1305748.5851104218,243
2020-01-10,1662.611335008202,1303912.0364571596,243
2020-01-11,1653.0964419225063,1302085.002696983,243
2020-01-12,1643.625557246182,1300267.4398214829,243
2020-01-13,5100.821614633445,1359237.7995676382,240
2020-01-14,2929.9708843366543,1356133.8913650475,243
2020-01-15,19943.717097189103,1592337.8864839026,234
2020-01-16,22628.425813824957,1735554.869052472,236
2020-01-17,11486.814025367872,1723894.1177088502,242
2020-01-18,9989.438795812224,1713730.741594784,242
2020-01-19,9166.087186590332,1704390.7170899396,243
2020-01-20,21499.80798773357,1822695.0931326393,237
2020-01-21,44951.82179102203,2058600.1294359178,233
2020-01-22,19485.53143863895,2038940.6606790249,242
2020-01-23,17113.338335711072,2021653.3850250598,242
2020-01-24,15885.478403539193,2005593.9693032666,243
2020-01-25,37665.08321905037,2151686.4654946458,236
2020-01-26,20662.408085450792,2130850.120090941,242
2020-01-27,24257.542996083648,2149510.5609720657,240
2020-01-28,25045.64406859487,2167244.43830128,240
2020-01-29,20203.427631106024,2146867.07335192,242
2020-01-30,19106.815686177724,2127586.3203474884,243
2020-01-31,18248.477048721892,2109163.9059805125,243
2020-02-01,17499.370181090722,2091517.589922666,243
2020-02-02,16832.291405958647,2074538.3526399517,243
2020-02-03,16214.501565636428,2058176.9051975596,243
2020-02-04,15648.461467757881,2042381.497853046,243
2020-02-05,15120.742881542597,2027113.8090947478,243
2020-02-06,14623.776633631032,2012343.086584361,243
2020-02-07,14160.158793050157,1998035.9819145552,243
2020-02-08,13728.12381393515,1984160.9122238643,243
2020-02-09,13320.24155495508,1970693.7247921536,243
2020-02-10,12934.011502944692,1957612.7674124532,243
2020-02-11,12564.79313429288,1944901.0284014046,243
2020-02-12,12213.094120013588,1932540.9884046353,243
2020-02-13,11878.029840891775,1920516.0126869879,243
2020-02-14,11557.248307637465,1908811.8185025947,243
2020-02-15,11250.41649440356,1897414.4561314355,243
2020-02-16,10955.936127257593,1886311.5741274222,243
2020-02-17,10670.75822577911,1875493.8700248874,243
2020-02-18,10395.077487028031,1864951.8466611037,243
2020-02-19,10129.61476669676,1854675.2860176512,243
2020-02-20,9874.1332436463,1844654.2068972492,243
2020-02-21,9628.165302464799,1834879.0957180287,243
2020-02-22,9392.938325171186,1825339.2115161018,243
2020-02-23,9168.439742341698,1816023.8258970045,243
2020-02-24,8951.31641970348,1806925.5636005453,243
2020-02-25,8741.896799722746,1798036.7209240668,243
2020-02-26,8544.762380737639,1789345.0126665735,243
2020-02-27,8355.790782289174,1780842.2760075286,243
2020-02-28,8171.700831106457,1772523.6292996665,243
2020-02-29,7992.878216356564,1764383.8052065542,243
2020-03-01,7807.088723971183,1756244.2119734227,243
2020-03-02,7638.705487876572,1748273.0019763857,243
2020-03-03,7474.84698515283,1740465.6504820725,243
2020-03-04,7311.372353144363,1732821.7736197677,243
2020-03-05,7150.545773622254,1725338.723336985,243
2020-03-06,7001.934618107183,1718004.2842097175,243
2020-03-07,6858.512277148106,1710813.267423409,243
2020-03-08,6719.195940118656,1703761.56697413,243
2020-03-09,6583.378779516463,1696845.6836854531,243
2020-03-10,6451.2427518071145,1690061.9364244856,243
2020-03-11,6324.051853976818,1683405.3800613484,243
2020-03-12,6200.952955817711,1676871.9225963703,243
2020-03-13,6082.307936251536,1670457.1101509584,243
2020-03-14,5970.822434592899,1664153.7832072051,243
2020-03-15,5862.710011031153,1657958.5686870136,243
2020-03-16,5757.610034417035,1651868.4541434362,243
2020-03-17,5642.624704223965,1645893.3249300518,243
2020-03-18,5534.754691183707,1640026.0657297077,243
2020-03-19,5437.888861430949,1634255.6723591164,243
2020-03-20,5344.522007684131,1628578.6458422719,243
2020-03-21,5254.042590954248,1622992.0987421572,243
2020-03-22,5165.81438480285,1617493.779848194,243
2020-03-23,5081.11506114495,1612080.1602778886,243
2020-03-24,4996.155564537412,1606751.5002041908,243
2020-03-25,4901.937581773289,1601517.0581132572,243
2020-03-26,4823.714389547613,1596360.8392145492,243
2020-03-27,4748.207134492137,1591280.1275708966,243
2020-03-28,4673.500258018403,1586274.1228037179,243
2020-03-29,4601.929462373862,1581339.6888321836,243
2020-03-30,4531.951083910792,1576475.2332391124,243
2020-03-31,4463.482555425167,1571679.2461745269,243
2020-04-01,4301.40525910857,1566882.7762134671,243
2020-04-02,4233.124101553046,1562154.587409963,243
2020-04-03,4166.107004180251,1557493.4157038315,243
2020-04-04,4100.676067566898,1552897.6749343134,243
2020-04-05,4036.979960613119,1548365.630271749,243
2020-04-06,3974.9336922484717,1543895.6318775495,243
2020-04-07,3914.0045659068774,1539486.5626096914,243
2020-04-08,3854.463964078276,1535137.033943662,243
2020-04-09,3796.836962055814,1530845.132279655,243
2020-04-10,3740.694747791559,1526609.3728299122,243
2020-04-11,3685.807411064793,1522428.5007168963,243
2020-04-12,3632.810049018756,1518300.6259659263,243
2020-04-13,3580.977050802837,1514224.5842131723,243
2020-04-14,3530.5607060232933,1510198.9588051978,243
2020-04-15,3481.196770470523,1506222.6973327762,243
2020-04-16,3432.790686980289,1502294.8419438447,243
2020-04-17,3384.9282115026645,1498414.8490303908,243
2020-04-18,3338.4841473916813,1494581.300181048,243
2020-04-19,3293.0613079792156,1490793.1741711176,243
2020-04-20,3249.01482698175,1487049.0946421847,243
2020-04-21,3206.406129517526,1483347.623810716,243
2020-04-22,3165.1103357273887,1479687.4487730374,243
2020-04-23,3124.7432511494762,1476067.6408199368,243
2020-04-24,3085.186305363829,1472487.3898126218,243
2020-04-25,3046.0283798099763,1468946.2967308606,243
2020-04-26,3008.1050016201834,1465443.1270272892,243
2020-04-27,2970.9135303571156,1461977.148794981,243
2020-04-28,2933.99077604425,1458548.0933169855,243
2020-04-29,2898.461265638637,1455154.5673493957,243
2020-04-30,2863.742423440496,1451795.760224004,243
2020-05-01,2841.1028948403678,1448347.6106601793,243
2020-05-02,2802.203819504079,1444938.3601716908,243
2020-05-03,2764.943815204619,1441566.3696875018,243
2020-05-04,2730.1761422910045,1438229.1468762264,243
2020-05-05,2691.4618413367557,1434930.6383659053,243
2020-05-06,2658.36115720689,1431665.230539714,243
2020-05-07,2625.7297685067883,1428432.4541022228,243
2020-05-08,2594.8185324725478,1425230.5889007659,243
2020-05-09,2561.405941016345,1422062.1362907651,243
2020-05-10,2531.5972422527398,1418923.492379528,243
2020-05-11,2498.047883726262,1415818.3978268174,243
2020-05-12,2467.3508018118578,1412744.000356021,243
2020-05-13,2437.4013789336445,1409699.552308103,243
2020-05-14,2408.0715591843023,1406684.4340799344,243
2020-05-15,2378.8526980193114,1403698.5347129307,243
2020-05-16,2351.337912849222,1400740.150131097,243
2020-05-17,2325.183362072638,1397807.92010004,243
2020-05-18,2299.501154248907,1394901.3722768067,243
2020-05-19,2273.497548050784,1392020.8280597716,243
2020-05-20,2248.4802963101088,1389165.301094477,243
2020-05-21,2223.9427342040713,1386334.3116912886,243
2020-05-22,2199.4305558854962,1383527.8344664187,243
2020-05-23,2175.0561983129724,1380745.7315991214,243
2020-05-24,2151.509851103487,1377987.1750790335,243
2020-05-25,2127.1163960982362,1375253.0120139509,243
2020-05-26,2103.2757765907577,1372542.6895683757,243
2020-05-27,2080.5480087167366,1369855.0948906746,243
2020-05-28,2057.866810722348,1367190.1814109678,243
2020-05-29,2035.786259077095,1364547.3484829064,243
2020-05-30,2014.1183723528652,1361926.183441569,243
2020-05-31,1991.871586626467,1359327.2651859582,243
2020-06-01,1758.8467406765585,1356528.1828562487,243
2020-06-02,1730.0188156836693,1353757.928451532,243
2020-06-03,1696.280605240262,1351021.4122572588,243
2020-06-04,1666.3521271324744,1348314.8245410933,243
2020-06-05,1639.0387820955393,1345635.5501699648,243
2020-06-06,1615.7920965228723,1342979.522484409,243
2020-06-07,1593.8603267809403,1340345.426568595,243
2020-06-08,1572.4145867824582,1337732.7763927795,243
2020-06-09,1551.1221600899034,1335141.4186436567,243
2020-06-10,1527.7254922646125,1332573.457562359,243
2020-06-11,1506.962857331152,1330026.259115995,243
2020-06-12,1487.8953445297693,1327498.1281824321,243
2020-06-13,1469.064071524891,1324988.8285218743,243
2020-06-14,1449.8143670978052,1322498.7785657435,243
2020-06-15,1431.3996730269891,1320027.1433036835,243
2020-06-16,1412.8969015167122,1317574.0108131338,243
2020-06-17,1393.2900466946912,1315140.485177406,243
2020-06-18,1374.5109617225853,1312725.7386266505,243
2020-06-19,1355.8723931657178,1310329.6306444518,243
2020-06-20,1337.463638753633,1307951.9314166652,243
2020-06-21,1320.5432237261002,1305591.152603906,243
2020-06-22,1304.3982849223567,1303246.5187299508,243
2020-06-23,1288.6548742640325,1300917.6282666537,243
2020-06-24,1273.1502126478617,1298604.242464973,243
2020-06-25,1257.929998742652,1296306.0768771973,243
2020-06-26,1242.8254064596285,1294023.0158817046,243
2020-06-27,1227.8353144673192,1291754.9449782043,243
2020-06-28,1213.0550269717378,1289501.6543621996,243
2020-06-29,1198.4269901381367,1287262.9917830285,243
2020-06-30,1183.94938843814,1285038.8068055573,243
2020-07-01,735.059695888548,1282510.6059634888,243
2020-07-02,711.7925526164518,1280005.6722646924,243
2020-07-03,689.8349537623626,1277522.69616475,243
2020-07-04,668.6807112095457,1275060.8743073605,243
2020-07-05,648.1456823686649,1272619.5874788119,243
2020-07-06,629.027250175136,1270197.4190824567,243
2020-07-07,610.513582404009,1267793.7643538727,243
2020-07-08,591.4655192785476,1265409.1576884142,243
2020-07-09,573.1328830453613,1263042.8836591889,243
2020-07-10,554.680511397547,1260695.0620016113,243
2020-07-11,538.3648238254291,1258363.556031606,243
2020-07-12,522.1722716884733,1256048.2426137375,243
2020-07-13,506.6404969519981,1253748.4609706055,243
2020-07-14,491.9030666276858,1251463.4167577978,243
2020-07-15,476.24789503892407,1249194.027716579,243
2020-07-16,458.15731219342433,1246942.7292582055,243
2020-07-17,443.3882565842987,1244706.1998554412,243
2020-07-18,424.2461165103641,1242488.8125927509,243
2020-07-19,406.1550374659755,1240289.516409105,243
2020-07-20,390.0176690113776,1238106.3575939136,243
2020-07-21,373.1206433384259,1235940.0958043952,243
2020-07-22,359.85104089626566,1233787.103617319,243
2020-07-23,347.0706520970025,1231646.891819042,243
2020-07-24,333.6572590647311,1229520.0934137972,243
2020-07-25,320.8455443952744,1227406.106723222,243
2020-07-26,308.7057755461474,1225304.2598014958,243
2020-07-27,297.01387488772616,1223214.104780428,243
2020-07-28,285.3351443863985,1221135.6284898617,243
2020-07-29,273.9786851611034,1219068.5086585206,243
2020-07-30,262.9607513768178,1217012.4067609638,243
2020-07-31,252.0933455396489,1214967.1722692442,243
2020-08-01,474.6230994436978,1213069.5560125685,243
2020-08-02,468.6296592743224,1211177.9331960622,243
2020-08-03,460.654602716872,1209294.2854361134,243
2020-08-04,451.6192046694546,1207419.673074212,243
2020-08-05,441.1193240533671,1205555.5605929266,243
2020-08-06,430.58484896408345,1203701.9825867305,243
2020-08-07,419.57413435351054,1201859.415295145,243
2020-08-08,411.6018401998649,1200024.8202977132,243
2020-08-09,403.67764137774657,1198198.1494991034,243
2020-08-10,395.7089784063487,1196379.447363465,243
2020-08-11,386.1071926953359,1194570.3470135378,243
2020-08-12,377.66193847889963,1192769.691917827,243
2020-08-13,369.62504305011544,1190977.0737175448,243
2020-08-14,361.82490922693114,1189192.2556510859,243
2020-08-15,354.0461978690787,1187415.2162959848,243
2020-08-16,346.2836052679545,1185645.9395334849,243
2020-08-17,338.55669343793716,1183884.389682815,243
2020-08-18,330.8896038459702,1182130.506921737,243
2020-08-19,323.28686437635633,1180384.2269001286,243
2020-08-20,315.8927821255843,1178645.340960771,243
2020-08-21,308.5752443610313,1176913.772559178,243
2020-08-22,300.6233638547915,1175190.1560380913,243
2020-08-23,292.60159459473516,1173474.5612862646,243
2020-08-24,284.47576477002303,1171767.0923642626,243
2020-08-25,277.24259988773565,1170066.8566071428,243
2020-08-26,269.7412269634283,1168374.1222229474,243
2020-08-27,259.8714594817343,1166691.2576062337,243
2020-08-28,252.4843389689545,1165015.7801100328,243
2020-08-29,245.37243435085702,1163347.41451845,243
2020-08-30,238.29764693296465,1161686.123714285,243
2020-08-31,231.26783346427555,1160031.8627235887,243
2020-09-01,487.422487597515,1158541.8138309312,243
2020-09-02,485.21550881380506,1157053.9719170574,243
2020-09-03,482.48847893469326,1155568.8570330627,243
2020-09-04,479.4653750358365,1154086.765252967,243
2020-09-05,476.1193757013633,1152608.0194722055,243
2020-09-06,472.4970866863831,1151132.8959804592,243
2020-09-07,468.64492217248596,1149661.6246532267,243
2020-09-08,464.7104714681144,1148194.2877766986,243
2020-09-09,460.5953894884541,1146731.0659821501,243
2020-09-10,456.29822376563504,1145272.1413533245,243
2020-09-11,451.55892312696494,1143817.9560251376,243
2020-09-12,445.7883446214936,1142369.541275456,243
2020-09-13,440.90611005581275,1140926.0087603403,243
2020-09-14,436.15342148353636,1139487.2289337968,243
2020-09-15,431.4358899708121,1138053.166638766,243
2020-09-16,426.69781784836493,1136623.8424158576,243
2020-09-17,421.9030944475188,1135199.31291635,243
2020-09-18,417.0679535519547,1133779.6185577381,243
2020-09-19,412.19954455604136,1132364.792608122,243
2020-09-20,407.3140154397796,1130954.8521876223,243
2020-09-21,402.40915883828245,1129549.816623724,243
2020-09-22,396.88832664636254,1128150.3018920177,243
2020-09-23,390.9538881998259,1126756.721598758,243
2020-09-24,385.99810408993915,1125368.097089608,243
2020-09-25,381.03563263786316,1123984.43505191,243
2020-09-26,376.0414815156936,1122605.7671653344,243
2020-09-27,371.0135226257361,1121232.1272376487,243
2020-09-28,365.98913756229274,1119863.5116950264,243
2020-09-29,360.9698437038559,1118499.9154462626,243
2020-09-30,355.95739274595223,1117141.3316484566,243
2020-10-01,682.8860573495855,1115983.085916619,243
2020-10-02,684.1335372225964,1114823.5927049085,243
2020-10-03,684.4985803044052,1113663.734450116,243
2020-10-04,684.1900840906543,1112504.1846915374,243
2020-10-05,683.2491653794074,1111345.57585167,243
2020-10-06,681.8968016455998,1110188.3193755364,243
2020-10-07,680.3035484482185,1109032.6561526002,243
2020-10-08,678.4377163732075,1107878.858761739,243
2020-10-09,676.3438482524012,1106727.1552389986,243
2020-10-10,674.0605309705367,1105577.73503354,243
2020-10-11,671.6204192430829,1104430.754939809,243
2020-10-12,668.7404451127746,1103286.6548202082,243
2020-10-13,665.3599855755107,1102145.9351601447,243
2020-10-14,662.5289013229427,1101008.0465843338,243
2020-10-15,659.6034711657209,1099873.08343868,243
2020-10-16,656.5953193602269,1098741.1284448318,243
2020-10-17,653.5167530181003,1097612.2520173257,243
2020-10-18,650.3791475144332,1096486.5131953233,243
2020-10-19,647.1931727234856,1095363.9603481118,243
2020-10-20,643.9905308552203,1094244.6101427686,243
2020-10-21,640.7433765572147,1093128.5070917234,243
2020-10-22,637.4427906055586,1092015.7046266298,243
2020-10-23,634.088156009058,1090906.2567961328,243
2020-10-24,630.8052845610888,1089800.0918370837,243
2020-10-25,627.5022669746191,1088697.229895621,243
2020-10-26,624.176554640953,1087597.6936664921,243
2020-10-27,620.8802728738752,1086501.4537191303,243
2020-10-28,617.5592624551733,1085408.534782187,243
2020-10-29,614.2082330453792,1084318.9668746537,243
2020-10-30,610.8306451693294,1083232.7765549964,243
2020-10-31,607.4293752624304,1082149.987505246,243
2020-11-01,788.7335334571189,1081198.1414119708,243
2020-11-02,788.7194906940795,1080246.3093614588,243
2020-11-03,788.303996530326,1079294.8928051104,243
2020-11-04,787.5469836650527,1078344.2332616274,243
2020-11-05,786.503270547103,1077394.6174312623,243
2020-11-06,785.2260094030871,1076446.2788620412,243
2020-11-07,783.7534258274472,1075499.4128763957,243
2020-11-08,782.1174399007223,1074554.182876677,243
2020-11-09,780.345739355741,1073610.7245775033,243
2020-11-10,778.4520864861197,1072669.1599311992,243
2020-11-11,776.465587799169,1071729.581783582,243
2020-11-12,774.392067638656,1070792.0771561253,243
2020-11-13,772.2363264241367,1069856.7282698832,243
2020-11-14,770.0083504235017,1068923.6073596417,243
2020-11-15,767.716600949142,1067992.7781988746,243
2020-11-16,765.3677290782443,1067064.2979099783,243
2020-11-17,762.9716208695545,1066138.2137292908,243
2020-11-18,760.5219743896387,1065214.5791950831,243
2020-11-19,757.8309595328401,1064293.6356757323,243
2020-11-20,755.3114369860496,1063375.2116789282,243
2020-11-21,752.756049213197,1062459.343069897,243
2020-11-22,750.1381338368747,1061546.0923762422,243
2020-11-23,747.5054257223028,1060635.4743907019,243
2020-11-24,744.8861397371738,1059727.4756911467,243
2020-11-25,742.2852061909734,1058822.0779251377,243
2020-11-26,739.6758070571459,1057919.2895582626,243
2020-11-27,737.1205280809309,1057019.0564703636,243
2020-11-28,734.5391358541901,1056121.4047746914,243
2020-11-29,731.9529724663234,1055226.3392424071,243
2020-11-30,729.3602653902135,1054333.866417199,243
2020-12-01,723.6781278474712,1053441.8329366834,243
2020-12-02,720.9961411960878,1052552.4814428193,243
2020-12-03,718.3181364809618,1051665.8079536704,243
2020-12-04,715.6487694646687,1050781.8038315377,243
2020-12-05,712.9713308560652,1049900.4771480137,243
2020-12-06,710.2862817783364,1049021.8355135673,243
2020-12-07,707.5943548700063,1048145.8858060293,243
2020-12-08,704.896168690849,1047272.6342846705,243
2020-12-09,702.1938067909553,1046402.0851252115,243
2020-12-10,699.5103312590848,1045534.2194412844,243
2020-12-11,696.8280883606978,1044669.0360002557,243
2020-12-12,694.1546118561866,1043806.5260357315,243
2020-12-13,691.5239493498568,1042946.6467337137,243
2020-12-14,688.8916689632217,1042089.3997120825,243
2020-12-15,686.2621783260013,1041234.7821810885,243
2020-12-16,683.6654540871725,1040382.7613743333,243
2020-12-17,681.0712107944757,1039533.3348108708,243
2020-12-18,678.474900981387,1038686.5045572214,243
2020-12-19,675.8772739956378,1037842.2719305578,243
2020-12-20,673.279003671579,1037000.6375742182,243
2020-12-21,670.6807012279507,1036161.6015203223,243
2020-12-22,668.082925045722,1035325.1632426085,243
2020-12-23,665.4861883276365,1034491.3217016129,243
2020-12-24,662.8909659356334,1033660.0753830093,243
2020-12-25,660.297702080313,1032831.422328261,243
2020-12-26,657.7064187584667,1032005.3605568345,243
2020-12-27,654.9907032273234,1031182.0145009392,243
2020-12-28,652.3820591487213,1030361.2770891224,243
2020-12-29,649.6250453350124,1029543.2966911194,243
2020-12-30,646.9188984014083,1028728.02244005,243
2020-12-31,644.3278426819936,1027915.3392447,243
2021-01-01,638.4304620115151,1027102.9714644345,243
2021-01-02,635.7749557348732,1026293.2591904456,243
2021-01-03,633.133771362395,1025486.1881008293,243
2021-01-04,630.5056528466819,1024681.7451297286,243
2021-01-05,627.8895509011643,1023879.9182605734,243
2021-01-06,625.2849937135186,1023080.6959486059,243
2021-01-07,622.6915487805679,1022284.0670815713,243
2021-01-08,620.1082166107669,1021490.0215467066,243
2021-01-09,617.5391467553861,1020698.5450816972,243
2021-01-10,614.9939110935964,1019909.6138523496,243
2021-01-11,612.5098576064054,1019123.1666764892,243
2021-01-12,609.656483088999,1018339.5728751462,243
2021-01-13,607.1232250157343,1017558.5123318764,243
2021-01-14,604.6610522612762,1016779.9139613612,243
2021-01-15,602.2017796699954,1016003.7748634372,243
2021-01-16,599.7460890848022,1015230.0914560984,243
2021-01-17,597.2945711713116,1014458.859566673,243
2021-01-18,594.8477350109322,1013690.0745134081,243
2021-01-19,592.4027407070687,1012923.734454447,243
2021-01-20,589.9422668664781,1012159.8548693266,243
2021-01-21,587.5057767692786,1011398.4117743033,243
2021-01-22,585.0754418638833,1010639.3990141854,243
2021-01-23,582.6513638873882,1009882.810332044,243
2021-01-24,580.2329265275337,1009128.6400872625,243
2021-01-25,577.8212664011232,1008376.8815026074,243
2021-01-26,575.4167463606288,1007627.5274379927,243
2021-01-27,573.0195070969937,1006880.5706126417,243
2021-01-28,570.6296117990576,1006136.0036825887,243
2021-01-29,568.2438779196534,1005393.822486415,243
2021-01-30,565.8680744689489,1004654.0170936921,243
2021-01-31,563.5312835919037,1003916.5484918462,243
2021-02-01,577.5325525011294,1003192.0700625894,243
2021-02-02,575.5602456428469,1002469.5639401908,243
2021-02-03,573.4486059003402,1001749.1694575348,243
2021-02-04,571.4130837123967,1001030.8104970667,243
2021-02-05,569.3800965485289,1000314.4845237625,243
2021-02-06,567.316358998477,999600.2222880083,243
2021-02-07,565.2466740261889,998888.0297372264,243
2021-02-08,562.9506044008895,998178.1332560699,243
2021-02-09,560.8207626632075,997470.366616651,243
2021-02-10,558.7132972367699,996764.7074426585,243
2021-02-11,556.6019116517282,996061.1596542511,243
2021-02-12,554.4882162288422,995359.7255612665,243
2021-02-13,552.3735641667745,994660.4061203441,243
2021-02-14,550.2590974183413,993963.20114617,243
2021-02-15,548.1457836463242,993268.109485768,243
2021-02-16,546.0344474365129,992575.1291615758,243
2021-02-17,543.9257943505081,991884.2574904696,243
2021-02-18,541.8191409209403,991195.492472793,243
2021-02-19,539.711675252941,990508.8349207843,243
2021-02-20,537.6083894217745,989824.2806546069,243
2021-02-21,535.5101039272859,989141.8246739239,243
2021-02-22,533.4218886430035,988461.4569085252,243
2021-02-23,531.3994479228868,987783.1115838466,243
2021-02-24,529.4071066681654,987106.7586004228,243
2021-02-25,527.4190562308659,986432.3936674362,243
2021-02-26,525.4356882849834,985760.0121023955,243
2021-02-27,523.4573842638065,985089.608841376,243
2021-02-28,521.4844421799653,984421.1785224404,243
2021-03-01,480.0305841347674,983608.6434291452,243
2021-03-02,443.23132020342223,982832.9075997814,243
2021-03-03,437.72515080114886,982062.6779398199,243
2021-03-04,401.2935774703749,981328.8798531891,243
2021-03-05,397.29414877099975,980599.0811952577,243
2021-03-06,393.4404925492365,979873.1361935481,243
2021-03-07,389.70890977922886,979150.9227746085,243
2021-03-08,386.08312264401525,978432.3351428041,243
2021-03-09,382.5210148457211,977717.309618798,243
2021-03-10,378.8804942015797,977005.924615436,243
2021-03-11,375.3085862660321,976298.1115200096,243
2021-03-12,371.82483996488213,975593.7821708843,243
2021-03-13,368.4217129019328,974892.855948822,243
2021-03-14,365.0929420695413,974195.2584975921,243
2021-03-15,361.83325229412935,973500.9207361375,243
2021-03-16,358.64083739360854,972809.7753895835,243
2021-03-17,355.52096046567954,972121.7499199575,243
2021-03-18,352.4957615850965,971436.749649212,243
2021-03-19,349.529693250219,970754.7154468014,243
2021-03-20,346.61147140888556,970075.5994662321,243
2021-03-21,343.7350237451267,969399.3599333266,243
2021-03-22,340.9180595667806,968725.9373645994,243
2021-03-23,338.15337045458205,968055.2794849845,243
2021-03-24,335.42970806385915,967387.3452677602,243
2021-03-25,332.7442694433505,966722.0964891565,243
2021-03-26,330.09619562900684,966059.4957843671,243
2021-03-27,327.4842549630214,965399.5070202437,243
2021-03-28,324.90722460802704,964742.0952864753,243
2021-03-29,322.36390433334805,964087.2268729815,243
2021-03-30,319.85292790331937,963434.8694359178,243
2021-03-31,317.3689228877431,962784.9960038697,243
2021-04-01,222.19611885904192,962067.7351830595,243
2021-04-02,216.91959837689387,961355.7508827314,243
2021-04-03,211.9330002242266,960648.753180556,243
2021-04-04,207.19134670466042,959946.4971319002,243
2021-04-05,202.50117981927792,959248.9312501297,243
2021-04-06,198.0382782293516,958555.8282699492,243
2021-04-07,193.83147909823197,957866.9320888998,243
2021-04-08,189.76442677288173,957182.1029601757,243
2021-04-09,185.8222036336581,956501.2160545909,243
2021-04-10,181.99411986936207,955824.1572327703,243
2021-04-11,178.33095810730333,955150.7615727119,243
2021-04-12,174.78656338567703,954480.910307375,243
2021-04-13,171.2835655658771,953814.562039858,243
2021-04-14,167.86151555709398,953151.6358223497,243
2021-04-15,164.5323579618041,952492.0387624367,243
2021-04-16,161.26777369196384,951835.7062867936,243
2021-04-17,158.04962924092865,951182.5919556015,243
2021-04-18,154.8850672970791,950532.6421863532,243
2021-04-19,151.7532288545542,949885.8242555475,243
2021-04-20,148.62583880143097,949242.1337147949,243
2021-04-21,145.31502398853513,948601.7539888552,243
2021-04-22,142.14826835894814,947964.541018545,243
2021-04-23,139.22048261312625,947330.2558339807,243
2021-04-24,136.33550634496237,946698.8556256846,243
2021-04-25,133.53092437719783,946070.2599993562,243
2021-04-26,130.76533622450984,945444.4299611805,243
2021-04-27,128.00883976386717,944821.3564194655,243
2021-04-28,125.29207967075376,944200.9996378436,243
2021-04-29,122.61936407820644,943583.3155718142,243
2021-04-30,119.98898235620322,942968.2618875068,243
2021-05-01,33.78226853879323,942327.4329499836,243
2021-05-02,29.141252471438293,941691.2450285278,243
2021-05-03,27.12178094948331,941057.0765785939,243
2021-05-04,25.207229874517452,940424.822679735,243
2021-05-05,23.33621381987041,939794.4397969308,243
2021-05-06,21.106415593136717,939166.2867123532,243
2021-05-07,17.878918084270936,938541.3611252846,243
2021-05-08,14.85038634210514,937919.4640699581,243
2021-05-09,13.285678298516814,937299.1317226752,243
2021-05-10,11.784595704243202,936680.3004579865,243
2021-05-11,10.337607187057529,936062.9161818151,243
2021-05-12,8.440720497818347,935447.4287923329,243
2021-05-13,4.4221645490747505,934835.9599587994,243
2021-05-14,2.5158789146939853,934226.3974109003,243
2021-05-15,1.1656106166324207,933618.1851312993,243
2021-05-16,0.0,933011.3729631563,243
2021-05-17,0.0,932406.8395201098,243
2021-05-18,0.0,931803.6195196304,243
2021-05-19,0.0,931201.7037809219,243
2021-05-20,0.0,930601.084923195,243
2021-05-21,0.0,930001.7570901392,243
2021-05-22,0.0,929403.7199265978,243
2021-05-23,0.0,928806.9756919264,243
2021-05-24,0.0,928213.0988072525,243
2021-05-25,0.0,927622.1737788703,243
2021-05-26,0.0,927032.5446832692,243
2021-05-27,0.0,926444.2144038484,243
2021-05-28,0.0,925857.1906943492,243
2021-05-29,0.0,925271.4722101358,243
2021-05-30,0.0,924687.0576558225,243
2021-05-31,0.0,924103.9455774738,243
2021-06-01,0.0,923382.1965152638,243
2021-06-02,0.0,922666.7754556364,243
2021-06-03,0.0,921956.8476413242,243
2021-06-04,0.0,921251.8142173402,243
2021-06-05,0.0,920551.828584562,243
2021-06-06,0.0,919858.3581345682,243
2021-06-07,0.0,919168.5983273967,243
2021-06-08,0.0,918482.2647414138,243
2021-06-09,0.0,917799.1267850791,243
2021-06-10,0.0,917118.9896068843,243
2021-06-11,0.0,916441.6873506005,243
2021-06-12,0.0,915767.0791375921,243
2021-06-13,0.0,915095.0516135737,243
2021-06-14,0.0,914426.098943613,243
2021-06-15,0.0,913760.4932587282,243
2021-06-16,0.0,913098.9997594426,243
2021-06-17,0.0,912442.7619616622,243
2021-06-18,0.0,911788.7615876109,243
2021-06-19,0.0,911137.885571108,243
2021-06-20,0.0,910489.1863953331,243
2021-06-21,0.0,909842.5787525296,243
2021-06-22,0.0,909198.0132960563,243
2021-06-23,0.0,908555.4435762952,243
2021-06-24,0.0,907915.2486380826,243
2021-06-25,0.0,907278.5250915182,243
2021-06-26,0.0,906643.6899082344,243
2021-06-27,0.0,906010.7159019129,243
2021-06-28,0.0,905384.2938657448,243
2021-06-29,0.0,904768.900779148,243
2021-06-30,0.0,904155.6150896838,243
2021-07-01,0.0,903335.1801657454,243
2021-07-02,0.0,902526.6710293051,243
2021-07-03,0.0,901728.0732808155,243
2021-07-04,0.0,900938.3060908921,243
2021-07-05,0.0,900157.2963762255,243
2021-07-06,0.0,899383.8057129844,243
2021-07-07,0.0,898617.0099205349,243
2021-07-08,0.0,897857.6510468598,243
2021-07-09,0.0,897106.3692597583,243
2021-07-10,0.0,896360.6701855165,243
2021-07-11,0.0,895620.1237960826,243
2021-07-12,0.0,894884.4513561362,243
2021-07-13,0.0,894153.4350255147,243
2021-07-14,0.0,893439.8244019622,243
2021-07-15,0.0,892739.2050501503,243
2021-07-16,0.0,892043.1825465832,243
2021-07-17,0.0,891351.5658415796,243
2021-07-18,0.0,890664.1815406868,243
2021-07-19,0.0,889984.9853865232,243
2021-07-20,0.0,889310.325037814,243
2021-07-21,0.0,888639.5139414163,243
2021-07-22,0.0,887972.4176605652,243
2021-07-23,0.0,887308.9033721576,243
2021-07-24,0.0,886648.8661060813,243
2021-07-25,0.0,885992.2085157819,243
2021-07-26,0.0,885338.8395898559,243
2021-07-27,0.0,884689.1267856478,243
2021-07-28,0.0,884042.8540774628,243
2021-07-29,0.0,883400.2534886892,243
2021-07-30,0.0,882760.6444007307,243
2021-07-31,0.0,882127.0973731955,243
2021-08-01,0.0,881575.7657075657,243
2021-08-02,0.0,881022.8251952872,243
2021-08-03,0.0,880468.7875140368,243
2021-08-04,0.0,879914.0674516526,243
2021-08-05,0.0,879359.0021112286,243
2021-08-06,0.0,878803.8707548915,243
2021-08-07,0.0,878248.8998868075,243
2021-08-08,0.0,877694.2720429117,243
2021-08-09,0.0,877140.1380887129,243
2021-08-10,0.0,876586.6230981406,243
2021-08-11,0.0,876033.8308106591,243
2021-08-12,0.0,875481.8465476392,243
2021-08-13,0.0,874930.7431456966,243
2021-08-14,0.0,874380.5819754761,243
2021-08-15,0.0,873831.4153560787,243
2021-08-16,0.0,873283.2877628889,243
2021-08-17,0.0,872736.2371081477,243
2021-08-18,0.0,872190.2957792633,243
2021-08-19,0.0,871645.4915445682,243
2021-08-20,0.0,871101.8479084638,243
2021-08-21,0.0,870559.3829423507,243
2021-08-22,0.0,870018.114403198,243
2021-08-23,0.0,869478.0581363114,243
2021-08-24,0.0,868939.2277183444,243
2021-08-25,0.0,868401.634927711,243
2021-08-26,0.0,867865.2900833314,243
2021-08-27,0.0,867330.2020376117,243
2021-08-28,0.0,866796.3783354542,243
2021-08-29,0.0,866263.8253764398,243
2021-08-30,0.0,865732.5485253346,243
2021-08-31,0.0,865202.5522005025,243
2021-09-01,0.0,864776.3390191327,243
2021-09-02,0.0,864346.6755866436,243
2021-09-03,0.0,863914.183760131,243
2021-09-04,0.0,863479.3767807853,243
2021-09-05,0.0,863042.9369378119,243
2021-09-06,0.0,862605.1861068767,243
2021-09-07,0.0,862166.2139174567,243
2021-09-08,0.0,861726.2618491648,243
2021-09-09,0.0,861286.2011848977,243
2021-09-10,0.0,860845.6753529165,243
2021-09-11,0.0,860404.7223623319,243
2021-09-12,0.0,859963.474274461,243
2021-09-13,0.0,859522.0334260948,243
2021-09-14,0.0,859080.4987012278,243
2021-09-15,0.0,858638.9604439654,243
2021-09-16,0.0,858197.4988709601,243
2021-09-17,0.0,857756.1855491238,243
2021-09-18,0.0,857315.0846262854,243
2021-09-19,0.0,856874.2538475457,243
2021-09-20,0.0,856433.7453981664,243
2021-09-21,0.0,855993.6066022243,243
2021-09-22,0.0,855553.8805241691,243
2021-09-23,0.0,855114.6064631284,243
2021-09-24,0.0,854675.8203735222,243
2021-09-25,0.0,854237.5552259226,243
2021-09-26,0.0,853799.8414646781,243
2021-09-27,0.0,853362.7068471087,243
2021-09-28,0.0,852926.1768974094,243
2021-09-29,0.0,852490.2753792206,243
2021-09-30,0.0,852055.0255657831,243
2021-10-01,0.0,851751.8479333553,243
2021-10-02,0.0,851442.9800512292,243
2021-10-03,0.0,851129.357670398,243
2021-10-04,0.0,850811.7048771547,243
2021-10-05,0.0,850490.5897768359,243
2021-10-06,0.0,850166.4785000427,243
2021-10-07,0.0,849839.7567340757,243
2021-10-08,0.0,849510.7470742445,243
2021-10-09,0.0,849179.7226483144,243
2021-10-10,0.0,848846.9174799928,243
2021-10-11,0.0,848512.534051243,243
2021-10-12,0.0,848176.7492279797,243
2021-10-13,0.0,847839.7188623527,243
2021-10-14,0.0,847501.5813824611,243
2021-10-15,0.0,847162.4606843947,243
2021-10-16,0.0,846822.4686059458,243
2021-10-17,0.0,846481.7061024518,243
2021-10-18,0.0,846140.2649876468,243
2021-10-19,0.0,845798.2291871049,243
2021-10-20,0.0,845455.6757180751,243
2021-10-21,0.0,845112.6755047524,243
2021-10-22,0.0,844769.2940884628,243
2021-10-23,0.0,844425.5921912959,243
2021-10-24,0.0,844081.6718682385,243
2021-10-25,0.0,843737.5878257346,243
2021-10-26,0.0,843393.3502715009,243
2021-10-27,0.0,843049.0048423137,243
2021-10-28,0.0,842704.595446437,243
2021-10-29,0.0,842360.167171079,243
2021-10-30,0.0,842015.757748683,243
2021-10-31,0.0,841671.4009874121,243
2021-11-01,89.69188680950268,841418.5965407846,243
2021-11-02,93.07466871718592,841162.4093122494,243
2021-11-03,95.99368204242731,840903.303070389,243
2021-11-04,98.53399530841219,840641.6565152626,243
2021-11-05,100.74522723230714,840377.7987282122,243
2021-11-06,102.64442535195215,840112.0417430423,243
2021-11-07,104.32537216433505,839844.60381106,243
2021-11-08,28152.373511820682,1308058.6405080003,229
2021-11-09,17267.55585527963,1380641.932334967,238
2021-11-10,10683.242408720509,1369795.5773664284,242
2021-11-11,8969.843033979147,1360662.6217726313,242
2021-11-12,8031.0303340963665,1352468.478878717,243
2021-11-13,7390.381689117487,1344914.9846297815,243
2021-11-14,6934.945215685258,1337816.9268542782,243
2021-11-15,6593.097727036068,1331060.7165674241,243
2021-11-16,6306.027716557227,1324591.576291049,243
2021-11-17,6042.716268047422,1318385.7474631835,243
2021-11-18,5791.312785968615,1312431.3221173969,243
2021-11-19,5570.511327864101,1306697.6982297148,243
2021-11-20,5398.251058101153,1301136.3346117956,243
2021-11-21,5245.12107630769,1295728.10097567,243
2021-11-22,5082.440478278521,1290482.5479375734,243
2021-11-23,4926.595912100945,1285392.8394656545,243
2021-11-24,4783.92775724359,1280445.7991485929,243
2021-11-25,4661.851014311856,1275620.835574463,243
2021-11-26,4547.7405678087025,1270909.9824468363,243
2021-11-27,4430.457777749944,1266316.4121092684,243
2021-11-28,4315.689632417366,1261837.609917033,243
2021-11-29,4205.929036291281,1257468.5683209237,243
2021-11-30,4107.412018603144,1253198.0437425026,243
2021-12-01,4026.29456059737,1249003.3938292372,243
2021-12-02,3947.3359813844772,1244887.7024951847,243
2021-12-03,3867.764293799967,1240851.5828487168,243
2021-12-04,3791.4160784355818,1236891.8114176132,243
2021-12-05,3721.850759953585,1233001.6053049916,243
2021-12-06,3649.1748312188765,1229184.0751211047,243
2021-12-07,3574.2940880983124,1225441.4256803384,243
2021-12-08,3499.570203660148,1221773.5001240103,243
2021-12-09,3426.354904404933,1218178.7898669373,243
2021-12-10,3357.342305468953,1214653.0922088004,243
2021-12-11,22705.012951170153,1481656.7972773586,233
2021-12-12,85541.96164332516,1994965.6584369591,228
2021-12-13,87748.82514496957,2251196.678531062,231
2021-12-14,31659.452155368494,2219368.8710230254,240
2021-12-15,122406.51197625813,2571433.3629071107,229
2021-12-16,43265.41609213604,2527999.5914623067,241
2021-12-17,38800.509466115946,2489030.7266435227,242
2021-12-18,36247.70427923473,2452614.66701162,242
2021-12-19,34179.40038651377,2418266.9112724382,243
2021-12-20,32421.972562852407,2385676.583356918,243
2021-12-21,57151.601565661666,2492797.4667948345,236
2021-12-22,126704.2576378443,2776925.9729386,230
2021-12-23,121022.2170355334,2929966.7122904984,233
2021-12-24,108707.22657480839,3015443.0131152896,235
2021-12-25,90251.8996613592,3041343.7499715774,237
2021-12-26,117005.81896932953,3130482.9532237146,234
2021-12-27,66564.96047075598,3074103.2695902325,241
2021-12-28,92251.304989422,3115100.578483785,237
2021-12-29,63618.611235961434,3065589.634730449,241
2021-12-30,55975.30541561274,3009445.973962168,242
2021-12-31,51818.18228575178,2957459.4363237484,243
2022-01-01,48380.21975939514,2908905.2792460993,243
2022-01-02,49674.962492274106,2881955.9395400044,241
2022-01-03,134424.14006807463,3117466.6442564987,231
2022-01-04,59949.68839335035,3066158.110142583,241
2022-01-05,53478.645432096244,3014968.0321265617,242
2022-01-06,61470.36201850475,3010340.203452181,240
2022-01-07,60982.72161330972,3005236.048921789,240
2022-01-08,48142.5326902259,2956919.578913309,242
2022-01-09,44862.24559110662,2911883.3960039485,243
2022-01-10,42179.90825273868,2869529.550432956,243
2022-01-11,39840.42241572568,2829515.190698976,243
2022-01-12,37742.287106110045,2791598.966274612,243
2022-01-13,35847.43359869419,2755577.595357664,243
2022-01-14,34121.16585298887,2721282.492186421,243
2022-01-15,32537.08606200645,2688571.4688061606,243
2022-01-16,31078.83039086897,2657318.7010970376,243
2022-01-17,29731.928652068862,2627412.835126715,243
2022-01-18,28476.177523408347,2598762.7202850524,243
2022-01-19,27307.534363492654,2571281.248603306,243
2022-01-20,26211.61809392672,2544895.693191125,243
2022-01-21,25190.438247806655,2519531.3176250644,243
2022-01-22,24244.551754224376,2495112.828552586,243
2022-01-23,23367.502879145817,2471571.388355186,243
2022-01-24,22543.622508134955,2448853.8285287973,243
2022-01-25,21765.519151252956,2426914.3720592903,243
2022-01-26,21030.878840341495,2405709.555900695,243
2022-01-27,20337.91919759827,2385197.6993848425,243
2022-01-28,19677.642129190528,2365346.119937398,243
2022-01-29,19052.545673874003,2346119.63694527,243
2022-01-30,18465.27612482969,2327480.4235021863,243
2022-01-31,17909.51808081221,2309396.96810312,243
2022-02-01,17387.143054980843,2291862.8791713836,243
2022-02-02,16888.599892709462,2274827.3334019184,243
2022-02-03,16414.091015463753,2258266.296509699,243
2022-02-04,15961.378136800662,2242157.9724961426,243
2022-02-05,15529.726850754641,2226481.2997686323,243
2022-02-06,15117.483899433691,2211216.869992443,243
2022-02-07,14727.62917924818,2196342.294936439,243
2022-02-08,14355.494529100195,2181839.854530583,243
2022-02-09,14003.479315280043,2167689.4293385474,243
2022-02-10,13664.459671942112,2153878.0237898496,243
2022-02-11,13337.403587014009,2140393.67432608,243
2022-02-12,13022.591958751962,2127224.1364905722,243
2022-02-13,12720.356778673888,2114356.8338351427,243
2022-02-14,12429.379842912373,2101780.5081154746,243
2022-02-15,12149.947508569401,2089483.6147301495,243
2022-02-16,11882.28541117121,2077454.3834422226,243
2022-02-17,11625.803817073875,2065681.633748393,243
2022-02-18,11377.760938234222,2054156.9269334031,243
2022-02-19,11137.595493156523,2042872.385563491,243
2022-02-20,10905.259713109177,2031820.179973626,243
2022-02-21,10680.995529573936,2020992.2385672964,243
2022-02-22,10463.10729693022,2010382.1853936105,243
2022-02-23,10251.812228537923,1999983.427288317,243
2022-02-24,10047.184440561863,1989789.2969709993,243
2022-02-25,9848.978246518936,1979793.3728477247,243
2022-02-26,9656.05824114039,1969990.3687298286,243
2022-02-27,9469.080329377497,1960374.3425236954,243
2022-02-28,9288.00346419291,1950939.3931827468,243
2022-03-01,9099.608769300301,1941507.2799042861,243
2022-03-02,8928.059655414103,1932246.7157397117,243
2022-03-03,8762.823881108454,1923151.3873494428,243
2022-03-04,8604.710509634717,1914214.1723306477,243
2022-03-05,8452.142349899188,1905429.5254715881,243
2022-03-06,8303.077350984235,1896793.9436114435,243
2022-03-07,8153.82082261974,1888307.6182796634,243
2022-03-08,8007.927491729986,1879967.186278773,243
2022-03-09,7872.920891294629,1871761.760878318,243
2022-03-10,7741.588918141462,1863687.6674510161,243
2022-03-11,7616.642242917698,1855738.520698938,243
2022-03-12,7496.492830013298,1847909.5233597644,243
2022-03-13,7379.030852747523,1840197.9879978565,243
2022-03-14,7264.4741408381615,1832601.009347858,243
2022-03-15,7153.156957548485,1825115.347881149,243
2022-03-16,7043.962799003255,1817738.8805729854,243
2022-03-17,6936.518476340594,1810469.8575874844,243
2022-03-18,6831.872435916355,1803305.4806424077,243
2022-03-19,6729.813443349116,1796243.1626898982,243
2022-03-20,6630.188979377412,1789280.4692013604,243
2022-03-21,6521.429996463145,1782426.5346957368,243
2022-03-22,6420.667168321228,1775673.3630182552,243
2022-03-23,6325.316965569184,1769015.5415435256,243
2022-03-24,6233.560138707189,1762449.476895658,243
2022-03-25,6144.934592630389,1755972.0377938673,243
2022-03-26,6058.139400732611,1749581.3938839743,243
2022-03-27,5973.636149221473,1743275.2532255924,243
2022-03-28,5886.455520364829,1737056.2931960672,243
2022-03-29,5794.444679462258,1730929.3440074446,243
2022-03-30,5714.284486282291,1724882.555012002,243
2022-03-31,5635.59015537696,1718914.4603474645,243
2022-04-01,5462.990821329112,1712956.4048241843,243
2022-04-02,5384.4918245481595,1707076.848297685,243
2022-04-03,5308.992565621788,1701272.791030112,243
2022-04-04,5235.804237196854,1695541.922090964,243
2022-04-05,5164.943245001769,1689881.914144011,243
2022-04-06,5095.558747262162,1684291.2906947976,243
2022-04-07,5027.892438104543,1678768.333554742,243
2022-04-08,4961.736796007891,1673311.5320567829,243
2022-04-09,4896.63960515282,1667919.8277496789,243
2022-04-10,4833.129113986789,1662591.633933741,243
2022-04-11,4771.071912440172,1657325.4973193496,243
2022-04-12,4710.3459036750055,1652120.0867137234,243
2022-04-13,4650.741396363758,1646974.2806154084,243
2022-04-14,4592.205188685496,1641887.0107247718,243
2022-04-15,4534.213192487069,1636857.7328303335,243
2022-04-16,4477.436105148568,1631885.2320232338,243
2022-04-17,4421.986936172404,1626968.1803851102,243
2022-04-18,4367.555705983358,1622105.5599771757,243
2022-04-19,4314.651361259565,1617295.843913965,243
2022-04-20,4262.860736275957,1612537.9184757378,243
2022-04-21,4211.952068657315,1607830.9017051293,243
2022-04-22,4162.0335872668575,1603173.8034159113,243
2022-04-23,4112.685936048095,1598566.052777912,243
2022-04-24,4063.923047319454,1594007.0650286414,243
2022-04-25,4015.867472944715,1589496.1328537455,243
2022-04-26,3968.117778829931,1585032.9503729644,243
2022-04-27,3921.6581943691044,1580616.227476644,243
2022-04-28,3875.7410424686304,1576245.4217322243,243
2022-04-29,3830.8449733114603,1571919.5120569617,243
2022-04-30,3786.802232631416,1567637.645122379,243
2022-05-01,3765.6572336536615,1563264.941219741,243
2022-05-02,3717.320772964113,1558940.5737777925,243
2022-05-03,3663.320110368381,1554670.2069984397,243
2022-05-04,3616.9831679578188,1550446.1771614975,243
2022-05-05,3571.2209876927795,1546267.9095048204,243
2022-05-06,3526.862469835511,1542134.0003660005,243
2022-05-07,3484.9612964045505,1538041.9924006115,243
2022-05-08,3444.6541579252357,1533990.291573702,243
2022-05-09,3405.6872700060035,1529977.5576347115,243
2022-05-10,3367.93498220395,1526002.5759835232,243
2022-05-11,3330.3992938737633,1522065.130020665,243
2022-05-12,3292.7190056341483,1518165.3643460465,243
2022-05-13,3255.971306672391,1514302.3463703897,243
2022-05-14,3221.1170665222003,1510474.182634883,243
2022-05-15,3186.6272183713286,1506680.5087475274,243
2022-05-16,3151.1078196778676,1502922.3542588651,243
2022-05-17,3117.468428480976,1499197.8391613998,243
2022-05-18,3084.6278477423607,1495506.164644673,243
2022-05-19,3052.0156688765405,1491847.102306812,243
2022-05-20,3020.0063843699886,1488220.0492534577,243
2022-05-21,2987.967960974273,1484625.034623499,243
2022-05-22,2956.037424837776,1481061.9505296769,243
2022-05-23,2925.0761483961965,1477529.8277122963,243
2022-05-24,2893.8517944711043,1474028.9292488408,243
2022-05-25,2863.8902831220316,1470557.9922967344,243
2022-05-26,2834.245642480512,1467116.6999852695,243
2022-05-27,2805.3435430946543,1463704.3097731904,243
2022-05-28,2773.2306660470335,1460324.032438159,243
2022-05-29,2745.3903354840136,1456971.5954336906,243
2022-05-30,2717.932756012377,1453646.6160086938,243
2022-05-31,2690.801850461007,1450348.7674892484,243
2022-06-01,2452.706013788006,1446855.8258864274,243
2022-06-02,2420.692358864474,1443394.89793853,243
2022-06-03,2390.1397422512555,1439964.5226072457,243
2022-06-04,2360.2262043533874,1436564.0608138593,243
2022-06-05,2331.008618012772,1433192.8166068136,243
2022-06-06,2302.5772686160662,1429850.0037491645,243
2022-06-07,2274.8030797021956,1426534.9650804293,243
2022-06-08,2247.7869936805246,1423246.9424977158,243
2022-06-09,2221.402494045443,1419985.3044146374,243
2022-06-10,2195.3789844475714,1416749.6898411568,243
2022-06-11,2169.689655571713,1413539.7645965521,243
2022-06-12,2144.417538105513,1410355.1114694136,243
2022-06-13,2118.4484369044685,1407196.4274434762,243
2022-06-14,2090.2818950510145,1404065.9099593922,243
2022-06-15,2065.5671594466576,1400960.1072109125,243
2022-06-16,2041.735580249925,1397878.1360416296,243
2022-06-17,2018.3809685127371,1394819.5194840839,243
2022-06-18,1992.5583115017535,1391786.7255835491,243
2022-06-19,1959.715674638751,1388786.7743198774,243
2022-06-20,1936.0256603988846,1385810.5130704455,243
2022-06-21,1913.6577336159562,1382856.6197477966,243
2022-06-22,1891.5386693961946,1379924.8454893674,243
2022-06-23,1869.7274151644697,1377014.88248517,243
2022-06-24,1848.2886793059324,1374126.358216831,243
2022-06-25,1827.0832735169706,1371259.039354281,243
2022-06-26,1806.1500789299635,1368412.653686318,243
2022-06-27,1785.6694587445845,1365586.7486385405,243
2022-06-28,1765.6138571503134,1362780.8991923572,243
2022-06-29,1745.9225846992367,1359994.741018625,243
2022-06-30,1726.4079752888092,1357228.0974543032,243
2022-07-01,1284.1375045590148,1354150.8188035642,243
2022-07-02,1253.6019749336456,1351104.0756824506,243
2022-07-03,1226.4558566326787,1348084.478679638,243
2022-07-04,1198.5194514647637,1345092.8180819931,243
2022-07-05,1171.9552826841873,1342127.721653129,243
2022-07-06,1144.3569854705174,1339190.2235214785,243
2022-07-07,1118.4750393594195,1336278.607335939,243
2022-07-08,1094.274500770266,1333391.1916889888,243
2022-07-09,1071.9029094202024,1330526.1476333886,243
2022-07-10,1050.0245068229315,1327682.9819803857,243
2022-07-11,1025.9144775529903,1324863.9263566528,243
2022-07-12,1004.4390057614119,1322066.3462047114,243
2022-07-13,982.7952665931125,1319290.4097919383,243
2022-07-14,960.6387877895077,1316536.6298579688,243
2022-07-15,940.6999731359583,1313802.7887386528,243
2022-07-16,920.3469486760487,1311089.3006437968,243
2022-07-17,900.7013194393412,1308395.4581781775,243
2022-07-18,881.7697250729007,1305720.5473069246,243
2022-07-19,860.948110529459,1303066.4580502152,243
2022-07-20,841.0405705655039,1300432.2763334697,243
2022-07-21,823.1731461263307,1297815.9620411634,243
2022-07-22,805.9051559567497,1295216.9157390266,243
2022-07-23,789.0174217950598,1292634.7571710516,243
2022-07-24,772.3056214235303,1290069.310403448,243
2022-07-25,754.4227899436419,1287521.7464673244,243
2022-07-26,737.7498974110977,1284990.8554237334,243
2022-07-27,709.2154202722058,1282488.4988572812,243
2022-07-28,690.4845959828281,1280004.8731151184,243
2022-07-29,673.0952270892494,1277538.6367418491,243
2022-07-30,654.1778610898227,1275091.3177345793,243
2022-07-31,637.9208685788371,1272660.2557198205,243
2022-08-01,863.3558208357631,1270373.9067417528,243
2022-08-02,852.6091080417013,1268098.304476479,243
2022-08-03,841.5750017130836,1265833.736317534,243
2022-08-04,830.2434467996559,1263580.4997135024,243
2022-08-05,818.0323168912059,1261339.4742393792,243
2022-08-06,805.9492440474774,1259110.5318380997,243
2022-08-07,794.320188594013,1256893.2184922737,243
2022-08-08,782.6540384252644,1254687.5712966165,243
2022-08-09,771.0350871753967,1252493.543052209,243
2022-08-10,759.4635319057475,1250311.0863630713,243
2022-08-11,748.0260436795274,1248140.0671621598,243
2022-08-12,736.6036391737493,1245980.470365754,243
2022-08-13,721.2978514798074,1243836.1793570423,243
2022-08-14,709.1522879714234,1241704.033911839,243
2022-08-15,697.9593317363965,1239583.0814228705,243
2022-08-16,685.5476734295576,1237474.540592209,243
2022-08-17,670.2638520120731,1235381.283582965,243
2022-08-18,658.6103740578606,1233299.680051675,243
2022-08-19,647.2831961598336,1231229.4036982832,243
2022-08-20,636.3831575994468,1229170.0273834518,243
2022-08-21,626.0120938594541,1227121.0221323604,243
2022-08-22,614.4020945631987,1225083.6268805652,243
2022-08-23,601.9957692320081,1223058.6379541012,243
2022-08-24,591.8876261068131,1221043.7571707624,243
2022-08-25,581.8307116843848,1219038.933301846,243
2022-08-26,571.0410196871585,1217044.899124927,243
2022-08-27,560.2976038748952,1215061.60836382,243
2022-08-28,550.5300851205452,1213088.0851214675,243
2022-08-29,540.8571998185566,1211124.234764417,243
2022-08-30,531.2407043960034,1209170.000902789,243
2022-08-31,521.7714590699966,1207225.236286487,243
2022-09-01,778.8115568443417,1205443.7983245826,243
2022-09-02,773.5438164247415,1203667.628103098,243
2022-09-03,767.359078045304,1201897.6426199926,243
2022-09-04,761.4936973511457,1200133.5225175815,243
2022-09-05,755.3198531333572,1198375.5762593881,243
2022-09-06,748.9013749904215,1196624.0484793377,243
2022-09-07,742.3252278634562,1194879.0968464143,243
2022-09-08,735.6375203156593,1193140.8329210386,243
2022-09-09,728.8268850793346,1191409.3796308993,243
2022-09-10,721.9263285054575,1189684.8268973338,243
2022-09-11,713.9942757853522,1187968.2062164885,243
2022-09-12,706.2900369403168,1186259.2897744882,243
2022-09-13,699.267682172659,1184557.3956872555,243
2022-09-14,692.1984881414782,1182862.570794054,243
2022-09-15,685.0902106192178,1181174.8541783749,243
2022-09-16,677.7536978042434,1179494.4740755106,243
2022-09-17,670.5853903087071,1177821.262280142,243
2022-09-18,663.4946599773347,1176155.1412151046,243
2022-09-19,656.4791661089502,1174496.0356439357,243
2022-09-20,649.0512923224113,1172844.3579465533,243
2022-09-21,641.9258822685323,1171199.8056592247,243
2022-09-22,634.5544418355665,1169562.6248123292,243
2022-09-23,627.1391060553241,1167932.8593012139,243
2022-09-24,620.1651657792489,1166310.0677303746,243
2022-09-25,613.2194311526354,1164694.221894162,243
2022-09-26,606.2892029016028,1163085.3062862004,243
2022-09-27,599.4057720041118,1161483.2741091363,243
2022-09-28,592.5705309094145,1159888.077173167,243
2022-09-29,585.7526595278858,1158299.698108579,243
2022-09-30,576.4622418999887,1156720.609461619,243
2022-10-01,897.0036090872833,1155348.2461780438,243
2022-10-02,896.2748525242438,1153976.6116510315,243
2022-10-03,894.744552134967,1152606.5074244086,243
2022-10-04,892.608844006632,1151238.538905914,243
2022-10-05,890.0090999004548,1149873.1701315255,243
2022-10-06,887.0378273937037,1148510.7726296438,243
2022-10-07,883.7589995662798,1147151.6539555895,243
2022-10-08,880.295820751891,1145795.9984603496,243
2022-10-09,876.9697925203596,1144443.6689933413,243
2022-10-10,873.5312663598103,1143094.7780524935,243
2022-10-11,869.9499258699012,1141749.4684521356,243
2022-10-12,866.248028433614,1140407.860749214,243
2022-10-13,862.4436696429854,1139070.057405083,243
2022-10-14,858.5499048095313,1137736.1478257854,243
2022-10-15,854.6271915498306,1136406.1609597476,243
2022-10-16,850.6973119941191,1135080.1039732655,243
2022-10-17,846.6179919605726,1133758.126306817,243
2022-10-18,842.5036692099762,1132440.262963119,243
2022-10-19,838.3972954919678,1131126.505993139,243
2022-10-20,834.2628290552763,1129816.8834895957,243
2022-10-21,830.0894678455894,1128511.4343472621,243
2022-10-22,825.8824466331513,1127210.192226141,243
2022-10-23,821.646122571046,1125913.186429082,243
2022-10-24,817.4030132677523,1124620.4237413262,243
2022-10-25,813.1746247426723,1123331.8894420955,243
2022-10-26,808.9254766988685,1122047.6042909087,243
2022-10-27,804.5270729597775,1120767.717543461,243
2022-10-28,800.1159817184904,1119492.2418872544,243
2022-10-29,794.802417917375,1118222.079794849,243
2022-10-30,790.3522121351795,1116956.3679082259,243
2022-10-31,786.0662840872188,1115694.9419496506,243
2022-11-01,961.0050782996341,1114570.824311533,243
2022-11-02,959.9767256874702,1113447.7350260275,243
2022-11-03,958.573385030927,1112326.0490811786,243
2022-11-04,956.8874400329887,1111206.0490813276,243
2022-11-05,954.9395746835153,1110087.996946826,243
2022-11-06,952.8238937195501,1108972.0604932886,243
2022-11-07,950.5706638085767,1107858.377269662,243
2022-11-08,948.1909324964154,1106747.0737773476,243
2022-11-09,945.6814562219306,1105638.2797613076,243
2022-11-10,943.0681750273443,1104532.0990264623,243
2022-11-11,940.3532937881182,1103428.6331728562,243
2022-11-12,937.5508902265801,1102327.9697228116,243
2022-11-13,934.6710248251557,1101230.1861381684,243
2022-11-14,931.7234547747876,1100135.3501235757,243
2022-11-15,928.7154785971734,1099043.5220851605,243
2022-11-16,925.6550573890208,1097954.7544679535,243
2022-11-17,922.5482794714271,1096869.093628664,243
2022-11-18,919.4015870689991,1095786.579481777,243
2022-11-19,916.2204670218862,1094707.2464549372,243
2022-11-20,913.0090529338568,1093631.1248421853,243
2022-11-21,909.770824959699,1092558.2414574076,243
2022-11-22,906.508712239528,1091488.62018535,243
2022-11-23,903.2251679300907,1090422.282457602,243
2022-11-24,899.9222801152728,1089359.2476176687,243
2022-11-25,896.6018219203334,1088299.5332359304,243
2022-11-26,893.2653036922793,1087243.15537242,243
2022-11-27,889.914034702314,1086190.1287778998,243
2022-11-28,886.5491676840111,1085140.4670503978,243
2022-11-29,883.1791203955299,1084094.1753701842,243
2022-11-30,879.8344464185293,1083051.2283639477,243
2022-12-01,873.6623397037376,1082009.210671576,243
2022-12-02,870.2295770713583,1080970.6257418366,243
2022-12-03,866.7621758120124,1079935.5082133566,243
2022-12-04,863.3190580481653,1078903.8338026404,243
2022-12-05,859.8848644845177,1077875.593585488,243
2022-12-06,856.4426301446267,1076850.7956026753,243
2022-12-07,852.9936233347737,1075829.4466266725,243
2022-12-08,849.5388398041007,1074811.5524342004,243
2022-12-09,845.9634373626661,1073797.2336441698,243
2022-12-10,842.5063353782509,1072786.3719561235,243
2022-12-11,839.0629267018278,1071778.9536767537,243
2022-12-12,835.6139001763415,1070774.9844239093,243
2022-12-13,832.1602941992217,1069774.468777042,243
2022-12-14,828.7005815308996,1068777.4128428432,243
2022-12-15,825.2349976630405,1067783.8224925122,243
2022-12-16,821.7685482386489,1066793.6985916055,243
2022-12-17,818.3021534852207,1065807.0410854523,243
2022-12-18,814.7975139236999,1064823.8882188606,243
2022-12-19,811.1910571023811,1063844.3418090902,243
2022-12-20,807.7213201283932,1062868.2651362938,243
2022-12-21,804.2541192139954,1061895.6556644118,243
2022-12-22,800.7908965205763,1060926.5094152233,243
2022-12-23,797.3336786970951,1059960.8203838582,243
2022-12-24,793.9451192369208,1058998.5199119532,243
2022-12-25,790.5753308810283,1058039.5892284042,243
2022-12-26,787.2101515755978,1057084.0237241606,243
2022-12-27,783.8525336425275,1056131.81583785,243
2022-12-28,780.5524582591363,1055182.908026923,243
2022-12-29,777.3414067149617,1054237.21126754,243
2022-12-30,24490.982748009264,1434552.7045596058,230
2022-12-31,50511.24131761887,1788847.939282062,230
2023-01-01,17704.790837036693,1773316.790713105,241
2023-01-02,34873.5988359265,1918483.0915418428,235
2023-01-03,50605.300203150226,2091001.7095099045,234
2023-01-04,184773.67389760807,2671530.0325079365,231
2023-01-05,127685.75361403037,2903755.4685057267,231
2023-01-06,107400.97129958592,3022647.2208528444,234
2023-01-07,394360.93175971485,3662702.101399622,238
2023-01-08,513296.11535347556,4155590.335882456,240
2023-01-09,221656.65916734748,4156467.655239122,234
2023-01-10,261807.52866979252,4208991.045800923,232
2023-01-11,454462.365338327,4412552.455695031,232
2023-01-12,282493.5207544837,4422555.774323355,232
2023-01-13,529637.6771769004,4599457.996706232,233
2023-01-14,310735.0950557149,4592053.888351908,232
2023-01-15,254168.9844641568,4553545.579984646,234
2023-01-16,141121.544141738,4412250.098524654,240
2023-01-17,124003.37165781323,4288072.789548587,242
2023-01-18,154463.09155755112,4250374.715458245,237
2023-01-19,108295.91945917837,4141904.8586808126,242
2023-01-20,98100.33366138328,4043630.5877011754,242
2023-01-21,89859.57679873359,3953597.073584188,243
2023-01-22,82850.26303241475,3870572.873233519,243
2023-01-23,76827.44021594783,3793571.495699317,243
2023-01-24,71566.82386391264,3721830.7345171506,243
2023-01-25,66956.60101459807,3654700.1961842985,243
2023-01-26,62870.60898467971,3591655.649881365,243
2023-01-27,59166.47252045412,3532315.2400426567,243
2023-01-28,55812.88816742718,3476328.4145569755,243
2023-01-29,52767.743433264346,3423386.733805457,243
2023-01-30,50021.31069666639,3373191.4857905367,243
2023-01-31,47543.385817317554,3325474.162654965,243
2023-02-01,45295.50529683108,3280031.7114813784,243
2023-02-02,82752.64102202514,3375836.2609868757,236
2023-02-03,49271.56324859994,3326417.75186152,242
2023-02-04,111163.90882723319,3469424.4933597073,234
2023-02-05,73792.69079086276,3464163.6182197514,239
2023-02-06,54910.95713790372,3409105.715205092,242
2023-02-07,51075.35911609145,3357883.410212245,242
2023-02-08,48119.05041465402,3309617.413920835,243
2023-02-09,45555.734243711515,3263914.733800368,243
2023-02-10,43269.00343609514,3220498.784487517,243
2023-02-11,41214.33439461567,3179137.5042161457,243
2023-02-12,39345.27697051928,3139645.2813688708,243
2023-02-13,37629.78652467817,3101868.548967437,243
2023-02-14,36039.60930466658,3065681.9937860146,243
2023-02-15,34557.854043942934,3030977.193865316,243
2023-02-16,33164.726268956496,2997665.521719604,243
2023-02-17,31857.540171101748,2965661.0356717464,243
2023-02-18,30637.779995629622,2934876.309799361,243
2023-02-19,29501.832934010366,2905227.530988595,243
2023-02-20,28440.360911187774,2876640.2242006515,243
2023-02-21,27441.941815818718,2849051.336508077,243
2023-02-22,26509.164536414726,2822395.2260949067,243
2023-02-23,63126.25264424278,2971224.8494253596,235
2023-02-24,46241.47279793683,2994002.390993625,239
2023-02-25,36445.075290623165,2970949.757697084,241
2023-02-26,77109.72106423313,3099968.1984447706,235
2023-02-27,133195.96621365403,3312960.475245082,231
2023-02-28,87432.32140580352,3353482.2384272562,236
2023-03-01,52619.57569658654,3300530.1582215093,241
2023-03-02,48249.536283163725,3251948.117429185,242
2023-03-03,45192.928638808335,3206422.6842812165,243
2023-03-04,113996.79298428626,3364594.9814274134,233
2023-03-05,80003.96756832194,3381384.014473469,238
2023-03-06,60988.033811608126,3351052.119154861,240
2023-03-07,98472.93286566486,3417445.968486445,236
2023-03-08,55236.11142092189,3361877.3525563627,242
2023-03-09,711812.5649679934,4197904.78736428,242
2023-03-10,109100.1826487771,4089052.1351751117,239
2023-03-11,239795.91629956156,4182672.5114806946,232
2023-03-12,256033.12433795817,4246871.202908125,232
2023-03-13,404810.17549478123,4402860.092763454,229
2023-03-14,501752.8795932161,4557491.74162899,232
2023-03-15,137436.78549686438,4419722.451622965,239
2023-03-16,119928.33154937057,4299461.615564434,241
2023-03-17,107628.3429677113,4191500.768087562,242
2023-03-18,165121.9359045739,4205779.001797141,235
2023-03-19,157381.74326603994,4191438.453092157,236
2023-03-20,102047.43449699598,4097686.5811599633,241
2023-03-21,384564.4563969228,4333522.522845761,228
2023-03-22,113788.55800843137,4219401.460328169,241
2023-03-23,100647.06064093663,4118421.895178072,242
2023-03-24,91297.12081192611,4026792.2698569857,242
2023-03-25,83775.00855706344,3942684.756790762,243
2023-03-26,77476.56591802175,3864875.6863635797,243
2023-03-27,142481.80338725602,3938125.3975054636,235
2023-03-28,366524.3588931805,4211112.022624096,228
2023-03-29,133464.98108560534,4154628.493712099,238
2023-03-30,96095.3347995569,4058200.6544033815,241
2023-03-31,86818.60468589925,3971049.545208322,242
2023-04-01,79670.72602808748,3890883.754478283,242
2023-04-02,73834.20148887664,3816554.4882874554,243
2023-04-03,68816.02235303253,3747243.4012324717,243
2023-04-04,64407.4836493972,3682340.8528811233,243
2023-04-05,60528.839497596426,3621316.9486815757,243
2023-04-06,75695.67463499268,3618383.6903055976,239
2023-04-07,70299.98347520211,3597445.4778650356,240
2023-04-08,56689.100361084966,3540261.3128019995,242
2023-04-09,53243.83562553248,3486522.412474516,243
2023-04-10,50363.969803244276,3435663.3779693204,243
2023-04-11,47806.682980781356,3387361.630286588,243
2023-04-12,45479.08231556828,3341387.4832690684,243
2023-04-13,43353.38859622919,3297539.029970888,243
2023-04-14,41410.10470517765,3255633.860563759,243
2023-04-15,39630.793899664124,3215508.001962144,243
2023-04-16,37980.09714651381,3177032.840113679,243
2023-04-17,36440.18534670298,3140097.590065025,243
2023-04-18,35003.07429313141,3104599.451069942,243
2023-04-19,33655.01091628003,3070449.375451711,243
2023-04-20,32389.880987150063,3037564.42976261,243
2023-04-21,31190.551427839724,3005878.813632819,243
2023-04-22,30063.90855083282,2975319.840380035,243
2023-04-23,29011.028341170335,2945813.7473369134,243
2023-04-24,28020.71866450033,2917297.963970462,243
2023-04-25,27090.59356388443,2889712.3057046263,243
2023-04-26,26210.368944087,2863006.872058588,243
2023-04-27,25373.70137024385,2837138.105986393,243
2023-04-28,24576.62219404283,2812066.419090399,243
2023-04-29,23820.576196320755,2787750.778192127,243
2023-04-30,23110.567619502013,2764145.145870674,243
2023-05-01,22376.155278897917,2741161.9439227916,243
2023-05-02,21738.102337306904,2718816.7949165003,243
2023-05-03,21129.86001922803,2697079.888228288,243
2023-05-04,20543.641846554427,2675929.199712749,243
2023-05-05,19986.063321527166,2655336.0897222375,243
2023-05-06,19460.77504072858,2635268.2680125246,243
2023-05-07,18957.340324231962,2615703.881019308,243
2023-05-08,18475.940259131676,2596620.894091192,243
2023-05-09,18019.276192298697,2577994.571229909,243
2023-05-10,17584.80376175193,2559802.7207991728,243
2023-05-11,17167.613975629283,2542028.060154559,243
2023-05-12,16770.362305946255,2524650.6511796284,243
2023-05-13,16389.13651995042,2507654.4679906936,243
2023-05-14,16019.163949330408,2491028.257372379,243
2023-05-15,15657.910453718227,2474763.300249676,243
2023-05-16,15311.389267703124,2458844.8643129887,243
2023-05-17,14980.006159921713,2443257.8114840826,243
2023-05-18,14660.441269887217,2427990.323545211,243
2023-05-19,14351.334027097631,2413031.942849129,243
2023-05-20,14054.335948803533,2398370.560231341,243
2023-05-21,13767.431209791057,2383996.0823525656,243
2023-05-22,13488.714210321732,2369900.3214732595,243
2023-05-23,13217.41132573092,2356075.863478544,243
2023-05-24,12954.68396613009,2342514.1328434297,243
2023-05-25,12699.917219614215,2329207.168954831,243
2023-05-26,12452.756257559244,2316147.3660282874,243
2023-05-27,12212.463980272483,2303327.8553790306,243
2023-05-28,11978.921273894679,2290741.8874361515,243
2023-05-29,11754.553507429153,2278380.287259738,243
2023-05-30,11537.323196847528,2266235.917393906,243
2023-05-31,11319.605773034576,2254309.264951887,243
2023-06-01,10982.1028789687,2242286.9264838854,243
2023-06-02,10775.866035070274,2230470.824859782,243
2023-06-03,10579.5173079595,2218851.0719627896,243
2023-06-04,10386.12559239101,2207424.7107813656,243
2023-06-05,10196.541150568057,2196187.9340417646,243
2023-06-06,10013.328913946174,2185134.3695387854,243
2023-06-07,9836.202298388354,2174257.931651364,243
2023-06-08,9665.532559439544,2163552.1635028915,243
2023-06-09,9501.333662574183,2153010.5942512844,243
2023-06-10,9341.286633077081,2142629.0720291743,243
2023-06-11,9183.157668418255,2132405.678771723,243
2023-06-12,9030.506397475492,2122334.9367852146,243
2023-06-13,8880.990899065513,2112413.710297116,243
2023-06-14,8736.928700933237,2102636.54600715,243
2023-06-15,8596.262409565508,2093000.0480085514,243
2023-06-16,8458.983996436236,2083500.8284230821,243
2023-06-17,8314.291491441665,2074146.3013426075,243
2023-06-18,8184.28258409817,2064921.7831694763,243
2023-06-19,8056.4996174904545,2055825.0479629529,243
2023-06-20,7933.047201278622,2046851.7651726413,243
2023-06-21,7812.570085097107,2037998.9594985112,243
2023-06-22,7695.32245312026,2029263.401456358,243
2023-06-23,7581.289267367686,2020641.8765999572,243
2023-06-24,7468.648382236485,2012132.9926286878,243
2023-06-25,7355.453066198158,2003737.3039734566,243
2023-06-26,7244.0704429755015,1995452.9979414481,243
2023-06-27,7138.287175687964,1987274.4751767272,243
2023-06-28,7034.878606213492,1979199.3609814807,243
2023-06-29,6933.376103820282,1971225.7492886274,243
2023-06-30,6831.704211510022,1963353.8094880844,243
2023-07-01,6426.994256865238,1955133.6740850392,243
2023-07-02,6306.143045570473,1947034.3898932887,243
2023-07-03,6183.800417204159,1939057.4483299046,243
2023-07-04,6082.369555210001,1931181.9376285146,243
2023-07-05,5983.096308030891,1923405.7001743037,243
2023-07-06,5888.328919860073,1915724.2301082637,243
2023-07-07,5794.83438863792,1908136.2545734458,243
2023-07-08,5705.530352378269,1900637.5830748875,243
2023-07-09,5618.1859067969535,1893226.2560219106,243
2023-07-10,5533.139012552337,1885899.9758631783,243
2023-07-11,5449.110696501336,1878657.724020497,243
2023-07-12,5366.559087601728,1871498.0237867152,243
2023-07-13,5284.726669979053,1864420.1559705562,243
2023-07-14,5205.926688764947,1857421.0881356113,243
2023-07-15,5129.331966849514,1850498.6150225818,243
2023-07-16,5054.972097767754,1843650.501778634,243
2023-07-17,4982.828985263132,1836874.531647191,243
2023-07-18,4912.447968914411,1830168.9425320965,243
2023-07-19,4843.67719273712,1823532.1241931794,243
2023-07-20,4776.0828039122325,1816962.9002430872,243
2023-07-21,4709.605310081276,1810460.153786826,243
2023-07-22,4640.717707365057,1804026.294933281,243
2023-07-23,4575.3497806198475,1797657.804006481,243
2023-07-24,4511.825421573832,1791352.8374387273,243
2023-07-25,4448.676775791454,1785111.0195167558,243
2023-07-26,4384.4549750592605,1778933.4233955166,243
2023-07-27,4310.983640574156,1772829.2986087624,243
2023-07-28,4251.411220397572,1766784.746242185,243
2023-07-29,4191.346998952334,1760800.2580970526,243
2023-07-30,4133.625569830886,1754873.4913810417,243
2023-07-31,4076.614768114877,1749003.7354667468,243
2023-08-01,4203.451185560747,1743377.291123954,243
2023-08-02,4152.164544709454,1737802.1334220127,243
2023-08-03,4098.268027049917,1732280.8722377308,243
2023-08-04,4047.7408740070737,1726810.1382064917,243
2023-08-05,3997.748863257197,1721389.3961860025,243
2023-08-06,3948.6017975818454,1716017.8012311887,243
2023-08-07,3900.718090061759,1710694.089983895,243
2023-08-08,3853.524811181435,1705417.5720154815,243
2023-08-09,3806.7230675741653,1700187.8557906754,243
2023-08-10,3760.3763476553927,1695004.486285788,243
2023-08-11,3714.6695246176882,1689866.8236039383,243
2023-08-12,3670.372660411717,1684773.4577862946,243
2023-08-13,3626.9800338942646,1679723.4845951684,243
2023-08-14,3584.239561320012,1674716.2518766164,243
2023-08-15,3542.0529861359014,1669751.2057332485,243
2023-08-16,3500.3179402611772,1664827.8946357553,243
2023-08-17,3459.4025041763293,1659945.498974347,243
2023-08-18,3413.117215378638,1655109.3886017364,243
2023-08-19,3369.3591800550553,1650317.0362644494,243
2023-08-20,3327.753595779612,1645566.2895114378,243
2023-08-21,3288.768362632449,1640854.5279915733,243
2023-08-22,3250.073750148024,1636181.4610841933,243
2023-08-23,3212.1750560924033,1631546.292870869,243
2023-08-24,3174.6674809383317,1626948.6322326986,243
2023-08-25,3137.6646635983693,1622387.9744118683,243
2023-08-26,3101.03243426742,1617863.9488203689,243
2023-08-27,3064.7409565078183,1613376.214706629,243
2023-08-28,3028.8144783975645,1608924.4070709995,243
2023-08-29,2993.23189617061,1604508.182017597,243
2023-08-30,2957.991350490795,1600127.1975098741,243
2023-08-31,2923.278135361112,1595780.926217281,243
2023-09-01,3098.204992529073,1591680.094819692,243
2023-09-02,3069.1845483508177,1587608.2838662812,243
2023-09-03,3039.8751077326697,1583565.7823534885,243
2023-09-04,3010.3879155545246,1579552.768032874,243
2023-09-05,2980.817822559572,1575569.3238052544,243
2023-09-06,2951.3135381364946,1571615.383862058,243
2023-09-07,2921.8842410473835,1567690.8732159506,243
2023-09-08,2892.7427938678984,1563795.5040170227,243
2023-09-09,2863.612350931925,1559929.2652610308,243
2023-09-10,2832.580419116023,1556094.0584368547,243
2023-09-11,2803.8729571111717,1552287.5590746836,243
2023-09-12,2775.4000358565927,1548509.532633767,243
2023-09-13,2747.2804001772993,1544759.6258285297,243
2023-09-14,2719.3641166161497,1541037.6353068536,243
2023-09-15,2691.9383168782324,1537343.0705849153,243
2023-09-16,2664.807704134447,1533675.636475721,243
2023-09-17,2637.8918584034063,1530035.1182122575,243
2023-09-18,2611.1255732614763,1526421.366233936,243
2023-09-19,2584.94623108215,1522833.793597794,243
2023-09-20,2559.0281045584225,1519272.1390881755,243
2023-09-21,2533.4008117290896,1515736.1118713864,243
2023-09-22,2508.1511086906057,1512225.3343576358,243
2023-09-23,2483.177952591398,1508739.5299999844,243
2023-09-24,2458.459184629678,1505278.4444102948,243
2023-09-25,2434.0911304264546,1501841.7268748083,243
2023-09-26,2409.9209462756507,1498429.1795234727,243
2023-09-27,2386.010305319748,1495040.542813093,243
2023-09-28,2362.3314203310974,1491675.5849877018,243
2023-09-29,2338.9088352795907,1488334.0497473623,243
2023-09-30,2315.7368339224004,1485015.6865083799,243
2023-10-01,2553.927128063247,1481986.3997058286,243
2023-10-02,2537.5420879933167,1478973.4979433473,243
2023-10-03,2520.502647190087,1475977.6356216692,243
2023-10-04,2503.0409052308764,1472999.2350419504,243
2023-10-05,2485.262728791649,1470038.6126386707,243
2023-10-06,2467.2396244327188,1467096.01333975,243
2023-10-07,2449.093428737449,1464171.5602365246,243
2023-10-08,2430.962382465799,1461265.2381795708,243
2023-10-09,2412.8229003450483,1458377.0556047377,243
2023-10-10,2394.6358816781662,1455507.0600485716,243
2023-10-11,2376.500922698027,1452655.1994513855,243
2023-10-12,2358.4682196082663,1449821.3715572893,243
2023-10-13,2340.513783156837,1447005.4980996444,243
2023-10-14,2322.6063187173218,1444207.5321064391,243
2023-10-15,2304.732545126893,1441427.4398868242,243
2023-10-16,2286.9383612370234,1438665.1418510992,243
2023-10-17,2269.394132316543,1435920.3880442947,243
2023-10-18,2251.967894731753,1433193.060475075,243
2023-10-19,2234.6992186861694,1430483.0015819008,243
2023-10-20,2217.590140260954,1427790.0517671518,243
2023-10-21,2200.6464621056452,1425114.0456305582,243
2023-10-22,2183.8284808396943,1422454.8574752305,243
2023-10-23,2167.13048951301,1419812.3673112295,243
2023-10-24,2150.0407093537156,1417186.9669273878,243
2023-10-25,2132.693558023276,1414578.9136948765,243
2023-10-26,2116.386913932359,1411987.1671064561,243
2023-10-27,2100.2245008202385,1409411.582931148,243
2023-10-28,2084.2450883253127,1406851.9781683346,243
2023-10-29,2068.375085754052,1404308.2434080925,243
2023-10-30,2052.6110533503465,1401780.2726802542,243
2023-10-31,2036.3212218358763,1399268.5917839303,243
2023-11-01,2172.27816291569,1396933.2010611966,243
2023-11-02,2160.469000956474,1394609.6195004222,243
2023-11-03,2148.360645287169,1392298.146295317,243
2023-11-04,2136.035884578444,1389998.9978509205,243
2023-11-05,2123.5921567158884,1387712.2931343867,243
2023-11-06,2111.139978349406,1385438.0405962192,243
2023-11-07,2098.6505200906768,1383176.2775163106,243
2023-11-08,2086.278920130303,1380926.8860363623,243
2023-11-09,2073.9248632029276,1378689.8486133413,243
2023-11-10,2061.637195013428,1376465.09885851,243
2023-11-11,2049.463548746856,1374252.522749945,243
2023-11-12,2037.4781334860827,1372051.932056641,243
2023-11-13,2025.7066269986908,1369863.1128698243,243
2023-11-14,2013.960196931811,1367686.0401130745,243
2023-11-15,2002.3043103781174,1365520.6232428784,243
2023-11-16,1990.7120732953417,1363366.798609765,243
2023-11-17,1979.1614994168858,1361224.5245505301,243
2023-11-18,1967.728594572015,1359093.68339614,243
2023-11-19,1956.314756243687,1356974.2560800784,243
2023-11-20,1944.918174056068,1354866.2253462044,243
2023-11-21,1933.5381189419068,1352769.5746674445,243
2023-11-22,1922.1772817021347,1350684.2848259243,243
2023-11-23,1910.296058997942,1348610.8762071084,243
2023-11-24,1898.8918474942557,1346548.8717997961,243
2023-11-25,1887.9811267610285,1344497.778113217,243
2023-11-26,1877.3364615353867,1342457.3290918637,243
2023-11-27,1866.6196155736334,1340427.596916472,243
2023-11-28,1855.5829188539292,1338408.9014378001,243
2023-11-29,1845.0967057821917,1336400.6921722,243
2023-11-30,1834.6886807819474,1334402.8909316,243
2023-12-01,1822.2466306056351,1332412.2889483264,243
2023-12-02,1812.1562912763086,1330431.777304382,243
2023-12-03,1802.067953848605,1328461.3539978655,243
2023-12-04,1791.98913483587,1326501.0095103616,243
2023-12-05,1781.9450973962423,1324550.7090602973,243
2023-12-06,1771.9275561981824,1322610.4261514312,243
2023-12-07,1761.92919652569,1320680.1416022375,243
2023-12-08,1751.9625544937783,1318759.8236950757,243
2023-12-09,1742.0374830980775,1316849.4308593096,243
2023-12-10,1732.1398038171221,1314948.9357028245,243
2023-12-11,1722.272254078741,1313058.3080960778,243
2023-12-12,1712.4397701240134,1311177.5129732857,243
2023-12-13,1702.71774857873,1309306.439872039,243
2023-12-14,1693.1353848258489,1307444.9491345452,243
2023-12-15,1683.5857224686526,1305593.0080594085,243
2023-12-16,1674.062371970712,1303750.5903347698,243
2023-12-17,1664.586619236133,1301917.6483628657,243
2023-12-18,1655.152266053575,1300094.140744144,243
2023-12-19,1645.819106506043,1298279.96628497,243
2023-12-20,1636.5237486544986,1296475.0871836476,243
2023-12-21,1627.265373981417,1294679.4664569981,243
2023-12-22,1618.0591054932204,1292893.051998837,243
2023-12-23,1608.9051800454956,1291115.7914661234,243
2023-12-24,1599.7967614066777,1289347.6393520487,243
2023-12-25,1590.8141683105835,1287588.4698310702,243
2023-12-26,1582.0429622787972,1285838.0715161234,243
2023-12-27,1573.3516657746852,1284096.3644976807,243
2023-12-28,1564.7321090484959,1282363.2770359642,243
2023-12-29,51519.806589400745,1847506.0608200254,227
2023-12-30,16000.301779399615,1831783.4960812794,241
2023-12-31,13198.329060265085,1818862.9040616679,242
2024-01-01,11784.418981427822,1806904.547761986,242
2024-01-02,62835.0184847755,2161641.842284373,230
2024-01-03,22729.72528910663,2138738.1796770124,241
2024-01-04,19738.229975219147,2118826.012383539,242
2024-01-05,18332.231749379338,2100319.843315906,242
2024-01-06,24948.911127605956,2139062.76805242,240
2024-01-07,19080.832111339347,2119807.9986228268,242
2024-01-08,18068.743967609604,2102297.627771744,243
2024-01-09,20220.966046568305,2108094.2632938186,241
2024-01-10,18462.666626105725,2096951.2261942003,242
2024-01-11,17213.2427175185,2079564.0461584278,243
2024-01-12,25186.985237029454,2126032.0720110303,240
2024-01-13,114827.85889355803,2551414.217484127,228
2024-01-14,36781.80056640718,2514458.4795994656,241
2024-01-15,32666.114860760776,2481618.427420451,242
2024-01-16,54177.839941351354,2562815.9471739037,237
2024-01-17,34373.046049003286,2528268.9638066464,242
2024-01-18,31810.210716530477,2496284.815771862,242
2024-01-19,107955.77132071916,2764720.8707751893,231
2024-01-20,166228.92261810583,3060240.1278417944,229
2024-01-21,419660.2296485773,3690597.036241155,237
2024-01-22,93040.02318974408,3599060.845043327,239
2024-01-23,105141.4203089853,3576124.021923582,237
2024-01-24,106312.85147440757,3563617.5360257654,237
2024-01-25,77144.59002697867,3486299.0086805327,241
2024-01-26,70317.13669921251,3415807.934663066,242
2024-01-27,64919.4974079619,3350714.4999368503,242
2024-01-28,60335.616157750395,3290204.946460846,243
2024-01-29,56361.457415670884,3233669.551726921,243
2024-01-30,52843.635409978015,3180651.978998689,243
2024-01-31,394386.77583885833,3802604.27762996,234
2024-02-01,141609.69319490128,3801969.1540168226,236
2024-02-02,93759.91827410573,3727930.257173405,240
2024-02-03,248828.93292212812,3912719.430988836,230
2024-02-04,604452.4443275208,4348578.862219701,237
2024-02-05,136242.96072358006,4235746.514931596,238
2024-02-06,112904.57374940353,4122694.9953054367,240
2024-02-07,123799.01654184968,4065393.3468598872,238
2024-02-08,96138.97472739738,3969107.426255734,242
2024-02-09,87534.62990787305,3881425.8504711054,242
2024-02-10,80516.14262453193,3800762.761969818,243
2024-02-11,74516.53752009716,3726099.278572965,243
2024-02-12,69348.68945495371,3656603.6432412555,243
2024-02-13,64834.02740495937,3591622.6699595405,243
2024-02-14,157727.46011110902,3758517.797476032,232
2024-02-15,73658.31378427247,3684712.5378150037,242
2024-02-16,67374.33163328894,3617191.260304959,242
2024-02-17,305666.71971208125,3955136.292205409,228
2024-02-18,378256.3055656479,4191416.277068882,229
2024-02-19,316217.37972522975,4296368.612822669,230
2024-02-20,227317.4666107009,4305574.962512341,233
2024-02-21,128684.33569170114,4216984.844745834,239
2024-02-22,103533.29383189563,4113304.605037183,241
2024-02-23,93514.53220907092,4019643.1269513564,242
2024-02-24,85585.84567550482,3933910.335399096,242
2024-02-25,78962.24743268365,3854801.1420896566,243
2024-02-26,73308.72800902935,3781345.4682038715,243
2024-02-27,68410.19827399735,3712788.3240531185,243
2024-02-28,64080.58228695678,3648560.795889406,243
2024-02-29,143875.64837950113,3785665.952386316,233
2024-03-01,175532.57472359302,3894232.088713369,233
2024-03-02,130901.28387044565,3901182.320097553,236
2024-03-03,88142.51393480157,3840977.484720461,240
2024-03-04,151024.7506496048,3896356.7206456666,235
2024-03-05,105898.96605389923,3868572.2833648166,238
2024-03-06,76245.08300819239,3791994.695847464,242
2024-03-07,69894.3287994274,3721767.862538876,242
2024-03-08,64956.72238564389,3656478.6356440717,243
2024-03-09,60776.179131287055,3595369.9520036243,243
2024-03-10,88533.57608553745,3622196.5047146548,238
2024-03-11,132466.66358939637,3716274.927960774,234
2024-03-12,66972.91374570309,3648969.5097059105,242
2024-03-13,61456.4185791946,3587180.5866175555,242
2024-03-14,57371.812031498084,3529476.270076897,243
2024-03-15,53927.266867806575,3475216.49869993,243
2024-03-16,50909.809130999165,3423974.1850597705,243
2024-03-17,48222.25440119058,3375419.4261494195,243
2024-03-18,45803.216541396825,3329283.7050988623,243
2024-03-19,43606.681131569574,3285344.5194581323,243
2024-03-20,41600.928483964315,3243411.0864650076,243
2024-03-21,39760.77124971095,3203317.8107061363,243
2024-03-22,54689.029658830405,3230229.5421556327,239
2024-03-23,61912.4718561176,3268410.1109903883,238
2024-03-24,42487.82224438656,3225589.7842368414,242
2024-03-25,40031.96896598758,3185225.3107616934,243
2024-03-26,38099.19429605119,3146793.611956482,243
2024-03-27,92866.31964805035,3299702.5952302385,234
2024-03-28,47805.14782687866,3261866.9843926127,241
2024-03-29,138259.020530942,3458514.2628239407,232
2024-03-30,55351.6213964046,3402830.1369183757,241
2024-03-31,50444.939614045805,3352052.6927951695,242
2024-04-01,47163.192071373975,3304394.4360218444,243
2024-04-02,44525.87387081648,3259373.4974490767,243
2024-04-03,42227.44644017511,3216650.9863069504,243
2024-04-04,40169.596803192915,3175986.3248018064,243
2024-04-05,38314.36179902864,3137176.8983008265,243
2024-04-06,36617.1559398481,3100064.6776590273,243
2024-04-07,35049.49983128899,3064520.113125787,243
2024-04-08,33594.5556706236,3030430.4927532123,243
2024-04-09,32241.600373046407,2997693.8276782148,243
2024-04-10,30980.253776687132,2966218.5091995765,243
2024-04-11,29803.4465009942,2935919.997996631,243
2024-04-12,36590.227193558916,2944802.387381315,241
2024-04-13,38253.584606601195,2955628.250673564,240
2024-04-14,30323.94873923895,2924809.237232374,243
2024-04-15,28942.89971085445,2895371.2728195684,243
2024-04-16,27804.350747156823,2867071.8573704604,243
2024-04-17,26770.733399324054,2839806.059269185,243
2024-04-18,25819.421460072444,2813491.5731071616,243
2024-04-19,24933.473763987357,2788063.034641223,243
2024-04-20,24111.106735690897,2763456.863203581,243
2024-04-21,23344.86599114298,2739616.932510487,243
2024-04-22,22622.00698246195,2716499.8608260737,243
2024-04-23,21936.45648709166,2694068.339637031,243
2024-04-24,21285.2003792533,2672288.0745558264,243
2024-04-25,20670.834698771527,2651122.1751551037,243
2024-04-26,20089.097667468646,2630538.012785684,243
2024-04-27,19537.301569627998,2610505.6465141047,243
2024-04-28,18997.796784042315,2591012.785028111,243
2024-04-29,18499.011343159647,2572018.7089830004,243
2024-04-30,18025.924902745923,2553497.7193783033,243
2024-05-01,17534.38104626404,2535356.291663055,243
2024-05-02,17105.321945649644,2517643.923048421,243
2024-05-03,16691.452676360568,2500345.423703076,243
2024-05-04,16290.618692705479,2483447.758341386,243
2024-05-05,15904.245684079897,2466936.4659883217,243
2024-05-06,15537.371298305761,2450792.0480210315,243
2024-05-07,15182.787191481866,2435002.2141605653,243
2024-05-08,14841.59452149605,2419553.572970085,243
2024-05-09,14515.165733792424,2404431.360567308,243
2024-05-10,14203.113428687748,2389621.200469636,243
2024-05-11,13900.203522143025,2375113.9502785085,243
2024-05-12,13607.914516875126,2360898.989092649,243
2024-05-13,13322.684499946494,2346969.257923718,243
2024-05-14,13047.609737176519,2333314.601517557,243
2024-05-15,12780.663339901786,2319926.891508671,243
2024-05-16,12524.159132860206,2306795.6857068264,243
2024-05-17,12276.44455056179,2293912.19448728,243
2024-05-18,12036.270654364094,2281268.8771639317,243
2024-05-19,11803.830819486246,2268857.999675461,243
2024-05-20,11579.976415639814,2256670.976590837,243
2024-05-21,11363.73227108929,2244700.197650763,243
2024-05-22,11153.930327957101,2232939.2206538217,243
2024-05-23,10950.73582903722,2221381.4381558,243
2024-05-24,10753.934823699832,2210020.456663116,243
2024-05-25,10563.916130382173,2198849.4938637493,243
2024-05-26,10378.734008718819,2187863.713186046,243
2024-05-27,10199.082154285234,2177057.5843627765,243
2024-05-28,10024.634096973647,2166425.9035968184,243
2024-05-29,9854.405107656565,2155964.4518201775,243
2024-05-30,9688.627107075486,2145668.7780441176,243
2024-05-31,9527.77739515768,2135533.9539799755,243
2024-06-01,9237.91582382657,2125255.802567116,243
2024-06-02,9075.400408936668,2115140.1665691463,243
2024-06-03,8920.044680016119,2105179.886300097,243
2024-06-04,8766.302087276712,2095373.3486237875,243
2024-06-05,8618.823939762082,2085714.2890949924,243
2024-06-06,8474.52025678661,2076199.5332491728,243
2024-06-07,8337.354679004526,2066821.9429811353,243
2024-06-08,8202.144024363257,2057579.563367739,243
2024-06-09,8058.202102726794,2048481.1256759793,243
2024-06-10,7927.501204878793,2039513.3888820675,243
2024-06-11,7803.508539625679,2030669.6447534089,243
2024-06-12,7682.7762528446065,2021946.6329115313,243
2024-06-13,7562.915652011058,2013343.4816704872,243
2024-06-14,7448.3694543691845,2004854.876627085,243
2024-06-15,7337.598125169289,1996477.0429128828,243
2024-06-16,7229.646775951146,1988207.1605478986,243
2024-06-17,7123.585670249074,1980043.3392886166,243
2024-06-18,7018.227243401811,1971984.8764561818,243
2024-06-19,6912.080373557986,1964032.5604935908,243
2024-06-20,6811.862381969581,1956180.4625225882,243
2024-06-21,6706.096542932794,1948434.1303906224,243
2024-06-22,6605.774977332449,1940788.119824257,243
2024-06-23,6510.828263663224,1933237.0559715608,243
2024-06-24,6419.22223338648,1925777.5981491413,243
2024-06-25,6328.274806639648,1918409.0877534687,243
2024-06-26,6239.016448448182,1911129.8357159875,243
2024-06-27,6152.552550564057,1903937.0475763904,243
2024-06-28,6067.228180456211,1896829.5838069012,243
2024-06-29,5983.871010950304,1889805.477206918,243
2024-06-30,5903.0757899992195,1882862.1658278857,243
2024-07-01,5501.153129390678,1875567.871552315,243
2024-07-02,5404.143926802794,1868370.5864793323,243
2024-07-03,5313.110807978087,1861264.3345251742,243
2024-07-04,5227.205656438139,1854243.987722556,243
2024-07-05,5144.372242160612,1847306.4743342155,243
2024-07-06,5064.718605404724,1840448.6145826308,243
2024-07-07,4986.946848511933,1833668.526587939,243
2024-07-08,4912.731430449295,1826962.6540113096,243
2024-07-09,4840.46822365141,1820329.0446414782,243
2024-07-10,4768.854703530208,1813767.048791768,243
2024-07-11,4697.264755505607,1807276.6428900824,243
2024-07-12,4628.873069893806,1800854.6286740087,243
2024-07-13,4558.88985060994,1794502.5976772187,243
2024-07-14,4493.872621158608,1788215.5839098801,243
2024-07-15,4430.42418193771,1781992.0185817624,243
2024-07-16,4354.383180769863,1775844.4942548126,243
2024-07-17,4289.048667216445,1769762.3044414162,243
2024-07-18,4228.5418858195235,1763740.6214094167,243
2024-07-19,4168.855447513754,1757778.624815723,243
2024-07-20,4108.523808180126,1751876.9598613628,243
2024-07-21,4050.8975972116505,1746032.9211179712,243
2024-07-22,3994.121704702503,1740245.6582670887,243
2024-07-23,3938.1670066833076,1734514.3501142254,243
2024-07-24,3880.197000922407,1728841.011967123,243
2024-07-25,3824.723767370223,1723223.1470535728,243
2024-07-26,3771.0949628707067,1717658.9109445221,243
2024-07-27,3719.021103578624,1712146.7486947635,243
2024-07-28,3668.317784699616,1706685.289763884,243
2024-07-29,3617.053215826866,1701275.095401877,243
2024-07-30,3558.2109799755317,1695923.7432757216,243
2024-07-31,3510.2187053291173,1690620.3834242125,243
2024-08-01,3655.6141777908983,1685541.7760891896,243
2024-08-02,3613.263738497821,1680505.5191934598,243
2024-08-03,3571.311634164033,1675511.2144020637,243
2024-08-04,3529.860678177522,1670558.3605666542,243
2024-08-05,3488.5359199561267,1665646.8314894661,243
2024-08-06,3445.731863164305,1660778.1064690698,243
2024-08-07,3405.8836371018174,1655949.229674736,243
2024-08-08,3366.316339129777,1651159.9201783743,243
2024-08-09,3327.121009398447,1646409.8060117438,243
2024-08-10,3288.0012745575136,1641698.8115799543,243
2024-08-11,3247.4785547253764,1637028.339867997,243
2024-08-12,3209.5069591495762,1632395.8397516154,243
2024-08-13,3171.849820941649,1627800.9967734418,243
2024-08-14,3134.5465977482586,1623243.4570184615,243
2024-08-15,3097.3612404439687,1618723.1026207856,243
2024-08-16,3060.6365039047873,1614239.4729596488,243
2024-08-17,3024.513520481493,1609791.9662819353,243
2024-08-18,2988.945145335942,1605380.0279793674,243
2024-08-19,2953.81007535682,1601003.2247467786,243
2024-08-20,2918.9913328706375,1596661.240256676,243
2024-08-21,2884.497522948039,1592353.749576496,243
2024-08-22,2850.333909840518,1588080.4225094235,243
2024-08-23,2816.60614242983,1583840.8232097616,243
2024-08-24,2783.4661039064727,1579634.3639486232,243
2024-08-25,2750.7275374615188,1575460.6432539297,243
2024-08-26,2718.2939886748413,1571319.3561080229,243
2024-08-27,2686.1645458058542,1567210.198404985,243
2024-08-28,2654.3345383475157,1563132.8707094055,243
2024-08-29,2619.755211253147,1559090.1223409204,243
2024-08-30,2588.4828732451047,1555078.6463104433,243
2024-08-31,2557.6197381380102,1551098.0334150733,243
2024-09-01,2736.0869655716915,1547359.3200444416,243
2024-09-02,2710.7782228361566,1543645.9154165455,243
2024-09-03,2685.1808715684556,1539958.108139917,243
2024-09-04,2659.5717717547186,1536295.9099631023,243
2024-09-05,2634.021975535269,1532659.261582507,243
2024-09-06,2608.434119133114,1529048.201058314,243
2024-09-07,2582.8560283543293,1525462.7186248996,243
2024-09-08,2557.4257220263344,1521902.6664978133,243
2024-09-09,2532.210824373945,1518367.8292683794,243
2024-09-10,2507.6088900850837,1514857.5939732343,243
2024-09-11,2483.2213044265036,1511371.7462637478,243
2024-09-12,2459.1238124483016,1507909.9960462395,243
2024-09-13,2435.1519762513444,1504472.2176649282,243
2024-09-14,2411.3029624836736,1501058.2882973845,243
2024-09-15,2387.559374130632,1497668.102518194,243
2024-09-16,2364.0622698667676,1494301.4138432671,243
2024-09-17,2340.7873451566074,1490958.0000930505,243
2024-09-18,2317.709958454895,1487637.6637295356,243
2024-09-19,2294.9949270268653,1484340.0423974488,243
2024-09-20,2272.5199633707043,1481064.896029018,243
2024-09-21,2250.3073238961615,1477811.962300062,243
2024-09-22,2228.3145596166823,1474581.0213353853,243
2024-09-23,2206.4786190603145,1471371.916311265,243
2024-09-24,2184.8439026764345,1468184.4460035285,243
2024-09-25,2163.3524750299503,1465018.4671234386,243
2024-09-26,2141.9750094258443,1461873.8657089528,243
2024-09-27,2120.8238767644607,1458750.4154271283,243
2024-09-28,2099.9543146917813,1455647.8347073765,243
2024-09-29,2079.120202218949,1452566.0881000976,243
2024-09-30,2057.190541098894,1449506.2711539387,243
