date,Q_m3d,storage_m3,substeps
2010-10-01,0.0,41225.150003192815,243
2010-10-02,0.0,77835.75028017405,243
2010-10-03,0.0,110454.03949082558,243
2010-10-04,0.0,139613.2932090645,243
2010-10-05,0.0,165778.9409411559,243
2010-10-06,0.0,189357.3594265752,243
2010-10-07,0.0,210691.67359955757,243
2010-10-08,0.0,230074.68375298585,243
2010-10-09,0.0,247755.97515661494,243
2010-10-10,0.0,263947.2240678773,243
2010-10-11,0.0,278829.72676171537,243
2010-10-12,0.0,292547.3707605391,243
2010-10-13,0.0,305228.85170061776,243
2010-10-14,0.0,317002.29459876963,243
2010-10-15,0.0,327966.9742181575,243
2010-10-16,0.0,338207.47853627114,243
2010-10-17,0.0,347796.26107152615,243
2010-10-18,0.0,356796.20702464256,243
2010-10-19,0.0,365262.8817205584,243
2010-10-20,0.0,373244.7653011874,243
2010-10-21,0.0,380784.38403025747,243
2010-10-22,0.0,387919.54002082173,243
2010-10-23,0.0,394683.7861826983,243
2010-10-24,0.0,401106.7069049032,243
2010-10-25,0.0,407214.692020906,243
2010-10-26,0.0,413031.51771721547,243
2010-10-27,0.0,418578.78170813865,243
2010-10-28,0.0,423876.24629299063,243
2010-10-29,0.0,428941.7026471744,243
2010-10-30,0.0,433791.3006749603,243
2010-10-31,0.0,438439.50241745857,243
2010-11-01,0.0,442899.35262853344,243
2010-11-02,0.0,447182.9152469069,243
2010-11-03,0.0,451300.99127013853,243
2010-11-04,0.0,455263.4382888176,243
2010-11-05,0.0,459079.2904270641,243
2010-11-06,0.0,462756.96540666255,243
2010-11-07,0.0,466304.23460793943,243
2010-11-08,0.0,469728.26352511515,243
2010-11-09,0.0,473035.7829275802,243
2010-11-10,0.0,476232.99925370875,243
2010-11-11,0.0,479325.7380744219,243
2010-11-12,0.0,482319.4134122704,243
2010-11-13,0.0,485218.96202369366,243
2010-11-14,0.0,488029.02804922685,243
2010-11-15,0.0,490753.83771282685,243
2010-11-16,0.0,493397.3784316556,243
2010-11-17,0.0,495963.3946856607,243
2010-11-18,0.0,498455.37892177654,243
2010-11-19,0.0,500876.6193596163,243
2010-11-20,0.0,503230.22822501074,243
2010-11-21,0.0,505519.10143882985,243
2010-11-22,1045.9368374273472,602223.1609547938,239
2010-11-23,0.0,602710.3414432155,242
2010-11-24,0.0,603443.6811529829,243
2010-11-25,0.0,604238.2953308084,243
2010-11-26,8281.559625765309,815652.9915566274,235
2010-11-27,5866.495739817314,860905.8425123928,240
2010-11-28,3957.8211795544485,856948.0213328383,242
2010-11-29,3229.1900006046053,853718.8313322337,243
2010-11-30,2812.032843155088,850906.7984890786,243
2010-12-01,2503.688827710459,848403.1096613682,243
2010-12-02,3988.3975913166432,883461.5232732294,241
2010-12-03,3004.4770749047743,880999.2648968409,243
2010-12-04,4774.52723187775,922716.1470416244,241
2010-12-05,40305.52104490792,1381626.015886908,229
2010-12-06,15266.093977744458,1366359.9219091635,241
2010-12-07,42828.028128163016,1613030.7069283384,233
2010-12-08,38131.42442543359,1731348.210481288,236
2010-12-09,26601.86167563928,1756284.355870002,239
2010-12-10,20205.585976942555,1736740.9905422633,242
2010-12-11,18380.5085032708,1718360.4820389925,242
2010-12-12,17398.204713463783,1700962.2773255287,243
2010-12-13,38112.55983902095,1861982.27568707,235
2010-12-14,22666.91387517596,1841414.620847147,242
2010-12-15,20583.191013796488,1820831.4298333505,242
2010-12-16,24587.0329815987,1848047.4587319791,240
2010-12-17,92008.4784658309,2207156.686091997,230
2010-12-18,135059.03716935473,2540077.7284136843,229
2010-12-19,105624.49397888943,2687988.4453191757,233
2010-12-20,65469.75327491468,2682606.341930779,238
2010-12-21,198880.98518234747,3039223.332901004,228
2010-12-22,70333.34480891188,2971829.8279192345,240
2010-12-23,61868.43937375676,2909961.3885454778,242
2010-12-24,56572.79191644117,2853388.5966290366,242
2010-12-25,198243.91350387502,3197838.881773901,228
2010-12-26,89840.56888757844,3171837.0224028453,238
2010-12-27,68756.82909218696,3104276.92997073,241
2010-12-28,456799.9773996046,3757876.4158531157,237
2010-12-29,103342.49763589725,3654533.9182172185,240
2010-12-30,90551.0881067682,3563982.8301104503,241
2010-12-31,81861.25746009639,3482121.572650354,242
2011-01-01,140626.14491890857,3565490.3614667114,234
2011-01-02,81071.02596910158,3484419.33549761,242
2011-01-03,73474.83700657077,3410944.498491039,242
2011-01-04,67643.01894388674,3343301.4795471523,243
2011-01-05,62794.280903219245,3280507.198643933,243
2011-01-06,58588.520773184486,3221918.6778707486,243
2011-01-07,54882.59748417698,3167036.0803865716,243
2011-01-08,51593.43100908212,3115442.6493774895,243
2011-01-09,48626.473080941476,3066816.176296548,243
2011-01-10,45928.78504082281,3020887.391255725,243
2011-01-11,43508.04223866761,2977379.3490170576,243
2011-01-12,41322.97687088139,2936056.372146176,243
2011-01-13,63977.38504492308,2999615.0542231463,237
2011-01-14,43015.35506087262,2956599.6991622737,242
2011-01-15,40428.56109794788,2916171.138064326,243
2011-01-16,38350.694522036705,2877820.443542289,243
2011-01-17,36497.47849313775,2841322.9650491513,243
2011-01-18,34816.53159179725,2806506.433457354,243
2011-01-19,33287.85173775954,2773218.5817195945,243
2011-01-20,31871.921126196627,2741346.660593398,243
2011-01-21,30549.834970417432,2710796.8256229805,243
2011-01-22,29315.988275581505,2681480.837347399,243
2011-01-23,28166.737067750655,2653314.1002796483,243
2011-01-24,27088.464517480228,2626225.635762168,243
2011-01-25,26080.047491408885,2600145.588270759,243
2011-01-26,25141.04156725295,2575004.5467035063,243
2011-01-27,24262.7878967789,2550741.7588067274,243
2011-01-28,23443.864090672694,2527297.8947160547,243
2011-01-29,39782.34203252202,2602086.673623696,238
2011-01-30,26968.750559756576,2581352.9370364198,242
2011-01-31,25056.432517404202,2556296.5045190156,243
2011-02-01,24036.027360621374,2532260.477158394,243
2011-02-02,23136.009438379202,2509124.467720015,243
2011-02-03,22311.42837051768,2486813.0393494973,243
2011-02-04,21549.430400663987,2465263.6089488333,243
2011-02-05,20841.37576725334,2444422.23318158,243
2011-02-06,20178.983471738175,2424243.249709842,243
2011-02-07,19550.57012451347,2404692.6795853283,243
2011-02-08,18955.181641144212,2385737.497944184,243
2011-02-09,18391.05676694261,2367346.4411772415,243
2011-02-10,17859.284906207584,2349487.156271034,243
2011-02-11,17359.142752445303,2332128.0135185886,243
2011-02-12,16884.439498257358,2315243.5740203313,243
2011-02-13,16433.59864568105,2298809.97537465,243
2011-02-14,27261.4457659358,2360443.064056603,239
2011-02-15,232213.74098769424,3084151.761015454,233
2011-02-16,129392.26006656158,3230117.9947772347,233
2011-02-17,181691.62423155626,3443829.802500005,231
2011-02-18,128958.58262449,3506824.598087185,234
2011-02-19,70582.33305647876,3436242.2650307063,241
2011-02-20,63863.32077287743,3372378.944257829,242
2011-02-21,59093.65622813115,3313285.2880296977,242
2011-02-22,55184.11009968445,3258101.1779300133,243
2011-02-23,51808.10927471891,3206293.0686552944,243
2011-02-24,155335.26366570278,3437556.0306189777,231
2011-02-25,64462.8120950507,3373093.218523927,241
2011-02-26,58451.328777442686,3314641.8897464843,242
2011-02-27,54246.54561514547,3260395.344131339,243
2011-02-28,50791.754076286685,3209603.590055052,243
2011-03-01,223832.76314056164,3559329.689833233,228
2011-03-02,77033.98541719513,3503551.448551121,240
2011-03-03,64924.33199618012,3438627.116554941,242
2011-03-04,59647.181078379974,3378979.935476561,242
2011-03-05,124286.10745715356,3494157.065608634,234
2011-03-06,79124.93664484283,3470210.201540528,239
2011-03-07,63876.948791739356,3416835.8706089957,241
2011-03-08,57192.015964303166,3359643.8546446925,242
2011-03-09,53348.51775401365,3306295.336890679,243
2011-03-10,54447.652489590204,3272098.5120316204,242
2011-03-11,48314.90990647301,3223783.6021251474,243
2011-03-12,45560.568652363494,3178223.033472784,243
2011-03-13,106682.44684111691,3330303.6932677357,234
2011-03-14,79301.80629913016,3349327.6261185864,238
2011-03-15,266837.68274919235,3691173.8094849186,228
2011-03-16,75950.74679984385,3615223.0626850748,241
2011-03-17,98774.90201252262,3618968.4857994523,237
2011-03-18,186313.31325067568,3760080.5429563927,232
2011-03-19,344861.9803651876,4032485.878141758,229
2011-03-20,97683.9663951071,3934801.911746651,240
2011-03-21,86487.9130521128,3848313.998694538,242
2011-03-22,225620.75515737303,4002812.720666414,231
2011-03-23,191376.55431973067,4046154.876889876,234
2011-03-24,260010.36196464684,4147408.478074435,231
2011-03-25,291648.86555781617,4245586.53587391,231
2011-03-26,131013.21041028478,4169342.699955536,238
2011-03-27,166945.93129300693,4160586.687575345,236
2011-03-28,100125.31661860272,4060461.370956742,241
2011-03-29,90164.20213850774,3970297.1688182345,242
2011-03-30,82543.90747638652,3887753.261341848,242
2011-03-31,76232.06208900595,3811521.199252842,243
2011-04-01,70869.08294817805,3740652.116304664,243
2011-04-02,66186.71835024469,3674465.3979544193,243
2011-04-03,62072.37524656672,3612393.0227078525,243
2011-04-04,58424.97659239406,3553968.0461154585,243
2011-04-05,55125.88359670201,3498842.1625187565,243
2011-04-06,52128.92265228741,3446713.239866469,243
2011-04-07,49440.9721967401,3397272.267669729,243
2011-04-08,47010.30606238777,3350261.961607341,243
2011-04-09,44786.32875168277,3305475.6328556584,243
2011-04-10,42752.93234646786,3262722.7005091906,243
2011-04-11,40880.52622054517,3221842.1742886454,243
2011-04-12,39141.671293249354,3182700.502995396,243
2011-04-13,37530.92689041281,3145169.576104983,243
2011-04-14,36028.686053327285,3109140.890051656,243
2011-04-15,34621.89045201242,3074518.9995996435,243
2011-04-16,33303.30782737536,3041215.691772268,243
2011-04-17,32060.354908865876,3009155.3368634023,243
2011-04-18,30882.76098734513,2978272.575876057,243
2011-04-19,29773.32111386396,2948499.254762193,243
2011-04-20,28730.742845315486,2919768.5119168777,243
2011-04-21,27754.203074759804,2892014.308842118,243
2011-04-22,26837.464987853542,2865176.8438542644,243
2011-04-23,25973.946438320912,2839202.8974159434,243
2011-04-24,25156.748405336402,2814046.149010607,243
2011-04-25,24377.845214479603,2789668.3037961274,243
2011-04-26,23639.28459164221,2766029.019204485,243
2011-04-27,22943.49410141399,2743085.5251030712,243
2011-04-28,22286.855823654216,2720798.669279417,243
2011-04-29,21662.150741833262,2699136.5185375838,243
2011-04-30,21066.669469286688,2678069.849068297,243
2011-05-01,20498.058824644424,2657571.7902436526,243
2011-05-02,19955.830475937575,2637615.959767715,243
2011-05-03,19442.170552616473,2618173.7892150986,243
2011-05-04,18950.999581953045,2599222.7896331456,243
2011-05-05,18480.12949984381,2580742.6601333017,243
2011-05-06,18032.4695570725,2562710.1905762292,243
2011-05-07,17609.45867858641,2545100.731897643,243
2011-05-08,17206.076467991807,2527894.655429651,243
2011-05-09,16818.364362820983,2511076.29106683,243
2011-05-10,16443.510783702135,2494632.780283128,243
2011-05-11,16081.647602678277,2478551.1326804496,243
2011-05-12,15731.8269930752,2462819.3056873744,243
2011-05-13,15392.19891126128,2447427.106776113,243
2011-05-14,15065.74791060714,2432361.358865506,243
2011-05-15,14751.767433238216,2417609.591432268,243
2011-05-16,14449.431389088277,2403160.1600431795,243
2011-05-17,14157.87050896231,2389002.289534217,243
2011-05-18,13876.779736109544,2375125.5097981077,243
2011-05-19,13604.735401161946,2361520.7743969457,243
2011-05-20,13341.255866672844,2348179.518530273,243
2011-05-21,13085.01288957335,2335094.5056406995,243
2011-05-22,12835.823921385221,2322258.6817193143,243
2011-05-23,12594.595601007342,2309664.086118307,243
2011-05-24,12361.397436156403,2297302.6886821506,243
2011-05-25,12134.907449573744,2285167.781232577,243
2011-05-26,11915.747698857449,2273252.0335337194,243
2011-05-27,11703.991963423789,2261548.0415702956,243
2011-05-28,11499.529154622927,2250048.5124156727,243
2011-05-29,11301.217589152046,2238747.2948265206,243
2011-05-30,11108.47276434023,2227638.8220621804,243
2011-05-31,10923.820663180202,2216715.001399,243
2011-06-01,10745.2396281939,2205969.7617708063,243
2011-06-02,10571.796434809454,2195397.965335997,243
2011-06-03,10403.211738256738,2184994.75359774,243
2011-06-04,10239.841073517688,2174754.9125242224,243
2011-06-05,10081.463870411273,2164673.448653811,243
2011-06-06,9927.380035506096,2154746.068618305,243
2011-06-07,9776.992048068438,2144969.0765702366,243
2011-06-08,9630.345265468117,2135338.7313047685,243
2011-06-09,9487.733529974706,2125850.9977747938,243
2011-06-10,9349.574072899763,2116501.423701894,243
2011-06-11,9215.02693757182,2107286.396764322,243
2011-06-12,9083.601902642753,2098202.7948616794,243
2011-06-13,8954.836617036723,2089247.9582446427,243
2011-06-14,8828.863924806472,2080419.0943198362,243
2011-06-15,8705.939433787717,2071713.1548860485,243
2011-06-16,8586.214861589717,2063126.9400244588,243
2011-06-17,8469.250951556256,2054657.6890729025,243
2011-06-18,8354.551992784021,2046303.1370801185,243
2011-06-19,8242.9562068847,2038060.1808732338,243
2011-06-20,8135.051675467053,2029925.1291977668,243
2011-06-21,8029.019279806409,2021896.1099179604,243
2011-06-22,7924.937472548569,2013971.1724454118,243
2011-06-23,7823.218996183248,2006147.9534492285,243
2011-06-24,7723.953583061229,1998423.9998661673,243
2011-06-25,7626.531662532594,1990797.4682036347,243
2011-06-26,7530.71923220274,1983266.748971432,243
2011-06-27,7436.999319754541,1975829.7496516774,243
2011-06-28,7345.16302489629,1968484.5866267812,243
2011-06-29,7255.364974281751,1961229.2216524994,243
2011-06-30,7167.424779858673,1954061.7968726407,243
2011-07-01,7081.114086167654,1946980.682786473,243
2011-07-02,6996.266873980407,1939984.4159124927,243
2011-07-03,6913.301516957814,1933071.1143955349,243
2011-07-04,6832.514876214089,1926238.5995193208,243
2011-07-05,6753.46794890915,1919485.1315704116,243
2011-07-06,6675.786243250826,1912809.3453271608,243
2011-07-07,6599.76597808837,1906209.5793490724,243
2011-07-08,6525.407149547245,1899684.1721995252,243
2011-07-09,6452.597388366936,1893231.5748111582,243
2011-07-10,6381.785789525602,1886849.7890216326,243
2011-07-11,6312.163397700526,1880537.625623932,243
2011-07-12,6243.385918005137,1874294.239705927,243
2011-07-13,6175.472185305087,1868118.767520622,243
2011-07-14,6108.599532279652,1862010.1679883422,243
2011-07-15,6043.401869655121,1855966.766118687,243
2011-07-16,5979.948317681905,1849986.8178010052,243
2011-07-17,5917.893122499576,1844068.9246785056,243
2011-07-18,5856.858096014243,1838212.0665824914,243
2011-07-19,5796.751424408751,1832415.3151580826,243
2011-07-20,5737.520576303825,1826677.7945817788,243
2011-07-21,5678.987592567923,1820998.806989211,243
2011-07-22,5621.209340915084,1815377.5976482958,243
2011-07-23,5564.224927305477,1809813.3727209903,243
2011-07-24,5508.041023761965,1804305.3316972284,243
2011-07-25,5452.717587681487,1798852.6141095469,243
2011-07-26,5398.077999216272,1793454.5361103306,243
2011-07-27,5344.145021018339,1788110.3910893123,243
2011-07-28,5291.124927309109,1782819.2661620032,243
2011-07-29,5238.934227409773,1777580.3319345934,243
2011-07-30,5187.61761936429,1772392.714315229,243
2011-07-31,5136.95205197623,1767255.7622632529,243
2011-08-01,5086.973551046336,1762168.7887122065,243
2011-08-02,5037.689675678732,1757131.0990365278,243
2011-08-03,4989.361024708487,1752141.7380118193,243
2011-08-04,4942.632914050715,1747199.1050977686,243
2011-08-05,4896.847368706716,1742302.2577290619,243
2011-08-06,4851.535200539045,1737450.7225285228,243
2011-08-07,4807.09300773032,1732643.6295207925,243
2011-08-08,4763.570130260661,1727880.0593905319,243
2011-08-09,4720.626445215428,1723159.4329453164,243
2011-08-10,4678.773223997327,1718480.659721319,243
2011-08-11,4637.739802216645,1713842.9199191025,243
2011-08-12,4597.282593388576,1709245.6373257139,243
2011-08-13,4557.304466552567,1704688.3328591613,243
2011-08-14,4517.807680317434,1700170.5251788439,243
2011-08-15,4478.839708332904,1695691.685470511,243
2011-08-16,4440.493226527935,1691251.192243983,243
2011-08-17,4402.566101321485,1686848.6261426616,243
2011-08-18,4365.085938097443,1682483.540204564,243
2011-08-19,4328.401924194302,1678155.1382803698,243
2011-08-20,4292.211015925277,1673862.9272644445,243
2011-08-21,4256.421400655061,1669606.5058637895,243
2011-08-22,4221.174512654077,1665385.3313511354,243
2011-08-23,4186.3063401018735,1661199.0250110335,243
2011-08-24,4151.767539636465,1657047.257471397,243
2011-08-25,4117.692805529339,1652929.5646658677,243
2011-08-26,4084.0018026938196,1648845.562863174,243
2011-08-27,4050.669959167717,1644794.8929040062,243
2011-08-28,4017.6576600149274,1640777.2352439913,243
2011-08-29,3984.9506325700786,1636792.2846114212,243
2011-08-30,3952.5527270878665,1632839.7318843333,243
2011-08-31,3920.591637472622,1628919.1402468607,243
2011-09-01,3888.98169971304,1625030.1585471476,243
2011-09-02,3857.6743043158203,1621172.4842428318,243
2011-09-03,3826.646191726206,1617345.8380511056,243
2011-09-04,3795.9109645490535,1613549.9270865566,243
2011-09-05,3765.463991550496,1609784.463095006,243
2011-09-06,3735.2562179118395,1606049.2068770942,243
2011-09-07,3705.3118859806564,1602343.8949911136,243
2011-09-08,3675.702107495861,1598668.1928836177,243
2011-09-09,3646.4403958693147,1595021.7524877484,243
2011-09-10,3617.551843467634,1591404.2006442808,243
2011-09-11,3588.963901817333,1587815.2367424634,243
2011-09-12,3560.755525868619,1584254.4812165948,243
2011-09-13,3533.011043939041,1580721.4701726558,243
2011-09-14,3505.532317482168,1577215.9378551736,243
2011-09-15,3478.5143642455805,1573737.423490928,243
2011-09-16,3452.0245346273296,1570285.3989563007,243
2011-09-17,3425.7761766468175,1566859.6227796539,243
2011-09-18,3399.827559070196,1563459.7952205837,243
2011-09-19,3374.112291515339,1560085.6829290683,243
2011-09-20,3348.769161517732,1556736.9137675506,243
2011-09-21,3323.758396590594,1553413.15537096,243
2011-09-22,3299.047671729699,1550114.1076992303,243
2011-09-23,3274.539126616437,1546839.5685726139,243
2011-09-24,3250.229985969141,1543589.3385866447,243
2011-09-25,3226.1385492961854,1540363.2000373485,243
2011-09-26,3202.305482491851,1537160.8945548567,243
2011-09-27,3178.7221680781804,1533982.1723867785,243
2011-09-28,3155.370629301062,1530826.8017574775,243
2011-09-29,3132.249993500067,1527694.5517639774,243
2011-09-30,3109.4345933464356,1524585.117170631,243
2011-10-01,3086.9369454360567,1521498.180225195,243
2011-10-02,3064.620566776255,1518433.5596584186,243
2011-10-03,3042.5819393550046,1515390.9777190636,243
2011-10-04,3020.7982451471034,1512370.1794739165,243
2011-10-05,2999.157737202011,1509371.0217367145,243
2011-10-06,2977.6652496343013,1506393.3564870802,243
2011-10-07,2956.325015002163,1503437.031472078,243
2011-10-08,2935.1453503905796,1500501.8861216875,243
2011-10-09,2914.1618386064656,1497587.724283081,243
2011-10-10,2893.337196878623,1494694.3870862024,243
2011-10-11,2872.6639754488133,1491821.7231107536,243
2011-10-12,2852.1984684828203,1488969.5246422708,243
2011-10-13,2832.0718130355235,1486137.4528292352,243
2011-10-14,2812.1339710135944,1483325.3188582216,243
2011-10-15,2792.355153529905,1480532.9637046917,243
2011-10-16,2772.786569989752,1477760.177134702,243
2011-10-17,2753.449342758395,1475006.7277919436,243
2011-10-18,2734.3704753946513,1472272.357316549,243
2011-10-19,2715.564904252533,1469556.7924122964,243
2011-10-20,2696.9312104377896,1466859.8612018586,243
2011-10-21,2678.428074399475,1464181.4331274591,243
2011-10-22,2660.042259575799,1461521.3908678833,243
2011-10-23,2641.7761928334367,1458879.61467505,243
2011-10-24,2623.662907180842,1456255.951767869,243
2011-10-25,2605.8165056926664,1453650.1352621764,243
2011-10-26,2588.186159875244,1451061.9491023012,243
2011-10-27,2570.7908683996648,1448491.1582339015,243
2011-10-28,2553.524672010215,1445937.6335618913,243
2011-10-29,2536.4034810473677,1443401.230080844,243
2011-10-30,2519.463326027151,1440881.7667548168,243
2011-10-31,2502.7085033287294,1438379.058251488,243
2011-11-01,2486.293469766155,1435892.7647817219,243
2011-11-02,2469.9946742695756,1433422.7701074523,243
2011-11-03,2453.809958442347,1430968.96014901,243
2011-11-04,2437.7913347245194,1428531.1688142854,243
2011-11-05,2422.0208495839033,1426109.1479647015,243
2011-11-06,2406.5139850899577,1423702.6339796116,243
2011-11-07,2391.242466771044,1421311.3915128405,243
2011-11-08,2376.055450560758,1418935.3360622798,243
2011-11-09,2360.989422568353,1416574.3466397114,243
2011-11-10,2346.2270094251726,1414228.1196302862,243
2011-11-11,2331.645162655739,1411896.4744676305,243
2011-11-12,2317.2702873530798,1409579.2041802774,243
2011-11-13,2303.0931743814144,1407276.111005896,243
2011-11-14,2289.0388872618787,1404987.0721186341,243
2011-11-15,2275.0645157722756,1402712.0076028618,243
2011-11-16,2261.172631859081,1400450.8349710028,243
2011-11-17,2247.3653710759245,1398203.4695999268,243
2011-11-18,2233.6839378033765,1395969.7856621235,243
2011-11-19,2220.183621244505,1393749.602040879,243
2011-11-20,2206.8092798222788,1391542.7927610567,243
2011-11-21,2193.573902105447,1389349.2188589512,243
2011-11-22,2180.409040820319,1387168.809818131,243
2011-11-23,2167.4497086871415,1385001.3601094438,243
2011-11-24,2154.6494634156115,1382846.7106460282,243
2011-11-25,2142.0155918269884,1380704.6950542012,243
2011-11-26,2129.645230990136,1378575.049823211,243
2011-11-27,2117.491376922466,1376457.5584462886,243
2011-11-28,2105.5272545856424,1374352.031191703,243
2011-11-29,2093.6434257915244,1372258.3877659114,243
2011-11-30,2081.829674399458,1370176.558091512,243
2011-12-01,2070.1052800223697,1368106.4528114896,243
2011-12-02,2058.448664104333,1366048.0041473852,243
2011-12-03,2046.8619549784344,1364001.1421924068,243
2011-12-04,2035.3357590383384,1361965.8064333685,243
2011-12-05,2023.9532014182769,1359941.8532319502,243
2011-12-06,2012.673660067143,1357929.179571883,243
2011-12-07,2001.4596878730226,1355927.71988401,243
2011-12-08,1990.3031258368865,1353937.4167581731,243
2011-12-09,1979.2331516211852,1351958.183606552,243
2011-12-10,1968.3441110779531,1349989.839495474,243
2011-12-11,1957.6393988598138,1348032.2000966142,243
2011-12-12,1946.9990512751974,1346085.201045339,243
2011-12-13,1936.3962943691295,1344148.8047509699,243
2011-12-14,1925.8588704883587,1342222.9458804815,243
2011-12-15,1915.3971411860548,1340307.5487392955,243
2011-12-16,1905.0493452623487,1338402.499394033,243
2011-12-17,1894.7718606372364,1336507.7275333959,243
2011-12-18,1884.5416265572421,1334623.1859068386,243
2011-12-19,1874.3867994649336,1332748.7991073737,243
2011-12-20,1864.3170464430004,1330884.4820609307,243
2011-12-21,1854.2974271741696,1329030.1846337565,243
2011-12-22,1844.3322918617632,1327185.8523418948,243
2011-12-23,1834.4281402218621,1325351.424201673,243
2011-12-24,1824.579718946945,1323526.844482726,243
2011-12-25,1814.7820886131376,1321712.0623941128,243
2011-12-26,1805.0343222767115,1319907.028071836,243
2011-12-27,1795.3397789415903,1318111.6882928945,243
2011-12-28,1785.699301093351,1316325.9889918012,243
2011-12-29,1776.1537401159294,1314549.8352516852,243
2011-12-30,1766.771652830299,1312783.063598855,243
2011-12-31,1757.4887119610794,1311025.5748868939,243
2012-01-01,1748.3149877181277,1309277.2598991757,243
2012-01-02,1739.36248124158,1307537.8974179341,243
2012-01-03,1730.4801992606372,1305807.4172186735,243
2012-01-04,1721.6498649427667,1304085.7673537307,243
2012-01-05,1712.8708839199971,1302372.8964698107,243
2012-01-06,1704.142492190702,1300668.75397762,243
2012-01-07,1695.4951957520097,1298973.258781868,243
2012-01-08,1686.9881235081702,1297286.2706583599,243
2012-01-09,1678.5886213250924,1295607.6820370348,243
2012-01-10,1670.2355622476898,1293937.446474787,243
2012-01-11,1661.9288003232796,1292275.5176744638,243
2012-01-12,1653.667916326318,1290621.8497581375,243
2012-01-13,1645.4357696659863,1288976.4139884715,243
2012-01-14,1637.3705376030412,1287339.0434508685,243
2012-01-15,1629.4502891788725,1285709.5931616896,243
2012-01-16,1621.596432434395,1284087.9967292552,243
2012-01-17,1613.8035409254953,1282474.1931883297,243
2012-01-18,1606.0548497955315,1280868.1383385342,243
2012-01-19,1598.34927880764,1279269.7890597265,243
2012-01-20,1590.705668432638,1277679.0833912939,243
2012-01-21,1583.21591866971,1276095.8674726242,243
2012-01-22,33746.6699882758,1699081.0048235129,230
2012-01-23,12519.368312211951,1696708.9086126778,241
2012-01-24,10195.255202159286,1686513.6534105185,242
2012-01-25,9155.048259812174,1677358.6051507064,242
2012-01-26,8463.266004876932,1668895.3391458294,243
2012-01-27,7994.210264102323,1660901.128881727,243
2012-01-28,7635.758305158932,1653265.3705765682,243
2012-01-29,7335.298429439543,1645930.0721471286,243
2012-01-30,7068.610081682447,1638861.4620654462,243
2012-01-31,6845.095620435197,1632016.366445011,243
2012-02-01,6645.533890952822,1625370.8325540582,243
2012-02-02,6465.4564296819735,1618905.3761243762,243
2012-02-03,6297.296542511089,1612608.079581865,243
2012-02-04,6137.498536406783,1606470.5810454583,243
2012-02-05,5990.161462707911,1600480.4195827504,243
2012-02-06,11628.677037592526,1663154.4346417543,239
2012-02-07,13600.520039938085,1720924.9473695913,239
2012-02-08,9142.861977550434,1711782.085392041,242
2012-02-09,8643.787125882016,1704260.9214665163,243
2012-02-10,13720.367999400281,1754284.898698077,240
2012-02-11,9713.226191528607,1744571.6725065485,242
2012-02-12,16491.105389835706,1808536.1053453304,239
2012-02-13,11060.091524502495,1797476.013820828,242
2012-02-14,10340.089654878713,1787135.9241659492,243
2012-02-15,9905.25462412741,1777230.6695418218,243
2012-02-16,9529.691344677238,1767700.9781971446,243
2012-02-17,9201.538413634291,1758499.4397835103,243
2012-02-18,8919.076867842581,1749580.3629156677,243
2012-02-19,8671.449889282929,1740908.9130263848,243
2012-02-20,8438.973159309244,1732469.9398670755,243
2012-02-21,8217.512276635505,1724252.42759044,243
2012-02-22,8008.714651396964,1716243.712939043,243
2012-02-23,7810.509021900129,1708433.203917143,243
2012-02-24,7621.779446871486,1700811.4244702714,243
2012-02-25,7442.617247454356,1693368.807222817,243
2012-02-26,7272.03311569849,1686096.7741071186,243
2012-02-27,7110.133741372963,1678986.6403657456,243
2012-02-28,17914.85260569949,1783164.1601556093,238
2012-02-29,13977.222473400805,1809944.9087129137,240
2012-03-01,13496.395204428329,1825322.2801178123,241
2012-03-02,11061.7706274651,1814260.5094903472,243
2012-03-03,10481.535396765685,1803778.9740935815,243
2012-03-04,10065.751400094712,1793713.2226934868,243
2012-03-05,9708.282840145053,1784004.9398533418,243
2012-03-06,9391.972057583742,1774612.967795758,243
2012-03-07,9108.634611817077,1765504.333183941,243
2012-03-08,8846.708391297609,1756657.6247926434,243
2012-03-09,8602.661454670597,1748054.9633379728,243
2012-03-10,8375.219920109492,1739679.7434178633,243
2012-03-11,8160.587863463443,1731519.1555543998,243
2012-03-12,33990.49744251519,1949869.587493151,234
2012-03-13,258458.86206825683,2832144.29906053,237
2012-03-14,84103.42846138676,2904898.0033848425,235
2012-03-15,103603.9110106928,3021813.248814197,234
2012-03-16,179124.09802826104,3277700.6500686193,230
2012-03-17,68681.44607875822,3209019.203989861,240
2012-03-18,61570.48536163615,3147448.718628225,242
2012-03-19,56868.195428115316,3090580.5232001096,242
2012-03-20,52983.020892612636,3037597.502307497,242
2012-03-21,49612.1090647378,2987985.393242759,243
2012-03-22,46650.41052924981,2941334.9827135094,243
2012-03-23,43997.618789284024,2897337.3639242253,243
2012-03-24,104845.39979026106,3080056.6044560336,233
2012-03-25,52413.897705352865,3027642.7067506807,242
2012-03-26,115639.08272530307,3175349.6242103027,233
2012-03-27,256970.4907411884,3525602.466512518,228
2012-03-28,77543.7363068643,3448058.7302056537,240
2012-03-29,68756.38567222329,3379302.3445334304,242
2012-03-30,87277.77368018843,3385192.7631978486,238
2012-03-31,108541.77021138484,3433775.7885523355,236
2012-04-01,66157.02863291837,3367618.759919417,242
2012-04-02,60487.31919226609,3307131.440727151,242
2012-04-03,56184.206365359016,3250947.234361792,243
2012-04-04,52534.83712223079,3198412.397239561,243
2012-04-05,49329.106799058616,3149083.2904405026,243
2012-04-06,46499.03135846462,3102584.259082038,243
2012-04-07,43970.025810562074,3058614.233271476,243
2012-04-08,41691.54464540444,3016922.6886260714,243
2012-04-09,39611.05992527213,2977311.6287007993,243
2012-04-10,47051.98566958857,2980505.128963032,240
2012-04-11,82039.08435050308,3103160.8101411806,235
2012-04-12,121056.96959850087,3267165.821325449,233
2012-04-13,54737.881381216925,3212427.939944232,241
2012-04-14,49828.52122131828,3162599.4187229136,242
2012-04-15,46480.810441245325,3116118.6082816683,243
2012-04-16,43744.54828691855,3072374.0599947497,243
2012-04-17,41359.29586367868,3031014.764131071,243
2012-04-18,39227.09865952004,2991787.665471551,243
2012-04-19,37304.44828797644,2954483.2171835746,243
2012-04-20,35558.38884458318,2918924.8283389914,243
2012-04-21,33961.56813345803,2884963.2602055334,243
2012-04-22,32496.27229654696,2852466.9879089864,243
2012-04-23,31135.123455293477,2821331.864453693,243
2012-04-24,29862.13628013525,2791469.7281735577,243
2012-04-25,28670.932048930787,2762798.796124627,243
2012-04-26,27560.6169497543,2735238.1791748726,243
2012-04-27,26533.07742285775,2708705.101752015,243
2012-04-28,25582.669122544117,2683122.4326294707,243
2012-04-29,24696.051579181105,2658426.3810502896,243
2012-04-30,23857.53105456382,2634568.849995726,243
2012-05-01,23060.518094568513,2611508.3319011573,243
2012-05-02,22313.44570269715,2589194.88619846,243
2012-05-03,21609.93409844255,2567584.9521000176,243
2012-05-04,20940.648954611737,2546644.303145406,243
2012-05-05,20309.814755622298,2526334.4883897835,243
2012-05-06,19712.144732028246,2506622.3436577553,243
2012-05-07,19145.352346405853,2487476.9913113494,243
2012-05-08,18609.13928835932,2468867.85202299,243
2012-05-09,18099.152294259984,2450768.69972873,243
2012-05-10,17614.18752699904,2433154.512201731,243
2012-05-11,17152.35008926224,2416002.162112469,243
2012-05-12,16709.970303740352,2399292.1918087285,243
2012-05-13,16287.010541288182,2383005.1812674403,243
2012-05-14,15885.197477322072,2367119.9837901182,243
2012-05-15,15502.127458618954,2351617.8563314993,243
2012-05-16,15136.535941989161,2336481.32038951,243
2012-05-17,14784.554489409551,2321696.7659001006,243
2012-05-18,14446.462325906847,2307250.3035741937,243
2012-05-19,14119.964392459486,2293130.3391817342,243
2012-05-20,13803.794186661951,2279326.5449950723,243
2012-05-21,13499.92037304584,2265826.6246220265,243
2012-05-22,13208.536724948324,2252618.087897078,243
2012-05-23,12930.147658714559,2239687.9402383636,243
2012-05-24,12661.874713328201,2227026.0655250354,243
2012-05-25,12401.867018338293,2214624.198506697,243
2012-05-26,12150.352771734819,2202473.8457349623,243
2012-05-27,11907.39130236255,2190566.4544325997,243
2012-05-28,11672.173115808051,2178894.2813167917,243
2012-05-29,11443.928517777938,2167450.3527990137,243
2012-05-30,11222.884448471013,2156227.4683505427,243
2012-05-31,11008.546603091992,2145218.9217474507,243
2012-06-01,10800.276248485781,2134418.645498965,243
2012-06-02,10599.177368645556,2123819.4681303194,243
2012-06-03,10403.968048004434,2113415.500082315,243
2012-06-04,10214.926981226541,2103200.5731010884,243
2012-06-05,10033.189248501323,2093167.383852587,243
2012-06-06,9856.974842036609,2083310.4090105505,243
2012-06-07,9687.865728442557,2073622.543282108,243
2012-06-08,9525.789929751074,2064096.7533523568,243
2012-06-09,9368.305360981496,2054728.4479913753,243
2012-06-10,9215.527882827912,2045512.9201085474,243
2012-06-11,9067.207711283816,2036445.7123972636,243
2012-06-12,8922.760508985724,2027522.951888278,243
2012-06-13,8781.793205814436,2018741.1586824635,243
2012-06-14,8644.724361280212,2010096.4343211832,243
2012-06-15,8513.293550339062,2001583.1407708442,243
2012-06-16,8386.825638019945,1993196.3151328242,243
2012-06-17,8264.15145448735,1984932.163678337,243
2012-06-18,8145.052308731247,1976787.1113696056,243
2012-06-19,8028.5040219838265,1968758.6073476218,243
2012-06-20,7914.0971523586195,1960844.5101952632,243
2012-06-21,7802.081671521068,1953042.4285237421,243
2012-06-22,7692.505124443211,1945349.923399299,243
2012-06-23,7585.308449221309,1937764.6149500776,243
2012-06-24,7480.495186492801,1930284.1197635848,243
2012-06-25,7378.357298474992,1922905.7624651098,243
2012-06-26,7279.0172557041515,1915626.7452094057,243
2012-06-27,7181.672826729249,1908445.0723826764,243
2012-06-28,7086.49194484693,1901358.5804378295,243
2012-06-29,6993.068737484282,1894365.5117003452,243
2012-06-30,6901.276186054107,1887464.235514291,243
2012-07-01,6811.767262706999,1880652.468251584,243
2012-07-02,6724.2948902526405,1873928.1733613315,243
2012-07-03,6638.602825765032,1867289.5705355664,243
2012-07-04,6554.628903873963,1860734.9416316925,243
2012-07-05,6472.405739220558,1854262.535892472,243
2012-07-06,6391.758116481127,1847870.7777759908,243
2012-07-07,6312.83597814315,1841557.9417978476,243
2012-07-08,6235.574043114902,1835322.3677547327,243
2012-07-09,6160.159501415677,1829162.208253317,243
2012-07-10,6086.285855499096,1823075.922397818,243
2012-07-11,6014.2410995122045,1817061.6812983057,243
2012-07-12,5944.199339389568,1811117.4819589162,243
2012-07-13,5875.817601044895,1805241.6643578713,243
2012-07-14,5808.806342660915,1799432.8580152104,243
2012-07-15,5743.218843491515,1793689.6391717189,243
2012-07-16,5679.153949444881,1788010.485222274,243
2012-07-17,5616.636806576047,1782393.848415698,243
2012-07-18,5555.36912527075,1776838.4792904272,243
2012-07-19,5495.364393943455,1771343.1148964837,243
2012-07-20,5436.2153108408675,1765906.8995856429,243
2012-07-21,5377.921821011463,1760528.9777646314,243
2012-07-22,5320.7952487173025,1755208.182515914,243
2012-07-23,5264.910434452351,1749943.2720814617,243
2012-07-24,5210.09205795289,1744733.1800235088,243
2012-07-25,5156.202485480346,1739576.9775380285,243
2012-07-26,5103.141727600014,1734473.8358104285,243
2012-07-27,5050.805628012866,1729423.0301824156,243
2012-07-28,4999.256151119713,1724423.774031296,243
2012-07-29,4948.661462028045,1719475.1125692679,243
2012-07-30,4898.89912030776,1714576.21344896,243
2012-07-31,4849.969755054684,1709726.2436939054,243
2012-08-01,4801.799474499188,1704924.4442194062,243
2012-08-02,4754.565555570647,1700169.8786638356,243
2012-08-03,4708.074997677468,1695461.803666158,243
2012-08-04,4662.183211852098,1690799.620454306,243
2012-08-05,4617.062734542647,1686182.5577197634,243
2012-08-06,4572.685224675108,1681609.8724950883,243
2012-08-07,4528.908419533167,1677080.964075555,243
2012-08-08,4486.595879318193,1672594.368196237,243
2012-08-09,4445.234764499124,1668149.1334317378,243
2012-08-10,4404.74138883641,1663744.3920429014,243
2012-08-11,4364.7683907873,1659379.623652114,243
2012-08-12,4325.282217191532,1655054.3414349225,243
2012-08-13,4286.290764657315,1650768.0506702652,243
2012-08-14,4247.692380261142,1646520.358290004,243
2012-08-15,4209.527575155254,1642310.8307148488,243
2012-08-16,4171.94223864167,1638138.8884762072,243
2012-08-17,4134.839890901232,1634004.048585306,243
2012-08-18,4098.271155853057,1629905.7774294529,243
2012-08-19,4062.2845067100134,1625843.4929227429,243
2012-08-20,4026.942202283768,1621816.550720459,243
2012-08-21,3992.0386681056116,1617824.5120523535,243
2012-08-22,3957.5262523144484,1613866.985800039,243
2012-08-23,3923.376858754549,1609943.6089412845,243
2012-08-24,3889.65298733674,1606053.9559539477,243
2012-08-25,3856.34012724855,1602197.6158266992,243
2012-08-26,3823.3967903286684,1598374.2190363705,243
2012-08-27,3790.838412283454,1594583.380624087,243
2012-08-28,3758.726276449859,1590824.6543476372,243
2012-08-29,3726.9572093058378,1587097.6971383314,243
2012-08-30,3695.765120030381,1583401.932018301,243
2012-08-31,3665.24810867873,1579736.6839096223,243
2012-09-01,3635.05764865689,1576101.6262609654,243
2012-09-02,3605.147172290599,1572496.4790886748,243
2012-09-03,3575.515545437578,1568920.9635432372,243
2012-09-04,3546.164899930358,1565374.7986433068,243
2012-09-05,3517.0757700777613,1561857.722873229,243
2012-09-06,3488.2564746867865,1558369.4663985423,243
2012-09-07,3459.720907338895,1554909.7454912034,243
2012-09-08,3431.463465916924,1551478.2820252865,243
2012-09-09,3403.480462415144,1548074.8015628713,243
2012-09-10,3375.7693477675784,1544699.0322151037,243
2012-09-11,3348.3225882339757,1541350.7096268698,243
2012-09-12,3321.117331216112,1538029.5922956537,243
2012-09-13,3294.2475439696573,1534735.344751684,243
2012-09-14,3267.6598559306003,1531467.6848957534,243
2012-09-15,3241.3257026572246,1528226.3591930962,243
2012-09-16,3215.2881225107703,1525011.0710705854,243
2012-09-17,3189.6232109111734,1521821.4478596742,243
2012-09-18,3164.5240309350193,1518656.9238287392,243
2012-09-19,3139.821913304506,1515517.1019154347,243
2012-09-20,3115.3421551233623,1512401.7597603113,243
2012-09-21,3091.1273523834534,1509310.632407928,243
2012-09-22,3067.2110442176927,1506243.4213637102,243
2012-09-23,3043.58277580305,1503199.8385879071,243
2012-09-24,3020.169701635372,1500179.6688862718,243
2012-09-25,2997.0108226742595,1497182.6580635975,243
2012-09-26,2974.1329986401834,1494208.5250649573,243
2012-09-27,2951.5791267757304,1491256.9459381816,243
2012-09-28,2929.303049954353,1488327.6428882272,243
2012-09-29,2907.3106730051804,1485420.332215222,243
2012-09-30,2885.530363676371,1482534.8018515457,243
2012-10-01,2864.1408409674186,1479670.6610105783,243
2012-10-02,2843.136457856279,1476827.524552722,243
2012-10-03,2822.425524473889,1474005.099028248,243
2012-10-04,2801.943414019188,1471203.155614229,243
2012-10-05,2781.750995016657,1468421.4046192123,243
2012-10-06,2761.730284946272,1465659.674334266,243
2012-10-07,2741.8582738006953,1462917.8160604653,243
2012-10-08,2722.141900527058,1460195.6741599382,243
2012-10-09,2702.729237379972,1457492.9449225583,243
2012-10-10,2683.6034080146346,1454809.3415145436,243
2012-10-11,2664.6235923192,1452144.7179222244,243
2012-10-12,2645.7940231608227,1449498.9238990636,243
2012-10-13,2627.1609819440637,1446871.7629171195,243
2012-10-14,2608.698227006942,1444263.0646901126,243
2012-10-15,2590.381018187152,1441672.6836719254,243
2012-10-16,2572.237676746445,1439100.445995179,243
2012-10-17,2554.2554564049933,1436546.190538774,243
2012-10-18,2536.4219856401905,1434009.7685531338,243
2012-10-19,2518.7362149974797,1431491.0323381363,243
2012-10-20,2501.1958051072434,1428989.836533029,243
2012-10-21,2483.8006163989194,1426506.0359166302,243
2012-10-22,2466.549580957275,1424039.486335673,243
2012-10-23,2449.431814385811,1421590.054521287,243
2012-10-24,2432.4500846175943,1419157.6044366695,243
2012-10-25,2415.700242049992,1416741.9041946195,243
2012-10-26,2399.4332026618067,1414342.4709919577,243
2012-10-27,2383.353236913914,1411959.1177550438,243
2012-10-28,2367.4870350477286,1409591.630719996,243
2012-10-29,2351.921323425835,1407239.7093965702,243
2012-10-30,2336.5008170099463,1404903.2085795603,243
2012-10-31,2321.225403498858,1402581.9831760614,243
2012-11-01,2306.223343427526,1400275.759832634,243
2012-11-02,2291.3513084102888,1397984.4085242236,243
2012-11-03,2276.6171462100465,1395707.7913780136,243
2012-11-04,2262.0104282821994,1393445.7809497314,243
2012-11-05,2247.498451817315,1391198.282497914,243
2012-11-06,2233.225434018299,1388965.0570638957,243
2012-11-07,2219.1834997916594,1386745.873564104,243
2012-11-08,2205.2091817541514,1384540.66438235,243
2012-11-09,2191.478240324883,1382349.186142025,243
2012-11-10,2177.9964716949034,1380171.1896703301,243
2012-11-11,2164.656686224742,1378006.5329841054,243
2012-11-12,2151.384615597781,1375855.1483685076,243
2012-11-13,2138.263203992741,1373716.8851645149,243
2012-11-14,2125.3956476261374,1371591.4895168887,243
2012-11-15,2112.661298898747,1369478.82821799,243
2012-11-16,2099.986705117626,1367378.8415128724,243
2012-11-17,2087.540101062041,1365291.3014118103,243
2012-11-18,2075.266645880416,1363216.03476593,243
2012-11-19,2063.0611467724666,1361152.9736191574,243
2012-11-20,2050.9260447593406,1359102.047574398,243
2012-11-21,2038.862703646766,1357063.1848707513,243
2012-11-22,2026.8704004709143,1355036.3144702804,243
2012-11-23,2014.947551585501,1353021.366918695,243
2012-11-24,2003.110299261054,1351018.2566194339,243
2012-11-25,1991.3948054139037,1349026.86181402,243
2012-11-26,1979.7392787870485,1347047.122535233,243
2012-11-27,1968.1425304198638,1345078.980004813,243
2012-11-28,1956.617379724048,1343122.362625089,243
2012-11-29,1945.165003255941,1341177.197621833,243
2012-11-30,10749.122676304018,1476796.49873755,237
2012-12-01,99271.0740919247,2178571.3443576815,230
2012-12-02,33953.553823943876,2217440.029286965,238
2012-12-03,22056.87127997214,2195383.1580069927,241
2012-12-04,158849.36548365897,2723441.7022597194,229
2012-12-05,41733.63113527538,2688190.1828170763,240
2012-12-06,36787.84693230223,2651402.335884774,241
2012-12-07,34587.69587872829,2616814.640006046,242
2012-12-08,32837.21567260008,2583977.4243334457,242
2012-12-09,31457.969375016168,2552519.4549584296,243
2012-12-10,30264.261553837452,2522255.193404592,243
2012-12-11,29103.761645286344,2493151.4317593058,243
2012-12-12,27982.677712365054,2465168.7540469407,243
2012-12-13,26932.405087209772,2438236.348959731,243
2012-12-14,25874.2586389184,2412362.0903208125,243
2012-12-15,34069.58491851268,2442989.8341732435,240
2012-12-16,79016.83588811674,2663459.1824246496,233
2012-12-17,37141.29270311352,2626317.889721536,242
2012-12-18,34021.452255751006,2592296.437465785,242
2012-12-19,31955.645955169573,2560340.7915106155,243
2012-12-20,246496.99470456317,3159380.541642762,231
2012-12-21,274603.87112953095,3522513.9968877146,231
2012-12-22,317094.5669684359,3829565.2597713973,232
2012-12-23,298756.7662074511,4015682.2897402956,230
2012-12-24,108967.45738814492,3906714.8323521507,239
2012-12-25,327123.60863000085,4128906.970748266,229
2012-12-26,113898.03949606046,4015008.9312522057,240
2012-12-27,100283.25450910395,3914725.676743102,241
2012-12-28,120663.46253170846,3887834.748960834,238
2012-12-29,88398.39149610791,3799436.357464726,242
2012-12-30,80608.94403838646,3718827.4134263396,242
2012-12-31,74315.51867068233,3644511.8947556573,243
2013-01-01,68945.4792285366,3575566.4155271207,243
2013-01-02,64301.230541076045,3511265.1849860447,243
2013-01-03,60216.776737325825,3451048.408248719,243
2013-01-04,56601.296042437665,3394447.112206281,243
2013-01-05,90724.0257654739,3455946.1104226448,237
2013-01-06,57754.45689822268,3398191.653524422,242
2013-01-07,53818.864804578014,3344372.788719844,243
2013-01-08,50601.83383224998,3293770.954887594,243
2013-01-09,47811.236231656745,3245959.7186559374,243
2013-01-10,45344.498192368075,3200615.2204635693,243
2013-01-11,43099.25051103579,3157515.9699525335,243
2013-01-12,41043.634781140834,3116472.3351713927,243
2013-01-13,39157.079518180806,3077315.255653212,243
2013-01-14,37412.71379330475,3039902.541859907,243
2013-01-15,35802.43212000467,3004100.1097399024,243
2013-01-16,34312.296775130555,2969787.812964772,243
2013-01-17,32923.71195036825,2936864.1010144036,243
2013-01-18,31624.93795479322,2905239.1630596104,243
2013-01-19,30411.797193110455,2874827.3658665,243
2013-01-20,29270.63853998203,2845556.727326518,243
2013-01-21,28193.536935080774,2817363.190391437,243
2013-01-22,27188.101768594235,2790175.088622843,243
2013-01-23,31272.816119395644,2790776.8441116144,241
2013-01-24,26623.85979525093,2764152.9843163635,243
2013-01-25,25590.552143938374,2738562.432172425,243
2013-01-26,24711.176586017013,2713851.255586408,243
2013-01-27,23892.046570738778,2689959.2090156693,243
2013-01-28,23119.727597986348,2666839.481417683,243
2013-01-29,22391.47852381831,2644448.0028938646,243
2013-01-30,21704.28269995004,2622743.7201939146,243
2013-01-31,21059.697808154393,2601684.02238576,243
2013-02-01,20451.75089380378,2581232.2714919564,243
2013-02-02,19874.67184030544,2561357.599651651,243
2013-02-03,19322.24312701123,2542035.3565246398,243
2013-02-04,18795.85149351135,2523239.5050311284,243
2013-02-05,18297.052400304936,2504942.4526308235,243
2013-02-06,17826.705074989237,2487115.7475558342,243
2013-02-07,17377.632636605762,2469738.1149192285,243
2013-02-08,16949.22381299408,2452788.8911062344,243
2013-02-09,16544.266454737168,2436244.624651497,243
2013-02-10,16158.417690186761,2420086.2069613105,243
2013-02-11,15787.136599064805,2404299.0703622457,243
2013-02-12,15428.410425098613,2388870.659937147,243
2013-02-13,15082.49084963277,2373788.1690875143,243
2013-02-14,14747.280167545192,2359040.888919969,243
2013-02-15,14423.187839062884,2344617.701080906,243
2013-02-16,14110.614302095026,2330507.086778811,243
2013-02-17,13809.849903316237,2316697.236875495,243
2013-02-18,13521.915059209801,2303175.321816285,243
2013-02-19,13244.317872839514,2289931.0039434456,243
2013-02-20,12976.653365448583,2276954.350577997,243
2013-02-21,12718.07267327886,2264236.277904718,243
2013-02-22,12467.798094433267,2251768.479810285,243
2013-02-23,12224.640069348272,2239543.8397409366,243
2013-02-24,11988.856780574657,2227554.982960362,243
2013-02-25,11759.895478133112,2215795.087482229,243
2013-02-26,11537.249893121421,2204257.8375891075,243
2013-02-27,11321.201742716134,2192936.6358463913,243
2013-02-28,11112.37731802417,2181824.258528367,243
2013-03-01,10910.31254176097,2170913.945986606,243
2013-03-02,10714.177306376863,2160199.7686802293,243
2013-03-03,10524.11957541015,2149675.649104819,243
2013-03-04,10341.098124760669,2139334.5509800585,243
2013-03-05,10165.012425020803,2129169.5385550377,243
2013-03-06,9995.698884723242,2119173.8396703145,243
2013-03-07,9830.846330869012,2109342.9933394454,243
2013-03-08,9670.162226684391,2099672.831112761,243
2013-03-09,9514.483739714371,2090158.3473730467,243
2013-03-10,9364.771562716225,2080793.5758103305,243
2013-03-11,9219.782999654533,2071573.792810676,243
2013-03-12,9079.551069579786,2062494.2417410961,243
2013-03-13,8942.750034527853,2053551.4917065683,243
2013-03-14,8809.180954440963,2044742.3107521273,243
2013-03-15,8679.666021392215,2036062.644730735,243
2013-03-16,8554.494273084681,2027508.1504576504,243
2013-03-17,8432.020956369583,2019076.1295012808,243
2013-03-18,8312.257475813618,2010763.8720254672,243
2013-03-19,8195.34988346789,2002568.5221419993,243
2013-03-20,8081.873639814556,1994486.6485021848,243
2013-03-21,7971.294702289393,1986515.3537998954,243
2013-03-22,7863.005446193507,1978652.3483537019,243
2013-03-23,7756.988106899662,1970895.3602468022,243
2013-03-24,7652.846277458128,1963242.513969344,243
2013-03-25,7550.771338928491,1955691.7426304156,243
2013-03-26,7450.834761965089,1948240.9078684505,243
2013-03-27,7353.623451787047,1940887.2844166635,243
2013-03-28,7258.178941132966,1933629.1054755305,243
2013-03-29,7164.335526906187,1926464.7699486243,243
2013-03-30,7072.245281639742,1919392.5246669846,243
2013-03-31,15917.506657190286,2005031.4354284168,238
2013-04-01,9390.116042500362,1995641.3193859165,242
2013-04-02,8954.00707387831,1986687.3123120381,243
2013-04-03,37040.70169130241,2216098.300591224,233
2013-04-04,28156.151548958966,2284964.621825585,238
2013-04-05,17937.73269636184,2267026.8891292233,242
2013-04-06,16507.430857419968,2250519.4582718033,242
2013-04-07,19429.731684717233,2262853.4276708174,241
2013-04-08,16150.472765980754,2246702.9549048366,243
2013-04-09,15386.350314422976,2231316.6045904136,243
2013-04-10,14836.449044836685,2216480.155545577,243
2013-04-11,14378.137447732966,2202102.018097844,243
2013-04-12,13948.990843819454,2188153.0272540245,243
2013-04-13,13549.44812730793,2174603.5791267166,243
2013-04-14,13174.481494579464,2161429.097632137,243
2013-04-15,12823.438438683748,2148605.6591934534,243
2013-04-16,12498.185940605588,2136107.473252848,243
2013-04-17,12192.499332814943,2123914.973920033,243
2013-04-18,11903.303482417949,2112011.670437615,243
2013-04-19,11627.225259652361,2100384.4451779625,243
2013-04-20,11364.141021241201,2089020.3041567213,243
2013-04-21,11112.978290228406,2077907.325866493,243
2013-04-22,10872.928948429413,2067034.3969180635,243
2013-04-23,10643.268589634448,2056391.128328429,243
2013-04-24,10423.809233291075,2045967.319095138,243
2013-04-25,10211.334407143295,2035755.9846879947,243
2013-04-26,10006.29351028055,2025749.6911777142,243
2013-04-27,9809.485951426439,2015940.2052262877,243
2013-04-28,9621.829248227878,2006318.3759780598,243
2013-04-29,9439.857789233094,1996878.5181888267,243
2013-04-30,9262.527339179069,1987615.9908496477,243
2013-05-01,9090.62868873123,1978525.3621609164,243
2013-05-02,8924.370789646171,1969600.9913712703,243
2013-05-03,8763.444237849675,1960837.5471334206,243
2013-05-04,8607.880672659725,1952229.6664607609,243
2013-05-05,8457.869213592261,1943771.7972471686,243
2013-05-06,8313.257640144322,1935458.5396070243,243
2013-05-07,8173.393845540471,1927285.1457614838,243
2013-05-08,8038.115444723982,1919247.0303167598,243
2013-05-09,7906.35555362748,1911340.6747631324,243
2013-05-10,7777.604815050028,1903563.0699480823,243
2013-05-11,7651.998591484036,1895911.0713565983,243
2013-05-12,7529.445077183656,1888381.6262794146,243
2013-05-13,7410.7461947584525,1880970.8800846562,243
2013-05-14,7295.469466108596,1873675.4106185476,243
2013-05-15,7183.162406279938,1866492.2482122676,243
2013-05-16,7073.996514242142,1859418.2516980255,243
2013-05-17,6967.93810933386,1852450.3135886916,243
2013-05-18,6864.4353892894,1845585.8781994022,243
2013-05-19,6763.325725237839,1838822.5524741644,243
2013-05-20,6664.871620438527,1832157.6808537259,243
2013-05-21,6569.306543836603,1825588.3743098893,243
2013-05-22,6476.217727880692,1819112.1565820086,243
2013-05-23,6385.451331590768,1812726.7052504178,243
2013-05-24,6297.883632420795,1806428.821617997,243
2013-05-25,6212.922146760393,1800215.8994712366,243
2013-05-26,6129.642478255322,1794086.2569929813,243
2013-05-27,6048.232894971035,1788038.0240980103,243
2013-05-28,5968.608370558824,1782069.4157274514,243
2013-05-29,5890.476698096842,1776178.9390293546,243
2013-05-30,5813.793398457579,1770365.145630897,243
2013-05-31,5738.5893772942945,1764626.5562536027,243
2013-06-01,5665.171580749797,1758961.384672853,243
2013-06-02,5593.511147766607,1753367.8735250863,243
2013-06-03,5523.454491227632,1747844.4190338587,243
2013-06-04,5455.082113816636,1742389.336920042,243
2013-06-05,5388.283021111507,1737001.0538989305,243
2013-06-06,5322.902858713176,1731678.1510402174,243
2013-06-07,5259.215204720385,1726418.935835497,243
2013-06-08,5197.028432175051,1721221.907403322,243
2013-06-09,5136.613737019943,1716085.293666302,243
2013-06-10,5077.4899881563615,1711007.8036781456,243
2013-06-11,5019.8165441001765,1705987.9871340455,243
2013-06-12,4963.5767549024895,1701024.410379143,243
2013-06-13,4908.364707047818,1696116.0456720951,243
2013-06-14,4854.1764262258075,1691261.8692458693,243
2013-06-15,4800.879968451569,1686460.9892774178,243
2013-06-16,4749.145925239194,1681711.8433521786,243
2013-06-17,4698.949134985218,1677012.8942171934,243
2013-06-18,4649.714498913614,1672363.1797182797,243
2013-06-19,4601.25784827536,1667761.9218700044,243
2013-06-20,4553.539585543796,1663208.3822844606,243
2013-06-21,4506.576608340256,1658701.8056761203,243
2013-06-22,4460.473156274296,1654241.332519846,243
2013-06-23,4415.078532404732,1649826.2539874413,243
2013-06-24,4370.613629931351,1645455.64035751,243
2013-06-25,4327.14398288657,1641128.4963746234,243
2013-06-26,4284.541493043536,1636843.9548815798,243
2013-06-27,4242.619111874839,1632601.335769705,243
2013-06-28,4201.301575344522,1628400.0341943605,243
2013-06-29,4160.587220987771,1624239.4469733727,243
2013-06-30,4120.522510572337,1620118.9244628004,243
2013-07-01,4081.1991554277483,1616037.7253073726,243
2013-07-02,4042.448172434699,1611995.277134938,243
2013-07-03,4004.3431345080025,1607990.93400043,243
2013-07-04,3966.8480818991084,1604024.0859185308,243
2013-07-05,3930.0144566460513,1600094.0714618848,243
2013-07-06,3893.7741385879926,1596200.2973232968,243
2013-07-07,3858.131197946146,1592342.1661253506,243
2013-07-08,3823.1187593904324,1588519.0473659602,243
2013-07-09,3788.5466949534602,1584730.5006710067,243
2013-07-10,3754.398387339432,1580976.1022836673,243
2013-07-11,3720.6681505346205,1577255.4341331327,243
2013-07-12,3687.487199405441,1573567.9469337272,243
2013-07-13,3654.724762484664,1569913.2221712426,243
2013-07-14,3622.410500331316,1566290.8116709113,243
2013-07-15,3590.6509921213146,1562700.16067879,243
2013-07-16,3559.267896181904,1559140.892782608,243
2013-07-17,3528.2643367415294,1555612.6284458665,243
2013-07-18,3497.60381737072,1552115.0246284958,243
2013-07-19,3467.368058674503,1548647.6565698213,243
2013-07-20,3437.6039472422563,1545210.052622579,243
2013-07-21,3408.311699023936,1541801.740923555,243
2013-07-22,3379.374089316232,1538422.3668342389,243
2013-07-23,3350.7399366276804,1535071.6268976112,243
2013-07-24,3322.4172047520988,1531749.209692859,243
2013-07-25,3294.401126054814,1528454.8085668043,243
2013-07-26,3266.6866005903576,1525188.121966214,243
2013-07-27,3239.2747135101818,1521948.8472527037,243
2013-07-28,3212.2042159903795,1518736.6430367134,243
2013-07-29,3185.399351431057,1515551.2436852823,243
2013-07-30,3158.887363861082,1512392.3563214212,243
2013-07-31,3132.7151447266806,1509259.6411766945,243
2013-08-01,3106.8281506446656,1506152.8130260499,243
2013-08-02,3081.2793820074294,1503071.5336440424,243
2013-08-03,3056.0126975292806,1500015.5209465132,243
2013-08-04,3031.0473065536935,1496984.4736399595,243
2013-08-05,3006.5096411993727,1493977.96399876,243
2013-08-06,2982.494249165524,1490995.4697495946,243
2013-08-07,2958.760416225996,1488036.7093333686,243
2013-08-08,2935.2655368791893,1485101.4437964894,243
2013-08-09,2912.2519878589083,1482189.1918086305,243
2013-08-10,2889.8754904309753,1479299.3163181995,243
2013-08-11,2867.8340012540575,1476431.4823169454,243
2013-08-12,2846.0102763103787,1473585.472040635,243
2013-08-13,2824.4612192390487,1470761.010821396,243
2013-08-14,2803.168609481305,1467957.8422119147,243
2013-08-15,2782.1164466736373,1465175.725765241,243
2013-08-16,2761.3772457481828,1462414.348519493,243
2013-08-17,2740.95463159238,1459673.3938879005,243
2013-08-18,2720.736284375889,1456952.6576035246,243
2013-08-19,2700.6885330218356,1454251.9690705028,243
2013-08-20,2680.823426425457,1451571.1456440773,243
2013-08-21,2661.218711097492,1448909.9269329798,243
2013-08-22,2641.7968320327345,1446268.130100947,243
2013-08-23,2622.6096599728335,1443645.5204409743,243
2013-08-24,2603.616099813953,1441041.9043411603,243
2013-08-25,2584.8000450246036,1438457.1042961357,243
2013-08-26,2566.1686919105705,1435890.9356042251,243
2013-08-27,2547.8215861774515,1433343.1140180477,243
2013-08-28,2529.6265659430064,1430813.4874521047,243
2013-08-29,2511.56841061078,1428301.919041494,243
2013-08-30,2493.759238489205,1425808.1598030047,243
2013-08-31,2476.1469034648035,1423332.01289954,243
2013-09-01,2458.88543213252,1420873.1274674074,243
2013-09-02,2441.9733434994705,1418431.154123908,243
2013-09-03,2425.2360433447175,1416005.9180805632,243
2013-09-04,2408.7232941596303,1413597.1947864036,243
2013-09-05,2392.2985014915466,1411204.896284912,243
2013-09-06,2375.957662185887,1408828.9386227261,243
2013-09-07,2359.7355011780746,1406469.203121548,243
2013-09-08,2343.6699402346276,1404125.5331813134,243
2013-09-09,2327.8296869164333,1401797.703494397,243
2013-09-10,2312.2295264876448,1399485.4739679093,243
2013-09-11,2296.8578102423344,1397188.616157667,243
2013-09-12,2281.5963054983877,1394907.0198521686,243
2013-09-13,2266.467686353484,1392640.5521658151,243
2013-09-14,2251.489834233653,1390389.0623315815,243
2013-09-15,2236.6677356967703,1388152.3945958847,243
2013-09-16,2222.1377469329163,1385930.2568489518,243
2013-09-17,2207.829086720478,1383722.4277622313,243
2013-09-18,2193.6675409451127,1381528.7602212862,243
2013-09-19,2179.6325220942963,1379349.127699192,243
2013-09-20,2165.865166257834,1377183.262532934,243
2013-09-21,2152.4416894861497,1375030.820843448,243
2013-09-22,2139.107136527309,1372891.7137069206,243
2013-09-23,2125.855256278068,1370765.8584506426,243
2013-09-24,2112.711456802441,1368653.14699384,243
2013-09-25,2099.7183218174614,1366553.4286720227,243
2013-09-26,2086.8400341833476,1364466.5886378393,243
2013-09-27,2074.220624510199,1362392.368013329,243
2013-09-28,2061.7113874922507,1360330.6566258369,243
2013-09-29,2049.3184805393685,1358281.3381452975,243
2013-09-30,2037.0020487017464,1356244.3360965957,243
2013-10-01,2024.7584875498433,1354219.577609046,243
2013-10-02,2012.5897713522427,1352206.9878376937,243
2013-10-03,2000.4977704286575,1350206.490067265,243
2013-10-04,1988.5019789380021,1348217.988088327,243
2013-10-05,1976.5921380547807,1346241.3959502722,243
2013-10-06,1964.7882249595132,1344276.6077253127,243
2013-10-07,1953.1270601341967,1342323.4806651785,243
2013-10-08,1941.5430510062724,1340381.9376141722,243
2013-10-09,1930.038233723957,1338451.8993804483,243
2013-10-10,1918.7163738610689,1336533.1830065872,243
2013-10-11,1907.595432494767,1334625.5875740924,243
2013-10-12,1896.652655460639,1332728.9349186318,243
2013-10-13,1886.0001971409656,1330842.9347214908,243
2013-10-14,1875.4436982595362,1328967.4910232313,243
2013-10-15,1864.965944014024,1327102.5250792173,243
2013-10-16,1854.6548888848629,1325247.8701903324,243
2013-10-17,1844.4873174640816,1323403.3828728683,243
2013-10-18,1834.4895320367068,1321568.8933408316,243
2013-10-19,1824.596040853532,1319744.297299978,243
2013-10-20,1814.7791507786606,1317929.5181491994,243
2013-10-21,1805.028765349649,1316124.4893838498,243
2013-10-22,1795.3580114021897,1314329.1313724476,243
2013-10-23,1785.8892961931415,1312543.2420762544,243
2013-10-24,1776.495723715052,1310766.7463525394,243
2013-10-25,1767.1732446081005,1308999.5731079313,243
2013-10-26,1757.919179587625,1307241.6539283437,243
2013-10-27,1748.7260517948307,1305492.9278765488,243
2013-10-28,1739.5858396347612,1303753.342036914,243
2013-10-29,1730.479906334309,1302022.8621305798,243
2013-10-30,1721.425896617351,1300301.4362339624,243
2013-10-31,1712.4306834875606,1298589.0055504749,243
2013-11-01,1703.5606510918587,1296885.444899383,243
2013-11-02,1694.7730062380433,1295190.671893145,243
2013-11-03,1686.1130237728357,1293504.5588693721,243
2013-11-04,1677.5486969435588,1291827.0101724286,243
2013-11-05,1669.059772592038,1290157.9503998365,243
2013-11-06,1660.6357771260664,1288497.3146227105,243
2013-11-07,1652.3652929947712,1286844.9493297157,243
2013-11-08,1644.1638774008024,1285200.785452315,243
2013-11-09,1635.9959926616866,1283564.7894596532,243
2013-11-10,1627.8614222020842,1281936.928037451,243
2013-11-11,1619.7741248346865,1280317.1539126164,243
2013-11-12,1611.868224997539,1278705.285687619,243
2013-11-13,1604.1072056959383,1277101.178481923,243
2013-11-14,1596.4005997697823,1275504.7778821532,243
2013-11-15,1588.7725230201613,1273916.005359133,243
2013-11-16,1581.1836632203776,1272334.8216959126,243
2013-11-17,1573.8106219186448,1270761.011073994,243
2013-11-18,1566.5861527242232,1269194.4249212698,243
2013-11-19,1559.389732626034,1267635.0351886437,243
2013-11-20,1552.3255329511594,1266082.7096556926,243
2013-11-21,1545.5116984273773,1264537.1979572652,243
2013-11-22,1538.7427657169756,1262998.4551915482,243
2013-11-23,1532.001464977162,1261466.453726571,243
2013-11-24,1525.3062585848384,1259941.1474679862,243
2013-11-25,1518.6498071807437,1258422.4976608055,243
2013-11-26,1512.0205184759106,1256910.4771423296,243
2013-11-27,1505.4607814226765,1255405.016360907,243
2013-11-28,1498.978807313135,1253906.0375535937,243
2013-11-29,1492.5215432380792,1252413.5160103557,243
2013-11-30,1486.0898006781936,1250927.4262096775,243
2013-12-01,1479.6848105108365,1249447.7413991666,243
2013-12-02,1473.3301997233648,1247974.4111994433,243
2013-12-03,1467.0108622261323,1246507.4003372171,243
2013-12-04,1460.7186466746498,1245046.6816905425,243
2013-12-05,1454.4540785902645,1243592.2276119522,243
2013-12-06,1448.2190884589218,1242144.0085234933,243
2013-12-07,1442.106096921023,1240701.9024265723,243
2013-12-08,1436.0731730111875,1239265.829253561,243
2013-12-09,1430.0689658196643,1237835.7602877414,243
2013-12-10,1424.093438880751,1236411.6668488607,243
2013-12-11,1418.1743494262919,1234993.4924994344,243
2013-12-12,1412.329824659042,1233581.1626747753,243
2013-12-13,1406.5104082582984,1232174.652266517,243
2013-12-14,1400.7152749351226,1230773.936991582,243
2013-12-15,1394.9425713799428,1229378.994420202,243
2013-12-16,1389.1953254900873,1227989.799094712,243
2013-12-17,1383.4741483782418,1226606.3249463337,243
2013-12-18,1377.779083525762,1225228.545862808,243
2013-12-19,1372.1130593512207,1223856.4328034567,243
2013-12-20,1366.4925639685243,1222489.9402394881,243
2013-12-21,1360.9166769473813,1221129.0235625408,243
2013-12-22,1355.3985890033655,1219773.6249735374,243
2013-12-23,1349.9434262914583,1218423.681547246,243
2013-12-24,1344.5146458125673,1217079.1669014334,243
2013-12-25,1339.0987907978706,1215740.0681106355,243
2013-12-26,1333.6947279283777,1214406.3733827071,243
2013-12-27,1328.3085206882097,1213078.064862019,243
2013-12-28,1322.9927232572809,1211755.0721387616,243
2013-12-29,1317.726479015313,1210437.3456597463,243
2013-12-30,1312.474999208236,1209124.870660538,243
2013-12-31,1307.239643590292,1207817.6310169478,243
2014-01-01,1302.0214829030447,1206515.6095340448,243
2014-01-02,1296.8212922089733,1205218.7882418358,243
2014-01-03,1291.6397013622336,1203927.1485404735,243
2014-01-04,1286.4876773804426,1202640.660863093,243
2014-01-05,1281.4334885925055,1201359.2273745006,243
2014-01-06,1276.4059686157852,1200082.8214058848,243
2014-01-07,1271.3959459401667,1198811.4254599446,243
2014-01-08,1266.4067873880267,1197545.0186725566,243
2014-01-09,1261.4385942830704,1196283.5800782735,243
2014-01-10,1256.4914364786819,1195027.0886417949,243
2014-01-11,1251.5717327119783,1193775.516909083,243
2014-01-12,1246.6911113415845,1192528.8257977413,243
2014-01-13,1241.832267654594,1191286.9935300867,243
2014-01-14,1236.9939041926991,1190049.999625894,243
2014-01-15,1232.175902347546,1188817.8237235465,243
2014-01-16,1227.3780320999213,1187590.4456914465,243
2014-01-17,1222.5986198512837,1186367.8470715953,243
2014-01-18,1217.8371366502251,1185150.009934945,243
2014-01-19,1213.093844880117,1183936.916090065,243
2014-01-20,1208.389614423504,1182728.5264756414,243
2014-01-21,1203.7318972451612,1181524.7945783962,243
2014-01-22,1199.1158656231128,1180325.6787127731,243
2014-01-23,1194.5145233985968,1179131.1641893745,243
2014-01-24,1189.9256337252446,1177941.2385556493,243
2014-01-25,1185.3504200940952,1176755.8881355552,243
2014-01-26,1180.789820719976,1175575.0983148352,243
2014-01-27,1176.2443849449046,1174398.8539298903,243
2014-01-28,1171.7146454551257,1173227.1392844352,243
2014-01-29,1167.2053400836885,1172059.9339443515,243
2014-01-30,1162.7650537944864,1170897.168890557,243
2014-01-31,1158.3526161010377,1169738.816274456,243
2014-02-01,1153.9837181055918,1168584.8325563504,243
2014-02-02,1149.6630506797228,1167435.1695056707,243
2014-02-03,1145.3511254170444,1166289.8183802536,243
2014-02-04,1141.0492424292024,1165148.7691378244,243
2014-02-05,1136.758545421064,1164012.0105924034,243
2014-02-06,1132.479794730898,1162879.5307976725,243
2014-02-07,1128.2137874295004,1161751.317010243,243
2014-02-08,1123.9612397933379,1160627.3557704496,243
2014-02-09,1119.7227295795456,1159507.63304087,243
2014-02-10,1115.4986589266919,1158392.1343819434,243
2014-02-11,1111.2880673655309,1157280.8463145779,243
2014-02-12,1107.1308093562257,1156173.7155052216,243
2014-02-13,1103.111322361743,1155070.6041828599,243
2014-02-14,1099.1189465648495,1153971.485236295,243
2014-02-15,1095.1408026053105,1152876.3444336897,243
2014-02-16,1091.1814429804217,1151785.1629907093,243
2014-02-17,1087.2797247925773,1150697.8832659167,243
2014-02-18,1083.4955191533081,1149614.3877467634,243
2014-02-19,1079.7486843257211,1148534.6390624377,243
2014-02-20,1076.007822773885,1147458.6312396638,243
2014-02-21,1072.2782935821451,1146386.3529460817,243
2014-02-22,1068.5566329443827,1145317.7963131373,243
2014-02-23,1064.842751128599,1144252.9535620087,243
2014-02-24,1061.137172095012,1143191.8163899137,243
2014-02-25,1057.4409391947556,1142134.375450719,243
2014-02-26,36368.124978852924,1634060.2040408046,228
2014-02-27,55322.51592327823,1938600.7858534297,231
2014-02-28,46732.0359905285,2087104.018556801,235
2014-03-01,21505.862162681224,2065616.9727716895,241
2014-03-02,21439.50387581761,2067142.3209163286,241
2014-03-03,97959.05769157165,2431047.7553550936,229
2014-03-04,32430.18161903601,2398617.5737360576,241
2014-03-05,85529.42208887066,2607486.91621379,233
2014-03-06,38609.334078899585,2568877.5821348904,241
2014-03-07,35110.01651409315,2533767.565620797,242
2014-03-08,32990.52104222821,2500777.044578569,242
2014-03-09,31371.450033226516,2469405.5945453425,243
2014-03-10,30056.372984347865,2439349.2215609946,243
2014-03-11,28759.04425545549,2410590.177305539,243
2014-03-12,27542.86737109162,2383047.3099344475,243
2014-03-13,26418.144695829134,2356629.1652386184,243
2014-03-14,25373.635117267724,2331255.5301213507,243
2014-03-15,24364.2894217344,2306891.2406996163,243
2014-03-16,23385.511093249545,2283505.7296063667,243
2014-03-17,22457.739189172164,2261047.9904171946,243
2014-03-18,21589.22926758323,2239458.7611496113,243
2014-03-19,20769.719411469996,2218689.0417381413,243
2014-03-20,19993.77479914436,2198695.266938997,243
2014-03-21,19262.944508345798,2179432.322430651,243
2014-03-22,18576.365823988803,2160855.9566066624,243
2014-03-23,17930.544409730006,2142925.4121969324,243
2014-03-24,17318.58203187771,2125606.8301650546,243
2014-03-25,16737.964141519275,2108868.8660235354,243
2014-03-26,16184.233058025828,2092684.6329655095,243
2014-03-27,15660.258835006272,2077024.3741305033,243
2014-03-28,44345.84703668277,2257399.529211607,234
2014-03-29,24875.79262810061,2252455.0639755228,241
2014-03-30,21502.628811038565,2230952.435164484,242
2014-03-31,103130.33901297982,2588596.725989541,230
2014-04-01,86638.72742051241,2724572.633471802,234
2014-04-02,41542.59262795653,2683030.0408438453,241
2014-04-03,47837.30728978654,2689764.8612454943,239
2014-04-04,52889.26665754967,2714623.012575916,239
2014-04-05,38345.2924780068,2676277.720097909,242
2014-04-06,35623.13314158516,2640654.586956324,243
2014-04-07,33574.87780878972,2607079.7091475343,243
2014-04-08,31796.271818116307,2575283.437329418,243
2014-04-09,30208.490659300704,2545074.9466701173,243
2014-04-10,28778.611492590047,2516296.3351775273,243
2014-04-11,27471.61864316091,2488824.7165343664,243
2014-04-12,26266.23141736351,2462558.485117003,243
2014-04-13,25145.735609911382,2437412.7495070915,243
2014-04-14,24110.510960299987,2413302.2385467915,243
2014-04-15,23145.395961347036,2390156.8425854445,243
2014-04-16,22238.203969290014,2367918.6386161544,243
2014-04-17,21391.15068934718,2346527.4879268073,243
2014-04-18,20601.06173937721,2325926.42618743,243
2014-04-19,19860.012314747553,2306066.4138726825,243
2014-04-20,19169.975896100514,2286896.437976582,243
2014-04-21,18522.454912506975,2268373.983064075,243
2014-04-22,17912.124382828828,2250461.858681246,243
2014-04-23,17338.656326984987,2233123.202354261,243
2014-04-24,16796.527038068976,2216326.675316192,243
2014-04-25,16281.94655631017,2200044.728759882,243
2014-04-26,15793.385655559134,2184251.343104323,243
2014-04-27,15331.362197362352,2168919.9809069606,243
2014-04-28,14891.12521440629,2154028.8556925543,243
2014-04-29,14472.876127122901,2139555.9795654314,243
2014-04-30,14075.943831174634,2125480.0357342567,243
2014-05-01,13698.570591328666,2111781.465142928,243
2014-05-02,13339.778652437497,2098441.6864904906,243
2014-05-03,12997.796473121736,2085443.8900173688,243
2014-05-04,12671.94242447964,2072771.9475928892,243
2014-05-05,12357.974255248671,2060413.9733376405,243
2014-05-06,12055.65476494655,2048358.318572694,243
2014-05-07,11766.46378556476,2036591.8547871292,243
2014-05-08,11491.93109956733,2025099.9236875619,243
2014-05-09,11226.317928208504,2013873.6057593534,243
2014-05-10,10969.100680704229,2002904.5050786491,243
2014-05-11,10722.313096254831,1992182.1919823943,243
2014-05-12,10486.017723409692,1981696.1742589846,243
2014-05-13,10259.030450338963,1971437.1438086457,243
2014-05-14,10039.940892936196,1961397.2029157095,243
2014-05-15,9829.15004357812,1951568.0528721313,243
2014-05-16,9625.445187495323,1941942.607684636,243
2014-05-17,9430.009022163227,1932512.5986624728,243
2014-05-18,9240.640385588165,1923271.9582768846,243
2014-05-19,9057.380786319263,1914214.5774905654,243
2014-05-20,8879.836247157305,1905334.741243408,243
2014-05-21,8708.100805803668,1896626.6404376044,243
2014-05-22,8542.04906243505,1888084.5913751693,243
2014-05-23,8380.706580900587,1879703.8847942688,243
2014-05-24,8224.55926740542,1871479.3255268633,243
2014-05-25,8074.380186486756,1863404.9453403766,243
2014-05-26,7930.648080894956,1855474.2972594816,243
2014-05-27,7792.109754088335,1847682.1875053933,243
2014-05-28,7657.153578206198,1840025.033927187,243
2014-05-29,7525.630231329938,1832499.4036958572,243
2014-05-30,7397.923386207316,1825101.4803096498,243
2014-05-31,7274.429116414394,1817827.0511932354,243
2014-06-01,7155.457627522759,1810671.5935657127,243
2014-06-02,7039.949753789231,1803631.6438119235,243
2014-06-03,6927.901847728062,1796703.7419641954,243
2014-06-04,6819.400226447731,1789884.3417377477,243
2014-06-05,6714.741350923199,1783169.6003868245,243
2014-06-06,6614.381905209273,1776555.2184816152,243
2014-06-07,6516.691353233531,1770038.5271283817,243
2014-06-08,6421.58267313987,1763616.9444552418,243
2014-06-09,6328.507382088341,1757288.4370731534,243
2014-06-10,6238.1336763710715,1751050.3033967824,243
2014-06-11,6150.006862496957,1744900.2965342854,243
2014-06-12,6063.792226171587,1738836.5043081138,243
2014-06-13,5979.381122811697,1732857.1231853021,243
2014-06-14,5896.660124017391,1726960.4630612847,243
2014-06-15,5815.667566569988,1721144.7954947148,243
2014-06-16,5737.157203823328,1715407.6382908914,243
2014-06-17,5660.326639584731,1709747.3116513067,243
2014-06-18,5584.923300130758,1704162.388351176,243
2014-06-19,5510.957229472697,1698651.4311217032,243
2014-06-20,5438.472864222247,1693212.958257481,243
2014-06-21,5367.742672512773,1687845.2155849682,243
2014-06-22,5298.871962062549,1682546.3436229057,243
2014-06-23,5231.478465289809,1677314.8651576159,243
2014-06-24,5165.379709251225,1672149.4854483646,243
2014-06-25,5100.462029502727,1667049.023418862,243
2014-06-26,5036.7279786916915,1662012.2954401702,243
2014-06-27,4974.36499373219,1657037.930446438,243
2014-06-28,4913.252112478018,1652124.67833396,243
2014-06-29,4853.459512352012,1647271.218821608,243
2014-06-30,4795.034061836544,1642476.1847597715,243
2014-07-01,4737.735959167127,1637738.4488006043,243
2014-07-02,4681.663257373031,1633056.7855432313,243
2014-07-03,4627.163847426418,1628429.6216958049,243
2014-07-04,4573.901794383302,1623855.7199014216,243
2014-07-05,4521.642808558419,1619334.0770928632,243
2014-07-06,4470.317427038681,1614863.7596658245,243
2014-07-07,4420.123222299386,1610443.636443525,243
2014-07-08,4371.088925268035,1606072.547518257,243
2014-07-09,4323.043840377824,1601749.5036778792,243
2014-07-10,4276.2513794295955,1597473.2522984496,243
2014-07-11,4230.450759693747,1593242.801538756,243
2014-07-12,4185.622232677648,1589057.1793060782,243
2014-07-13,4141.59666679916,1584915.582639279,243
2014-07-14,4098.452003089711,1580817.1306361894,243
2014-07-15,4055.9779364785645,1576761.1526997108,243
2014-07-16,4014.102151589468,1572747.0505481213,243
2014-07-17,3972.8386211092584,1568774.211927012,243
2014-07-18,3932.2268136469647,1564841.985113365,243
2014-07-19,3892.2431339398026,1560949.7419794253,243
2014-07-20,3852.8247873587534,1557096.9171920666,243
2014-07-21,3813.954608718399,1553282.9625833482,243
2014-07-22,3776.19385484932,1549506.7687284988,243
2014-07-23,3739.5534523376264,1545767.2152761612,243
2014-07-24,3703.5030599022284,1542063.712216259,243
2014-07-25,3667.903308144305,1538395.8089081147,243
2014-07-26,3632.7905094102025,1534763.0183987045,243
2014-07-27,3598.1486741993576,1531164.869724505,243
2014-07-28,3564.1972165224142,1527600.6725079827,243
2014-07-29,3530.897680738475,1524069.7748272442,243
2014-07-30,3498.104393541813,1520571.6704337024,243
2014-07-31,3465.7264412916265,1517105.9439924108,243
2014-08-01,3433.730080468813,1513672.213911942,243
2014-08-02,3402.1108167811763,1510270.1030951608,243
2014-08-03,3370.901432043407,1506899.2016631174,243
2014-08-04,3340.153196891537,1503559.0484662259,243
2014-08-05,3310.098485534778,1500248.949980691,243
2014-08-06,3280.6054925690405,1496968.344488122,243
2014-08-07,3251.500220517628,1493716.8442676044,243
2014-08-08,3222.938720718026,1490493.9055468864,243
2014-08-09,3194.724849218037,1487299.1806976683,243
2014-08-10,3166.83317324589,1484132.3475244225,243
2014-08-11,3139.318291660631,1480993.0292327618,243
2014-08-12,3112.194975596387,1477880.8342571654,243
2014-08-13,3085.5919859034475,1474795.242271262,243
2014-08-14,3059.431933041429,1471735.8103382206,243
2014-08-15,3033.6228832216,1468702.187454999,243
2014-08-16,3008.07326106634,1465694.1141939326,243
2014-08-17,2982.7836493342184,1462711.3305445984,243
2014-08-18,2957.761948207626,1459753.5685963908,243
2014-08-19,2933.0251520017628,1456820.543444389,243
2014-08-20,2908.5935008614324,1453911.9499435276,243
2014-08-21,2884.661508620251,1451027.2884349073,243
2014-08-22,2860.9613167496864,1448166.3271181576,243
2014-08-23,2837.5046576389577,1445328.8224605187,243
2014-08-24,2814.5566532809753,1442514.2658072377,243
2014-08-25,2791.97689940664,1439722.288907831,243
2014-08-26,2769.679817760829,1436952.6090900702,243
2014-08-27,2747.6195479021408,1434204.989542168,243
2014-08-28,2725.8710449757054,1431479.1184971924,243
2014-08-29,2704.3669735738076,1428774.7515236186,243
2014-08-30,2683.056245563552,1426091.695278055,243
2014-08-31,2661.9401131083723,1423429.7551649467,243
2014-09-01,2641.0195651473477,1420788.7355997993,243
2014-09-02,2620.3288334819954,1418168.4067663173,243
2014-09-03,2599.852801255882,1415568.5539650614,243
2014-09-04,2579.568103105761,1412988.9858619557,243
2014-09-05,2559.5894954884425,1410429.3963664672,243
2014-09-06,2539.9030207651667,1407889.493345702,243
2014-09-07,2520.45224974351,1405369.0410959586,243
2014-09-08,2501.282733515138,1402867.7583624434,243
2014-09-09,2482.3392416303977,1400385.419120813,243
2014-09-10,2463.5698220527265,1397921.8492987603,243
2014-09-11,2444.9958066763356,1395476.853492084,243
2014-09-12,2426.81972076511,1393050.0337713188,243
2014-09-13,2408.9682722822763,1390641.0654990366,243
2014-09-14,2391.3423415250145,1388249.7231575116,243
2014-09-15,2373.9374409629963,1385875.7857165486,243
2014-09-16,2356.7522077914327,1383519.0335087571,243
2014-09-17,2339.817854556255,1381179.2156542009,243
2014-09-18,2323.014086711686,1378856.2015674892,243
2014-09-19,2306.3656926420517,1376549.8358748471,243
2014-09-20,2289.876427154988,1374259.9594476921,243
2014-09-21,2273.5470035783947,1371986.4124441138,243
2014-09-22,2257.527918525506,1369728.8845255882,243
2014-09-23,2241.874038311187,1367487.010487277,243
2014-09-24,2226.6503217988648,1365260.3601654782,243
2014-09-25,2211.5536101749167,1363048.8065553033,243
2014-09-26,2196.5897106018383,1360852.2168447014,243
2014-09-27,2181.8077073420864,1358670.4091373594,243
2014-09-28,2167.1693424799014,1356503.2397948795,243
2014-09-29,2152.630346083315,1354350.6094487961,243
2014-09-30,2138.28862582054,1352212.3208229756,243
2014-10-01,2124.1084829843603,1350088.2123399912,243
2014-10-02,2110.033145896625,1347978.1791940946,243
2014-10-03,2096.0641701743007,1345882.1150239203,243
2014-10-04,2082.202658605762,1343799.9123653146,243
2014-10-05,2068.4493407169357,1341731.4630245976,243
2014-10-06,2054.8006055350415,1339676.6624190626,243
2014-10-07,2041.3187464852817,1337635.3436725773,243
2014-10-08,2027.9670007524546,1335607.3766718248,243
2014-10-09,2014.7505366194528,1333592.6261352054,243
2014-10-10,2001.6554388429504,1331590.9706963624,243
2014-10-11,1988.6650424757972,1329602.3056538866,243
2014-10-12,1975.8610870039556,1327626.4445668827,243
2014-10-13,1963.268674774561,1325663.1758921081,243
2014-10-14,1950.9530176096596,1323712.2228744985,243
2014-10-15,1938.809907230083,1321773.4129672684,243
2014-10-16,1926.7773453036789,1319846.6356219647,243
2014-10-17,1914.9277618161868,1317931.7078601485,243
2014-10-18,1903.192426841706,1316028.5154333068,243
2014-10-19,1891.516688435804,1314136.998744871,243
2014-10-20,1880.0693806759082,1312256.929364195,243
2014-10-21,1868.8192634079605,1310388.1101007871,243
2014-10-22,1857.6384569841903,1308530.471643803,243
2014-10-23,1846.6108962066937,1306683.8607475962,243
2014-10-24,1835.867737325374,1304847.9930102709,243
2014-10-25,1825.3399227850605,1303022.6530874858,243
2014-10-26,1814.9287844996434,1301207.7243029862,243
2014-10-27,1804.5838299102616,1299403.140473076,243
2014-10-28,1794.3000831259415,1297608.84038995,243
2014-10-29,1784.0807405423839,1295824.7596494076,243
2014-10-30,1773.9262002878822,1294050.8334491197,243
2014-10-31,1763.8366855215281,1292286.9967635982,243
2014-11-01,1753.8220180030912,1290533.174745595,243
2014-11-02,1744.0914493585005,1288789.0832962366,243
2014-11-03,1734.6077907532454,1287054.4755054833,243
2014-11-04,1725.1769587961026,1285329.2985466872,243
2014-11-05,1715.854697329225,1283613.443849358,243
2014-11-06,1706.6165467954706,1281906.8273025625,243
2014-11-07,1697.4309503536206,1280209.396352209,243
2014-11-08,1688.3083818654995,1278521.0879703434,243
2014-11-09,1679.2297366748098,1276841.8582336686,243
2014-11-10,1670.2031298631337,1275171.6551038055,243
2014-11-11,1661.2295629582368,1273510.4255408472,243
2014-11-12,1652.309744423721,1271858.1157964235,243
2014-11-13,1643.473109359853,1270214.6426870637,243
2014-11-14,1634.7669231877662,1268579.875763876,243
2014-11-15,1626.1632425098214,1266953.712521366,243
2014-11-16,1617.781104246853,1265335.9314171192,243
2014-11-17,1609.5508641451597,1263726.380552974,243
2014-11-18,1601.3618933761027,1262125.018659598,243
2014-11-19,1593.2165366406552,1260531.8021229573,243
2014-11-20,1585.133256923873,1258946.6688660334,243
2014-11-21,1577.1681415052153,1257369.5007245282,243
2014-11-22,1569.250137105817,1255800.2505874224,243
2014-11-23,1561.3710741717368,1254238.8795132507,243
2014-11-24,1553.5323670096695,1252685.347146241,243
2014-11-25,1545.7937602424063,1251139.5533859986,243
2014-11-26,1538.145719528431,1249601.4076664702,243
2014-11-27,1530.5643167474773,1248070.8433497227,243
2014-11-28,1523.0787996617146,1246547.764550061,243
2014-11-29,1515.6525303199887,1245032.112019741,243
2014-11-30,1508.2699351210613,1243523.84208462,243
2014-12-01,1500.9285844571423,1242022.9135001628,243
2014-12-02,1493.6444639351685,1240529.2690362276,243
2014-12-03,1486.5262153346557,1239042.742820893,243
2014-12-04,1479.4787341842894,1237563.2640867087,243
2014-12-05,1472.474695496494,1236090.7893912122,243
2014-12-06,1465.5140719786286,1234625.2753192335,243
2014-12-07,1458.6314651595894,1233166.643854074,243
2014-12-08,1451.837343605468,1231714.8065104685,243
2014-12-09,1445.0807136781514,1230269.7257967903,243
2014-12-10,16776.194655069703,1472375.119088204,234
2014-12-11,147145.21073660266,2299528.9349576347,234
2014-12-12,44430.69436408834,2356167.1844865032,237
2014-12-13,27191.359271886293,2328975.825214617,241
2014-12-14,63348.632522273896,2489360.6426844615,234
2014-12-15,144822.51508707873,2842326.1876354218,229
2014-12-16,165436.54144113633,3127032.499443004,230
2014-12-17,122624.55108335617,3230449.079725109,234
2014-12-18,229259.51720276847,3512323.4140838524,229
2014-12-19,99696.79064799903,3469498.1674144426,238
2014-12-20,129505.59685947315,3511225.0765382377,235
2014-12-21,79901.48589360807,3431323.5906446297,241
2014-12-22,72237.91494138166,3359085.675703248,242
2014-12-23,66382.64764254028,3292703.0280607077,242
2014-12-24,61490.873524114955,3231212.154536593,243
2014-12-25,57277.932895312086,3173934.2216412807,243
2014-12-26,53608.599664416164,3120325.6219768645,243
2014-12-27,50334.504377092235,3069991.1175997723,243
2014-12-28,47409.995306510944,3022581.1222932613,243
2014-12-29,44751.183284762315,2977829.939008499,243
2014-12-30,42324.881477591116,2935505.057530908,243
2014-12-31,40137.53706896771,2895367.52046194,243
2015-01-01,38150.55048811808,2857216.969973822,243
2015-01-02,36314.627188878134,2820902.342784944,243
2015-01-03,34622.27563066175,2786280.0671542822,243
2015-01-04,33073.03875477752,2753207.0283995047,243
2015-01-05,31640.196574165486,2721566.8318253392,243
2015-01-06,30310.36681913864,2691256.4650062006,243
2015-01-07,29072.445881830063,2662184.0191243705,243
2015-01-08,27910.673736337107,2634273.3453880334,243
2015-01-09,26826.94099470321,2607446.40439333,243
2015-01-10,25810.019355949014,2581636.385037381,243
2015-01-11,24850.732042836025,2556785.652994545,243
2015-01-12,23947.466444685124,2532838.18654986,243
2015-01-13,23102.488396079745,2509735.6981537803,243
2015-01-14,22315.374956819694,2487420.3231969606,243
2015-01-15,21571.16696122801,2465849.1562357326,243
2015-01-16,20866.32216286054,2444982.834072872,243
2015-01-17,20198.670363373123,2424784.163709499,243
2015-01-18,19560.83767654933,2405223.3260329496,243
2015-01-19,18953.114075915888,2386270.2119570337,243
2015-01-20,18381.329168146476,2367888.8827888872,243
2015-01-21,17840.223419955466,2350048.659368932,243
2015-01-22,17325.398350053,2332723.261018879,243
2015-01-23,16836.611052002758,2315886.649966876,243
2015-01-24,16373.963045724668,2299512.6869211514,243
2015-01-25,15934.026602048893,2283578.6603191025,243
2015-01-26,15514.966965144966,2268063.6933539575,243
2015-01-27,15116.02967641456,2252947.663677543,243
2015-01-28,14734.003665399272,2238213.6600121437,243
2015-01-29,14369.090502445586,2223844.569509698,243
2015-01-30,14020.980520962738,2209823.5889887353,243
2015-01-31,13687.94813048467,2196135.6408582507,243
2015-02-01,13367.182838874869,2182768.458019376,243
2015-02-02,13059.151281164959,2169709.306738211,243
2015-02-03,12762.803378239274,2156946.5033599716,243
2015-02-04,12475.441101165954,2144471.0622588056,243
2015-02-05,12198.242451014463,2132272.819807791,243
2015-02-06,221509.92276806873,2973278.312429854,235
2015-02-07,94155.74588212057,3067795.0053160163,235
2015-02-08,265554.3808744304,3487891.883910018,231
2015-02-09,71092.37129475968,3416799.5126152583,240
2015-02-10,63917.561337524094,3352881.9512777342,241
2015-02-11,59129.579098418355,3293752.372179316,242
2015-02-12,55200.69551067054,3238551.6766686453,242
2015-02-13,51815.97018136969,3186735.7064872757,243
2015-02-14,48831.482404393144,3137904.2240828825,243
2015-02-15,46145.82748501189,3091758.3965978706,243
2015-02-16,43727.0216189092,3048031.3749789614,243
2015-02-17,41518.145537091885,3006513.2294418695,243
2015-02-18,39477.57370570535,2967035.655736164,243
2015-02-19,37580.02902635606,2929455.626709808,243
2015-02-20,35813.42657667864,2893642.2001331295,243
2015-02-21,34194.285846601706,2859447.914286528,243
2015-02-22,32704.03008195944,2826743.8842045683,243
2015-02-23,31321.920381466858,2795421.9638231015,243
2015-02-24,30037.85333569348,2765384.110487408,243
2015-02-25,28842.53480746178,2736541.575679946,243
2015-02-26,27726.302635658067,2708815.273044288,243
2015-02-27,26680.15253119776,2682135.1205130904,243
2015-02-28,25703.36048897216,2656431.7600241182,243
2015-03-01,24786.958022862673,2631644.8020012556,243
2015-03-02,23924.250793240964,2607720.5512080146,243
2015-03-03,23111.548838754185,2584609.0023692604,243
2015-03-04,22344.50646341499,2562264.4959058454,243
2015-03-05,21622.35647611972,2540642.1394297257,243
2015-03-06,20935.802944901865,2519706.336484824,243
2015-03-07,20287.239853672683,2499419.096631151,243
2015-03-08,19674.246018911712,2479744.8506122394,243
2015-03-09,19091.310228523333,2460653.540383716,243
2015-03-10,18535.975377625786,2442117.5650060903,243
2015-03-11,18011.633383828215,2424105.931622262,243
2015-03-12,17517.59964284487,2406588.3319794172,243
2015-03-13,17046.4471661821,2389541.884813235,243
2015-03-14,16593.420346950646,2372948.4644662845,243
2015-03-15,16162.034820447676,2356786.429645837,243
2015-03-16,15754.784273492638,2341031.645372344,243
2015-03-17,15365.318623553962,2325666.32674879,243
2015-03-18,14991.417211454362,2310674.909537336,243
2015-03-19,14634.504139821976,2296040.405397514,243
2015-03-20,14294.612617969979,2281745.792779544,243
2015-03-21,13967.012644550297,2267778.7801349936,243
2015-03-22,13651.548848344013,2254127.2312866496,243
2015-03-23,13345.759893394541,2240781.471393255,243
2015-03-24,13051.010291607585,2227730.4611016475,243
2015-03-25,12768.287936146371,2214962.173165501,243
2015-03-26,12498.013918768149,2202464.159246733,243
2015-03-27,12237.321030203719,2190226.838216529,243
2015-03-28,11984.608423983678,2178242.2297925455,243
2015-03-29,11740.112194426358,2166502.117598119,243
2015-03-30,11504.867113225162,2154997.250484894,243
2015-03-31,11277.768443876412,2143719.4820410176,243
2015-04-01,11056.945508156903,2132662.5365328607,243
2015-04-02,10842.429733198602,2121820.106799662,243
2015-04-03,10634.270828468725,2111185.8359711934,243
2015-04-04,10432.57547604153,2100753.260495152,243
2015-04-05,10237.375271029305,2090515.8852241226,243
2015-04-06,10049.317376994062,2080466.5678471285,243
2015-04-07,9867.932580990484,2070598.635266138,243
2015-04-08,9692.513482233975,2060906.121783904,243
2015-04-09,9523.96750066639,2051382.1542832376,243
2015-04-10,9360.689480501693,2042021.464802736,243
2015-04-11,9204.01440366474,2032817.4503990712,243
2015-04-12,9052.07551643555,2023765.3748826357,243
2015-04-13,8904.24886511825,2014861.1260175174,243
2015-04-14,8760.546850182582,2006100.5791673348,243
2015-04-15,8620.622831523418,1997479.9563358114,243
2015-04-16,8484.986722677946,1988994.9696131335,243
2015-04-17,8355.349888978992,1980639.6197241545,243
2015-04-18,8229.665603359696,1972409.9541207948,243
2015-04-19,8107.297897182871,1964302.656223612,243
2015-04-20,7988.067049287492,1956314.5891743244,243
2015-04-21,7871.611799066188,1948442.9773752582,243
2015-04-22,7758.574165269034,1940684.4032099892,243
2015-04-23,7648.04788773763,1933036.3553222516,243
2015-04-24,7540.170117666479,1925496.185204585,243
2015-04-25,7435.10473970091,1918061.0804648842,243
2015-04-26,7332.579169621225,1910728.501295263,243
2015-04-27,7232.573127051815,1903495.9281682111,243
2015-04-28,7135.180526981596,1896360.7476412295,243
2015-04-29,7039.88528089365,1889320.862360336,243
2015-04-30,6946.34892755677,1882374.5134327791,243
2015-05-01,6854.741488419939,1875519.7719443592,243
2015-05-02,6764.867069202941,1868754.9048751562,243
2015-05-03,6676.928772752872,1862077.9761024034,243
2015-05-04,6590.847376823891,1855487.1287255795,243
2015-05-05,6506.454845570726,1848980.6738800087,243
2015-05-06,6423.610797510715,1842557.063082498,243
2015-05-07,6342.7386830118485,1836214.3243994862,243
2015-05-08,6263.505469686119,1829950.8189298,243
2015-05-09,6185.724939065287,1823765.0939907348,243
2015-05-10,6109.706123361364,1817655.3878673734,243
2015-05-11,6035.976731631905,1811619.4111357415,243
2015-05-12,5963.959404925583,1805655.451730816,243
2015-05-13,5893.202790689422,1799762.2489401265,243
2015-05-14,5823.770444578957,1793938.4784955475,243
2015-05-15,5756.34735848452,1788182.131137063,243
2015-05-16,5690.6366608056705,1782491.4944762574,243
2015-05-17,5626.190927253105,1776865.3035490043,243
2015-05-18,5563.258479154436,1771302.0450698498,243
2015-05-19,5501.818585458677,1765800.2264843911,243
2015-05-20,5441.400128092617,1760358.8263562985,243
2015-05-21,5381.98449119064,1754976.8418651079,243
2015-05-22,5323.475824725814,1749653.366040382,243
2015-05-23,5265.957636132836,1744387.4084042492,243
2015-05-24,5209.798232257366,1739177.6101719919,243
2015-05-25,5154.673472961411,1734022.9366990305,243
2015-05-26,5100.633594160201,1728922.3031048703,243
2015-05-27,5047.830566029297,1723874.472538841,243
2015-05-28,4995.825054185931,1718878.647484655,243
2015-05-29,4944.513760969974,1713934.133723685,243
2015-05-30,4893.897021419369,1709040.2367022657,243
2015-05-31,4844.347432257142,1704195.8892700085,243
2015-06-01,4795.619380816817,1699400.2698891917,243
2015-06-02,4747.66126478021,1694652.6086244115,243
2015-06-03,4700.643360581249,1689951.9652638303,243
2015-06-04,4654.22990498296,1685297.7353588473,243
2015-06-05,4608.605368680088,1680689.1299901672,243
2015-06-06,4563.958719186019,1676125.1712709812,243
2015-06-07,4520.159633685136,1671605.011637296,243
2015-06-08,4476.929500884842,1667128.0821364112,243
2015-06-09,4434.458265215624,1662693.6238711956,243
2015-06-10,4392.974120640196,1658300.6497505554,243
2015-06-11,4351.9939610180445,1653948.6557895374,243
2015-06-12,4311.769011830445,1649636.886777707,243
2015-06-13,4272.375319273677,1645364.5114584332,243
2015-06-14,4233.481010242598,1641131.0304481906,243
2015-06-15,4195.11207623058,1636935.91837196,243
2015-06-16,4157.202300777659,1632778.7160711824,243
2015-06-17,4119.738925353158,1628658.9771458292,243
2015-06-18,4082.8864415967837,1624576.0907042325,243
2015-06-19,4046.5465765346307,1620529.5441276978,243
2015-06-20,4010.6506367088296,1616518.893490989,243
2015-06-21,3975.1712896535173,1612543.7222013355,243
2015-06-22,3940.271773698041,1608603.4504276374,243
2015-06-23,3905.969366732985,1604697.4810609045,243
2015-06-24,3872.081151104998,1600825.3999097995,243
2015-06-25,3838.576459076721,1596986.8234507227,243
2015-06-26,3805.442426725058,1593181.3810239977,243
2015-06-27,3772.633059584303,1589408.7479644134,243
2015-06-28,3740.2022360539995,1585668.5457283594,243
2015-06-29,3708.3362738245632,1581960.2094545348,243
2015-06-30,3676.8881684686057,1578283.3212860662,243
2015-07-01,3645.954149226891,1574637.3671368393,243
2015-07-02,3615.6059744395316,1571021.7611623998,243
2015-07-03,3585.5891850562766,1567436.1719773435,243
2015-07-04,3555.8507270598784,1563880.3212502836,243
2015-07-05,3526.405223363079,1560353.9160269205,243
2015-07-06,3497.2589354279917,1556856.6570914926,243
2015-07-07,3468.3990706529003,1553388.2580208397,243
2015-07-08,3439.822881363798,1549948.4351394759,243
2015-07-09,3411.531724432949,1546536.903415043,243
2015-07-10,3383.5215660110116,1543153.381849032,243
2015-07-11,3355.7890257451218,1539797.5928232868,243
2015-07-12,3328.3316120610107,1536469.2612112258,243
2015-07-13,3301.1957313411403,1533168.0654798846,243
2015-07-14,3274.338870342588,1529893.726609542,243
2015-07-15,3247.7169056539424,1526646.009703888,243
2015-07-16,3221.359656811226,1523424.6500470769,243
2015-07-17,3195.3675896786153,1520229.2824573983,243
2015-07-18,3169.82295704796,1517059.4595003503,243
2015-07-19,3144.676895710407,1513914.78260464,243
2015-07-20,3119.765950540779,1510795.016654099,243
2015-07-21,3095.188966698479,1507699.8276874006,243
2015-07-22,3071.0811592659447,1504628.7465281347,243
2015-07-23,3047.3059765943326,1501581.4405515403,243
2015-07-24,3023.7644368060865,1498557.6761147343,243
2015-07-25,3000.5471342338715,1495557.1289805004,243
2015-07-26,2977.610198707087,1492579.5187817933,243
2015-07-27,2954.902427417226,1489624.616354376,243
2015-07-28,2932.4912048585247,1486692.1251495176,243
2015-07-29,2910.321961598238,1483781.8031879193,243
2015-07-30,2888.3386973212473,1480893.464490598,243
2015-07-31,2866.581230333075,1478026.883260265,243
2015-08-01,2845.0563097367994,1475181.8269505282,243
2015-08-02,2823.829966209829,1472357.9969843184,243
2015-08-03,2802.904209685512,1469555.0927746329,243
2015-08-04,2782.4084417796694,1466772.6843328532,243
2015-08-05,2762.4404268027283,1464010.2439060505,243
2015-08-06,2742.7148073366843,1461267.5290987138,243
2015-08-07,2723.1727778026834,1458544.356320911,243
2015-08-08,2703.767459734576,1455840.5888611765,243
2015-08-09,2684.5122136280406,1453156.0766475485,243
2015-08-10,2665.4560612030327,1450490.6205863454,243
2015-08-11,2646.567056874279,1447844.0535294712,243
2015-08-12,2627.833390527405,1445216.2201389438,243
2015-08-13,2609.2775317470077,1442606.9426071967,243
2015-08-14,2590.872011164436,1440016.0705960323,243
2015-08-15,2572.61598195415,1437443.4546140782,243
2015-08-16,2554.5125085660256,1434888.9421055121,243
2015-08-17,2536.5626335102133,1432352.379472002,243
2015-08-18,2518.7604902507737,1429833.6189817511,243
2015-08-19,2501.098265773151,1427332.520715978,243
2015-08-20,2483.585658333963,1424848.935057644,243
2015-08-21,2466.225653611589,1422382.7094040324,243
2015-08-22,2449.0700296168216,1419933.6393744156,243
2015-08-23,2432.0999224747065,1417501.539451941,243
2015-08-24,2415.3994321008213,1415086.14001984,243
2015-08-25,2398.867640006123,1412687.272379834,243
2015-08-26,2382.515806101961,1410304.756573732,243
2015-08-27,2366.404912277125,1407938.351661455,243
2015-08-28,2350.6099801519886,1405587.741681303,243
2015-08-29,2335.07946876646,1403252.6622125364,243
2015-08-30,2319.8161956111435,1400932.8460169253,243
2015-08-31,2304.775086414069,1398628.0709305112,243
2015-09-01,2289.82656593062,1396338.2443645806,243
2015-09-02,2274.971611056011,1394063.2727535246,243
2015-09-03,2260.2589023667388,1391803.0138511579,243
2015-09-04,2245.6632462274283,1389557.3506049304,243
2015-09-05,2231.303320687264,1387326.0472842432,243
2015-09-06,2217.26570503274,1385108.7815792104,243
2015-09-07,2203.3498842511326,1382905.4316949593,243
2015-09-08,2189.510841293726,1380715.9208536656,243
2015-09-09,2175.816451278515,1378540.104402387,243
2015-09-10,2162.239099275088,1376377.865303112,243
2015-09-11,2148.984921792755,1374228.8803813192,243
2015-09-12,2135.8621570209507,1372093.0182242983,243
2015-09-13,2122.8806818851735,1369970.137542413,243
2015-09-14,2110.079755589366,1367860.0577868237,243
2015-09-15,2097.3443059441634,1365762.7134808796,243
2015-09-16,2084.677222775761,1363678.0362581038,243
2015-09-17,2072.08162327623,1361605.9546348276,243
2015-09-18,2059.56004369515,1359546.3945911324,243
2015-09-19,2047.1686939646024,1357499.2258971678,243
2015-09-20,2034.973383796867,1355464.252513371,243
2015-09-21,2022.9527046759613,1353441.299808695,243
2015-09-22,2011.0081361173652,1351430.2916725776,243
2015-09-23,1999.1341107964981,1349431.1575617811,243
2015-09-24,1987.3287642826326,1347443.8287974985,243
2015-09-25,1975.6005345450249,1345468.2282629535,243
2015-09-26,1963.9620207259431,1343504.2662422275,243
2015-09-27,1952.4455161548685,1341551.8207260726,243
2015-09-28,1941.0891111765523,1339610.731614896,243
2015-09-29,1929.8383989194408,1337680.8932159767,243
2015-09-30,1918.6866849779617,1335762.2065309987,243
2015-10-01,1907.7828380991705,1333854.4236928995,243
2015-10-02,1897.0047681417782,1331957.4189247577,243
2015-10-03,1886.451583109796,1330070.967341648,243
2015-10-04,1876.0988982017152,1328194.8684434462,243
2015-10-05,1865.9225427855272,1326328.9459006607,243
2015-10-06,1855.8257905843202,1324473.1201100764,243
2015-10-07,1845.7899293699302,1322627.3301807065,243
2015-10-08,1835.8594002469908,1320791.4707804595,243
2015-10-09,1826.0346328560263,1318965.4361476034,243
2015-10-10,1816.286212480627,1317149.1499351228,243
2015-10-11,1806.6601533095818,1315342.4897818132,243
2015-10-12,1797.0825062831864,1313545.40727553,243
2015-10-13,1787.551778600784,1311757.8554969293,243
2015-10-14,1778.0849265831057,1309979.7705703462,243
2015-10-15,1768.7246306808665,1308211.0459396653,243
2015-10-16,1759.4202239944134,1306451.6257156709,243
2015-10-17,1750.167209821986,1304701.458505849,243
2015-10-18,1740.9660776322708,1302960.4924282166,243
2015-10-19,1731.818615067983,1301228.6738131486,243
2015-10-20,1722.7506974383723,1299505.9231157103,243
2015-10-21,1713.7271312861703,1297792.195984424,243
2015-10-22,1704.8063804237172,1296087.3896040004,243
2015-10-23,1695.9482712829486,1294391.4413327174,243
2015-10-24,1687.2413708386011,1292704.1999618788,243
2015-10-25,1678.6987573539373,1291025.501204525,243
2015-10-26,1670.2928485979792,1289355.208355927,243
2015-10-27,1661.9439845508896,1287693.264371376,243
2015-10-28,1653.6435885177925,1286039.6207828582,243
2015-10-29,1645.386430632323,1284394.234352226,243
2015-10-30,1637.2303884504363,1282757.0039637755,243
2015-10-31,1629.199492521584,1281127.8044712539,243
2015-11-01,1621.1978508490138,1279506.6066204049,243
2015-11-02,1613.2281167828478,1277893.378503622,243
2015-11-03,1605.292171106441,1276288.0863325156,243
2015-11-04,1597.3915519409347,1274690.6947805746,243
2015-11-05,1589.5275097046979,1273101.16727087,243
2015-11-06,1581.7044670088217,1271519.4628038611,243
2015-11-07,1574.0337565187365,1269945.4290473424,243
2015-11-08,1566.4845600961708,1268378.9444872462,243
2015-11-09,1558.9690230372362,1266819.975464209,243
2015-11-10,1551.5131301432848,1265268.4623340657,243
2015-11-11,1544.1333627840504,1263724.3289712816,243
2015-11-12,1536.7905894727446,1262187.538381809,243
2015-11-13,1529.4846400078386,1260658.053741801,243
2015-11-14,1522.2156755537726,1259135.8380662473,243
2015-11-15,1514.9891684916802,1257620.8488977556,243
2015-11-16,1507.8244038245175,1256113.024493931,243
2015-11-17,1500.8461391201708,1254612.178354811,243
2015-11-18,1493.9968397337943,1253118.1815150771,243
2015-11-19,1487.2556820735335,1251630.9258330036,243
2015-11-20,1480.628203317523,1250150.297629686,243
2015-11-21,1474.176208072342,1248676.1214216137,243
2015-11-22,1467.758665154921,1247208.3627564588,243
2015-11-23,1461.3846299760044,1245746.9781264828,243
2015-11-24,1455.0662579566706,1244291.9118685261,243
2015-11-25,1448.7793431247119,1242843.1325254014,243
2015-11-26,1442.5733454043511,1241400.559179997,243
2015-11-27,1436.4360420713201,1239964.1231379258,243
2015-11-28,1430.3246686360799,1238533.7984692897,243
2015-11-29,1424.2827898950782,1237109.5156793946,243
2015-11-30,1418.3721308226231,1235691.143548572,243
2015-12-01,1412.4910331917927,1234278.6525153802,243
2015-12-02,1406.637641918147,1232872.014873462,243
2015-12-03,1400.812397911679,1231471.2024755504,243
2015-12-04,1395.0153578408062,1230076.1871177095,243
2015-12-05,1389.2465348457918,1228686.9405828638,243
2015-12-06,1383.5059039848857,1227303.4346788789,243
2015-12-07,1377.8219020396937,1225925.6127768392,243
2015-12-08,1372.2111044956837,1224553.4016723435,243
2015-12-09,1366.6248503434472,1223186.776822,243
2015-12-10,1361.0886016944423,1221825.6882203056,243
2015-12-11,1355.595359656727,1220470.0928606489,243
2015-12-12,1350.147518236423,1219119.9453424125,243
2015-12-13,1344.7764695966616,1217775.1688728158,243
2015-12-14,1339.4256070582196,1216435.7432657576,243
2015-12-15,1334.0935298518743,1215101.6497359057,243
2015-12-16,1328.7945339493454,1213772.8552019564,243
2015-12-17,1323.5710633858107,1212449.2841385705,243
2015-12-18,1318.3827028512023,1211130.9014357193,243
2015-12-19,1313.2072268696502,1209817.6942088497,243
2015-12-20,1308.0341967884451,1208509.6600120612,243
2015-12-21,1302.8583933194168,1207206.8016187418,243
2015-12-22,1297.7239469676279,1205909.0776717742,243
2015-12-23,1292.6822022499982,1204616.3954695242,243
2015-12-24,1287.6624326219317,1203328.7330369023,243
2015-12-25,1282.6613960745744,1202046.0716408277,243
2015-12-26,1277.680771967629,1200768.39086886,243
2015-12-27,1272.7376126691233,1199495.653256191,243
2015-12-28,1267.8211547164246,1198227.8321014745,243
2015-12-29,1262.9244159450755,1196964.9076855294,243
2015-12-30,1258.0473946849816,1195706.8602908445,243
2015-12-31,1253.1901097269729,1194453.6701811175,243
2016-01-01,1248.3525849112775,1193205.3175962062,243
2016-01-02,1243.5348403805401,1191961.7827558257,243
2016-01-03,1238.7368879821151,1190723.0458678436,243
2016-01-04,1233.9587292321958,1189489.0871386114,243
2016-01-05,11757.74781560048,1373609.7642792966,235
2016-01-06,29711.47286732198,1667344.3949722284,232
2016-01-07,12056.67415510933,1655287.720817119,241
2016-01-08,18885.755341440134,1734177.4779920904,238
2016-01-09,16263.186982478524,1766519.5014971015,240
2016-01-10,12554.89348508358,1760463.709673244,242
2016-01-11,11240.597231317803,1750831.7913118517,242
2016-01-12,52905.12599848246,2058880.0951083684,231
2016-01-13,22387.80862335112,2050966.3586378354,241
2016-01-14,89435.38403803058,2379692.5847105207,230
2016-01-15,89101.94483663281,2575321.82725084,233
2016-01-16,98309.32202919177,2752160.495938942,233
2016-01-17,200010.39322523808,3140323.1289118715,229
2016-01-18,183795.99398692086,3362686.4756164914,231
2016-01-19,121798.05938709015,3400878.505942539,235
2016-01-20,75805.0144826076,3325073.4914599312,241
2016-01-21,103877.50774106928,3355479.877344069,236
2016-01-22,128277.02792398917,3425051.034000913,235
2016-01-23,78853.70647321746,3365433.756714768,240
2016-01-24,78085.08133408563,3327781.414768602,240
2016-01-25,64702.512014248874,3263078.902754353,242
2016-01-26,59641.81726683164,3203437.0854875213,243
2016-01-27,55538.52235511318,3147898.563132408,243
2016-01-28,92032.39598320806,3225578.587938094,236
2016-01-29,64259.65560385471,3193446.344794823,241
2016-01-30,54297.26588986628,3139149.0789049566,242
2016-01-31,50508.09876180906,3088640.9801431475,243
2016-02-01,47352.52597167157,3041288.454171476,243
2016-02-02,44587.28115103068,2996701.1730204453,243
2016-02-03,42138.80444073817,2954562.368579707,243
2016-02-04,39953.636713726446,2914608.7318659807,243
2016-02-05,37961.22670945292,2876647.5051565277,243
2016-02-06,36135.92230630061,2840511.582850227,243
2016-02-07,34457.56537109241,2806054.0174791347,243
2016-02-08,32915.09050425002,2773138.9269748847,243
2016-02-09,31491.55148416618,2741647.3754907185,243
2016-02-10,30167.37924833456,2711479.996242384,243
2016-02-11,28929.437948875595,2682550.5582935084,243
2016-02-12,27773.18477743119,2654777.373516077,243
2016-02-13,26695.631407521665,2628081.7421085555,243
2016-02-14,25692.651460485533,2602389.09064807,243
2016-02-15,24748.357342011295,2577640.7333060587,243
2016-02-16,23866.28440517839,2553774.4489008803,243
2016-02-17,23043.58795314189,2530730.8609477384,243
2016-02-18,26533.25218105285,2534569.0118676545,241
2016-02-19,42029.66920830445,2619031.6216551634,237
2016-02-20,26398.226908225566,2592633.394746938,242
2016-02-21,24993.617145275697,2567639.777601662,243
2016-02-22,23950.937687898986,2543688.839913763,243
2016-02-23,23021.8495590291,2520666.990354734,243
2016-02-24,22177.038879444357,2498489.9514752897,243
2016-02-25,21395.394556304906,2477094.5569189847,243
2016-02-26,20667.045784627553,2456427.511134357,243
2016-02-27,19989.33292038832,2436438.178213969,243
2016-02-28,19356.018526623957,2417082.159687345,243
2016-02-29,18756.207882425282,2398325.9518049196,243
2016-03-01,18189.67380901007,2380136.2779959096,243
2016-03-02,17654.622369327582,2362481.655626582,243
2016-03-03,17149.46919602342,2345332.1864305586,243
2016-03-04,58115.94901990489,2569215.142114232,233
2016-03-05,224486.50676831335,3140231.072674856,231
2016-03-06,157105.96410966956,3328837.4544055434,232
2016-03-07,62293.57504551577,3271721.29293935,240
2016-03-08,74746.8222401021,3275087.324668285,238
2016-03-09,206419.14854888176,3536950.013385115,229
2016-03-10,412592.19799302425,3963658.044960887,234
2016-03-11,271249.53463051154,4087922.257291323,231
2016-03-12,276781.18729104,4185516.9452461456,231
2016-03-13,225970.07123363143,4211723.102173587,233
2016-03-14,113516.80872730911,4098206.293446278,240
2016-03-15,100691.71023059916,3997514.583215679,242
2016-03-16,91281.06015979405,3906233.523055885,242
2016-03-17,83610.57758771908,3822622.945468166,242
2016-03-18,77142.80372228334,3745480.1417458826,243
2016-03-19,71546.71173414635,3673933.430011736,243
2016-03-20,116649.16840998415,3730706.968376587,236
2016-03-21,109696.8480063746,3743300.020283463,237
2016-03-22,72566.55641902331,3670733.4638644396,242
2016-03-23,66787.9795245328,3603945.484339907,242
2016-03-24,62216.69924073666,3541728.78509917,243
2016-03-25,58270.29710322153,3483458.4879959486,243
2016-03-26,54795.203141768,3428663.2848541806,243
2016-03-27,51690.82574133668,3376972.459112844,243
2016-03-28,48936.13980161119,3328036.319311233,243
2016-03-29,46462.636033869814,3281573.683277363,243
2016-03-30,44197.671264702454,3237376.0120126605,243
2016-03-31,42119.658722012304,3195256.353290648,243
2016-04-01,40210.66182557959,3155045.6914650686,243
2016-04-02,38443.3180651525,3116602.373399916,243
2016-04-03,36810.203915376216,3079792.16948454,243
2016-04-04,35292.57010968216,3044499.5993748577,243
2016-04-05,33876.16757156607,3010623.4318032917,243
2016-04-06,32553.31511169253,2978070.116691599,243
2016-04-07,31317.803577092942,2946752.313114506,243
2016-04-08,30151.087763061747,2916601.2253514444,243
2016-04-09,29049.3597757495,2887551.865575695,243
2016-04-10,28020.24301185552,2859531.6225638394,243
2016-04-11,27060.003950984217,2832471.618612855,243
2016-04-12,26161.5751703782,2806310.043442477,243
2016-04-13,25312.242581485305,2780997.8008609917,243
2016-04-14,24507.206655020826,2756490.594205971,243
2016-04-15,23742.373694750946,2732748.22051122,243
2016-04-16,23015.45995825436,2709732.7605529656,243
2016-04-17,22327.540400306694,2687405.220152659,243
2016-04-18,21680.933455687482,2665724.2866969714,243
2016-04-19,21067.857278791256,2644656.42941818,243
2016-04-20,20483.731451282743,2624172.6979668974,243
2016-04-21,19924.212159686256,2604248.485807211,243
2016-04-22,19390.59256835282,2584857.8932388583,243
2016-04-23,18884.91575441975,2565972.9774844386,243
2016-04-24,18406.32798584178,2547566.649498597,243
2016-04-25,17948.69512075046,2529617.9543778463,243
2016-04-26,17510.631654704455,2512107.322723142,243
2016-04-27,17093.811718252022,2495013.51100489,243
2016-04-28,16696.93179823784,2478316.579206652,243
2016-04-29,16316.50004497217,2462000.07916168,243
2016-04-30,15950.030365451705,2446050.048796228,243
2016-05-01,15597.474630402401,2430452.5741658257,243
2016-05-02,15256.006764777936,2415196.567401048,243
2016-05-03,14925.065748351626,2400271.501652696,243
2016-05-04,14606.65335490089,2385664.8482977953,243
2016-05-05,14300.671029769816,2371364.1772680255,243
2016-05-06,14006.300027934834,2357357.8772400906,243
2016-05-07,13722.672533204313,2343635.2047068863,243
2016-05-08,13449.32703013625,2330185.87767675,243
2016-05-09,13184.089706118684,2317001.7879706314,243
2016-05-10,12926.17647417076,2304075.6114964606,243
2016-05-11,12676.170873300172,2291399.4406231605,243
2016-05-12,12433.631670040078,2278965.8089531204,243
2016-05-13,12198.741012576036,2266767.0679405443,243
2016-05-14,11972.076734125614,2254794.9912064187,243
2016-05-15,11751.797108606901,2243043.194097812,243
2016-05-16,11538.28898167843,2231504.9051161334,243
2016-05-17,11331.229197754059,2220173.6759183793,243
2016-05-18,11130.10454562353,2209043.571372756,243
2016-05-19,10935.692542668432,2198107.8788300874,243
2016-05-20,10747.42722115526,2187360.451608932,243
2016-05-21,10566.34237404028,2176794.109234892,243
2016-05-22,10391.96705860179,2166402.14217629,243
2016-05-23,10221.864632145502,2156180.2775441445,243
2016-05-24,10056.040243307594,2146124.237300837,243
2016-05-25,9895.762749757618,2136228.4745510793,243
2016-05-26,9741.119842625689,2126487.3547084536,243
2016-05-27,9591.13060426386,2116896.22410419,243
2016-05-28,9445.49468386313,2107450.7294203267,243
2016-05-29,9303.554437316954,2098147.1749830097,243
2016-05-30,9165.36259057466,2088981.812392435,243
2016-05-31,9031.331043307437,2079950.4813491276,243
2016-06-01,8901.647168977419,2071048.8341801502,243
2016-06-02,8774.530853132019,2062274.3033270182,243
2016-06-03,8650.226667329436,2053624.0766596887,243
2016-06-04,8528.817073426442,2045095.2595862623,243
2016-06-05,8409.955773089081,2036685.3038131732,243
2016-06-06,8294.268404565053,2028391.0354086081,243
2016-06-07,8182.270841690712,2020208.7645669174,243
2016-06-08,8072.999577688519,2012135.764989229,243
2016-06-09,7966.029552402673,2004169.7354368262,243
2016-06-10,7860.891330715036,1996308.8441061112,243
2016-06-11,7757.502743136371,1988551.3413629748,243
2016-06-12,7656.212771787075,1980895.1285911878,243
2016-06-13,7557.364999864483,1973337.7635913233,243
2016-06-14,7460.417766786413,1965877.3458245369,243
2016-06-15,7365.688366005663,1958511.6574585312,243
2016-06-16,7272.940171608934,1951238.7172869223,243
2016-06-17,7182.2880366269965,1944056.4292502953,243
2016-06-18,7093.61868317402,1936962.8105671213,243
2016-06-19,7006.63437081757,1929956.1761963037,243
2016-06-20,6921.297395946924,1923034.8788003568,243
2016-06-21,6837.444038761314,1916197.4347615954,243
2016-06-22,6754.853592529893,1909442.5811690656,243
2016-06-23,6673.959405676927,1902768.6217633886,243
2016-06-24,6595.271664225031,1896173.3500991636,243
2016-06-25,6518.321454492863,1889655.0286446707,243
2016-06-26,6442.966128063155,1883212.0625166076,243
2016-06-27,6369.27680865,1876842.7857079576,243
2016-06-28,6298.1616222904995,1870544.624085667,243
2016-06-29,6228.531036008382,1864316.0930496587,243
2016-06-30,6160.024517178303,1858156.0685324804,243
2016-07-01,6092.476815561531,1852063.5917169189,243
2016-07-02,6026.027133352123,1846037.5645835667,243
2016-07-03,5961.096261137398,1840076.4683224293,243
2016-07-04,5897.429841822479,1834179.0384806069,243
2016-07-05,5834.817305086181,1828344.2211755207,243
2016-07-06,5773.324874319602,1822570.896301201,243
2016-07-07,5712.922750592697,1816857.9735506084,243
2016-07-08,5653.480025718454,1811204.49352489,243
2016-07-09,5594.870518373093,1805609.6230065168,243
2016-07-10,5537.018313215813,1800072.604693301,243
2016-07-11,5480.053410769673,1794592.5512825313,243
2016-07-12,5423.8538987033535,1789168.697383828,243
2016-07-13,5368.695208481979,1783800.002175346,243
2016-07-14,5314.301888188114,1778485.700287158,243
2016-07-15,5260.731969887856,1773224.96831727,243
2016-07-16,5208.0720456361305,1768016.896271634,243
2016-07-17,5156.199357806705,1762860.6969138272,243
2016-07-18,5105.268234232906,1757755.4286795943,243
2016-07-19,5055.367695530178,1752700.0609840641,243
2016-07-20,5006.096315246308,1747693.9646688178,243
2016-07-21,4957.737855720334,1742736.2268130975,243
2016-07-22,4910.119067657506,1737826.10774544,243
2016-07-23,4863.171407213202,1732962.9363382268,243
2016-07-24,4817.372017469723,1728145.564320757,243
2016-07-25,4772.957350933924,1723372.6069698231,243
2016-07-26,4729.188985815039,1718643.417984008,243
2016-07-27,4686.234701884445,1713957.1832821236,243
2016-07-28,4643.9553893234115,1709313.2278928002,243
2016-07-29,4602.639008499682,1704710.5888843006,243
2016-07-30,4561.822885650676,1700148.7659986499,243
2016-07-31,4521.639459829312,1695627.1265388206,243
2016-08-01,4482.277252097614,1691144.849286723,243
2016-08-02,4443.522597801872,1686701.326688921,243
2016-08-03,4405.1491979504935,1682296.1774909706,243
2016-08-04,4367.250849138945,1677928.9266418316,243
2016-08-05,4329.801757538691,1673599.124884293,243
2016-08-06,4292.7338133670855,1669306.3910709259,243
2016-08-07,4256.206018057885,1665050.185052868,243
2016-08-08,4220.0947663374245,1660830.0902865306,243
2016-08-09,4184.4964352324605,1656645.593851298,243
2016-08-10,4149.5669526294805,1652496.0268986686,243
2016-08-11,4115.110692161368,1648380.9162065072,243
2016-08-12,4081.166703048395,1644299.7495034589,243
2016-08-13,4047.5960963382386,1640252.1534071206,243
2016-08-14,4014.3336048447527,1636237.8198022759,243
2016-08-15,3981.377017627936,1632256.442784648,243
2016-08-16,3948.7231637570076,1628307.719620891,243
2016-08-17,3916.367346924497,1624391.3522739664,243
2016-08-18,3884.3103667686228,1620507.0419071978,243
2016-08-19,3852.557651927229,1616654.4842552706,243
2016-08-20,3821.1255231481045,1612833.3587321225,243
2016-08-21,3790.076949133072,1609043.2817829894,243
2016-08-22,3759.3478597798385,1605283.9339232096,243
2016-08-23,3728.8831519777887,1601555.0507712318,243
2016-08-24,3698.7014179285616,1597856.3493533032,243
2016-08-25,3668.802748461021,1594187.5466048422,243
2016-08-26,3639.1852562613785,1590548.3613485808,243
2016-08-27,3609.89595040353,1586938.4653981773,243
2016-08-28,3581.0681794406846,1583357.3972187366,243
2016-08-29,3552.6114073826466,1579804.785811354,243
2016-08-30,3524.48077626992,1576280.305035084,243
2016-08-31,3496.7076822458766,1572783.5973528381,243
2016-09-01,3469.2909057547804,1569314.3064470834,243
2016-09-02,3442.1659422623925,1565872.140504821,243
2016-09-03,3415.7253144325223,1562456.4151903884,243
2016-09-04,3389.618721489096,1559066.7964688994,243
2016-09-05,3363.7258353193756,1555703.07063358,243
2016-09-06,3338.0566131270025,1552365.014020453,243
2016-09-07,3312.668694472639,1549052.3453259803,243
2016-09-08,3287.5718356245197,1545764.7734903558,243
2016-09-09,3262.7918577042874,1542501.9816326515,243
2016-09-10,3238.3067251506727,1539263.6749075009,243
2016-09-11,3214.1496444735676,1536049.5252630273,243
2016-09-12,3190.135878915433,1532859.3893841119,243
2016-09-13,3166.280499514658,1529693.1088845972,243
2016-09-14,3142.6349049806595,1526550.4739796165,243
2016-09-15,3119.256509540137,1523431.2174700764,243
2016-09-16,3096.13920244202,1520335.0782676344,243
2016-09-17,3073.333992715925,1517261.7442749185,243
2016-09-18,3050.744615193922,1514210.9996597245,243
2016-09-19,3028.4658292727545,1511182.5338304518,243
2016-09-20,3006.4852157933637,1508176.0486146584,243
2016-09-21,2984.6788295281585,1505191.3697851303,243
2016-09-22,2963.110681288643,1502228.2591038416,243
2016-09-23,2941.73188077379,1499286.5272230678,243
2016-09-24,2920.506651053671,1496366.0205720142,243
2016-09-25,2899.4281489248388,1493466.5924230893,243
2016-09-26,2878.5127522135153,1490588.0796708758,243
2016-09-27,2857.803063329775,1487730.276607546,243
2016-09-28,2837.265358702047,1484893.011248844,243
2016-09-29,2816.8902339956257,1482076.1210148484,243
2016-09-30,2796.7441716119647,1479279.3768432364,243
2016-10-01,2776.8811522347387,1476502.4956910016,243
2016-10-02,2757.1973672888707,1473745.2983237128,243
2016-10-03,2737.7242577797733,1471007.574065933,243
2016-10-04,2718.4128731472883,1468289.1611927857,243
2016-10-05,2699.2905182663817,1465589.8706745193,243
2016-10-06,2680.4166233465075,1462909.4540511728,243
2016-10-07,2661.904835504014,1460247.5492156688,243
2016-10-08,2643.6297994419,1457603.919416227,243
2016-10-09,2625.5662783521693,1454978.3531378747,243
2016-10-10,2607.6379909524694,1452370.7151469223,243
2016-10-11,2589.8445287421346,1449780.8706181801,243
2016-10-12,2572.180190294981,1447208.6904278852,243
2016-10-13,2554.6286460896954,1444654.0617817955,243
2016-10-14,2537.2104731902946,1442116.8513086052,243
2016-10-15,2519.974083391018,1439596.8772252141,243
2016-10-16,2502.9414466095623,1437093.9357786046,243
2016-10-17,2486.0710519712884,1434607.8647266333,243
2016-10-18,2469.328101991676,1432138.5366246416,243
2016-10-19,2452.7489390831906,1429685.7876855584,243
2016-10-20,2436.381305892952,1427249.4063796655,243
2016-10-21,2420.15633161203,1424829.2500480535,243
2016-10-22,2404.3822853318416,1422424.8677627216,243
2016-10-23,2389.0296239852905,1420035.8381387363,243
2016-10-24,2373.8069343518,1417662.0312043845,243
2016-10-25,2358.7372926205862,1415303.293911764,243
2016-10-26,2343.8930198415183,1412959.4008919224,243
2016-10-27,2329.2268493091688,1410630.1740426132,243
2016-10-28,2314.734812272247,1408315.439230341,243
2016-10-29,2300.372626391938,1406015.066603949,243
2016-10-30,2286.0897555614356,1403728.9768483876,243
2016-10-31,2271.983976010233,1401456.9928723774,243
2016-11-01,2258.0646836380474,1399198.9281887393,243
2016-11-02,2244.445402249694,1396954.4827864897,243
2016-11-03,2230.9922043834813,1394723.4905821062,243
2016-11-04,2217.613363102544,1392505.8772190036,243
2016-11-05,2204.373607962625,1390301.503611041,243
2016-11-06,2191.280797494808,1388110.2228135462,243
2016-11-07,2178.295224660076,1385931.927588886,243
2016-11-08,2165.4035717346705,1383766.5240171514,243
2016-11-09,2152.5961095402017,1381613.9279076112,243
2016-11-10,2139.856570769567,1379474.0713368417,243
2016-11-11,2127.224127695663,1377346.847209146,243
2016-11-12,2114.7909919710364,1375232.056217175,243
2016-11-13,2102.473132137675,1373129.5830850373,243
2016-11-14,2090.2871734455694,1371039.2959115917,243
2016-11-15,2078.1974337424617,1368961.0984778493,243
2016-11-16,2066.393339087721,1366894.7051387616,243
2016-11-17,2054.7516589935403,1364839.953479768,243
2016-11-18,2043.2163151251152,1362796.737164643,243
2016-11-19,2031.7481924986932,1360764.9889721442,243
2016-11-20,2020.3650832511485,1358744.623888893,243
2016-11-21,2009.106101440033,1356735.517787453,243
2016-11-22,1997.9120424780995,1354737.605744975,243
2016-11-23,1986.7951143339742,1352750.810630641,243
2016-11-24,1975.7362686991692,1350775.0743619418,243
2016-11-25,1964.7422789291013,1348810.3320830127,243
2016-11-26,1953.8530748717021,1346856.479008141,243
2016-11-27,1943.1302872155793,1344913.3487209254,243
2016-11-28,1932.4611822408624,1342980.8875386845,243
2016-11-29,1921.8466042364016,1341059.0409344481,243
2016-11-30,1911.3476892649196,1339147.6932451832,243
2016-12-01,1900.916046178434,1337246.7771990048,243
2016-12-02,1890.532253377838,1335356.244945627,243
2016-12-03,1880.1980959342327,1333476.0468496927,243
2016-12-04,1869.9228439349681,1331606.1240057577,243
2016-12-05,1859.7737036955077,1329746.3503020622,243
2016-12-06,1849.71816018573,1327896.6321418765,243
2016-12-07,1839.7541785119101,1326056.8779633646,243
2016-12-08,1829.8438736661337,1324227.0340896985,243
2016-12-09,31239.01579995727,1706774.8232485726,230
2016-12-10,15988.431568536616,1747670.6581000339,239
2016-12-11,11029.536996875657,1736641.1211031582,242
2016-12-12,9780.814289310714,1726860.3068138475,242
2016-12-13,24894.708284360153,1869251.746353659,236
2016-12-14,133704.25506366463,2462913.8628469966,229
2016-12-15,225966.5226493933,3034035.9128641933,234
2016-12-16,53112.92907933425,2980922.983784859,239
2016-12-17,48039.758903085254,2932883.224881774,241
2016-12-18,45525.44769297214,2887357.7771888017,242
2016-12-19,43421.74894496426,2843936.0282438374,242
2016-12-20,41362.43708751397,2802573.5911563234,243
2016-12-21,39505.64732442051,2763067.943831903,243
2016-12-22,80526.74222263097,2905061.0402237866,234
2016-12-23,61363.02050083819,2917966.2900568517,239
2016-12-24,46048.991765182,2871917.2982916697,242
2016-12-25,42768.57312281942,2829148.7251688503,243
2016-12-26,40238.917763656005,2788909.8074051943,243
2016-12-27,38033.57173635438,2750876.23566884,243
2016-12-28,36065.39974018,2714810.83592866,243
2016-12-29,34283.81304482184,2680527.022883838,243
2016-12-30,32639.495848178864,2647887.527035659,243
2016-12-31,31121.27159812674,2616766.2554375324,243
2017-01-01,29718.57668473851,2587047.678752794,243
2017-01-02,37489.55088073706,2607769.9171980703,240
2017-01-03,337954.8953436841,3384806.9040317093,236
2017-01-04,79387.72709325727,3340467.358615402,238
2017-01-05,64142.09033775702,3276325.268277645,241
2017-01-06,135512.73104021908,3406787.6642896645,233
2017-01-07,539986.3762776244,4035584.383750405,239
2017-01-08,372420.83991627337,4232733.423902055,232
2017-01-09,415424.0466628844,4400216.823322233,232
2017-01-10,698172.4507226917,4672481.89745393,239
2017-01-11,254154.9064623125,4611901.191409849,234
2017-01-12,158420.7363018715,4485295.002125999,238
2017-01-13,129612.61853412725,4355682.383591872,241
2017-01-14,115705.77599681169,4239976.60759506,242
2017-01-15,104750.30742369965,4135226.3001713604,242
2017-01-16,95693.38944766484,4039532.9107236955,243
2017-01-17,87967.38569188956,3951565.525031806,243
2017-01-18,510274.6179361107,4389070.803614486,233
2017-01-19,470852.35887453635,4539354.938925342,231
2017-01-20,219843.68958193003,4493906.515379568,235
2017-01-21,562098.0476859839,4653511.486332307,232
2017-01-22,238974.32933716715,4598470.489988854,234
2017-01-23,175407.2905630485,4509725.394223799,237
2017-01-24,126195.07484599482,4383530.319377804,241
2017-01-25,112728.56899810024,4270801.750379704,242
2017-01-26,102252.7892955183,4168548.9610841856,242
2017-01-27,93576.75531494897,4074972.2057692367,243
2017-01-28,86196.89423165424,3988775.3115375824,243
2017-01-29,79865.21101376694,3908910.1005238155,243
2017-01-30,74361.93401643587,3834548.1665073796,243
2017-01-31,69553.25755029032,3764994.9089570893,243
2017-02-01,188677.72344229033,3954552.4173533283,231
2017-02-02,344097.7833757901,4198644.3607920995,228
2017-02-03,179434.80016083483,4195780.51949892,235
2017-02-04,104198.96209838538,4104032.499841842,240
2017-02-05,219342.58476027282,4180769.7240246795,232
2017-02-06,832990.0616441995,4603035.650307591,240
2017-02-07,373015.96332121885,4628887.312443437,231
2017-02-08,377324.5018313077,4651817.132839463,231
2017-02-09,578743.6925006147,4749418.011489404,233
2017-02-10,153738.811717581,4595679.199771823,239
2017-02-11,133428.23738248367,4462250.96238934,241
2017-02-12,119129.10223912541,4343121.860150214,242
2017-02-13,107854.03817507252,4235267.821975142,242
2017-02-14,98502.25370689947,4136765.5682682423,242
2017-02-15,218978.96757798077,4252634.160385374,232
2017-02-16,156553.89680191292,4228191.272424871,236
2017-02-17,425856.30525150325,4436369.742265866,228
2017-02-18,174365.96393537003,4381098.761043293,236
2017-02-19,593728.7583132624,4600967.981004955,233
2017-02-20,431779.5438897823,4655309.007002192,230
2017-02-21,148043.6741095772,4520504.237432145,239
2017-02-22,125643.75705573335,4394860.480376411,241
2017-02-23,112613.44470357709,4282247.035672834,242
2017-02-24,102294.65821019374,4179952.3774626404,242
2017-02-25,93673.84268220002,4086278.5347804404,243
2017-02-26,86327.7297760332,3999950.805004407,243
2017-02-27,80019.17987739528,3919931.625127012,243
2017-02-28,74536.141707832,3845395.48341918,243
2017-03-01,69745.9728538869,3775649.510565293,243
2017-03-02,65496.340668523684,3710153.1698967693,243
2017-03-03,61637.70318570081,3648515.4667110685,243
2017-03-04,74917.08772825572,3640673.8950338694,240
2017-03-05,83692.50537816658,3653475.275316594,238
2017-03-06,75410.25110633488,3637445.5611059805,240
2017-03-07,59040.432345120236,3578405.1287608603,242
2017-03-08,55284.343995337375,3523120.784765523,243
2017-03-09,52189.450876033865,3470931.333889489,243
2017-03-10,49483.27247632574,3421448.0614131633,243
2017-03-11,47058.61030104477,3374389.4511121185,243
2017-03-12,44845.64373363182,3329543.8073784867,243
2017-03-13,42818.45183567982,3286725.355542807,243
2017-03-14,40954.02629532153,3245771.3292474854,243
2017-03-15,39233.62446162151,3206537.704785864,243
2017-03-16,37632.82155266404,3168904.8832332,243
2017-03-17,36135.38136845082,3132769.501864749,243
2017-03-18,34741.47284753993,3098028.029017209,243
2017-03-19,33437.44960537506,3064590.579411834,243
2017-03-20,42146.64631313528,3077771.787892552,240
2017-03-21,59985.781871300715,3154799.051857412,237
2017-03-22,37533.59261004301,3117265.459247369,242
2017-03-23,107700.38515149162,3319360.656967212,232
2017-03-24,146796.6853845131,3505617.0365335927,232
2017-03-25,57896.866800661664,3447720.169732931,241
2017-03-26,101089.55562285741,3513226.133945574,236
2017-03-27,57160.11498985486,3456066.018955719,242
2017-03-28,52595.13589622965,3403470.8830594895,242
2017-03-29,49319.596584866755,3354151.286474623,243
2017-03-30,46592.69368982967,3307558.592784793,243
2017-03-31,44186.76495764544,3263371.8278271477,243
2017-04-01,42031.15232299641,3221340.6755041513,243
2017-04-02,40073.33672081074,3181267.3387833405,243
2017-04-03,38285.94374384498,3142981.3950394955,243
2017-04-04,36633.73274388956,3106347.662295606,243
2017-04-05,35092.218991543166,3071255.443304063,243
2017-04-06,159106.31671271397,3413426.6151038087,229
2017-04-07,78713.95061581011,3422366.938691201,238
2017-04-08,62615.68301146027,3396600.4186091116,240
2017-04-09,50978.41183188651,3345622.006777225,242
2017-04-10,69657.68197025897,3363415.653064208,239
2017-04-11,70780.22539965787,3375388.181565666,239
2017-04-12,153523.9049236137,3546375.4302213006,232
2017-04-13,61210.2549560559,3485165.1752652447,241
2017-04-14,55540.167303512804,3429625.007961732,242
2017-04-15,51693.964126991574,3377931.0438347403,242
2017-04-16,73789.44898753957,3404416.2031967426,238
2017-04-17,88512.54017356128,3451193.930159984,237
2017-04-18,54026.66559443623,3397167.264565548,242
2017-04-19,72958.07953067521,3411663.664952007,239
2017-04-20,51390.650357976556,3360273.0145940306,242
2017-04-21,47986.75553746894,3312286.2590565616,243
2017-04-22,45284.44780433504,3267001.8112522266,243
2017-04-23,42911.50121292146,3224090.310039305,243
2017-04-24,40788.888570835814,3183301.4214684693,243
2017-04-25,38878.82474717358,3144422.5967212957,243
2017-04-26,37140.754149426706,3107281.842571869,243
2017-04-27,35538.86814435618,3071742.974427513,243
2017-04-28,34059.73275091499,3037683.241676598,243
2017-04-29,32680.23673377838,3005003.0049428195,243
2017-04-30,31391.30116850324,2973611.7037743162,243
2017-05-01,30189.20142836217,2943422.502345954,243
2017-05-02,29074.010311790742,2914348.4920341633,243
2017-05-03,28032.238943149336,2886316.253091014,243
2017-05-04,27062.185484004207,2859254.06760701,243
2017-05-05,26150.174111982808,2833103.893495027,243
2017-05-06,25289.15333031444,2807814.7401647125,243
2017-05-07,24479.470166827552,2783335.269997885,243
2017-05-08,23719.714369922876,2759615.555627962,243
2017-05-09,23002.14952526102,2736613.406102701,243
2017-05-10,22318.290919002146,2714295.115183699,243
2017-05-11,21667.96052027773,2692627.154663421,243
2017-05-12,21052.693820748478,2671574.4608426727,243
2017-05-13,20472.085614518262,2651102.3752281545,243
2017-05-14,19921.934629388154,2631180.4405987663,243
2017-05-15,19400.12829725817,2611780.312301508,243
2017-05-16,18901.491217646748,2592878.8210838614,243
2017-05-17,18424.489907913376,2574454.331175948,243
2017-05-18,17968.890863145236,2556485.440312803,243
2017-05-19,17537.04928564094,2538948.391027162,243
2017-05-20,17124.134918245487,2521824.2561089164,243
2017-05-21,16728.511084956583,2505095.74502396,243
2017-05-22,16349.667586356401,2488746.0774376034,243
2017-05-23,15986.503377639223,2472759.574059964,243
2017-05-24,15634.995756170712,2457124.5783037934,243
2017-05-25,15295.200292813126,2441829.3780109803,243
2017-05-26,14968.446436807048,2426860.9315741733,243
2017-05-27,14655.799520162866,2412205.1320540104,243
2017-05-28,14356.558754161,2397848.5732998494,243
2017-05-29,14066.312411058228,2383782.260888791,243
2017-05-30,13784.602133966517,2369997.6587548247,243
2017-05-31,13511.40627188189,2356486.252482943,243
2017-06-01,13247.317493055481,2343238.9349898873,243
2017-06-02,12990.479175312445,2330248.455814575,243
2017-06-03,12742.027517258655,2317506.428297316,243
2017-06-04,12501.961104965303,2305004.467192351,243
2017-06-05,12268.908551908098,2292735.558640443,243
2017-06-06,12042.800075354055,2280692.7585650887,243
2017-06-07,11825.044787213206,2268867.7137778755,243
2017-06-08,11614.031348021701,2257253.682429854,243
2017-06-09,11410.501555036753,2245843.180874817,243
2017-06-10,11214.257959081326,2234628.9229157357,243
2017-06-11,11023.923192059156,2223604.9997236766,243
2017-06-12,10840.117784113158,2212764.8819395634,243
2017-06-13,10661.66662523849,2202103.215314325,243
2017-06-14,10488.083399184048,2191615.131915141,243
2017-06-15,10319.439052767586,2181295.6928623733,243
2017-06-16,10155.108229186852,2171140.5846331865,243
2017-06-17,9995.386331749149,2161145.1983014373,243
2017-06-18,9840.357323143631,2151304.8409782937,243
2017-06-19,9689.94941391144,2141614.8915643822,243
2017-06-20,9545.004780358635,2132069.8867840236,243
2017-06-21,9405.039218451828,2122664.847565572,243
2017-06-22,9268.346269109286,2113396.5012964625,243
2017-06-23,9135.457633704878,2104261.0436627576,243
2017-06-24,9005.424998019822,2095255.6186647378,243
2017-06-25,8878.441009185277,2086377.1776555525,243
2017-06-26,8754.71341941785,2077622.4642361347,243
2017-06-27,8633.64767528791,2068988.8165608468,243
2017-06-28,8514.908482804429,2060473.9080780423,243
2017-06-29,8398.619504274568,2052075.2885737678,243
2017-06-30,8285.093834046973,2043790.1947397208,243
2017-07-01,8175.67306635133,2035614.5216733695,243
2017-07-02,8068.699152534595,2027545.8225208349,243
2017-07-03,7963.436314112041,2019582.3862067228,243
2017-07-04,7860.075139267836,2011722.311067455,243
2017-07-05,7758.761936684605,2003963.5491307704,243
2017-07-06,7660.066011707531,1996303.4831190628,243
2017-07-07,7564.139807961183,1988739.3433111017,243
2017-07-08,7470.287114616018,1981269.0561964856,243
2017-07-09,7377.85969734611,1973891.1964991395,243
2017-07-10,7286.7623813850805,1966604.4341177545,243
2017-07-11,7197.458466976881,1959406.9756507776,243
2017-07-12,7109.996652673697,1952296.9789981039,243
2017-07-13,7024.162193347467,1945272.8168047564,243
2017-07-14,6940.04520129459,1938332.7716034618,243
2017-07-15,6857.750605629757,1931475.020997832,243
2017-07-16,6777.5320036467165,1924697.4889941853,243
2017-07-17,6698.824436974013,1917998.6645572113,243
2017-07-18,6621.7904250251595,1911376.8741321862,243
2017-07-19,6547.16286680405,1904829.7112653821,243
2017-07-20,6474.294691812247,1898355.4165735699,243
2017-07-21,6402.722726235399,1891952.6938473345,243
2017-07-22,6332.647584434599,1885620.0462628999,243
2017-07-23,6264.159126745071,1879355.8871361548,243
2017-07-24,6196.730001882184,1873159.1571342726,243
2017-07-25,6130.3167458998505,1867028.8403883728,243
2017-07-26,6065.054831834277,1860963.7855565385,243
2017-07-27,6000.972990743816,1854962.8125657947,243
2017-07-28,5938.33006340405,1849024.4825023906,243
2017-07-29,5876.85752163874,1843147.624980752,243
2017-07-30,5816.412938214373,1837331.2120425375,243
2017-07-31,5756.733974457486,1831574.47806808,243
2017-08-01,5697.835011998424,1825876.6430560816,243
2017-08-02,5639.7468504940625,1820236.8962055875,243
2017-08-03,5582.552926166216,1814654.3432794213,243
2017-08-04,5526.148509739898,1809128.1947696814,243
2017-08-05,5470.609781792387,1803657.584987889,243
2017-08-06,5415.985264938325,1798241.5997229507,243
2017-08-07,5362.032169968355,1792879.5675529824,243
2017-08-08,5308.776237144601,1787570.7913158378,243
2017-08-09,5256.358591593336,1782314.4327242444,243
2017-08-10,5204.673903355841,1777109.7588208886,243
2017-08-11,5153.604520461056,1771956.1543004275,243
2017-08-12,5103.173247033497,1766852.981053394,243
2017-08-13,5053.94403024693,1761799.037023147,243
2017-08-14,5005.8259598640725,1756793.211063283,243
2017-08-15,4959.120798761025,1751834.090264522,243
2017-08-16,4914.0146790947765,1746920.0755854272,243
2017-08-17,4869.818999655079,1742050.2565857721,243
2017-08-18,4826.07133993553,1737224.1852458366,243
2017-08-19,4782.902233144734,1732441.283012692,243
2017-08-20,4740.58585743513,1727700.6971552568,243
2017-08-21,4698.880698938854,1723001.816456318,243
2017-08-22,4657.557904844638,1718344.2585514733,243
2017-08-23,4616.620402709581,1713727.6381487637,243
2017-08-24,4576.381835795008,1709151.2563129687,243
2017-08-25,4536.9299333612435,1704614.3263796074,243
2017-08-26,4497.865736967418,1700116.46064264,243
2017-08-27,4459.28464405844,1695657.1759985816,243
2017-08-28,4421.136235699058,1691236.0397628825,243
2017-08-29,4383.384602839826,1686852.6551600427,243
2017-08-30,4346.210175731918,1682506.4449843108,243
2017-08-31,4309.525774171576,1678196.9192101392,243
2017-09-01,4273.257216570433,1673923.6619935688,243
2017-09-02,4237.465359427966,1669686.1966341408,243
2017-09-03,4202.047625157284,1665484.1490089835,243
2017-09-04,4167.121996491449,1661317.027012492,243
2017-09-05,4132.851169829024,1657184.175842663,243
2017-09-06,4098.93887172523,1653085.2369709378,243
2017-09-07,4065.3376828480978,1649019.8992880897,243
2017-09-08,4032.040333887795,1644987.858954202,243
2017-09-09,3999.056080674287,1640988.8028735276,243
2017-09-10,3966.4205777114257,1637022.3822958162,243
2017-09-11,3934.1828269916587,1633088.1994688245,243
2017-09-12,3902.2915941076353,1629185.907874717,243
2017-09-13,3870.843292455189,1625315.0645822617,243
2017-09-14,3839.710722220596,1621475.3538600411,243
2017-09-15,3808.837295786012,1617666.516564255,243
2017-09-16,3778.231854199199,1613888.284710056,243
2017-09-17,3747.918101078365,1610140.3666089776,243
2017-09-18,3717.9228094036225,1606422.443799574,243
2017-09-19,3688.202366315294,1602734.2414332586,243
2017-09-20,3658.7645077183843,1599075.4769255402,243
2017-09-21,3629.6183088552207,1595445.858616685,243
2017-09-22,3600.7713403338566,1591845.0872763512,243
2017-09-23,3572.365703525953,1588272.7215728252,243
2017-09-24,3544.341585018672,1584728.3799878065,243
2017-09-25,3516.6072215184104,1581211.7727662881,243
2017-09-26,3489.2577078233007,1577722.5150584648,243
2017-09-27,3462.2844450161792,1574260.2306134487,243
2017-09-28,3435.864609015174,1570824.3660044335,243
2017-09-29,3409.9845860691275,1567414.3814183644,243
2017-09-30,3384.5001361167524,1564029.8812822476,243
2017-10-01,3359.2773870786186,1560670.603895169,243
2017-10-02,3334.2874254579656,1557336.316469711,243
2017-10-03,3309.4867374829482,1554026.829732228,243
2017-10-04,3284.872690819204,1550741.9570414089,243
2017-10-05,3260.449988637818,1547481.507052771,243
2017-10-06,3236.2923608659767,1544245.214691905,243
2017-10-07,3212.5690900958143,1541032.6456018093,243
2017-10-08,3189.2146375130396,1537843.4309642962,243
2017-10-09,3166.097990445327,1534677.332973851,243
2017-10-10,3143.1894498313777,1531534.1435240195,243
2017-10-11,3120.430510612903,1528413.7130134066,243
2017-10-12,3097.8158549475484,1525315.897158459,243
2017-10-13,3075.41905637132,1522240.4781020877,243
2017-10-14,3053.276999025373,1519187.2011030624,243
2017-10-15,3031.297776728403,1516155.903326334,243
2017-10-16,3009.508513337001,1513146.394812997,243
2017-10-17,2987.9233556627296,1510158.4714573342,243
2017-10-18,2966.590576990042,1507191.8808803442,243
2017-10-19,2945.4546077363193,1504246.4262726079,243
2017-10-20,2924.4616642009933,1501321.9646084069,243
2017-10-21,2903.627424829174,1498418.3371835777,243
2017-10-22,2882.9816484516487,1495535.355535126,243
2017-10-23,2862.677046577679,1492672.6784885484,243
2017-10-24,2842.5664246079978,1489830.1120639404,243
2017-10-25,2822.615589065943,1487007.4964748744,243
2017-10-26,2802.8692029414233,1484204.627271933,243
2017-10-27,2783.290564995026,1481421.336706938,243
2017-10-28,2763.8624495214317,1478657.4742574166,243
2017-10-29,2744.588221218437,1475912.8860361981,243
2017-10-30,2725.5921564220916,1473187.293879776,243
2017-10-31,2706.9306752514094,1470480.3632045246,243
2017-11-01,2688.422291314695,1467791.94091321,243
2017-11-02,2670.0675049100537,1465121.8734082999,243
2017-11-03,2651.9259662325494,1462469.9474420673,243
2017-11-04,2633.904507302912,1459836.0429347644,243
2017-11-05,2616.0184585351963,1457220.0244762292,243
2017-11-06,2598.299197673332,1454621.7252785559,243
2017-11-07,2580.7312952743378,1452040.9939832815,243
2017-11-08,2563.349591373233,1449477.6443919083,243
2017-11-09,2546.169758219272,1446931.474633689,243
2017-11-10,2529.2708092746325,1444402.2038244144,243
2017-11-11,2512.519178031711,1441889.6846463827,243
2017-11-12,2495.8870232768822,1439393.7976231058,243
2017-11-13,2479.3729765710887,1436914.4246465347,243
2017-11-14,2463.099324211711,1434451.325322323,243
2017-11-15,2447.110090646427,1432004.2152316766,243
2017-11-16,2431.3546734594274,1429572.8605582172,243
2017-11-17,2415.801354029216,1427157.059204188,243
2017-11-18,2400.5555372314993,1424756.5036669564,243
2017-11-19,2385.3972866781987,1422371.1063802782,243
2017-11-20,2370.392963961698,1420000.7134163165,243
2017-11-21,2355.614895715378,1417645.0985206012,243
2017-11-22,2341.2212692811154,1415303.87725132,243
2017-11-23,2326.941849487368,1412976.9354018327,243
2017-11-24,2312.768611118896,1410664.1667907138,243
2017-11-25,2298.6903832845856,1408365.4764074292,243
2017-11-26,2284.694398149848,1406080.7820092794,243
2017-11-27,2270.781184632797,1403810.0008246466,243
2017-11-28,2256.9469851467293,1401553.0538394998,243
2017-11-29,2243.2152996619698,1399309.8385398379,243
2017-11-30,2229.7053798567504,1397080.133159981,243
2017-12-01,2216.354768544901,1394863.7783914362,243
2017-12-02,2203.134006850887,1392660.6443845853,243
2017-12-03,2189.984673431609,1390470.6597111537,243
2017-12-04,2177.111260193633,1388293.54845096,243
2017-12-05,2164.427539751632,1386129.1209112084,243
2017-12-06,2151.954031144036,1383977.1668800644,243
2017-12-07,2139.6272480443586,1381837.53963202,243
2017-12-08,2127.3726978437044,1379710.1669341763,243
2017-12-09,2115.1851171096787,1377594.9818170667,243
2017-12-10,2103.0561405830085,1375491.9256764837,243
2017-12-11,2091.0068454807624,1373400.918831003,243
2017-12-12,2079.1087740743533,1371321.8100569285,243
2017-12-13,2067.5499081716407,1369254.260148757,243
2017-12-14,2056.0783194454852,1367198.1818293114,243
2017-12-15,2044.6461880363058,1365153.535641275,243
2017-12-16,2033.2580273158383,1363120.2776139593,243
2017-12-17,2021.917884028051,1361098.3597299312,243
2017-12-18,2010.6288837785833,1359087.7308461526,243
2017-12-19,1999.4501400818117,1357088.2807060708,243
2017-12-20,1988.3783064633608,1355099.9023996075,243
2017-12-21,1977.3515524354298,1353122.550847172,243
2017-12-22,1966.3805690056179,1351156.1702781664,243
2017-12-23,1955.5727981226519,1349200.5974800438,243
2017-12-24,1944.8538150605746,1347255.7436649832,243
2017-12-25,1934.265299284365,1345321.4783656988,243
2017-12-26,1923.7648180266842,1343397.7135476721,243
2017-12-27,1913.338610420702,1341484.3749372514,243
2017-12-28,1902.9587143929675,1339581.4162228585,243
2017-12-29,1892.6278413867112,1337688.7883814718,243
2017-12-30,1882.3688178164884,1335806.4195636553,243
2017-12-31,1872.2013631784357,1333934.2182004768,243
2018-01-01,1862.1128503959626,1332072.1053500809,243
2018-01-02,1852.1239167070016,1330219.9814333739,243
2018-01-03,1842.2501090248115,1328377.731324349,243
2018-01-04,1832.4277596881147,1326545.303564661,243
2018-01-05,1822.6555952988565,1324722.647969362,243
2018-01-06,1812.934810607927,1322909.7131587542,243
2018-01-07,1803.2986939162947,1321106.4144648379,243
2018-01-08,1793.7765093361959,1319312.6379555017,243
2018-01-09,1784.3349540766794,1317528.303001425,243
2018-01-10,1774.964850366814,1315753.3381510582,243
2018-01-11,1765.6872250258457,1313987.6509260323,243
2018-01-12,1756.6095576998778,1312231.0413683325,243
2018-01-13,1747.5973443335388,1310483.444023999,243
2018-01-14,1738.6230650716461,1308744.8209589273,243
2018-01-15,1729.731586589478,1307015.0893723378,243
2018-01-16,1720.9099206177052,1305294.17945172,243
2018-01-17,1712.1650212253444,1303582.0144304947,243
2018-01-18,1703.5468616127037,1301878.467568882,243
2018-01-19,1694.9970802888274,1300183.4704885932,243
2018-01-20,1686.5336324928794,1298496.9368561003,243
2018-01-21,1678.1198593995068,1296818.8169967008,243
2018-01-22,1669.796459727222,1295149.0205369736,243
2018-01-23,1661.5462552141398,1293487.4742817595,243
2018-01-24,11413.060730277648,1450523.0314751398,236
2018-01-25,5497.031817636493,1457868.0223609088,241
2018-01-26,4674.470336772734,1453193.552024136,243
2018-01-27,4397.135311183985,1448796.416712952,243
2018-01-28,4184.745589708211,1444611.6711232439,243
2018-01-29,4013.123729383573,1440598.5473938603,243
2018-01-30,3874.65696742665,1436723.8904264336,243
2018-01-31,3763.8196487419773,1432960.0707776917,243
2018-02-01,3658.700034668669,1429301.370743023,243
2018-02-02,3561.246136684669,1425740.1246063383,243
2018-02-03,3475.3888304641005,1422264.7357758742,243
2018-02-04,3401.9953409295995,1418862.7404349446,243
2018-02-05,3334.960327902343,1415527.7801070423,243
2018-02-06,3273.4059161287732,1412254.3741909135,243
2018-02-07,3216.4350859844126,1409037.939104929,243
2018-02-08,3163.364209898282,1405874.5748950308,243
2018-02-09,3113.156167790061,1402761.4187272408,243
2018-02-10,3064.9568179135676,1399696.4619093272,243
2018-02-11,3018.5626575262286,1396677.899251801,243
2018-02-12,2973.9496325135697,1393703.9496192874,243
2018-02-13,2931.0681069381535,1390772.8815123492,243
2018-02-14,2889.8423591966275,1387883.0391531526,243
2018-02-15,2850.289945674129,1385032.7492074785,243
2018-02-16,2812.395072998246,1382220.3541344802,243
2018-02-17,2775.748269480886,1379444.6058649994,243
2018-02-18,2740.3141537404153,1376704.291711259,243
2018-02-19,2705.890681328019,1373998.401029931,243
2018-02-20,2672.5091211898252,1371325.891908741,243
2018-02-21,2640.071272227913,1368685.8206365132,243
2018-02-22,2608.5181069183163,1366077.3025295949,243
2018-02-23,2577.810337688308,1363499.4921919066,243
2018-02-24,2548.0373998582363,1360951.4547920483,243
2018-02-25,2519.166671230225,1358432.288120818,243
2018-02-26,2491.150868329918,1355941.1372524882,243
2018-02-27,2463.8267912918236,1353477.3104611963,243
2018-02-28,5946.345476297043,1408600.7187006818,240
2018-03-01,14191.648863230512,1549035.6261244374,236
2018-03-02,20175.437783274974,1692274.9842084055,236
2018-03-03,19476.593691074188,1773188.4669640283,238
2018-03-04,11836.377741289558,1761352.0892227388,242
2018-03-05,10583.788485450437,1750768.3007372883,242
2018-03-06,9965.183680547867,1740803.1170567404,243
2018-03-07,14233.859995973122,1779703.79345557,240
2018-03-08,10690.994719346054,1769012.798736224,242
2018-03-09,9988.432973189745,1759024.3657630342,243
2018-03-10,9541.651314990595,1749482.7144480436,243
2018-03-11,9184.818541530054,1740297.8959065136,243
2018-03-12,29409.89151946921,1918714.3929099059,235
2018-03-13,27480.712871053882,2004533.803037432,237
2018-03-14,33010.507058445495,2095936.2777684762,237
2018-03-15,65525.53897814662,2315328.6997405435,233
2018-03-16,31595.950045296275,2307444.4539215374,240
2018-03-17,27814.910131403507,2291745.4748314503,241
2018-03-18,24729.570980068762,2267015.9038513815,242
2018-03-19,23251.72512399126,2243764.1787273902,243
2018-03-20,150597.05522236542,2725148.8665983193,227
2018-03-21,169376.03321915516,3032407.912528489,229
2018-03-22,57748.91249861568,2974659.000029873,240
2018-03-23,57058.491079784944,2945685.032553276,240
2018-03-24,55817.08517357899,2924096.080747826,240
2018-03-25,47337.815511072986,2876758.265236753,242
2018-03-26,44196.226008329075,2832562.039228424,243
2018-03-27,41594.64738713298,2790967.391841291,243
2018-03-28,39287.403200708795,2751679.988640582,243
2018-03-29,37218.89456988033,2714461.094070702,243
2018-03-30,35344.97862430941,2679116.1154463924,243
2018-03-31,33617.019848525524,2645499.095597867,243
2018-04-01,32009.575985155534,2613489.5196127114,243
2018-04-02,30524.927398843225,2582964.592213868,243
2018-04-03,29148.838915638626,2553815.7532982295,243
2018-04-04,27876.89002988627,2525938.8632683433,243
2018-04-05,85517.04920645594,2768990.0237461384,232
2018-04-06,603334.5786893526,3823605.723881402,242
2018-04-07,96547.01516305935,3727058.7087183427,239
2018-04-08,85449.52990659792,3641609.178811745,240
2018-04-09,77843.41315231286,3563765.765659432,241
2018-04-10,71664.27893648949,3492101.4867229424,242
2018-04-11,66426.10707679903,3425675.3796461434,242
2018-04-12,61866.453433864284,3363808.926212279,243
2018-04-13,57867.78477414604,3305941.141438133,243
2018-04-14,54320.70790302893,3251620.433535104,243
2018-04-15,56083.95646357078,3219415.942653022,241
2018-04-16,55703.713660148685,3193844.469600509,241
2018-04-17,48079.85053810477,3145764.619062404,243
2018-04-18,45312.16251976602,3100452.456542638,243
2018-04-19,42910.474288777914,3057541.98225386,243
2018-04-20,40745.66783768032,3016796.31441618,243
2018-04-21,38761.910642077215,2978034.4037741027,243
2018-04-22,36936.464393754955,2941097.9393803477,243
2018-04-23,35264.31411680486,2905833.625263543,243
2018-04-24,33723.54638984427,2872110.0788736986,243
2018-04-25,32303.619913813658,2839806.458959885,243
2018-04-26,30986.240534410812,2808820.218425474,243
2018-04-27,29753.841987491585,2779066.3764379825,243
2018-04-28,28602.783861548174,2750463.5925764344,243
2018-04-29,27519.514878218528,2722944.077698216,243
2018-04-30,26501.908885066397,2696442.1688131494,243
2018-05-01,25548.71922501875,2670893.4495881307,243
2018-05-02,24662.082319081295,2646231.3672690494,243
2018-05-03,23832.74691946199,2622398.6203495874,243
2018-05-04,23044.95578436274,2599353.6645652247,243
2018-05-05,22298.731290418655,2577054.933274806,243
2018-05-06,21594.871549271047,2555460.061725535,243
2018-05-07,20924.714888914023,2534535.346836621,243
2018-05-08,20287.425544425845,2514247.921292195,243
2018-05-09,19687.119627578184,2494560.801664617,243
2018-05-10,19120.342019347474,2475440.4596452694,243
2018-05-11,18581.134450855665,2456859.325194414,243
2018-05-12,18065.709744690917,2438793.615449723,243
2018-05-13,17577.190827825107,2421216.4246218977,243
2018-05-14,17114.096346199512,2404102.3282756982,243
2018-05-15,16673.27010144107,2387429.058174257,243
2018-05-16,16251.084220374934,2371177.973953882,243
2018-05-17,15847.76266697701,2355330.211286905,243
2018-05-18,15462.147180396598,2339868.0641065086,243
2018-05-19,15096.096402069554,2324771.967704439,243
2018-05-20,14745.41225158656,2310026.5554528525,243
2018-05-21,14406.002736364491,2295620.552716488,243
2018-05-22,14079.689951492008,2281540.862764996,243
2018-05-23,13764.68072777288,2267776.182037223,243
2018-05-24,13459.263861062005,2254316.918176161,243
2018-05-25,13164.862884064205,2241152.055292097,243
2018-05-26,12882.008573590312,2228270.0467185066,243
2018-05-27,12611.060646066908,2215658.9860724397,243
2018-05-28,12348.947865610942,2203310.0382068288,243
2018-05-29,12096.874830668792,2191213.16337616,243
2018-05-30,11854.128664928954,2179359.034711231,243
2018-05-31,11619.065338656306,2167739.9693725747,243
2018-06-01,11391.391689128708,2156348.577683446,243
2018-06-02,11170.426473564468,2145178.1512098815,243
2018-06-03,10955.799291351344,2134222.35191853,243
2018-06-04,10747.385189434048,2123474.966729096,243
2018-06-05,10545.254466647282,2112929.712262449,243
2018-06-06,10349.972502597608,2102579.7397598512,243
2018-06-07,10160.938398214756,2092418.8013616365,243
2018-06-08,9977.870118067833,2082440.9312435687,243
2018-06-09,9802.175038285553,2072638.756205283,243
2018-06-10,9632.163935217774,2063006.5922700653,243
2018-06-11,9468.717849827139,2053537.8744202382,243
2018-06-12,9311.516718764324,2044226.3577014739,243
2018-06-13,9158.568440258037,2035067.7892612158,243
2018-06-14,9009.482983692782,2026058.306277523,243
2018-06-15,8866.444278195733,2017191.8619993273,243
2018-06-16,8727.337813341757,2008464.5241859856,243
2018-06-17,8591.755575286224,1999872.7686106993,243
2018-06-18,8460.40300514386,1991412.3656055555,243
2018-06-19,8333.198405269533,1983079.167200286,243
2018-06-20,8210.071512287483,1974869.0956879985,243
2018-06-21,8090.570823330665,1966778.5248646678,243
2018-06-22,7974.5350238082465,1958803.9898408595,243
2018-06-23,7860.974313304294,1950943.0155275553,243
2018-06-24,7749.441087057814,1943193.5744404974,243
2018-06-25,7640.208640850149,1935553.3657996473,243
2018-06-26,7533.287576091709,1928020.0782235556,243
2018-06-27,7429.14866528241,1920590.9295582732,243
2018-06-28,7327.649209294468,1913263.2803489787,243
2018-06-29,7228.444934638916,1906034.8354143398,243
2018-06-30,7131.489898908883,1898903.345515431,243
2018-07-01,7036.5071032946,1891866.8384121363,243
2018-07-02,6943.750152300112,1884923.0882598362,243
2018-07-03,6853.136743902927,1878069.9515159333,243
2018-07-04,6764.272757207742,1871305.6787587255,243
2018-07-05,6677.543305043131,1864628.1354536824,243
2018-07-06,6592.753069093917,1858035.3823845885,243
2018-07-07,6509.495311420411,1851525.887073168,243
2018-07-08,6427.543258182472,1845098.3438149856,243
2018-07-09,6346.893361637602,1838751.450453348,243
2018-07-10,6267.711778283818,1832483.7386750642,243
2018-07-11,6190.417049798183,1826293.321625266,243
2018-07-12,6114.58094537165,1820178.7406798943,243
2018-07-13,6040.815393560333,1814137.925286334,243
2018-07-14,5968.839897150174,1808169.0853891838,243
2018-07-15,5898.768069327576,1802270.3173198563,243
2018-07-16,5830.389034356223,1796439.9282855,243
2018-07-17,5763.496772121871,1790676.4315133782,243
2018-07-18,5698.366039997665,1784978.0654733805,243
2018-07-19,5634.884441403672,1779343.1810319768,243
2018-07-20,5572.811689774273,1773770.3693422026,243
2018-07-21,5511.867099298397,1768258.5022429042,243
2018-07-22,5452.055235096719,1762806.4470078074,243
2018-07-23,5393.271428128472,1757413.175579679,243
2018-07-24,5335.28222108027,1752077.8933585987,243
2018-07-25,5278.107401109999,1746799.7859574887,243
2018-07-26,5222.0037781223655,1741577.7821793663,243
2018-07-27,5167.465320709394,1736410.316858657,243
2018-07-28,5114.133820564253,1731296.1830380927,243
2018-07-29,5061.666468034033,1726234.5165700587,243
2018-07-30,5009.861666163895,1721224.6549038948,243
2018-07-31,4958.713437052211,1716265.9414668425,243
2018-08-01,4908.223308271961,1711357.7181585706,243
2018-08-02,4858.511803478934,1706499.2063550917,243
2018-08-03,4809.65990202711,1701689.5464530645,243
2018-08-04,4762.029420015868,1696927.5170330487,243
2018-08-05,4715.290065767709,1692212.226967281,243
2018-08-06,4669.123890740331,1687543.1030765406,243
2018-08-07,4623.486206061905,1682919.6168704787,243
2018-08-08,4578.446949860547,1678341.1699206182,243
2018-08-09,4534.057568947785,1673807.1123516704,243
2018-08-10,4490.185294510797,1669316.9270571596,243
2018-08-11,4446.897715595085,1664870.0293415645,243
2018-08-12,4404.9793264714535,1660465.050015093,243
2018-08-13,4364.180028947536,1656100.8699861455,243
2018-08-14,4324.256060491782,1651776.6139256537,243
2018-08-15,4284.859243976651,1647491.754681677,243
2018-08-16,4246.019589850446,1643245.7350918266,243
2018-08-17,4207.783449636539,1639037.95164219,243
2018-08-18,4169.953122549923,1634867.9985196402,243
2018-08-19,4132.512524037389,1630735.4859956028,243
2018-08-20,4095.5790304159746,1626639.9069651868,243
2018-08-21,4059.156299369177,1622580.7506658176,243
2018-08-22,4023.199761765776,1618557.5509040519,243
2018-08-23,3987.8173349362332,1614569.7335691156,243
2018-08-24,3953.1037276454736,1610616.6298414702,243
2018-08-25,3918.904090736527,1606697.7257507336,243
2018-08-26,3885.117534582503,1602812.6082161511,243
2018-08-27,3851.6680762916803,1598960.9401398594,243
2018-08-28,3818.5269752927125,1595142.4131645667,243
2018-08-29,3785.7224768146407,1591356.690687752,243
2018-08-30,3753.451142696431,1587603.2395450557,243
2018-08-31,3721.7457689810544,1583881.4937760746,243
2018-09-01,3690.7073991715442,1580190.786376903,243
2018-09-02,3660.0321869810577,1576530.754189922,243
2018-09-03,3629.6743193520233,1572901.07987057,243
2018-09-04,3599.614516544156,1569301.4653540258,243
2018-09-05,3569.8289739955217,1565731.6363800303,243
2018-09-06,3540.329927791143,1562191.3064522392,243
2018-09-07,3511.1142858194653,1558680.1921664197,243
2018-09-08,3482.1805696170777,1555198.0115968026,243
2018-09-09,3453.52451657271,1551744.48708023,243
2018-09-10,3425.149572249502,1548319.3375079804,243
2018-09-11,3397.0551607608795,1544922.2823472195,243
2018-09-12,3369.2729376906063,1541553.009409529,243
2018-09-13,3341.820244967239,1538211.1891645617,243
2018-09-14,3314.633933307603,1534896.555231254,243
2018-09-15,3287.689285523258,1531608.8659457308,243
2018-09-16,3260.9846215441357,1528347.8813241867,243
2018-09-17,3234.753288530512,1525113.1280356562,243
2018-09-18,3208.85468208557,1521904.2733535706,243
2018-09-19,3183.2276369442698,1518721.0457166263,243
2018-09-20,3157.9790322473273,1515563.066684379,243
2018-09-21,3133.0030165379867,1512430.063667841,243
2018-09-22,3108.3983058242593,1509321.6653620168,243
2018-09-23,3084.1023440251593,1506237.5630179916,243
2018-09-24,3060.08029223606,1503177.4827257555,243
2018-09-25,3036.3970303721726,1500141.0856953834,243
2018-09-26,3012.992185108131,1497128.0935102752,243
2018-09-27,2989.945927647641,1494138.1475826276,243
2018-09-28,2967.183515825076,1491170.9640668025,243
2018-09-29,2944.625779378228,1488226.3382874243,243
2018-09-30,2922.267397108022,1485304.0708903163,243
2018-10-01,2900.1827143421397,1482403.8881759741,243
2018-10-02,2878.423724981025,1479525.464450993,243
2018-10-03,2856.9432339544874,1476668.5212170386,243
2018-10-04,2835.674465336604,1473832.846751702,243
2018-10-05,2814.625413966365,1471018.2213377357,243
2018-10-06,2793.8452968967613,1468224.376040839,243
2018-10-07,2773.612802516436,1465450.7632383225,243
2018-10-08,2753.8470083801076,1462696.9162299423,243
2018-10-09,2734.281713918317,1459962.634516024,243
2018-10-10,2714.8486882245634,1457247.7858277995,243
2018-10-11,2695.584517583484,1454552.201310216,243
2018-10-12,2676.4954372989014,1451875.705872917,243
2018-10-13,2657.5452026450075,1449218.160670272,243
2018-10-14,2638.738117734203,1446579.4225525379,243
2018-10-15,2620.0873712881003,1443959.3351812498,243
2018-10-16,2601.617222391069,1441357.7179588587,243
2018-10-17,2583.299251283519,1438774.4187075752,243
2018-10-18,2565.1303302231245,1436209.288377352,243
2018-10-19,2547.109779735096,1433662.178597617,243
2018-10-20,2529.2368663465604,1431132.9417312704,243
2018-10-21,2511.5096596633084,1428621.432071607,243
2018-10-22,2493.916703114519,1426127.5153684926,243
2018-10-23,2476.465631907573,1423651.049736585,243
2018-10-24,2459.160235445015,1421191.88950114,243
2018-10-25,2442.043212312972,1418749.846288827,243
2018-10-26,2425.1803618706763,1416324.6659269563,243
2018-10-27,2408.5531057438347,1413916.1128212125,243
2018-10-28,2392.096538813086,1411524.0162823994,243
2018-10-29,2375.916038498748,1409148.1002439007,243
2018-10-30,2359.975217375206,1406788.1250265255,243
2018-10-31,2344.169460881967,1404443.9555656435,243
2018-11-01,2328.617166867014,1402115.3383987765,243
2018-11-02,2313.3293879758567,1399802.0090108006,243
2018-11-03,2298.181548052933,1397503.8274627477,243
2018-11-04,2283.256808224134,1395220.5706545236,243
2018-11-05,2268.6364118880592,1392951.9342426355,243
2018-11-06,2254.2366483514197,1390697.697594284,243
2018-11-07,2239.9628435387276,1388457.7347507454,243
2018-11-08,2225.824525905773,1386231.9102248396,243
2018-11-09,2211.779271067353,1384020.1309537722,243
2018-11-10,2197.851568310056,1381822.2793854622,243
2018-11-11,2183.9955986239947,1379638.2837868382,243
2018-11-12,2170.2105745470617,1377468.073212291,243
2018-11-13,2156.619491329184,1375311.453720962,243
2018-11-14,2143.441745611606,1373168.0119753503,243
2018-11-15,2130.347589887446,1371037.6643854629,243
2018-11-16,2117.440976783866,1368920.223408679,243
2018-11-17,2104.6656524098944,1366815.5577562691,243
2018-11-18,2091.954839992104,1364723.602916277,243
2018-11-19,2079.312307756394,1362644.2906085206,243
2018-11-20,2066.7428629877977,1360577.5477455328,243
2018-11-21,2054.3744267788716,1358523.173318754,243
2018-11-22,2042.22497395752,1356480.9483447964,243
2018-11-23,2030.1531318295747,1354450.7952129669,243
2018-11-24,2018.1716274465434,1352432.6235855203,243
2018-11-25,2006.3160837425385,1350426.3075017778,243
2018-11-26,1994.5261529400013,1348431.7813488378,243
2018-11-27,1982.7940938572865,1346448.9872549805,243
2018-11-28,1971.1329779096413,1344477.8542770708,243
2018-11-29,1959.5446233649272,1342518.309653706,243
2018-11-30,1948.1277126404457,1340570.1819410655,243
2018-12-01,1936.9116567589808,1338633.2702843065,243
2018-12-02,1925.789133649785,1336707.4811506567,243
2018-12-03,1914.7461303069722,1334792.7350203497,243
2018-12-04,1903.8611566654872,1332888.8738636842,243
2018-12-05,1893.233986462932,1330995.6398772213,243
2018-12-06,1882.7731400015764,1329112.8667372197,243
2018-12-07,1872.4967297508847,1327240.3700074689,243
2018-12-08,1862.4016443490982,1325377.9683631198,243
2018-12-09,1852.3695348836482,1323525.598828236,243
2018-12-10,1842.4026769888587,1321683.1961512472,243
2018-12-11,1832.482108041644,1319850.7140432056,243
2018-12-12,1822.6335133891553,1318028.0805298164,243
2018-12-13,1812.9216156341136,1316215.1589141823,243
2018-12-14,1803.2769327315036,1314411.8819814508,243
2018-12-15,1793.6796804063488,1312618.2023010445,243
2018-12-16,1784.13188561704,1310834.0704154274,243
2018-12-17,1774.6878972095437,1309059.382518218,243
2018-12-18,1765.319619430462,1307294.0628987874,243
2018-12-19,1756.00254051527,1305538.0603582722,243
2018-12-20,1746.73834979604,1303791.3220084761,243
2018-12-21,1737.555533069186,1302053.766475407,243
2018-12-22,1728.4578174366616,1300325.3086579703,243
2018-12-23,1719.4072074699216,1298605.9014505004,243
2018-12-24,1710.4362270969432,1296895.4652234034,243
2018-12-25,1701.662689087214,1295193.8025343162,243
2018-12-26,1692.9875497594476,1293500.8149845568,243
2018-12-27,1684.3709266455844,1291816.4440579112,243
2018-12-28,1675.8946380959824,1290140.5494198152,243
2018-12-29,1667.4873332288116,1288473.0620865864,243
2018-12-30,1659.1224341089837,1286813.9396524774,243
2018-12-31,1650.7993247665,1285163.140327711,243
2019-01-01,1642.524233041564,1283520.6160946693,243
2019-01-02,1634.4001610088162,1281886.2159336605,243
2019-01-03,1626.350758610526,1280259.86517505,243
2019-01-04,1618.3311651402619,1278641.5340099097,243
2019-01-05,1610.3427385701798,1277031.1912713395,243
2019-01-06,49061.04088212084,1824833.2921426771,227
2019-01-07,15513.960759103144,1810020.8528623334,241
2019-01-08,66203.04660410015,2147561.53560381,231
2019-01-09,26525.560324275866,2152798.0107201952,239
2019-01-10,20607.568850092124,2132190.441870103,242
2019-01-11,44230.637755225616,2266610.7641191594,235
2019-01-12,24036.941671017557,2242573.822448142,242
2019-01-13,22078.94732526038,2220494.8751228815,242
2019-01-14,25119.78950037768,2228408.3873173036,241
2019-01-15,78530.40977961873,2483050.4554787576,232
2019-01-16,225576.003403201,3029814.839859581,231
2019-01-17,73512.79151266094,3027810.2589621698,237
2019-01-18,62559.071876135604,3002417.652169328,239
2019-01-19,109624.39661220877,3121715.3180146394,234
2019-01-20,88525.46665577381,3148172.1893480346,237
2019-01-21,59662.189638769254,3088509.9997092653,242
2019-01-22,54456.814154431224,3034053.185554834,242
2019-01-23,50603.39131466858,2983449.7942401655,243
2019-01-24,47392.02682422381,2936057.7674159417,243
2019-01-25,44566.17544974759,2891491.591966194,243
2019-01-26,42034.80187186599,2849456.790094328,243
2019-01-27,39771.38633974688,2809685.403754581,243
2019-01-28,37722.47909710789,2771962.9246574733,243
2019-01-29,35854.013929049484,2736108.910728424,243
2019-01-30,39749.00508039698,2730533.541511455,241
2019-01-31,33999.8295171014,2696533.7119943537,243
2019-02-01,191525.56464514416,3164455.8685615147,227
2019-02-02,83420.8296623397,3176883.492520285,237
2019-02-03,212941.63437935594,3450356.180669132,229
2019-02-04,113056.14804972071,3469027.1683798265,236
2019-02-05,70926.85531762568,3398100.313062201,241
2019-02-06,64148.97311944468,3333951.339942756,242
2019-02-07,59203.745433635544,3274747.5945091206,242
2019-02-08,109599.4838795368,3369934.31892269,235
2019-02-09,106096.05606340419,3414192.462243301,236
2019-02-10,64063.499044130556,3350128.9631991703,242
2019-02-11,63336.06177198673,3307297.185534683,241
2019-02-12,519147.73865323723,3975062.653290569,238
2019-02-13,708277.1101003212,4455165.444830959,241
2019-02-14,326355.3224691671,4491822.18542047,232
2019-02-15,204326.25155555765,4433483.739500374,235
2019-02-16,144805.68630114725,4330227.110220895,238
2019-02-17,116732.93955272809,4213494.170668167,241
2019-02-18,104862.58884931915,4108631.581818848,242
2019-02-19,95429.77109553013,4013201.810723318,242
2019-02-20,87528.3657304314,3925673.4449928864,243
2019-02-21,80788.98443853622,3844884.46055435,243
2019-02-22,74962.55842153635,3769921.902132814,243
2019-02-23,69881.01121388283,3700040.890918931,243
2019-02-24,65434.869160710834,3634606.02175822,243
2019-02-25,1032859.373772522,4570151.904907383,242
2019-02-26,1663189.756534791,5030525.411758844,242
2019-02-27,210438.5522449029,4863402.219747125,237
2019-02-28,163922.06407469604,4699480.155672429,238
2019-03-01,305705.6542001022,4713204.853572933,232
2019-03-02,178160.5763628488,4606196.099688219,237
2019-03-03,143033.87133384607,4486507.759056374,240
2019-03-04,122550.82131347976,4367536.198846255,241
2019-03-05,426476.38227241114,4565178.8162744185,228
2019-03-06,165208.43739461922,4475320.327077385,238
2019-03-07,121664.54912455752,4353655.7779528275,241
2019-03-08,196033.68389606333,4360258.164320235,235
2019-03-09,243791.3288476977,4392919.215301633,233
2019-03-10,123158.2784917856,4291901.530628672,240
2019-03-11,104272.20700985007,4187629.323618822,242
2019-03-12,94665.7704660506,4092963.553152771,242
2019-03-13,86895.3928026366,4006068.1603501346,243
2019-03-14,80365.93768334994,3925702.2226667847,243
2019-03-15,74734.83310476644,3850967.389562018,243
2019-03-16,69842.74963551853,3781124.6399264997,243
2019-03-17,65534.00910943886,3715590.630817061,243
2019-03-18,61655.1397325811,3653935.4910844797,243
2019-03-19,58149.86864755396,3595785.622436926,243
2019-03-20,75376.51015575226,3602299.5854012812,239
2019-03-21,62517.48750685903,3566488.4878354766,241
2019-03-22,359428.28512617445,4022030.939226236,231
2019-03-23,88185.13292194251,3933845.8063042937,240
2019-03-24,78722.46235070005,3855123.3439535936,242
2019-03-25,172667.72744672955,3954949.2116280077,233
2019-03-26,166907.59174083747,3998219.205050018,234
2019-03-27,122247.33743591279,3975648.502809066,237
2019-03-28,256450.00020737702,4106497.5642085327,231
2019-03-29,94131.43715933012,4012366.1270492026,241
2019-03-30,84212.26951066637,3928153.857538536,242
2019-03-31,77188.11608610908,3850965.741452427,242
2019-04-01,71526.47402998945,3779439.2674224377,243
2019-04-02,66705.6604879396,3712733.606934498,243
2019-04-03,62505.33251809189,3650228.274416406,243
2019-04-04,99430.04006899081,3696136.3537473353,237
2019-04-05,98608.24937965862,3715440.846239582,237
2019-04-06,100711.45470642103,3728336.751641014,237
2019-04-07,65791.80529591208,3662544.946345102,242
2019-04-08,73247.98158650823,3634976.1684393967,240
2019-04-09,59434.754486345686,3575541.413953051,242
2019-04-10,55602.10731695872,3519939.3066360923,243
2019-04-11,52416.52473507216,3467522.78190102,243
2019-04-12,49601.29391827481,3417921.4879827453,243
2019-04-13,47076.57222086843,3370844.915761877,243
2019-04-14,44788.76310601272,3326056.152655864,243
2019-04-15,42705.549600385595,3283350.6030554785,243
2019-04-16,40801.33204487618,3242549.2710106024,243
2019-04-17,39061.55706438422,3203487.713946218,243
2019-04-18,37449.055376450066,3166038.658569768,243
2019-04-19,35946.09958168678,3130092.5589880813,243
2019-04-20,34536.038648378104,3095556.520339703,243
2019-04-21,33202.28584575094,3062354.2344939522,243
2019-04-22,31953.94491766859,3030400.2895762837,243
2019-04-23,30793.349906787276,2999606.9396694964,243
2019-04-24,29709.118705531117,2969897.8209639653,243
2019-04-25,28686.69808349153,2941211.1228804737,243
2019-04-26,27728.901175078005,2913482.2217053957,243
2019-04-27,26826.629685627297,2886655.5920197684,243
2019-04-28,25970.458058465272,2860685.133961303,243
2019-04-29,25153.555956088938,2835531.578005214,243
2019-04-30,24377.94196967315,2811153.636035541,243
2019-05-01,23645.487733619753,2787508.1483019213,243
2019-05-02,22958.305390803143,2764549.842911118,243
2019-05-03,22307.532691839617,2742242.3102192786,243
2019-05-04,21689.12263049651,2720553.187588782,243
2019-05-05,21097.484701410867,2699455.702887371,243
2019-05-06,20534.439577830024,2678921.263309541,243
2019-05-07,19998.441218139604,2658922.8220914016,243
2019-05-08,19486.149133649655,2639436.672957752,243
2019-05-09,18998.253606252838,2620438.419351499,243
2019-05-10,18533.763670143206,2601904.655681356,243
2019-05-11,18096.67939698603,2583807.97628437,243
2019-05-12,17679.626376864035,2566128.349907506,243
2019-05-13,17277.07763322955,2548851.2722742762,243
2019-05-14,16890.600498706568,2531960.6717755697,243
2019-05-15,16519.397432904225,2515441.2743426654,243
2019-05-16,16160.012299189344,2499281.262043476,243
2019-05-17,15812.876830997877,2483468.385212478,243
2019-05-18,111082.17693239392,2939229.264731466,228
2019-05-19,50850.03522978192,2964903.0298708016,238
2019-05-20,51060.04952709016,2993142.1826851713,238
2019-05-21,35475.65665895911,2957666.526026212,242
2019-05-22,33032.093156934716,2924634.4328692774,242
2019-05-23,31314.44321307121,2893319.989656206,243
2019-05-24,29894.497393976897,2863425.4922622293,243
2019-05-25,28673.529165867716,2834751.9630963616,243
2019-05-26,27579.45693472121,2807172.5061616404,243
2019-05-27,26547.840065031312,2780624.666096609,243
2019-05-28,25576.3288833471,2755048.337213262,243
2019-05-29,24674.957470383495,2730373.3797428785,243
2019-05-30,23832.745764514897,2706540.6339783636,243
2019-05-31,23046.164811264258,2683494.4691670993,243
2019-06-01,22306.471780228894,2661187.9973868704,243
2019-06-02,21613.294111856725,2639574.7032750137,243
2019-06-03,20960.01576964557,2618614.687505368,243
2019-06-04,20343.00745488191,2598271.6800504862,243
2019-06-05,19763.753220829647,2578507.9268296566,243
2019-06-06,19218.388307267334,2559289.5385223893,243
2019-06-07,18697.864418436307,2540591.674103953,243
2019-06-08,18201.178261035122,2522390.495842918,243
2019-06-09,17730.99277261924,2504659.5030702986,243
2019-06-10,17280.329451061785,2487379.173619237,243
2019-06-11,16848.334353602026,2470530.839265635,243
2019-06-12,16434.976528019644,2454095.862737615,243
2019-06-13,16041.576221341267,2438054.286516274,243
2019-06-14,15666.191342657898,2422388.095173616,243
2019-06-15,15305.121455073357,2407082.9737185426,243
2019-06-16,14957.805900366511,2392125.167818176,243
2019-06-17,14626.186485273764,2377498.9813329023,243
2019-06-18,14307.337860745843,2363191.6434721565,243
2019-06-19,14001.574891484343,2349190.068580672,243
2019-06-20,13707.392849137075,2335482.675731535,243
2019-06-21,13423.833335287403,2322058.8423962477,243
2019-06-22,13151.907743250486,2308906.934652997,243
2019-06-23,12889.240313061513,2296017.6943399357,243
2019-06-24,12635.33134280704,2283382.3629971286,243
2019-06-25,12389.11427719146,2270993.248719937,243
2019-06-26,12152.346772380173,2258840.901947557,243
2019-06-27,11922.80794342421,2246918.094004133,243
2019-06-28,11699.69956757361,2235218.394436559,243
2019-06-29,11484.760662219487,2223733.6337743397,243
2019-06-30,11276.413369718939,2212457.2204046207,243
2019-07-01,11073.384755089413,2201383.8356495313,243
2019-07-02,10876.096006494947,2190507.7396430364,243
2019-07-03,10685.715798467398,2179822.023844569,243
2019-07-04,10502.098381387535,2169319.9254631815,243
2019-07-05,10324.111885666382,2158995.813577515,243
2019-07-06,10151.756068816409,2148844.0575086987,243
2019-07-07,9983.77911363123,2138860.2783950674,243
2019-07-08,9820.12917500129,2129040.149220066,243
2019-07-09,9660.473340085242,2119379.675879981,243
2019-07-10,9505.606712849345,2109874.0691671316,243
2019-07-11,9356.695823837072,2100517.3733432945,243
2019-07-12,9213.273549217265,2091304.0997940772,243
2019-07-13,9074.926380581921,2082229.1734134953,243
2019-07-14,8939.990930807311,2073289.182482688,243
2019-07-15,8808.74759722664,2064480.4348854613,243
2019-07-16,8680.453036694787,2055799.9818487666,243
2019-07-17,8555.396558741806,2047244.5852900248,243
2019-07-18,8434.098955738591,2038810.4863342862,243
2019-07-19,8316.763040649472,2030493.7232936367,243
2019-07-20,8202.041117743589,2022291.682175893,243
2019-07-21,8090.262618947541,2014201.4195569456,243
2019-07-22,7981.238267346285,2006220.1812895993,243
2019-07-23,7874.47684618202,1998345.7044434173,243
2019-07-24,7769.771423379192,1990575.933020038,243
2019-07-25,7667.0783970290795,1982908.854623009,243
2019-07-26,7566.68680213904,1975342.16782087,243
2019-07-27,7468.1969194673,1967873.9709014026,243
2019-07-28,7371.814438255271,1960502.1564631474,243
2019-07-29,7277.415052474244,1953224.7414106731,243
2019-07-30,7184.914371923078,1946039.82703875,243
2019-07-31,7094.53706123936,1938945.2899775107,243
2019-08-01,7006.894413590198,1931938.3955639205,243
2019-08-02,6921.359281343175,1925017.0362825773,243
2019-08-03,6837.334813977359,1918179.7014686,243
2019-08-04,6754.60687576863,1911425.0945928313,243
2019-08-05,6673.170551278861,1904751.9240415525,243
2019-08-06,6593.471854284871,1898158.4521872676,243
2019-08-07,6516.2016349225305,1891642.250552345,243
2019-08-08,6441.1813554363325,1885201.0691969087,243
2019-08-09,6367.461443121079,1878833.6077537877,243
2019-08-10,6295.246916265925,1872538.3608375217,243
2019-08-11,6224.536341861356,1866313.8244956604,243
2019-08-12,6155.086225133622,1860158.7382705268,243
2019-08-13,6087.394812121056,1854071.3434584057,243
2019-08-14,6020.97025731625,1848050.3732010894,243
2019-08-15,5955.537820837926,1842094.8353802515,243
2019-08-16,5891.274643360637,1836203.5607368909,243
2019-08-17,5827.951666755136,1830375.6090701357,243
2019-08-18,5765.523901966168,1824610.0851681696,243
2019-08-19,5704.055707952706,1818906.0294602169,243
2019-08-20,5643.606479977956,1813262.422980239,243
2019-08-21,5584.349729866954,1807678.073250372,243
2019-08-22,5526.217625662917,1802151.855624709,243
2019-08-23,5469.173330884427,1796682.6822938246,243
2019-08-24,5412.880060895113,1791269.8022329295,243
2019-08-25,5357.337651244365,1785912.4645816851,243
2019-08-26,5302.718544923002,1780609.7460367621,243
2019-08-27,5249.047258644598,1775360.6987781175,243
2019-08-28,5196.254151279572,1770164.444626838,243
2019-08-29,5144.279511240311,1765020.1651155977,243
2019-08-30,5093.273607417941,1759926.8915081797,243
2019-08-31,5043.582587450044,1754883.3089207297,243
2019-09-01,4995.506889232434,1749887.8020314972,243
2019-09-02,4948.760719547281,1744939.04131195,243
2019-09-03,4902.866017551627,1740036.1752943983,243
2019-09-04,4857.736862175167,1735178.4384322232,243
2019-09-05,4813.529252405278,1730364.909179818,243
2019-09-06,4769.96896326961,1725594.9402165483,243
2019-09-07,4726.870586937992,1720868.0696296103,243
2019-09-08,4684.347831237363,1716183.721798373,243
2019-09-09,4642.512694275007,1711541.209104098,243
2019-09-10,4601.263849311043,1706939.9452547869,243
2019-09-11,4560.4181530876085,1702379.5271016993,243
2019-09-12,4520.046311800834,1697859.4807898984,243
2019-09-13,4480.386216140585,1693379.0945737578,243
2019-09-14,4441.3621126895305,1688937.7324610683,243
2019-09-15,4402.773710700218,1684534.958750368,243
2019-09-16,4364.697351491079,1680170.261398877,243
2019-09-17,4327.156299012946,1675843.105099864,243
2019-09-18,4290.052077577915,1671553.0530222862,243
2019-09-19,4253.3723289372865,1667299.6806933489,243
2019-09-20,4217.0794562774245,1663082.6012370714,243
2019-09-21,4181.185982011259,1658901.4152550602,243
2019-09-22,4145.650593383471,1654755.7646616767,243
2019-09-23,4110.569246246479,1650645.1954154302,243
2019-09-24,4075.912693239283,1646569.282722191,243
2019-09-25,4041.695749808103,1642527.5869723829,243
2019-09-26,4007.9958495413885,1638519.5911228415,243
2019-09-27,3974.751951383194,1634544.8391714583,243
2019-09-28,3941.8513245710637,1630602.9878468872,243
2019-09-29,3909.2829320512246,1626693.704914836,243
2019-09-30,3877.00632063346,1622816.6985942025,243
2019-10-01,3845.0973543508444,1618971.6012398517,243
2019-10-02,3813.5696068196557,1615158.031633032,243
2019-10-03,3782.610961476341,1611375.4206715557,243
2019-10-04,3751.982715935912,1607623.4379556198,243
2019-10-05,3721.6526779900305,1603901.7852776297,243
2019-10-06,3691.6212920211256,1600210.1639856086,243
2019-10-07,3661.9146011327393,1596548.2493844759,243
2019-10-08,3632.516670551384,1592915.7327139245,243
2019-10-09,3603.4973553142045,1589312.2353586103,243
2019-10-10,3574.8792456965894,1585737.3561129137,243
2019-10-11,3546.7542956122197,1582190.6018173015,243
2019-10-12,3518.9074168913066,1578671.6944004102,243
2019-10-13,3491.4798419862054,1575180.214558424,243
2019-10-14,3464.72824258497,1571715.486315839,243
2019-10-15,3438.317958759377,1568277.1683570796,243
2019-10-16,3412.201234492706,1564864.967122587,243
2019-10-17,3386.3303328878246,1561478.636789699,243
2019-10-18,3360.75982769439,1558117.8769620047,243
2019-10-19,3335.402661469998,1554782.4743005347,243
2019-10-20,3310.2508960699197,1551472.2234044648,243
2019-10-21,3285.2872189208865,1548186.936185544,243
2019-10-22,3260.5296671034303,1544926.4065184405,243
2019-10-23,3235.9817227923777,1541690.424795648,243
2019-10-24,3211.6508829589,1538478.7739126892,243
2019-10-25,3187.6295290049165,1535291.1443836843,243
2019-10-26,3163.917564249132,1532127.2268194351,243
2019-10-27,3140.454699227819,1528986.7721202073,243
2019-10-28,3117.3234085440636,1525869.4487116633,243
2019-10-29,3094.468071350595,1522774.9806403127,243
2019-10-30,3071.8741201122757,1519703.1065202004,243
2019-10-31,3049.5654768396635,1516653.5410433607,243
2019-11-01,3027.4233327463735,1513626.1177106143,243
2019-11-02,3005.4260045725387,1510620.6917060418,243
2019-11-03,2983.6025566221215,1507637.0891494197,243
2019-11-04,2962.0736744327005,1504675.015474987,243
2019-11-05,2940.7306414556224,1501734.2848335314,243
2019-11-06,2919.6121288873255,1498814.672704644,243
2019-11-07,2898.838102777023,1495915.834601867,243
2019-11-08,2878.231246732641,1493037.6033551344,243
2019-11-09,2857.745573271066,1490179.8577818633,243
2019-11-10,2837.426911046263,1487342.430870817,243
2019-11-11,2817.3031866177917,1484525.1276841993,243
2019-11-12,2797.3937572971918,1481727.733926902,243
2019-11-13,2777.7114020402078,1478950.0225248619,243
2019-11-14,2758.201975173317,1476191.8205496885,243
2019-11-15,2738.847673161188,1473452.9728765273,243
2019-11-16,2719.651601180667,1470733.3212753467,243
2019-11-17,2700.614441995742,1468032.706833351,243
2019-11-18,2681.734025648795,1465350.9728077021,243
2019-11-19,2663.0112943286076,1462687.9615133735,243
2019-11-20,2644.5137216886505,1460043.447791685,243
2019-11-21,2626.2015659052413,1457417.2462257796,243
2019-11-22,2608.0512275444344,1454809.1949982352,243
2019-11-23,2590.231042187428,1452218.9639560478,243
2019-11-24,2572.721960579045,1449646.2419954687,243
2019-11-25,2555.372632493265,1447090.8693629755,243
2019-11-26,2538.206340114353,1444552.6630228611,243
2019-11-27,2521.2335510875564,1442031.4294717736,243
2019-11-28,2504.4199664811604,1439527.0095052924,243
2019-11-29,2487.7459323112853,1437039.263572981,243
2019-11-30,2471.239743615035,1434568.023829366,243
2019-12-01,2454.9872408369556,1432113.0365885291,243
2019-12-02,2439.049269432202,1429673.987319097,243
2019-12-03,2423.3843004796654,1427250.6030186173,243
2019-12-04,2408.0263699847274,1424842.5766486325,243
2019-12-05,2392.809404210653,1422449.7672444219,243
2019-12-06,2377.7076056119986,1420072.0596388099,243
2019-12-07,2362.8047985914163,1417709.2548402185,243
2019-12-08,2348.0055770841427,1415361.2492631343,243
2019-12-09,2333.322606816655,1413027.9266563177,243
2019-12-10,2318.729298387887,1410709.1973579298,243
2019-12-11,2304.2675640229136,1408404.9297939069,243
2019-12-12,2290.0066996803507,1406114.9230942265,243
2019-12-13,2275.8560687699355,1403839.0670254566,243
2019-12-14,2261.898371015908,1401577.1686544407,243
2019-12-15,2248.211186448345,1399328.9574679923,243
2019-12-16,2234.654149004724,1397094.3033189876,243
2019-12-17,2221.168776792474,1394873.1345421951,243
2019-12-18,2207.8319822526537,1392665.3025599425,243
2019-12-19,2194.738449023105,1390470.5641109194,243
2019-12-20,2181.8058673641644,1388288.7582435552,243
2019-12-21,2168.9581019149628,1386119.8001416402,243
2019-12-22,2156.1873989023734,1383963.6127427379,243
2019-12-23,2143.496516332729,1381820.1162264051,243
2019-12-24,2130.881600894034,1379689.234625511,243
2019-12-25,2118.3468868325,1377570.8877386786,243
2019-12-26,2106.025122664403,1375464.8626160142,243
2019-12-27,2093.9523947043344,1373370.9102213099,243
2019-12-28,2082.134945799131,1371288.7752755107,243
2019-12-29,2070.385446706321,1369218.3898288044,243
2019-12-30,2058.7015045818407,1367159.6883242226,243
2019-12-31,2047.2098756160121,1365112.4784486066,243
2020-01-01,2035.8060401310213,1363076.6724084755,243
2020-01-02,2024.4825900816359,1361052.189818394,243
2020-01-03,2013.27146692737,1359038.9183514665,243
2020-01-04,2002.0980086645577,1357036.820342802,243
2020-01-05,1990.966030685231,1355045.8543121167,243
2020-01-06,1979.9125749380328,1353065.9417371787,243
2020-01-07,1968.9416815396398,1351097.000055639,243
2020-01-08,1958.0159109209199,1349138.9841447182,243
2020-01-09,1947.1574128575157,1347191.8267318606,243
2020-01-10,1936.4734290600754,1345255.3533028006,243
2020-01-11,1925.866989558097,1343329.4863132425,243
2020-01-12,1915.3180241482332,1341414.1682890942,243
2020-01-13,5440.255384881391,1400219.0315832556,240
2020-01-14,3149.3978821076453,1397069.633701148,243
2020-01-15,20694.091197172733,1632697.1920382734,234
2020-01-16,23194.111925331497,1775522.4258135904,236
2020-01-17,11795.747544937534,1763726.6782686529,242
2020-01-18,10285.344195018522,1753441.3340736344,242
2020-01-19,9458.137090126052,1743983.1969835083,243
2020-01-20,21997.211793998053,1861964.1065381975,237
2020-01-21,45834.7300896041,2097160.171861148,233
2020-01-22,19823.70565361972,2077336.4662075283,242
2020-01-23,17445.1480715503,2059891.318135978,242
2020-01-24,16203.694697583793,2043687.6234383942,243
2020-01-25,38384.19159272101,2189234.9485743567,236
2020-01-26,21006.40417168569,2168228.544402671,242
2020-01-27,24688.718957266312,2186631.746640867,240
2020-01-28,25498.263307448986,2204086.9420494814,240
2020-01-29,20552.27618194977,2183534.6658675317,242
2020-01-30,19438.11936003901,2164096.5465074927,243
2020-01-31,18569.999282760546,2145526.547224732,243
2020-02-01,17808.000093222596,2127718.5471315095,243
2020-02-02,17132.34760472458,2110586.199526785,243
2020-02-03,16508.410579353105,2094077.7889474318,243
2020-02-04,15937.989425699227,2078139.7995217326,243
2020-02-05,15406.3004936371,2062733.4990280955,243
2020-02-06,14905.819081596332,2047827.6799464992,243
2020-02-07,14438.074017104926,2033389.6059293943,243
2020-02-08,14002.333989773644,2019387.2719396206,243
2020-02-09,13591.111496213125,2005796.1604434075,243
2020-02-10,13200.86137553025,1992595.2990678772,243
2020-02-11,12830.557407820132,1979764.741660057,243
2020-02-12,12481.48745452147,1967283.2542055356,243
2020-02-13,12147.038184142672,1955136.216021393,243
2020-02-14,11825.119919059565,1943311.0961023334,243
2020-02-15,11514.990213501267,1931796.1058888321,243
2020-02-16,11217.035778323887,1920579.0701105082,243
2020-02-17,10929.238859157776,1909649.8312513505,243
2020-02-18,10651.11771330703,1898998.7135380434,243
2020-02-19,10383.807261463953,1888614.9062765795,243
2020-02-20,10126.723925731145,1878488.1823508483,243
2020-02-21,9879.188253537519,1868608.9940973108,243
2020-02-22,9642.58664244623,1858966.4074548646,243
2020-02-23,9417.22265228373,1849549.1848025809,243
2020-02-24,9199.153488079086,1840350.0313145018,243
2020-02-25,8988.313293410232,1831361.7180210915,243
2020-02-26,8787.856109349756,1822573.8619117418,243
2020-02-27,8596.584312114166,1813977.2775996276,243
2020-02-28,8410.807716296054,1805566.4698833316,243
2020-02-29,8231.404347845353,1797335.0655354862,243
2020-03-01,8057.899253653828,1789277.1662818324,243
2020-03-02,7891.448020722251,1781385.7182611101,243
2020-03-03,7729.959276743233,1773655.758984367,243
2020-03-04,7573.254469640087,1766082.5045147268,243
2020-03-05,7421.070207390469,1758661.4343073363,243
2020-03-06,7273.304537112825,1751388.1297702235,243
2020-03-07,7130.860932191135,1744257.2688380324,243
2020-03-08,6992.753372338833,1737264.5154656935,243
2020-03-09,6858.195010385942,1730406.3204553076,243
2020-03-10,6727.389821186196,1723678.9306341214,243
2020-03-11,6600.956848490052,1717077.9737856314,243
2020-03-12,6479.777172235306,1710598.196613396,243
2020-03-13,6363.7059964709915,1704234.490616925,243
2020-03-14,6252.994067918975,1697981.496549006,243
2020-03-15,6145.694223567843,1691835.8023254382,243
2020-03-16,6041.260747111868,1685794.5415783264,243
2020-03-17,5939.532293783035,1679855.0092845433,243
2020-03-18,5840.7847455753945,1674014.224538968,243
2020-03-19,5745.266964151058,1668268.957574817,243
2020-03-20,5652.631790267304,1662616.3257845496,243
2020-03-21,5562.973099923693,1657053.352684626,243
2020-03-22,5475.9624090795405,1651577.3902755463,243
2020-03-23,5391.978430997813,1646185.4118445485,243
2020-03-24,5310.569686179282,1640874.8421583693,243
2020-03-25,5230.918334105983,1635643.9238242633,243
2020-03-26,5153.600239816587,1630490.3235844467,243
2020-03-27,5079.282648812048,1625411.0409356346,243
2020-03-28,5006.630060591036,1620404.4108750436,243
2020-03-29,4936.043901490513,1615468.366973553,243
2020-03-30,4867.144496006658,1610601.2224775464,243
2020-03-31,4799.712098943302,1605801.5103786031,243
2020-04-01,4733.648290604586,1601067.8620879985,243
2020-04-02,4668.875052045099,1596398.9870359534,243
2020-04-03,4605.371414758498,1591793.615621195,243
2020-04-04,4543.118778340286,1587250.4968428547,243
2020-04-05,4482.122635585722,1582768.374207269,243
2020-04-06,4422.622845742386,1578345.7513615265,243
2020-04-07,4364.45849501784,1573981.2928665087,243
2020-04-08,4307.4772747557145,1569673.815591753,243
2020-04-09,4251.9457430555485,1565421.8698486974,243
2020-04-10,4197.79937964119,1561224.0704690563,243
2020-04-11,4144.830922149122,1557079.2395469071,243
2020-04-12,4093.157398259733,1552986.0821486474,243
2020-04-13,4042.680673080962,1548943.4014755664,243
2020-04-14,3993.8576275564265,1544949.54384801,243
2020-04-15,3946.320643962128,1541003.223204048,243
2020-04-16,3899.740224462701,1537103.4829795852,243
2020-04-17,3853.9629501227755,1533249.5200294624,243
2020-04-18,3808.995982872322,1529440.52404659,243
2020-04-19,3764.948215195909,1525675.5758313942,243
2020-04-20,3721.8771756531205,1521953.698655741,243
2020-04-21,3679.994409637293,1518273.7042461038,243
2020-04-22,3639.4278494738974,1514634.2763966299,243
2020-04-23,3599.832734901458,1511034.4436617284,243
2020-04-24,3560.9170398330316,1507473.5266218954,243
2020-04-25,3522.693868074566,1503950.8327538208,243
2020-04-26,3485.1803491455503,1500465.6524046753,243
2020-04-27,3448.3411192824133,1497017.3112853928,243
2020-04-28,3412.1000575926155,1493605.2112278002,243
2020-04-29,3376.764451969182,1490228.446775831,243
2020-04-30,3342.3134808605537,1486886.1332949705,243
2020-05-01,3308.456031306414,1483577.677263664,243
2020-05-02,3275.267190626124,1480302.410073038,243
2020-05-03,3242.819837595802,1477059.5902354422,243
2020-05-04,3211.027460371377,1473848.5627750708,243
2020-05-05,3179.946871735854,1470668.615903335,243
2020-05-06,3149.316172430059,1467519.2997309049,243
2020-05-07,3119.117215486709,1464400.1825154182,243
2020-05-08,3089.6434384176973,1461310.5390770005,243
2020-05-09,3060.8622660483234,1458249.6768109521,243
2020-05-10,3032.608781984076,1455217.068028968,243
2020-05-11,3004.7594872198533,1452212.3085417482,243
2020-05-12,2977.305304499343,1449235.0032372489,243
2020-05-13,2950.2831030513626,1446284.7201341975,243
2020-05-14,2923.7269200151786,1443360.9932141823,243
2020-05-15,2897.5635716083925,1440463.429642574,243
2020-05-16,2871.8252427151892,1437591.6043998587,243
2020-05-17,2846.5707096082624,1434745.0336902505,243
2020-05-18,2821.702415167587,1431923.331275083,243
2020-05-19,2797.182643052889,1429126.14863203,243
2020-05-20,2772.9474244038574,1426353.2012076261,243
2020-05-21,2749.009292060975,1423604.1919155652,243
2020-05-22,2725.382273677271,1420878.809641888,243
2020-05-23,2702.030288884416,1418176.7793530035,243
2020-05-24,2678.95019981917,1415497.8291531843,243
2020-05-25,2656.1392655870877,1412841.6898875972,243
2020-05-26,2633.6230141222477,1410208.066873475,243
2020-05-27,2611.418831690913,1407596.648041784,243
2020-05-28,2589.4734265150037,1405007.174615269,243
2020-05-29,2567.7817474850453,1402439.392867784,243
2020-05-30,2546.3394873163197,1399893.0533804677,243
2020-05-31,2525.1485906529706,1397367.9047898147,243
2020-06-01,2504.2502055878285,1394863.654584227,243
2020-06-02,2483.7595448824577,1392379.8950393444,243
2020-06-03,2463.6763119858224,1389916.2187273586,243
2020-06-04,2443.8795799328946,1387472.3391474257,243
2020-06-05,2424.353088732809,1385047.986058693,243
2020-06-06,2405.1441296217963,1382642.8419290711,243
2020-06-07,2386.3685708234552,1380256.4733582477,243
2020-06-08,2367.8307796521112,1377888.6425785956,243
2020-06-09,2349.557353325421,1375539.0852252701,243
2020-06-10,2331.635930596851,1373207.4492946733,243
2020-06-11,2314.2024032804184,1370893.2468913929,243
2020-06-12,2297.1226795890834,1368596.1242118038,243
2020-06-13,2280.2315456524957,1366315.8926661513,243
2020-06-14,2263.546783272177,1364052.345882879,243
2020-06-15,2247.0255403355695,1361805.3203425435,243
2020-06-16,2230.6967613305897,1359574.623581213,243
2020-06-17,2214.6797557207756,1357359.9438254922,243
2020-06-18,2198.9104963191785,1355161.033329173,243
2020-06-19,2183.3121461691335,1352977.7211830039,243
2020-06-20,2167.9304992761463,1350809.7906837277,243
2020-06-21,2152.7593828698155,1348657.031300858,243
2020-06-22,2137.7160887080245,1346519.3152121499,243
2020-06-23,2122.7971555965487,1344396.5180565533,243
2020-06-24,2108.005530949682,1342288.5125256036,243
2020-06-25,2093.3768183556385,1340195.135707248,243
2020-06-26,2078.9465580093674,1338116.1891492386,243
2020-06-27,2064.884110388346,1336051.3050388503,243
2020-06-28,2050.967760312604,1334000.3372785377,243
2020-06-29,2037.1527707506903,1331963.184507787,243
2020-06-30,2023.4503991899546,1329939.734108597,243
2020-07-01,2009.8615318499506,1327929.872576747,243
2020-07-02,1996.4223398219328,1325933.4502369252,243
2020-07-03,1983.153652797686,1323950.2965841275,243
2020-07-04,1969.996902264189,1321980.2996818633,243
2020-07-05,1957.057299200911,1320023.2423826624,243
2020-07-06,1944.2764596198685,1318078.9659230425,243
2020-07-07,1931.5911313400138,1316147.3747917025,243
2020-07-08,1919.0868732358795,1314228.2879184666,243
2020-07-09,1906.7193732308224,1312321.5685452358,243
2020-07-10,1894.5440937990788,1310427.0244514367,243
2020-07-11,1882.6312351846136,1308544.393216252,243
2020-07-12,1870.8473253522534,1306673.5458908998,243
2020-07-13,1859.294801052194,1304814.2510898476,243
2020-07-14,1847.8531466112472,1302966.3979432364,243
2020-07-15,1836.5446463115513,1301129.8532969248,243
2020-07-16,1825.4457197529264,1299304.407577172,243
2020-07-17,1814.4543301593512,1297489.9532470126,243
2020-07-18,1803.5509586611297,1295686.4022883514,243
2020-07-19,1792.7341236507054,1293893.6681647007,243
2020-07-20,1782.0012520914897,1292111.6669126092,243
2020-07-21,1771.3554786206223,1290340.3114339886,243
2020-07-22,1760.7964513835032,1288579.5149826051,243
2020-07-23,1750.3233894493897,1286829.1915931557,243
2020-07-24,1739.934701046208,1285089.2568921095,243
2020-07-25,1729.628642991418,1283359.628249118,243
2020-07-26,1719.4467161127832,1281640.1815330053,243
2020-07-27,1709.4991021580063,1279930.6824308473,243
2020-07-28,1699.6800887889694,1278231.0023420583,243
2020-07-29,1689.9909739617724,1276541.0113680966,243
2020-07-30,1680.555991007248,1274860.4553770893,243
2020-07-31,1671.2281043629628,1273189.2272727264,243
2020-08-01,1662.1416467914823,1271527.0856259349,243
2020-08-02,1653.235708191758,1269873.8499177431,243
2020-08-03,1644.392397155054,1268229.457520588,243
2020-08-04,1635.6140812749509,1266593.8434393131,243
2020-08-05,1626.9001022423618,1264966.9433370708,243
2020-08-06,1618.2723992506508,1263348.67093782,243
2020-08-07,1609.7433159325738,1261738.9276218875,243
2020-08-08,1601.2761619435623,1260137.651459944,243
2020-08-09,1592.8667150896508,1258544.7847448543,243
2020-08-10,1584.5172055186704,1256960.2675393356,243
2020-08-11,1576.2414576739538,1255384.0260816617,243
2020-08-12,1568.175482568331,1253815.8505990934,243
2020-08-13,1560.266029428225,1252255.5845696651,243
2020-08-14,1552.416503121378,1250703.1680665438,243
2020-08-15,1544.6185047724284,1249158.5495617713,243
2020-08-16,1536.8664615701418,1247621.6831002012,243
2020-08-17,1529.15567709459,1246092.5274231066,243
2020-08-18,1521.57968616765,1244570.947736939,243
2020-08-19,1514.1280463398434,1243056.819690599,243
2020-08-20,1506.794331178302,1241550.0253594208,243
2020-08-21,1499.5418191717472,1240050.483540249,243
2020-08-22,1492.3410949844401,1238558.1424452646,243
2020-08-23,1485.1919573422056,1237072.9504879224,243
2020-08-24,1478.0938355897088,1235594.8566523327,243
2020-08-25,1471.0920861111954,1234123.7645662215,243
2020-08-26,1464.1940647165757,1232659.570501505,243
2020-08-27,1457.3387010400183,1231202.231800465,243
2020-08-28,1450.5261323689483,1229751.705668096,243
2020-08-29,1443.7679831339046,1228307.937684962,243
2020-08-30,1437.051923181396,1226870.8857617807,243
2020-08-31,1430.3768581557088,1225440.508903625,243
2020-09-01,1423.7424772626255,1224016.7664263623,243
2020-09-02,1417.1485827942379,1222599.617843568,243
2020-09-03,1410.6246172997635,1221188.9932262683,243
2020-09-04,1404.183209644165,1219784.8100166242,243
2020-09-05,1397.7947415024973,1218387.0152751217,243
2020-09-06,1391.657801750116,1216995.3574733716,243
2020-09-07,1385.6391564370133,1215609.7183169345,243
2020-09-08,1379.7625997848809,1214229.9557171497,243
2020-09-09,1373.9335790751502,1212856.0221380745,243
2020-09-10,1368.116265723016,1211487.9058723515,243
2020-09-11,1362.3164599430747,1210125.5894124084,243
2020-09-12,1356.5372668886557,1208769.0521455198,243
2020-09-13,1350.780659712851,1207418.271485807,243
2020-09-14,1345.0476933182217,1206073.2237924887,243
2020-09-15,1339.3703812253661,1204733.8534112633,243
2020-09-16,1333.793952780543,1203400.0594584828,243
2020-09-17,1328.2450816954952,1202071.8143767873,243
2020-09-18,1322.736383526586,1200749.0779932607,243
2020-09-19,1317.300188643625,1199431.777804617,243
2020-09-20,1311.8873668673914,1198119.8904377497,243
2020-09-21,1306.5005355016328,1196813.389902248,243
2020-09-22,1301.2114894744009,1195512.1784127736,243
2020-09-23,1295.9641426904127,1194216.2142700832,243
2020-09-24,1290.7450698940083,1192925.4692001892,243
2020-09-25,1285.5556369209662,1191639.9135632683,243
2020-09-26,1280.38444172428,1190359.529121544,243
2020-09-27,1275.2661866766866,1189084.2629348673,243
2020-09-28,1270.1734578153118,1187814.089477052,243
2020-09-29,1265.0963782365434,1186548.9930988154,243
2020-09-30,1260.0351054833736,1185288.957993332,243
2020-10-01,1254.9906262394506,1184033.9673670926,243
2020-10-02,1249.9641474238597,1182784.0032196688,243
2020-10-03,1244.9566372339614,1181539.0465824348,243
2020-10-04,1239.9688705913723,1180299.0777118434,243
2020-10-05,1235.0014655680861,1179064.0762462753,243
2020-10-06,1230.054912374122,1177834.0213339012,243
2020-10-07,1225.129596546758,1176608.8917373545,243
2020-10-08,1220.2258175897878,1175388.6659197647,243
2020-10-09,1215.3438040248584,1174173.3221157398,243
2020-10-10,1210.4837256097235,1172962.83839013,243
2020-10-11,1205.6456840839237,1171757.1927060462,243
2020-10-12,1200.8289629467763,1170556.3637430994,243
2020-10-13,1196.0462293466553,1169360.3175137527,243
2020-10-14,1191.3121844115667,1168169.0053293412,243
2020-10-15,1186.5968723972328,1166982.408456944,243
2020-10-16,1181.899703431176,1165800.5087535128,243
2020-10-17,1177.2212606950197,1164623.2874928177,243
2020-10-18,1172.5619987975806,1163450.7254940202,243
2020-10-19,1167.9291777852923,1162282.7963162349,243
2020-10-20,1163.3451316049322,1161119.45118463,243
2020-10-21,1158.7825485174544,1159960.6686361125,243
2020-10-22,1154.2385190327186,1158806.4301170798,243
2020-10-23,1149.7134852518793,1157656.7166318279,243
2020-10-24,1145.207771155052,1156511.5088606728,243
2020-10-25,1140.7216061884537,1155370.7872544844,243
2020-10-26,1136.2687110998668,1154234.5185433845,243
2020-10-27,1131.8974775741808,1153102.6210658103,243
2020-10-28,1127.5485750946682,1151975.0724907157,243
2020-10-29,1123.2136293963995,1150851.8588613193,243
2020-10-30,1118.8933076141402,1149732.965553705,243
2020-10-31,1114.5881633763202,1148618.3773903288,243
2020-11-01,1110.2986555323005,1147508.0787347965,243
2020-11-02,1106.02721186704,1146402.0515229295,243
2020-11-03,1101.801281324355,1145300.250241605,243
2020-11-04,1097.601321451366,1144202.6489201537,243
2020-11-05,1093.447058034595,1143109.2018621191,243
2020-11-06,1089.3732676310465,1142019.828594488,243
2020-11-07,1085.3112094483804,1140934.5173850397,243
2020-11-08,1081.2586401689332,1139853.2587448708,243
2020-11-09,1077.2167077586055,1138776.0420371122,243
2020-11-10,1073.1863186387345,1137702.8557184734,243
2020-11-11,1069.166685874341,1136633.689032599,243
2020-11-12,1065.1545970353764,1135568.5344355637,243
2020-11-13,1061.1554922978394,1134507.3789432659,243
2020-11-14,1057.1702285395004,1133450.2087147264,243
2020-11-15,1053.1990817228798,1132397.0096330035,243
2020-11-16,1049.2532089324668,1131347.756424071,243
2020-11-17,1045.3314979809802,1130302.42492609,243
2020-11-18,1041.4230331233703,1129261.0018929667,243
2020-11-19,1037.5345218121074,1128223.4673711546,243
2020-11-20,1033.6691111850087,1127189.7982599696,243
2020-11-21,1029.8158935627434,1126159.9823664068,243
2020-11-22,1025.975265453104,1125134.0071009537,243
2020-11-23,1022.1464585014619,1124111.8606424523,243
2020-11-24,1018.3298553316854,1123093.5307871206,243
2020-11-25,1014.5264069363475,1122079.0043801842,243
2020-11-26,1010.7775137138087,1121068.2268664704,243
2020-11-27,1007.0691771435086,1120061.157689327,243
2020-11-28,1003.3744833194651,1119057.7832060074,243
2020-11-29,999.69366148673,1118058.0895445207,243
2020-11-30,996.02689532144,1117062.0626491993,243
2020-12-01,992.3743298433255,1116069.688319356,243
2020-12-02,988.7360773717519,1115080.9522419842,243
2020-12-03,985.1508507039398,1114095.8013912803,243
2020-12-04,981.6194325289689,1113114.1819587513,243
2020-12-05,978.1015835625585,1112136.0803751887,243
2020-12-06,974.5973073216155,1111161.483067867,243
2020-12-07,971.1066114872228,1110190.37645638,243
2020-12-08,967.6293929545209,1109222.7470634254,243
2020-12-09,964.1664511777926,1108258.5806122476,243
2020-12-10,960.721958357608,1107297.85865389,243
2020-12-11,957.2911229818128,1106340.5675309082,243
2020-12-12,953.8890190296806,1105386.6785118785,243
2020-12-13,950.5487309354357,1104436.129780943,243
2020-12-14,947.2248895717785,1103488.9048913713,243
2020-12-15,943.9208524220157,1102544.9840389492,243
2020-12-16,940.6655992281158,1101604.3184397211,243
2020-12-17,937.428086529253,1100666.8903531919,243
2020-12-18,934.2031408769544,1099732.687212315,243
2020-12-19,930.9909550971352,1098801.6962572178,243
2020-12-20,927.7916681442875,1097873.9045890735,243
2020-12-21,924.6053764973767,1096949.2992125761,243
2020-12-22,921.4321430840064,1096027.8670694921,243
2020-12-23,918.2720042862929,1095109.5950652058,243
2020-12-24,915.1249753092416,1094194.4700898966,243
2020-12-25,911.9910526880994,1093282.4790372085,243
2020-12-26,908.8702180497348,1092373.6088191587,243
2020-12-27,905.7624436835758,1091467.8463754752,243
2020-12-28,902.6676946496591,1090565.1786808255,243
2020-12-29,899.585929104127,1089665.5927517214,243
2020-12-30,896.5167113528587,1088769.0760403685,243
2020-12-31,893.458327219123,1087875.6177131494,243
2021-01-01,890.4105366538279,1086985.2071764956,243
2021-01-02,887.3748695410322,1086097.8323069545,243
2021-01-03,884.3514920035377,1085213.480814951,243
2021-01-04,881.340508872876,1084332.1403060781,243
2021-01-05,878.3419419373386,1083453.7983641408,243
2021-01-06,875.3561553780455,1082578.4422087627,243
2021-01-07,872.3834242029116,1081706.0587845598,243
2021-01-08,869.423655548133,1080836.6351290117,243
2021-01-09,866.4809073666111,1079970.154221645,243
2021-01-10,863.5614072233438,1079106.5928144217,243
2021-01-11,860.6502497554757,1078245.9425646663,243
2021-01-12,857.7500145644881,1077388.1925501018,243
2021-01-13,854.8735220902599,1076533.3190280115,243
2021-01-14,852.0221792082302,1075681.2968488033,243
2021-01-15,849.1796350893565,1074832.117213714,243
2021-01-16,846.3296646568924,1073985.787549057,243
2021-01-17,843.4756611105986,1073142.3118879464,243
2021-01-18,840.6336216910277,1072301.6782662554,243
2021-01-19,837.803638812853,1071463.8746274426,243
2021-01-20,834.985760286916,1070628.8888671556,243
2021-01-21,832.1800006551202,1069796.7088665005,243
2021-01-22,829.3863496955018,1068967.322516805,243
2021-01-23,826.6047788229771,1068140.717737982,243
2021-01-24,823.8352459031157,1067316.882492079,243
2021-01-25,821.0776989364531,1066495.8047931425,243
2021-01-26,818.3320799323265,1065677.4727132102,243
2021-01-27,815.5983275268227,1064861.8743856833,243
2021-01-28,812.8763768998906,1064048.9980087834,243
2021-01-29,810.1661606309935,1063238.8318481524,243
2021-01-30,807.4676095747855,1062431.3642385777,243
2021-01-31,804.7896146110725,1061626.5746239666,243
2021-02-01,802.1531831610482,1060824.4214408055,243
2021-02-02,799.5335175103974,1060024.8879232951,243
2021-02-03,796.9379371651448,1059227.94998613,243
2021-02-04,794.3521349413786,1058433.5978511886,243
2021-02-05,791.7747493598145,1057641.8231018288,243
2021-02-06,789.2052460997365,1056852.617855729,243
2021-02-07,786.6444570668973,1056065.9733986622,243
2021-02-08,784.0912633258849,1055281.8821353363,243
2021-02-09,781.5451716114767,1054500.3369637248,243
2021-02-10,779.009386905469,1053721.3275768193,243
2021-02-11,776.4839658697601,1052944.8436109496,243
2021-02-12,773.9688908380922,1052170.8747201115,243
2021-02-13,771.4641720745713,1051399.410548037,243
2021-02-14,768.9738417451736,1050630.4367062917,243
2021-02-15,766.5004795438144,1049863.936226748,243
2021-02-16,764.0361351701431,1049099.9000915778,243
2021-02-17,761.5857370933518,1048338.3143544844,243
2021-02-18,759.1643749222858,1047579.1499795621,243
2021-02-19,756.7515270268777,1046822.3984525353,243
2021-02-20,754.3452593194088,1046068.0531932159,243
2021-02-21,751.9461147271795,1045316.1070784887,243
2021-02-22,749.5544850857696,1044566.5525934029,243
2021-02-23,747.1701452044072,1043819.3824481985,243
2021-02-24,744.7909559493419,1043074.5914922492,243
2021-02-25,742.4247980350628,1042332.1666942141,243
2021-02-26,740.0672706408659,1041592.0994235732,243
2021-02-27,737.7178711980814,1040854.3815523752,243
2021-02-28,735.3767953221686,1040119.004757053,243
2021-03-01,733.0441959851887,1039385.9605610678,243
2021-03-02,730.751400473062,1038655.2091605947,243
2021-03-03,728.510902862763,1037926.698257732,243
2021-03-04,726.2731923670508,1037200.4250653649,243
2021-03-05,724.038631607662,1036476.3864337573,243
2021-03-06,721.8079730744939,1035754.5784606828,243
2021-03-07,719.5818434068933,1035034.9966172759,243
2021-03-08,717.3607652670471,1034317.6358520088,243
2021-03-09,715.1451751898276,1033602.490676819,243
2021-03-10,712.9354381769663,1032889.555238642,243
2021-03-11,710.7318596574478,1032178.8233789846,243
2021-03-12,708.5346952998079,1031470.2886836848,243
2021-03-13,706.3441591032315,1030763.9445245815,243
2021-03-14,704.1604301243788,1030059.7840944572,243
2021-03-15,701.9836581143318,1029357.8004363428,243
2021-03-16,699.8139682528563,1028657.98646809,243
2021-03-17,697.6514649876626,1027960.3350031023,243
2021-03-18,695.4962348486297,1027264.8387682537,243
2021-03-19,693.3483490532963,1026571.4904192004,243
2021-03-20,691.2078659259714,1025880.2825532744,243
2021-03-21,689.0748328996124,1025191.2077203748,243
2021-03-22,686.9492881478509,1024504.258432227,243
2021-03-23,684.8312619270291,1023819.4271702999,243
2021-03-24,682.7207776820287,1023136.7063926179,243
2021-03-25,680.6178529622266,1022456.0885396557,243
2021-03-26,678.5225002523512,1021777.5660394033,243
2021-03-27,676.4347278767964,1021101.1313115265,243
2021-03-28,674.3545402819291,1020426.7767712446,243
2021-03-29,672.281938449014,1019754.4948327956,243
2021-03-30,670.2169205828104,1019084.2779122128,243
2021-03-31,668.1594822462648,1018416.1184299665,243
2021-04-01,666.1096078414703,1017750.008822125,243
2021-04-02,664.0671951720724,1017085.941626953,243
2021-04-03,662.0320300676394,1016423.9095968853,243
2021-04-04,660.004333939869,1015763.9052629455,243
2021-04-05,657.9841070445254,1015105.9211559009,243
2021-04-06,655.9712494250853,1014449.9499064758,243
2021-04-07,653.9853015963454,1013795.9646048795,243
2021-04-08,652.0347682125866,1013143.9298366669,243
2021-04-09,650.0914834607393,1012493.8383532062,243
2021-04-10,648.1551049164264,1011845.6832482897,243
2021-04-11,646.2255252791801,1011199.4577230106,243
2021-04-12,644.3018404949689,1010555.1558825156,243
2021-04-13,642.3839958563913,1009912.7718866592,243
2021-04-14,640.4723081673728,1009272.2995784918,243
2021-04-15,638.5666529287118,1008633.7329255631,243
2021-04-16,636.6610589443007,1007997.0718666188,243
2021-04-17,634.7832275667461,1007362.2886390521,243
2021-04-18,632.9611732051708,1006729.3274658469,243
2021-04-19,631.1533226405736,1006098.1741432063,243
2021-04-20,629.3604301367886,1005468.8137130695,243
2021-04-21,627.5731189409271,1004841.2405941286,243
2021-04-22,625.7915143755963,1004215.449079753,243
2021-04-23,624.0157100585056,1003591.4333696945,243
2021-04-24,622.2458665033337,1002969.1875031912,243
2021-04-25,620.4820882841013,1002348.7054149071,243
2021-04-26,618.734634777531,1001729.9707801295,243
2021-04-27,617.0087529415032,1001112.962027188,243
2021-04-28,615.2890428857645,1000497.6729843023,243
2021-04-29,613.5750677764881,999884.0979165258,243
2021-04-30,611.866243561497,999272.2316729643,243
2021-05-01,610.1633063723566,998662.0683665919,243
2021-05-02,608.4662575023249,998053.6021090896,243
2021-05-03,606.7750276888255,997446.8270814008,243
2021-05-04,605.0895468107192,996841.7375345901,243
2021-05-05,603.4097452493152,996238.3277893408,243
2021-05-06,601.7349932327634,995636.592796108,243
2021-05-07,600.0610287812306,995036.5317673268,243
2021-05-08,598.3918111685198,994438.1399561582,243
2021-05-09,596.7284284427296,993841.4115277155,243
2021-05-10,595.0708065106301,993246.3407212049,243
2021-05-11,593.4188740658574,992652.921847139,243
2021-05-12,591.77255872963,992061.1492884094,243
2021-05-13,590.1317808985477,991471.0175075108,243
2021-05-14,588.4964647229062,990882.5210427879,243
2021-05-15,586.8665445586666,990295.6544982293,243
2021-05-16,585.2419629397336,989710.4125352895,243
2021-05-17,583.6226687914459,989126.7898664981,243
2021-05-18,582.0086161006475,988544.7812503974,243
2021-05-19,580.3997629230144,987964.3814874744,243
2021-05-20,578.7960706359008,987385.5854168385,243
2021-05-21,577.1975033752387,986808.3879134633,243
2021-05-22,575.6040276052663,986232.783885858,243
2021-05-23,574.0296042939881,985658.754281564,243
2021-05-24,572.49876967608,985086.255511888,243
2021-05-25,571.0042811293388,984515.2512307586,243
2021-05-26,569.5212103178492,983945.7300204408,243
2021-05-27,568.042907048366,983377.6871133924,243
2021-05-28,566.5693382271565,982811.1177751652,243
2021-05-29,565.1004696037853,982246.0173055615,243
2021-05-30,563.6362663129112,981682.3810392485,243
2021-05-31,562.1766934155021,981120.204345833,243
2021-06-01,560.7217163612368,980559.4826294718,243
2021-06-02,559.2713013669709,980000.2113281048,243
2021-06-03,557.8254156941548,979442.3859124107,243
2021-06-04,556.3840278786374,978886.001884532,243
2021-06-05,554.9471174962819,978331.0547670358,243
2021-06-06,553.514670172357,977777.5400968634,243
2021-06-07,552.0865607083542,977225.453536155,243
2021-06-08,550.6626874773065,976674.7908486777,243
2021-06-09,549.2430465623038,976125.5478021154,243
2021-06-10,547.8276318806456,975577.7201702348,243
2021-06-11,546.4164329670602,975031.3037372677,243
2021-06-12,545.0094396012137,974486.2942976665,243
2021-06-13,543.6151485239388,973942.6791491426,243
2021-06-14,542.2318265842041,973400.4473225584,243
2021-06-15,540.8469807135407,972859.6003418448,243
2021-06-16,539.465373752988,972320.1349680919,243
2021-06-17,538.0873710956657,971782.0475969962,243
2021-06-18,536.7130117777269,971245.3345852185,243
2021-06-19,535.3423268817132,970709.9922583367,243
2021-06-20,533.9752775216475,970176.0169808151,243
2021-06-21,532.611830146634,969643.4051506685,243
2021-06-22,531.2520278050797,969112.1531228634,243
2021-06-23,529.8959111602744,968582.2572117031,243
2021-06-24,528.5435150887351,968053.7136966144,243
2021-06-25,527.1948694060557,967526.5188272083,243
2021-06-26,525.8459350191988,967000.6728921891,243
2021-06-27,524.4832921584602,966476.1896000307,243
2021-06-28,523.1250021677697,965953.0645978629,243
2021-06-29,521.7730455131968,965431.2915523497,243
2021-06-30,520.4268960217014,964910.864656328,243
2021-07-01,519.0862827660749,964391.7783735619,243
2021-07-02,517.75100699428,963874.0273665676,243
2021-07-03,516.4208955749637,963357.6064709927,243
2021-07-04,515.0957974030171,962842.5106735897,243
2021-07-05,513.7755849413807,962328.7350886483,243
2021-07-06,512.4601566558704,961816.2749319924,243
2021-07-07,511.149386057863,961305.1255459345,243
2021-07-08,509.84274740016554,960795.2827985344,243
2021-07-09,508.54052274662536,960286.7422757878,243
2021-07-10,507.242796742823,959779.4994790449,243
2021-07-11,505.9495015167631,959273.5499775282,243
2021-07-12,504.6612194509944,958768.8887580772,243
2021-07-13,503.3826095958939,958265.5061484813,243
2021-07-14,502.1090893748915,957763.3970591064,243
2021-07-15,500.8393627771875,957262.5576963292,243
2021-07-16,499.5738028688356,956762.9838934604,243
2021-07-17,498.3224109233124,956264.661482537,243
2021-07-18,497.07880528399255,955767.582677253,243
2021-07-19,495.8380620259559,955271.7446152271,243
2021-07-20,494.599831821979,954777.1447834051,243
2021-07-21,493.36325056734495,954283.7815328378,243
2021-07-22,492.1297058694763,953791.6518269683,243
2021-07-23,490.8993459637277,953300.7524810046,243
2021-07-24,489.67219275876414,952811.0802882458,243
2021-07-25,488.44827026710846,952322.6320179787,243
2021-07-26,487.2343710202258,951835.3976469585,243
2021-07-27,486.04448881570715,951349.3531581428,243
2021-07-28,484.85782057838514,950864.4953375644,243
2021-07-29,483.67298293102067,950380.8223546334,243
2021-07-30,482.4901995633263,949898.33215507,243
2021-07-31,481.3096543014981,949417.0225007685,243
2021-08-01,480.1314905224135,948936.8910102461,243
2021-08-02,478.9558145952178,948457.9351956509,243
2021-08-03,477.7827348279534,947980.152460823,243
2021-08-04,476.6123445321573,947503.5401162908,243
2021-08-05,475.4447209915379,947028.0953952993,243
2021-08-06,474.27992843615357,946553.8154668631,243
2021-08-07,473.1180204269476,946080.6974464362,243
2021-08-08,471.9590417694999,945608.7384046667,243
2021-08-09,470.803030057461,945137.9353746092,243
2021-08-10,469.6500165052712,944668.2853581039,243
2021-08-11,468.5000047730282,944199.7853533309,243
2021-08-12,467.35298773564864,943732.4323655952,243
2021-08-13,466.20899134792853,943266.2233742473,243
2021-08-14,465.0680401849095,942801.1553340624,243
2021-08-15,463.93015484698117,942337.2251792154,243
2021-08-16,462.795352584566,941874.4298266309,243
2021-08-17,461.6636478061555,941412.7661788247,243
2021-08-18,460.5350523851812,940952.2311264395,243
2021-08-19,459.4095284794457,940492.8215979601,243
2021-08-20,458.2870961946901,940034.5345017654,243
2021-08-21,457.1678031068295,939577.3666986586,243
2021-08-22,456.05165400891565,939121.3150446496,243
2021-08-23,454.938652497367,938666.3763921523,243
2021-08-24,453.8288011099212,938212.5475910424,243
2021-08-25,452.7221014412353,937759.8254896011,243
2021-08-26,451.61855424614623,937308.206935355,243
2021-08-27,450.51815952232573,936857.6887758326,243
2021-08-28,449.42091658792924,936408.2678592447,243
2021-08-29,448.3268241471378,935959.9410350976,243
2021-08-30,447.2358803395182,935512.7051547581,243
2021-08-31,446.14808277296834,935066.5570719851,243
2021-09-01,445.06342700042296,934621.4936449847,243
2021-09-02,443.98203530942556,934177.5116096752,243
2021-09-03,442.9340207868954,933734.5775888884,243
2021-09-04,441.9102938894648,933292.6672949989,243
2021-09-05,440.8891356693348,932851.7781593296,243
2021-09-06,439.87074680114165,932411.9074125284,243
2021-09-07,438.85507692338433,931973.052335605,243
2021-09-08,437.84575901483186,931535.2065765902,243
2021-09-09,436.8421136039542,931098.3644629862,243
2021-09-10,435.84035693469923,930662.5241060515,243
2021-09-11,434.84060696989764,930227.6834990816,243
2021-09-12,433.84295376145747,929793.8405453202,243
2021-09-13,432.8474645438837,929360.9930807763,243
2021-09-14,431.85418920975644,928929.1388915665,243
2021-09-15,430.86316465516575,928498.2757269114,243
2021-09-16,429.8744180635549,928068.4013088478,243
2021-09-17,428.8879693779163,927639.5133394699,243
2021-09-18,427.90383316599764,927211.6095063039,243
2021-09-19,426.9220200208947,926784.687486283,243
2021-09-20,425.9425376105355,926358.7449486725,243
2021-09-21,424.96539146394935,925933.7795572085,243
2021-09-22,423.9905855534598,925509.7889716551,243
2021-09-23,423.0181227301946,925086.7708489249,243
2021-09-24,422.0480050413171,924664.7228438836,243
2021-09-25,421.08023396204226,924243.6426099215,243
2021-09-26,420.1148105667671,923823.5277993547,243
2021-09-27,419.15173360460903,923404.3760657501,243
2021-09-28,418.190988367307,922986.1850773828,243
2021-09-29,417.2325552623952,922568.9525221204,243
2021-09-30,416.2764203087427,922152.6761018117,243
2021-10-01,415.3225741501665,921737.3535276615,243
2021-10-02,414.3710108344676,921322.9825168271,243
2021-10-03,413.42247808980756,920909.5600387373,243
2021-10-04,412.4843261144124,920497.0757126228,243
2021-10-05,411.5503525233362,920085.5253600995,243
2021-10-06,410.61830664635636,919674.9070534531,243
2021-10-07,409.68822603696026,919265.2188274162,243
2021-10-08,408.7601438644342,918856.4586835518,243
2021-10-09,407.8340298193507,918448.6246537324,243
2021-10-10,406.90993155376054,918041.7147221786,243
2021-10-11,405.98792282748036,917635.7267993512,243
2021-10-12,405.0680225742981,917230.6587767769,243
2021-10-13,404.1502476960886,916826.5085290808,243
2021-10-14,403.23461318947375,916423.2739158913,243
2021-10-15,402.32102608832065,916020.952889803,243
2021-10-16,401.4092090409249,915619.543680762,243
2021-10-17,400.4991832538508,915219.0444975082,243
2021-10-18,399.59102115256246,914819.4534763556,243
2021-10-19,398.68478220456745,914420.7686941511,243
2021-10-20,397.7805163569283,914022.9881777941,243
2021-10-21,396.8782663056627,913626.1099114885,243
2021-10-22,395.97806878609117,913230.1318427024,243
2021-10-23,395.0799555670237,912835.0518871354,243
2021-10-24,394.18395423074253,912440.8679329046,243
2021-10-25,393.29008878872264,912047.5778441159,243
2021-10-26,392.3983801784925,911655.1794639374,243
2021-10-27,391.50884666573256,911263.6706172717,243
2021-10-28,390.62040332891047,910873.0502139428,243
2021-10-29,389.7302634289954,910483.3199505138,243
2021-10-30,388.84226879721973,910094.4776817166,243
2021-10-31,387.9567836011993,909706.5208981154,243
2021-11-01,387.0737920681713,909319.4471060472,243
2021-11-02,386.1932808305137,908933.2538252167,243
2021-11-03,385.31523818476126,908547.9385870319,243
2021-11-04,384.43965358135756,908163.4989334506,243
2021-11-05,383.56651727634016,907779.9324161742,243
2021-11-06,382.6958200930385,907397.2365960812,243
2021-11-07,381.8275532668922,907015.4090428143,243
2021-11-08,29029.104955158895,1374515.8268562343,229
2021-11-09,17649.68371323157,1446880.103385067,238
2021-11-10,10906.461031413171,1435973.642353654,242
2021-11-11,9188.234227125999,1426785.408126528,242
2021-11-12,8246.986573424423,1418538.4215531035,243
2021-11-13,7601.885098872241,1410936.5364542312,243
2021-11-14,7142.684680877952,1403793.8517733533,243
2021-11-15,6799.242729398655,1396994.6090439546,243
2021-11-16,6511.282165407436,1390483.3268785472,243
2021-11-17,6247.76579968771,1384235.5610788595,243
2021-11-18,5995.956368611427,1378239.604710248,243
2021-11-19,5774.900709116831,1372464.7040011312,243
2021-11-20,5601.614831424085,1366863.0891697071,243
2021-11-21,5447.713110878132,1361415.376058829,243
2021-11-22,5284.503291854169,1356130.8727669748,243
2021-11-23,5128.029905322939,1351002.842861652,243
2021-11-24,4984.727279233979,1346018.115582418,243
2021-11-25,4862.68964634859,1341155.4259360693,243
2021-11-26,4749.109424710274,1336406.316511359,243
2021-11-27,4631.483268210664,1331774.8332431484,243
2021-11-28,4516.301530840807,1327258.5317123076,243
2021-11-29,4406.168944858015,1322852.3627674496,243
2021-11-30,4307.157919811085,1318545.2048476385,243
2021-12-01,4222.868083019741,1314322.3367646188,243
2021-12-02,4144.069411443081,1310178.2673531757,243
2021-12-03,4065.169092059601,1306113.098261116,243
2021-12-04,3990.2433256017976,1302122.8549355143,243
2021-12-05,3921.538356346311,1298201.316579168,243
2021-12-06,3848.680063361535,1294352.6365158064,243
2021-12-07,3773.7305238950066,1290578.9059919114,243
2021-12-08,3699.618826439604,1286879.2871654718,243
2021-12-09,3627.076345312409,1283252.2108201594,243
2021-12-10,3557.7318637135904,1279694.4789564458,243
2021-12-11,23368.79824440833,1546202.754084434,233
2021-12-12,87465.11231326894,2057756.8199267588,228
2021-12-13,89012.69520155957,2312892.3253169395,231
2021-12-14,32044.47419408569,2280847.851122854,240
2021-12-15,124406.49265322706,2631080.717682638,229
2021-12-16,43818.60767612979,2587262.1100065084,241
2021-12-17,39344.087275968865,2547918.0227305396,242
2021-12-18,36765.153347581625,2511152.869382958,242
2021-12-19,34680.3742000591,2476472.495182899,243
2021-12-20,32904.30286956485,2443568.192313334,243
2021-12-21,58348.4682435703,2549660.56442601,236
2021-12-22,129129.59291068779,2831532.0906496,230
2021-12-23,122540.4535034498,2983222.94888625,233
2021-12-24,109956.90552945805,3067617.9261090597,235
2021-12-25,91241.44937039279,3092697.468608982,237
2021-12-26,118275.74447761479,3180735.101705502,234
2021-12-27,67199.24360457652,3123889.490290867,241
2021-12-28,93281.6894695998,3164024.77005691,237
2021-12-29,64234.646633062075,3114066.146259141,241
2021-12-30,56523.10013969056,3057543.0461194506,242
2021-12-31,52339.69631822547,3005203.349801225,243
2022-01-01,48880.34756968077,2956323.0022315443,243
2022-01-02,50211.04919405393,2929011.5131419236,241
2022-01-03,136055.3203140531,3163064.9749306934,231
2022-01-04,60483.81223810404,3111396.254290278,241
2022-01-05,53970.210739794195,3059888.548284813,242
2022-01-06,62101.47822010129,3054803.5407270896,240
2022-01-07,61603.95603101898,3049252.0890972423,240
2022-01-08,48593.46943437541,3000658.619662867,242
2022-01-09,45297.47752331244,2955361.1421395545,243
2022-01-10,42602.306473862845,2912758.8356656916,243
2022-01-11,40250.4588336302,2872508.3768320614,243
2022-01-12,38140.78306298703,2834367.5937690744,243
2022-01-13,36235.74305535853,2798131.850713716,243
2022-01-14,34500.783784502186,2763631.0669292137,243
2022-01-15,32908.50144423172,2730722.565484982,243
2022-01-16,31444.974377432838,2699277.591107549,243
2022-01-17,30092.273634342477,2669185.3174732067,243
2022-01-18,28830.63830802124,2640354.6791651854,243
2022-01-19,27655.909165405203,2612698.76999978,243
2022-01-20,26555.11334136175,2586143.6566584185,243
2022-01-21,25528.33182794135,2560615.324830477,243
2022-01-22,24576.498017621227,2536038.826812856,243
2022-01-23,23695.316125359852,2512343.510687496,243
2022-01-24,22867.376415864564,2489476.1342716315,243
2022-01-25,22085.765066978056,2467390.3692046534,243
2022-01-26,21348.316710645333,2446042.052494008,243
2022-01-27,20652.242598303594,2425389.8098957045,243
2022-01-28,19989.01328610629,2405400.796609598,243
2022-01-29,19359.991918669082,2386040.804690929,243
2022-01-30,18769.368484663777,2367271.4362062654,243
2022-01-31,18211.326254927088,2349060.1099513383,243
2022-02-01,17682.737175622024,2331377.3727757162,243
2022-02-02,17181.042709531728,2314196.3300661845,243
2022-02-03,16703.629613946192,2297492.7004522383,243
2022-02-04,16248.571407056414,2281244.129045182,243
2022-02-05,15814.285999066196,2265429.8430461157,243
2022-02-06,15399.040526807308,2250030.8025193084,243
2022-02-07,15004.84807870444,2235025.954440604,243
2022-02-08,14628.15792561043,2220397.7965149935,243
2022-02-09,14272.776779363863,2206125.0197356297,243
2022-02-10,13931.582053251565,2192193.437682378,243
2022-02-11,13602.222723270766,2178591.2149591073,243
2022-02-12,13285.01706927456,2165306.197889833,243
2022-02-13,12980.120302992407,2152326.0775868404,243
2022-02-14,12686.549119329546,2139639.528467511,243
2022-02-15,12403.952586634085,2127235.5758808767,243
2022-02-16,12133.41721078381,2115102.158670093,243
2022-02-17,11874.256840035785,2103227.901830057,243
2022-02-18,11624.023799020797,2091603.8780310364,243
2022-02-19,11382.186104594963,2080221.6919264414,243
2022-02-20,11148.81292985892,2069072.8789965825,243
2022-02-21,10923.055494468426,2058149.823502114,243
2022-02-22,10703.412338010734,2047446.4111641033,243
2022-02-23,10490.215144973015,2036956.1960191303,243
2022-02-24,10283.85083010653,2026672.3451890238,243
2022-02-25,10084.203358774772,2016588.141830249,243
2022-02-26,9889.700424805516,2006698.4414054435,243
2022-02-27,9700.832645440008,1996997.6087600035,243
2022-02-28,9517.772881832905,1987479.8358781706,243
2022-03-01,9341.577376359142,1978138.2585018114,243
2022-03-02,9171.659334672615,1968966.5991671388,243
2022-03-03,9007.625259260647,1959958.9739078782,243
2022-03-04,8850.664424947463,1951108.3094829307,243
2022-03-05,8699.266048512422,1942409.0434344183,243
2022-03-06,8551.898330357857,1933857.1451040604,243
2022-03-07,8409.44229910872,1925447.7028049517,243
2022-03-08,8271.487003725255,1917176.2158012264,243
2022-03-09,8137.280800319044,1909038.9350009074,243
2022-03-10,8006.610253942199,1901032.3247469652,243
2022-03-11,7881.875378254568,1893150.4493687106,243
2022-03-12,7762.277372958604,1885388.171995752,243
2022-03-13,7645.354192333063,1877742.817803419,243
2022-03-14,7531.520180101739,1870211.2976233172,243
2022-03-15,7420.80183637701,1862790.4957869402,243
2022-03-16,7312.307650656905,1855478.1881362833,243
2022-03-17,7206.240385116078,1848271.9477511672,243
2022-03-18,7102.223011113005,1841169.7247400542,243
2022-03-19,7000.369229505537,1834169.3555105487,243
2022-03-20,6901.333574195625,1827268.021936353,243
2022-03-21,6805.531145704677,1820462.4907906484,243
2022-03-22,6711.94425542932,1813750.546535219,243
2022-03-23,6620.388861524174,1807130.157673695,243
2022-03-24,6531.2127048878465,1800598.944968807,243
2022-03-25,6443.7231661845,1794155.2218026225,243
2022-03-26,6357.864056067076,1787797.3577465555,243
2022-03-27,6273.893941606861,1781523.4638049486,243
2022-03-28,6191.695840636268,1775331.7679643123,243
2022-03-29,6111.436300128233,1769220.331664184,243
2022-03-30,6032.6282781497575,1763187.7033860344,243
2022-03-31,5955.174290554132,1757232.5290954802,243
2022-04-01,5879.056694937171,1751353.472400543,243
2022-04-02,5804.500519706169,1745548.9718808369,243
2022-04-03,5732.536576184444,1739816.4353046524,243
2022-04-04,5662.474715018878,1734153.9605896336,243
2022-04-05,5594.176516868407,1728559.7840727651,243
2022-04-06,5527.252848746721,1723032.5312240184,243
2022-04-07,5462.0854650186375,1717570.4457589998,243
2022-04-08,5398.40981210256,1712172.0359468972,243
2022-04-09,5335.916681499686,1706836.1192653975,243
2022-04-10,5274.519821885042,1701561.5994435125,243
2022-04-11,5214.405159992399,1696347.19428352,243
2022-04-12,5155.52667780011,1691191.66760572,243
2022-04-13,5097.664504888933,1686094.003100831,243
2022-04-14,5041.036495804787,1681052.9666050263,243
2022-04-15,4985.343227015343,1676067.623378011,243
2022-04-16,4930.575412759557,1671137.0479652514,243
2022-04-17,4876.862598062959,1666260.1853671884,243
2022-04-18,4824.306889677886,1661435.8784775105,243
2022-04-19,4772.991051696707,1656662.8874258138,243
2022-04-20,4722.609908765415,1651940.2775170484,243
2022-04-21,4672.933591291308,1647267.343925757,243
2022-04-22,4624.133589823265,1642643.2103359338,243
2022-04-23,4576.008114204509,1638067.2022217293,243
2022-04-24,4528.51327647781,1633538.6889452515,243
2022-04-25,4481.744029744528,1629056.944915507,243
2022-04-26,4435.6072844509035,1624621.337631056,243
2022-04-27,4390.137632776517,1620231.1999982796,243
2022-04-28,4345.29194181948,1615885.90805646,243
2022-04-29,4301.172066108324,1611584.7359903518,243
2022-04-30,4257.649527391186,1607327.0864629606,243
2022-05-01,4214.728103233036,1603112.3583597275,243
2022-05-02,4172.442694819765,1598939.9156649078,243
2022-05-03,4131.182885076618,1594808.7327798312,243
2022-05-04,4090.701895802282,1590718.0308840289,243
2022-05-05,4051.3087037140504,1586666.7221803148,243
2022-05-06,4012.6438339753076,1582654.0783463395,243
2022-05-07,3974.948678739369,1578679.1296676002,243
2022-05-08,3937.7822602333035,1574741.3474073668,243
2022-05-09,3901.0192385674454,1570840.3281687994,243
2022-05-10,3864.748526111711,1566975.5796426877,243
2022-05-11,3829.0771402979735,1563146.5025023897,243
2022-05-12,3793.950388308149,1559352.5521140816,243
2022-05-13,3759.4341275696643,1555593.117986512,243
2022-05-14,3725.3185390413273,1551867.7994474706,243
2022-05-15,3691.629695151234,1548176.1697523193,243
2022-05-16,3658.5586255800445,1544517.6111267393,243
2022-05-17,3626.0833793408237,1540891.5277473985,243
2022-05-18,3593.987650000723,1537297.5400973978,243
2022-05-19,3562.2448285864666,1533735.2952688113,243
2022-05-20,3530.9049936395604,1530204.3902751717,243
2022-05-21,3499.9327051409055,1526704.4575700308,243
2022-05-22,3469.3108602853026,1523235.1467097455,243
2022-05-23,3439.0159710359294,1519796.1307387096,243
2022-05-24,3409.151269840542,1516386.979468869,243
2022-05-25,3379.77386702504,1513007.205601844,243
2022-05-26,3350.923143037595,1509656.2824588064,243
2022-05-27,3322.605172662763,1506333.6772861436,243
2022-05-28,3294.593130116118,1503039.0841560275,243
2022-05-29,3266.86587368045,1499772.218282347,243
2022-05-30,3239.550259103067,1496532.668023244,243
2022-05-31,3212.595412905561,1493320.0726103385,243
2022-06-01,3185.9900819091126,1490134.0825284293,243
2022-06-02,3159.7092679745983,1486974.3732604547,243
2022-06-03,3133.68183393497,1483840.6914265198,243
2022-06-04,3107.905057306867,1480732.786369213,243
2022-06-05,3082.377252844628,1477650.4091163683,243
2022-06-06,3057.103342059301,1474593.305774309,243
2022-06-07,3032.0973901988473,1471561.2083841101,243
2022-06-08,3007.3744630471338,1468553.833921063,243
2022-06-09,2983.2334122511093,1465570.600508812,243
2022-06-10,2959.403259667568,1462611.1972491443,243
2022-06-11,2935.7895461877342,1459675.4077029566,243
2022-06-12,2912.4003276985604,1456763.007375258,243
2022-06-13,2889.3364991822746,1453873.6708760757,243
2022-06-14,2866.5323385291267,1451007.1385375466,243
2022-06-15,2844.0730851008557,1448163.0654524458,243
2022-06-16,2821.961843062192,1445341.1036093836,243
2022-06-17,2800.051198175177,1442541.0524112084,243
2022-06-18,2778.350263667293,1439762.702147541,243
2022-06-19,2756.942716455087,1437005.759431086,243
2022-06-20,2735.8237181268632,1434269.9357129592,243
2022-06-21,2714.985549631994,1431554.9501633272,243
2022-06-22,2694.409832086414,1428860.5403312407,243
2022-06-23,2674.071976570878,1426186.4683546699,243
2022-06-24,2654.040869214572,1423532.4274854553,243
2022-06-25,2634.1977055319585,1420898.2297799233,243
2022-06-26,2614.59582541883,1418283.6339545045,243
2022-06-27,2595.2657096621115,1415688.3682448424,243
2022-06-28,2576.2965717271436,1413112.0716731152,243
2022-06-29,2557.6293137362227,1410554.442359379,243
2022-06-30,2539.2521559563465,1408015.1902034227,243
2022-07-01,2521.0975101357326,1405494.092693287,243
2022-07-02,2503.08815201628,1402991.0045412707,243
2022-07-03,2485.2215025031473,1400505.7830387675,243
2022-07-04,2467.5002132891677,1398038.2828254784,243
2022-07-05,2449.926045462489,1395588.3567800159,243
2022-07-06,2432.499989119824,1393155.856790896,243
2022-07-07,2415.22214800003,1390740.634642896,243
2022-07-08,2398.092933914857,1388342.5417089812,243
2022-07-09,2381.1125784916803,1385961.4291304895,243
2022-07-10,2364.2805931414478,1383597.148537348,243
2022-07-11,2347.5961604467593,1381249.5523769013,243
2022-07-12,2331.0586934909225,1378918.4936834103,243
2022-07-13,2314.693075871095,1376603.8006075392,243
2022-07-14,2298.4843381962273,1374305.316269343,243
2022-07-15,2282.414453833597,1372022.9018155094,243
2022-07-16,2266.4835976460017,1369756.4182178634,243
2022-07-17,2250.735630686162,1367505.6825871773,243
2022-07-18,2235.144025552552,1365270.5385616247,243
2022-07-19,2219.6811504089274,1363050.8574112158,243
2022-07-20,2204.3474532605615,1360846.5099579552,243
2022-07-21,2189.2144102470484,1358657.2955477082,243
2022-07-22,2174.507079551462,1356482.7884681567,243
2022-07-23,2160.1116333378013,1354322.676834819,243
2022-07-24,2145.9696305445395,1352176.7072042744,243
2022-07-25,2132.008033484919,1350044.6991707894,243
2022-07-26,2118.159122357378,1347926.540048432,243
2022-07-27,2104.365666865371,1345822.1743815667,243
2022-07-28,2090.8227057422046,1343731.3516758245,243
2022-07-29,2077.5380979389884,1341653.8135778855,243
2022-07-30,2064.3357509723864,1339589.4778269131,243
2022-07-31,2051.2547569721937,1337538.223069941,243
2022-08-01,2038.265222595306,1335499.9578473456,243
2022-08-02,2025.4479144841898,1333474.5099328614,243
2022-08-03,2012.8722857278772,1331461.6376471336,243
2022-08-04,2000.465575774433,1329461.1720713591,243
2022-08-05,1988.1364244385622,1327473.0356469206,243
2022-08-06,1976.0272982737515,1325497.0083486468,243
2022-08-07,1964.0300647716504,1323532.9782838752,243
2022-08-08,1952.1052412104327,1321580.8730426647,243
2022-08-09,1940.253911922453,1319640.6191307423,243
2022-08-10,1928.4772656941786,1317712.141865048,243
2022-08-11,1916.776298864046,1315795.365566184,243
2022-08-12,1905.1517603392713,1313890.2138058448,243
2022-08-13,1893.615551345516,1311996.5982544993,243
2022-08-14,1882.3416967771482,1310114.256557722,243
2022-08-15,1871.214405949926,1308243.0421517722,243
2022-08-16,1860.185582172824,1306382.8565695994,243
2022-08-17,1849.3027069743257,1304533.553862625,243
2022-08-18,1838.5416074444074,1302695.0122551806,243
2022-08-19,1827.9748092559166,1300867.0374459247,243
2022-08-20,1817.5963346580975,1299049.4411112666,243
2022-08-21,1807.2871024878696,1297242.1540087787,243
2022-08-22,1797.0601947782561,1295445.0938140005,243
2022-08-23,1787.0525159484241,1293658.041298052,243
2022-08-24,1777.153727490222,1291880.8875705618,243
2022-08-25,1767.3925626422279,1290113.4950079196,243
2022-08-26,1757.674254198093,1288355.8207537215,243
2022-08-27,1748.0417037406005,1286607.779049981,243
2022-08-28,1738.6485783166718,1284869.1304716642,243
2022-08-29,1729.3841074418742,1283139.7463642224,243
2022-08-30,1720.1694761323743,1281419.57688809,243
2022-08-31,1711.0177433737554,1279708.5591447162,243
2022-09-01,1701.9253462248016,1278006.6337984914,243
2022-09-02,1692.922980963951,1276313.7108175275,243
2022-09-03,1683.997872130014,1274629.7129453975,243
2022-09-04,1675.111800046172,1272954.6011453513,243
2022-09-05,1666.3427081722766,1271288.258437179,243
2022-09-06,1657.6974123441614,1269630.5610248349,243
2022-09-07,1649.0840408247896,1267981.47698401,243
2022-09-08,1640.519817752298,1266340.9571662578,243
2022-09-09,1632.1294904598035,1264708.827675798,243
2022-09-10,1623.8103104899637,1263085.017365308,243
2022-09-11,1615.5308736171573,1261469.4864916909,243
2022-09-12,1607.2925700470805,1259862.1939216438,243
2022-09-13,1599.1206389158033,1258263.073282728,243
2022-09-14,1591.0724646353628,1256672.0008180926,243
2022-09-15,1583.0826465010177,1255088.9181715916,243
2022-09-16,1575.2072039861232,1253513.7109676055,243
2022-09-17,1567.3775901431218,1251946.3333774623,243
2022-09-18,1559.586981780827,1250386.7463956815,243
2022-09-19,1551.938250611769,1248834.8081450698,243
2022-09-20,1544.394963077968,1247290.4131819918,243
2022-09-21,1536.9506877670065,1245753.4624942248,243
2022-09-22,1529.559007320553,1244223.9034869042,243
2022-09-23,1522.200839743251,1242701.702647161,243
2022-09-24,1514.877130246954,1241186.825516914,243
2022-09-25,1507.5851307339035,1239679.24038618,243
2022-09-26,1500.3524296018295,1238178.8879565783,243
2022-09-27,1493.2189170848578,1236685.6690394934,243
2022-09-28,1486.1263601477258,1235199.5426793457,243
2022-09-29,1479.0724648954347,1233720.4702144503,243
2022-09-30,1472.0792363306973,1232248.3909781196,243
2022-10-01,1465.168073238572,1230783.222904881,243
2022-10-02,1458.2973212720826,1229324.925583609,243
2022-10-03,1451.4657720371615,1227873.4598115718,243
2022-10-04,1444.673274765024,1226428.7865368067,243
2022-10-05,1437.936024134513,1224990.8505126722,243
2022-10-06,1431.3579552266747,1223559.4925574455,243
2022-10-07,1424.8423734777607,1222134.6501839678,243
2022-10-08,1418.3645319007337,1220716.285652067,243
2022-10-09,1411.924039231846,1219304.3616128352,243
2022-10-10,1405.5212856035214,1217898.8403272317,243
2022-10-11,1399.1560444007628,1216499.684282831,243
2022-10-12,1392.8495352524333,1215106.8347475785,243
2022-10-13,1386.8991013921332,1213719.9356461863,243
2022-10-14,1381.0909799027722,1212338.8446662836,243
2022-10-15,1375.315727520967,1210963.5289387626,243
2022-10-16,1369.5737223143224,1209593.9552164483,243
2022-10-17,1363.865460853558,1208230.0897555947,243
2022-10-18,1358.2123015378602,1206871.8774540569,243
2022-10-19,1352.60147082014,1205519.2759832367,243
2022-10-20,1347.0206650830805,1204172.2553181536,243
2022-10-21,1341.470004754141,1202830.7853133995,243
2022-10-22,1335.9495172044262,1201494.835796195,243
2022-10-23,1330.459163746331,1200164.3766324488,243
2022-10-24,1324.998766493285,1198839.3778659555,243
2022-10-25,1319.5658675888553,1197519.8119983666,243
2022-10-26,1314.1618209655862,1196205.650177401,243
2022-10-27,1308.8063442236744,1194896.8438331774,243
2022-10-28,1303.5392168234102,1193593.304616354,243
2022-10-29,1298.3464468196034,1192294.9581695343,243
2022-10-30,1293.1838244590908,1191001.7743450752,243
2022-10-31,1288.0405747396871,1189713.7337703356,243
2022-11-01,1282.9178754310124,1188430.8158949045,243
2022-11-02,1277.816593953874,1187152.9993009507,243
2022-11-03,1272.7502657186706,1185880.249035232,243
2022-11-04,1267.7378468678799,1184612.5111883641,243
2022-11-05,1262.7470299392007,1183349.764158425,243
2022-11-06,1257.8312706700526,1182091.9328877549,243
2022-11-07,1252.957552973181,1180838.9753347817,243
2022-11-08,1248.0996071631089,1179590.8757276186,243
2022-11-09,1243.2653149794787,1178347.610412639,243
2022-11-10,1238.458359807497,1177109.1520528316,243
2022-11-11,1233.6819574802648,1175875.4700953513,243
2022-11-12,1228.9121351782233,1174646.557960173,243
2022-11-13,1224.1562634557486,1173422.4016967174,243
2022-11-14,1219.4171249622013,1172202.9845717552,243
2022-11-15,1214.6953027544077,1170988.2892690008,243
2022-11-16,1209.9912639851682,1169778.2980050156,243
2022-11-17,1205.305375562515,1168572.992629453,243
2022-11-18,1200.644618325401,1167372.3480111277,243
2022-11-19,1196.0256067358423,1166176.3224043918,243
2022-11-20,1191.4211885228287,1164984.901215869,243
2022-11-21,1186.8303500134498,1163798.0708658556,243
2022-11-22,1182.254220356699,1162615.8166454989,243
2022-11-23,1177.7307768245228,1161438.0858686743,243
2022-11-24,1173.256376392208,1160264.8294922821,243
2022-11-25,1168.79394606594,1159096.0355462162,243
2022-11-26,1164.373436478898,1157931.6621097373,243
2022-11-27,1159.992870029062,1156771.6692397082,243
2022-11-28,1155.6221058149822,1155616.0471338932,243
2022-11-29,1151.2624162090942,1154464.7847176841,243
2022-11-30,1146.9148290269077,1153317.8698886572,243
2022-12-01,1142.580175475916,1152175.2897131813,243
2022-12-02,1138.259129686281,1151037.030583495,243
2022-12-03,1133.9522414826788,1149903.0783420124,243
2022-12-04,1129.6599606613163,1148773.418381351,243
2022-12-05,1125.3826552198734,1147648.0357261312,243
2022-12-06,1121.1206578284036,1146526.9150683028,243
2022-12-07,1116.8744024280459,1145410.0406658747,243
2022-12-08,1112.6441354395356,1144297.3965304352,243
2022-12-09,1108.4299877511803,1143188.966542684,243
2022-12-10,1104.2359865729231,1142084.730556111,243
2022-12-11,1100.0708501825575,1140984.6597059285,243
2022-12-12,1095.9218920068815,1139888.7378139216,243
2022-12-13,1091.8064977787435,1138796.931316143,243
2022-12-14,1087.730147918919,1137709.201168224,243
2022-12-15,1083.664190607611,1136625.5369776164,243
2022-12-16,1079.6092805827502,1135545.9276970336,243
2022-12-17,1075.5661674165167,1134470.361529617,243
2022-12-18,1071.5354645843618,1133398.8260650327,243
2022-12-19,1067.5176832331344,1132331.3083817996,243
2022-12-20,1063.5132605773397,1131267.7951212223,243
2022-12-21,1059.5229679637123,1130208.2721532586,243
2022-12-22,1055.5476238902193,1129152.7245293683,243
2022-12-23,1051.6269708706532,1128101.0975584977,243
2022-12-24,1047.752023801906,1127053.3455346958,243
2022-12-25,1043.9029873097315,1126009.442547386,243
2022-12-26,1040.0677953578997,1124969.3747520281,243
2022-12-27,1036.245984225301,1123933.1287678028,243
2022-12-28,1032.4377517285757,1122900.6910160743,243
2022-12-29,1028.6432522153482,1121872.047763859,243
2022-12-30,25289.381009769975,1501557.498146832,230
2022-12-31,51951.13026731543,1854581.1992722596,230
2023-01-01,18067.385269733597,1838861.3935888596,241
2023-01-02,35934.34846815132,1983140.8821036266,235
2023-01-03,51934.59988894922,2154504.1377041433,234
2023-01-04,188217.0967606887,2731762.9751573484,231
2023-01-05,129787.78916192974,2962060.3129254933,231
2023-01-06,109046.31285438899,3079480.661036062,234
2023-01-07,400152.9765401917,3713917.434120617,238
2023-01-08,521398.98935025476,4198876.731924926,240
2023-01-09,223694.4223300337,4197890.22543716,234
2023-01-10,264543.74728975166,4247851.334697256,232
2023-01-11,460166.09050873143,4445882.956739213,232
2023-01-12,285205.0164692922,4453348.716970983,232
2023-01-13,535984.1033531748,4624078.45049584,233
2023-01-14,313322.110236579,4614261.2642789055,232
2023-01-15,256053.7432328771,4574042.1344611775,234
2023-01-16,141529.12908470817,4432513.005376469,240
2023-01-17,124389.54939458892,4308123.45598188,242
2023-01-18,155399.3126520707,4269663.098115273,237
2023-01-19,108665.15738409618,4160997.9407311766,242
2023-01-20,98455.88826374663,4062542.05246743,242
2023-01-21,90205.8805994438,3972336.171867986,243
2023-01-22,83187.50688630156,3889148.6649816846,243
2023-01-23,77149.84316266607,3811998.8218190186,243
2023-01-24,71877.70067173569,3740121.121147283,243
2023-01-25,67255.06041258387,3672866.060734699,243
2023-01-26,63159.614884861745,3609706.4458498373,243
2023-01-27,59448.45823868504,3550257.987611152,243
2023-01-28,56088.04722994054,3494169.9403812117,243
2023-01-29,53036.73404986365,3441133.206331348,243
2023-01-30,50283.91352930851,3390849.2928020395,243
2023-01-31,47800.510091907345,3343048.782710132,243
2023-02-01,45543.75029294938,3297505.032417183,243
2023-02-02,83437.17737127087,3392771.99145019,236
2023-02-03,49539.92479201872,3343232.0666581714,242
2023-02-04,112206.6650677989,3485342.9977925485,234
2023-02-05,74266.80467703046,3479754.9546431806,239
2023-02-06,55171.386161242146,3424583.5684819384,242
2023-02-07,51324.0961909052,3373259.4722910332,242
2023-02-08,48363.81163051305,3324895.66066052,243
2023-02-09,45797.89006084949,3279097.7705996707,243
2023-02-10,43502.02641823236,3235595.7441814383,243
2023-02-11,41437.95888108201,3194157.7853003563,243
2023-02-12,39564.30568617815,3154593.479614178,243
2023-02-13,37846.12751514278,3116747.3520990354,243
2023-02-14,36252.318791931495,3080495.033307104,243
2023-02-15,34767.674082682934,3045727.359224421,243
2023-02-16,33372.10985468514,3012355.249369736,243
2023-02-17,32063.261000955943,2980291.98836878,243
2023-02-18,30840.87998697115,2949451.1083818087,243
2023-02-19,29701.926371788606,2919749.18201002,243
2023-02-20,28638.563148859423,2891110.6188611607,243
2023-02-21,27637.76065147994,2863472.8582096808,243
2023-02-22,26703.386284171604,2836769.471925509,243
2023-02-23,63650.667729704204,2985221.6260472564,235
2023-02-24,46609.636122420445,3007777.950167794,239
2023-02-25,36687.4231577115,2984629.91488092,241
2023-02-26,77748.07746499666,3113156.945104599,235
2023-02-27,134187.7714093646,3325304.3625859553,231
2023-02-28,87922.42851842534,3365482.9645322636,236
2023-03-01,52869.12018052861,3312613.844351735,241
2023-03-02,48492.03576686792,3264121.808584867,242
2023-03-03,45435.898272177204,3218685.91031269,242
2023-03-04,114849.29125604639,3376338.213696287,233
2023-03-05,80472.0682702511,3392991.650549574,238
2023-03-06,61312.147634222994,3362668.1459175115,240
2023-03-07,99105.26120972689,3428762.1714141937,236
2023-03-08,55497.0475652758,3373265.123848918,242
2023-03-09,717023.2206234296,4204414.407510559,242
2023-03-10,109319.7385852711,4095674.7038940573,239
2023-03-11,240871.57895133842,4188551.9220570237,232
2023-03-12,257043.18188034242,4252073.06045123,232
2023-03-13,406307.9027606776,4406896.727549823,229
2023-03-14,503587.37087887456,4560026.389638861,232
2023-03-15,137622.19987569842,4422404.189763162,239
2023-03-16,120106.05432617478,4302298.1354369875,241
2023-03-17,107806.31069449894,4194491.824742489,242
2023-03-18,165544.7923715109,4208679.70649429,235
2023-03-19,157752.31477651236,4194301.0907879947,236
2023-03-20,102244.84042574753,4100684.31743621,241
2023-03-21,385696.77800699463,4335720.442021096,228
2023-03-22,113966.39086312987,4221754.051157966,241
2023-03-23,100820.0818582084,4120933.969299758,242
2023-03-24,91470.9177563875,4029463.0515433704,242
2023-03-25,83947.46813448332,3945515.583408887,243
2023-03-26,77642.62672944413,3867872.956679443,243
2023-03-27,142953.4714731558,3940983.5042445874,235
2023-03-28,367591.7083249538,4213235.284440607,228
2023-03-29,133726.8102627881,4156822.4308605874,238
2023-03-30,96274.48557078745,4060547.9452898,241
2023-03-31,86991.36301198835,3973556.5822778116,242
2023-04-01,79875.8663364998,3893680.715941312,242
2023-04-02,74035.39891406614,3819645.3170272456,243
2023-04-03,69008.17349937186,3750637.143527874,243
2023-04-04,64593.27001958294,3686043.873508291,243
2023-04-05,60715.33454490453,3625328.5389633863,243
2023-04-06,75995.56519126672,3622590.4547330854,239
2023-04-07,70579.86019563157,3601867.430274045,240
2023-04-08,56884.90646237973,3544982.5238116654,242
2023-04-09,53434.955017922446,3491547.568793743,243
2023-04-10,50555.685718296096,3440991.883075447,243
2023-04-11,48000.71575630829,3392991.1673191385,243
2023-04-12,45675.71554355882,3347315.4517755797,243
2023-04-13,43553.37661233172,3303762.075163248,243
2023-04-14,41610.73648071196,3262151.338682536,243
2023-04-15,39833.47196735861,3222317.8667151774,243
2023-04-16,38186.65856040083,3184131.2081547766,243
2023-04-17,36649.0121026258,3147482.196052151,243
2023-04-18,35215.33049776498,3112266.865554386,243
2023-04-19,33869.145973464474,3078397.7195809213,243
2023-04-20,32606.827563623898,3045790.8920172974,243
2023-04-21,31412.39589216374,3014378.4961251337,243
2023-04-22,30289.586668990552,2984088.909456143,243
2023-04-23,29238.075289280154,2954850.834166863,243
2023-04-24,28247.715601284057,2926603.118565579,243
2023-04-25,27318.818896591663,2899284.2996689873,243
2023-04-26,26441.715788895264,2872842.583880092,243
2023-04-27,25607.480766105466,2847235.1031139866,243
2023-04-28,24811.683618152514,2822423.419495834,243
2023-04-29,24056.357911314815,2798367.061584519,243
2023-04-30,23345.89824137278,2775021.1633431464,243
2023-05-01,22676.67129823845,2752344.492044908,243
2023-05-02,22040.954409890808,2730303.537635017,243
2023-05-03,21436.700605013873,2708866.8370300033,243
2023-05-04,20856.875099037774,2688009.9619309655,243
2023-05-05,20304.294079132844,2667705.6678518327,243
2023-05-06,19780.309973353054,2647925.3578784796,243
2023-05-07,19280.917739367113,2628644.4401391125,243
2023-05-08,18802.36797074089,2609842.0721683716,243
2023-05-09,18348.206459128298,2591493.8657092433,243
2023-05-10,17917.63757382147,2573576.228135422,243
2023-05-11,17506.808179322165,2556069.4199560997,243
2023-05-12,17112.77599168988,2538956.64396441,243
2023-05-13,16734.87878631195,2522221.765178098,243
2023-05-14,16370.12677901471,2505851.638399083,243
2023-05-15,16015.785626998171,2489835.852772085,243
2023-05-16,15672.524387576617,2474163.3283845084,243
2023-05-17,15343.270157416351,2458820.058227092,243
2023-05-18,15026.557883941103,2443793.500343151,243
2023-05-19,14720.146335323341,2429073.3540078276,243
2023-05-20,14425.818783155177,2414647.5352246724,243
2023-05-21,14141.675303829834,2400505.8599208426,243
2023-05-22,13865.67209623009,2386640.1878246125,243
2023-05-23,13596.931726779789,2373043.2560978327,243
2023-05-24,13335.630940912291,2359707.6251569204,243
2023-05-25,13082.935053247027,2346624.6901036734,243
2023-05-26,12838.147533073556,2333786.5425706,243
2023-05-27,12600.63868208928,2321185.9038885105,243
2023-05-28,12369.658867088612,2308816.245021422,243
2023-05-29,12146.27538513951,2296669.9696362824,243
2023-05-30,11930.20281544188,2284739.7668208405,243
2023-05-31,11720.657644459046,2273019.1091763815,243
2023-06-01,11516.412972984836,2261502.6962033967,243
2023-06-02,11320.046645287424,2250182.649558109,243
2023-06-03,11132.133940164,2239050.515617945,243
2023-06-04,10951.300394661725,2228099.2152232835,243
2023-06-05,10775.716173035093,2217323.4990502484,243
2023-06-06,10604.293077524751,2206719.2059727237,243
2023-06-07,10437.804417220876,2196281.401555503,243
2023-06-08,10277.654058875516,2186003.7474966273,243
2023-06-09,10122.169533039443,2175881.577963588,243
2023-06-10,9969.79464334622,2165911.7833202416,243
2023-06-11,9821.04082934279,2156090.742490899,243
2023-06-12,9675.92315225862,2146414.81933864,243
2023-06-13,9534.393538112752,2136880.4258005274,243
2023-06-14,9396.549379247706,2127483.8764212797,243
2023-06-15,9262.688282701652,2118221.188138578,243
2023-06-16,9131.675453303382,2109089.5126852747,243
2023-06-17,9003.375265534502,2100086.13741974,243
2023-06-18,8878.400795337278,2091207.736624403,243
2023-06-19,8756.39843610418,2082451.3381882987,243
2023-06-20,8636.790739336284,2073814.5474489625,243
2023-06-21,8519.493903220398,2065295.053545742,243
2023-06-22,8404.981314259348,2056890.0722314827,243
2023-06-23,8293.558543784078,2048596.5136876986,243
2023-06-24,8184.893040594645,2040411.620647104,243
2023-06-25,8078.26034401753,2032333.3603030865,243
2023-06-26,7974.1239415223245,2024359.2363615641,243
2023-06-27,7872.615243864013,2016486.6211177001,243
2023-06-28,7772.701975780772,2008713.9191419194,243
2023-06-29,7674.336274655536,2001039.5828672638,243
2023-06-30,7578.3261327159125,1993461.256734548,243
2023-07-01,7484.719724763185,1985976.5370097847,243
2023-07-02,7393.314500691602,1978583.2225090931,243
2023-07-03,7303.910331449239,1971279.3121776439,243
2023-07-04,7216.668717510998,1964062.6434601329,243
2023-07-05,7130.970860944362,1956931.6725991885,243
2023-07-06,7047.038152385503,1949884.634446803,243
2023-07-07,6964.311667707516,1942920.3227790955,243
2023-07-08,6883.201818792382,1936037.1209603031,243
2023-07-09,6803.792911216617,1929233.3280490865,243
2023-07-10,6726.80198437022,1922506.5260647163,243
2023-07-11,6651.5325474683195,1915854.993517248,243
2023-07-12,6577.417735235067,1909277.575782013,243
2023-07-13,6505.198280376149,1902772.3775016367,243
2023-07-14,6434.2750735576265,1896338.1024280791,243
2023-07-15,6364.275469219778,1889973.8269588593,243
2023-07-16,6295.492110951804,1883678.3348479075,243
2023-07-17,6227.861874082126,1877450.4729738254,243
2023-07-18,6161.50734155043,1871288.965632275,243
2023-07-19,6096.364957748214,1865192.6006745268,243
2023-07-20,6032.806015287526,1859159.7946592392,243
2023-07-21,5970.521186023019,1853189.2734732162,243
2023-07-22,5909.07918260619,1847280.19429061,243
2023-07-23,5848.744419788942,1841431.449870821,243
2023-07-24,5789.215685587609,1835642.2341852335,243
2023-07-25,5730.502496845322,1829911.7316883882,243
2023-07-26,5672.715224080719,1824239.0164643074,243
2023-07-27,5615.8345851758495,1818623.1818791316,243
2023-07-28,5559.605417663697,1813063.576461468,243
2023-07-29,5504.042041289154,1807559.5344201787,243
2023-07-30,5449.176399201853,1802110.358020977,243
2023-07-31,5394.993929544231,1796715.3640914327,243
2023-08-01,5341.532993091736,1791373.831098341,243
2023-08-02,5288.915026103379,1786084.9160722375,243
2023-08-03,5236.984056198504,1780847.932016039,243
2023-08-04,5185.894891474862,1775662.0371245642,243
2023-08-05,5135.644431090215,1770526.392693474,243
2023-08-06,5086.483245154843,1765439.909448319,243
2023-08-07,5038.695436567068,1760401.214011752,243
2023-08-08,4991.808646862395,1755409.4053648897,243
2023-08-09,4945.54439660348,1750463.8609682862,243
2023-08-10,4899.768681149464,1745564.0922871367,243
2023-08-11,4854.694239331875,1740709.3980478048,243
2023-08-12,4810.58922922262,1735898.8088185822,243
2023-08-13,4767.7336616485845,1731131.0751569336,243
2023-08-14,4725.952001024503,1726405.1231559091,243
2023-08-15,4684.801898081321,1721720.3212578278,243
2023-08-16,4644.157714883331,1717076.1635429445,243
2023-08-17,4604.0264515897725,1712472.1370913547,243
2023-08-18,4564.424231428886,1707907.7128599258,243
2023-08-19,4525.204109410755,1703382.508750515,243
2023-08-20,4486.353415015619,1698896.1553354994,243
2023-08-21,4447.954403951997,1694448.2009315474,243
2023-08-22,4410.280865810346,1690037.920065737,243
2023-08-23,4373.242701390758,1685664.6773643463,243
2023-08-24,4336.622361185262,1681328.055003161,243
2023-08-25,4300.488398784772,1677027.5666043763,243
2023-08-26,4264.855787530076,1672762.7108168462,243
2023-08-27,4229.732950343285,1668532.977866503,243
2023-08-28,4194.920966009144,1664338.0569004938,243
2023-08-29,4160.426574681653,1660177.6303258121,243
2023-08-30,4126.258209407562,1656051.3721164046,243
2023-08-31,4092.420805668924,1651958.9513107357,243
2023-09-01,4058.951682395069,1647899.9996283406,243
2023-09-02,4025.8800032781437,1643874.1196250624,243
2023-09-03,3993.149730510544,1639880.969894552,243
2023-09-04,3960.825836636359,1635920.1440579155,243
2023-09-05,3928.8821810493246,1631991.2618768662,243
2023-09-06,3897.2649299390614,1628093.9969469272,243
2023-09-07,3866.01734640589,1624227.9796005213,243
2023-09-08,3835.0566356719937,1620392.9229648493,243
2023-09-09,3804.374722241191,1616588.548242608,243
2023-09-10,3773.9461655262858,1612814.6020770818,243
2023-09-11,3743.8274857776705,1609070.7745913041,243
2023-09-12,3714.0890690349042,1605356.6855222692,243
2023-09-13,3684.7380457462277,1601671.947476523,243
2023-09-14,3655.6321911253035,1598016.3152853977,243
2023-09-15,3626.79063212825,1594389.5246532694,243
2023-09-16,3598.225303266663,1590791.2993500028,243
2023-09-17,3570.144826667849,1587221.154523335,243
2023-09-18,3542.4012479411904,1583678.7532753937,243
2023-09-19,3515.018176904414,1580163.7350984893,243
2023-09-20,3488.2773068042006,1576675.4577916851,243
2023-09-21,3461.9153331134003,1573213.5424585717,243
2023-09-22,3435.7970899268985,1569777.7453686448,243
2023-09-23,3409.9432685400825,1566367.8021001047,243
2023-09-24,3384.4452529200353,1562983.3568471847,243
2023-09-25,3359.276751592988,1559624.0800955917,243
2023-09-26,3334.340455890866,1556289.7396397009,243
2023-09-27,3309.6054098652676,1552980.1342298356,243
2023-09-28,3285.1326322883833,1549695.0015975472,243
2023-09-29,3260.9584872748237,1546434.0431102724,243
2023-09-30,3237.0086505368818,1543197.0344597355,243
2023-10-01,3213.2815385553986,1539983.75292118,243
2023-10-02,3189.7544012742583,1536793.9985199058,243
2023-10-03,3166.5151669909246,1533627.483352915,243
2023-10-04,3143.568858865183,1530483.9144940497,243
2023-10-05,3120.8300480530597,1527363.0844459967,243
2023-10-06,3098.2730277851224,1524264.8114182116,243
2023-10-07,3075.940976468846,1521188.8704417427,243
2023-10-08,3053.792069689138,1518135.0783720536,243
2023-10-09,3031.8285256002564,1515103.2498464533,243
2023-10-10,3010.035979187116,1512093.2138672662,243
2023-10-11,2988.403875729535,1509104.8099915367,243
2023-10-12,2966.9417156884447,1506137.8682758482,243
2023-10-13,2945.6891698255204,1503192.1791060227,243
2023-10-14,2924.692217619624,1500267.486888403,243
2023-10-15,2903.900591108948,1497363.5862972941,243
2023-10-16,2883.266697211191,1494480.319600083,243
2023-10-17,2862.9639129829593,1491617.3556871,243
2023-10-18,2842.8796499101445,1488774.4760371898,243
2023-10-19,2823.031475444557,1485951.4445617453,243
2023-10-20,2803.4163390523754,1483148.028222693,243
2023-10-21,2784.030719465809,1480363.997503227,243
2023-10-22,2764.8150274651125,1477599.182475762,243
2023-10-23,2745.851247924613,1474853.3312278374,243
2023-10-24,2727.0351542134304,1472126.296073624,243
2023-10-25,2708.327701369999,1469417.968372254,243
2023-10-26,2689.751172099961,1466728.217200154,243
2023-10-27,2671.3099849312566,1464056.9072152227,243
2023-10-28,2653.0049298673403,1461403.9022853554,243
2023-10-29,2634.901346975239,1458769.0009383801,243
2023-10-30,2617.02467627055,1456151.9762621096,243
2023-10-31,2599.27579795965,1453552.70046415,243
2023-11-01,2581.665814924054,1450971.0346492259,243
2023-11-02,2564.2999278493226,1448406.7347213766,243
2023-11-03,2547.185188125586,1445859.549533251,243
2023-11-04,2530.199593357276,1443329.3499398937,243
2023-11-05,2513.493450097041,1440815.8564897967,243
2023-11-06,2497.0456239748746,1438318.8108658218,243
2023-11-07,2480.7610467330087,1435838.0498190888,243
2023-11-08,2464.740929799853,1433373.308889289,243
2023-11-09,2448.8495419393294,1430924.4593473496,243
2023-11-10,2433.0606692831498,1428491.3986780664,243
2023-11-11,2417.4190772266593,1426073.9796008398,243
2023-11-12,2401.973677304806,1423672.005923535,243
2023-11-13,2386.863475558581,1421285.1424479764,243
2023-11-14,2371.9738271266688,1418913.1686208497,243
2023-11-15,2357.312439668691,1416555.856181181,243
2023-11-16,2342.7849927088246,1414213.0711884722,243
2023-11-17,2328.342016784707,1411884.7291716875,243
2023-11-18,2314.0236894723494,1409570.7054822152,243
2023-11-19,2299.90771706705,1407270.797765148,243
2023-11-20,2285.895056308713,1404984.9027088394,243
2023-11-21,2271.9636531623546,1402712.939055677,243
2023-11-22,2258.111579724122,1400454.827475953,243
2023-11-23,2244.3419955335557,1398210.4854804194,243
2023-11-24,2230.65859449259,1395979.8268859268,243
2023-11-25,2217.154467036715,1393762.67241889,243
2023-11-26,2203.862857933622,1391558.8095609564,243
2023-11-27,2190.6923308460973,1389368.1172301103,243
2023-11-28,2177.660662603099,1387190.4565675072,243
2023-11-29,2164.732971399557,1385025.7235961077,243
2023-11-30,2152.088298839517,1382873.6352972682,243
2023-12-01,2139.8482931968756,1380733.7870040713,243
2023-12-02,2127.7513380066957,1378606.0356660646,243
2023-12-03,2115.7002427915577,1376490.335423273,243
2023-12-04,2103.6978325876407,1374386.6375906854,243
2023-12-05,2091.7532424337696,1372294.8843482516,243
2023-12-06,2079.875166234793,1370215.0091820168,243
2023-12-07,2068.0545843080617,1368146.9545977088,243
2023-12-08,2056.316420043353,1366090.6381776654,243
2023-12-09,2044.7513788274955,1364045.886798838,243
2023-12-10,2033.369661838049,1362012.5171369999,243
2023-12-11,2022.0633249341045,1359990.4538120658,243
2023-12-12,2010.8680160213262,1357979.5857960444,243
2023-12-13,1999.7586720937397,1355979.8271239507,243
2023-12-14,1988.7016695276834,1353991.125454423,243
2023-12-15,1977.7177182952873,1352013.4077361277,243
2023-12-16,1966.8719471748918,1350046.5357889528,243
2023-12-17,1956.0807458017953,1348090.455043151,243
2023-12-18,1945.3358927445952,1346145.1191504064,243
2023-12-19,1934.64024387463,1344210.4789065318,243
2023-12-20,1924.0102459727786,1342286.468660559,243
2023-12-21,1913.4931386760436,1340372.975521883,243
2023-12-22,1903.0571481268853,1338469.918373756,243
2023-12-23,1892.6819150191732,1336577.236458737,243
2023-12-24,1882.401395152323,1334694.8350635846,243
2023-12-25,1872.2412189184688,1332822.5938446661,243
2023-12-26,1862.2057428818662,1330960.3881017843,243
2023-12-27,1852.2348973564804,1329108.1532044278,243
2023-12-28,1842.3208412707318,1327265.832363157,243
2023-12-29,53113.70268678584,1890983.0754025013,227
2023-12-30,16338.846731406069,1875090.3210644168,241
2023-12-31,13527.53398976814,1862008.8794679702,242
2024-01-01,12109.495819841512,1849899.3836481287,242
2024-01-02,64055.6790903199,2203589.9548832253,230
2024-01-03,23098.250780566595,2180491.7041026587,241
2024-01-04,20093.57316744048,2160398.130935218,242
2024-01-05,18683.774601421785,2141714.3563337964,242
2024-01-06,25427.88912547635,2180152.2403906942,240
2024-01-07,19435.688899642322,2160716.551491052,242
2024-01-08,18416.666412176422,2143032.1955136564,243
2024-01-09,20627.989926957092,2148595.744473596,241
2024-01-10,18826.064229232405,2137263.247089105,242
2024-01-11,17552.2406969429,2119711.0063921623,243
2024-01-12,25687.87670129843,2165852.0780987497,240
2024-01-13,116570.23362680664,2589665.786156852,228
2024-01-14,37197.03658548277,2552468.749571369,241
2024-01-15,33060.564012223855,2519408.185559145,242
2024-01-16,54898.42997540708,2600059.0525967963,237
2024-01-17,34778.59736214578,2565280.4552346505,242
2024-01-18,32197.142329167575,2533083.312905483,242
2024-01-19,109356.02454158542,2800293.052006198,231
2024-01-20,168141.18434243463,3094073.9846667284,229
2024-01-21,424856.85465641785,3719408.2053765026,237
2024-01-22,93536.09526729288,3627549.87941938,239
2024-01-23,105918.5193388492,3604009.894588025,237
2024-01-24,107124.44039511094,3590865.7570877587,237
2024-01-25,77576.27109374432,3513289.4859940144,241
2024-01-26,70729.44974671537,3442560.036247299,242
2024-01-27,65318.01858159527,3377242.017665704,242
2024-01-28,60716.47736688238,3316525.5402988214,243
2024-01-29,56728.26132875215,3259797.2789700693,243
2024-01-30,53200.46034083143,3206596.818629238,243
2024-01-31,399014.3745244986,3824095.4558931226,234
2024-02-01,142549.3743504967,3822667.5970011456,236
2024-02-02,94193.45601462774,3748342.1082939617,240
2024-02-03,250980.05258285947,3931127.108325417,230
2024-02-04,609306.1640304677,4362279.76573009,237
2024-02-05,136580.16239928748,4249257.162643034,238
2024-02-06,113163.85408721957,4136093.3085558144,240
2024-02-07,124220.25663836232,4078517.365890508,238
2024-02-08,96384.75915358216,3982132.606736926,242
2024-02-09,87775.87656382145,3894356.7301731044,242
2024-02-10,80751.94767597783,3813604.7824971266,243
2024-02-11,74746.71236339957,3738858.070133727,243
2024-02-12,69565.66347602801,3669292.406657699,243
2024-02-13,65042.26843983075,3604250.1382178683,243
2024-02-14,158667.07948423823,3770352.592237986,232
2024-02-15,73889.49158019153,3696463.1006577946,242
2024-02-16,67593.26996576786,3628869.8306920268,242
2024-02-17,307729.75192391383,3964898.7762574,228
2024-02-18,380717.018165595,4198864.994397681,229
2024-02-19,317739.09649248724,4302442.559260966,230
2024-02-20,228037.91665555074,4311075.404782545,233
2024-02-21,128926.7791691147,4222389.78941538,239
2024-02-22,103695.36253422499,4118694.426881155,241
2024-02-23,93661.59084035736,4025032.8360407976,242
2024-02-24,85725.1924322173,3939307.6436085803,242
2024-02-25,79099.47747271042,3860208.16613587,243
2024-02-26,73441.32711889269,3786766.839016977,243
2024-02-27,68538.2059214972,3718228.63309548,243
2024-02-28,64208.70423969021,3654019.92885579,243
2024-02-29,144427.53967892617,3790720.1399300303,233
2024-03-01,176173.32902625215,3898978.0264635845,233
2024-03-02,131304.50339311705,3905857.5428342577,236
2024-03-03,88375.24999699729,3845752.4759041304,240
2024-03-04,151542.21796042513,3900946.749027676,235
2024-03-05,106219.9819379928,3873173.8003718928,238
2024-03-06,76432.16765824286,3796741.63271365,242
2024-03-07,70074.38172205398,3726667.250991596,242
2024-03-08,65133.21581704542,3661534.0351745505,243
2024-03-09,60951.193227721844,3600582.8419468286,243
2024-03-10,88894.76018468881,3627380.715067868,238
2024-03-11,133068.88030992815,3721189.426102616,234
2024-03-12,67162.53005007468,3654026.896052541,242
2024-03-13,61636.33665808849,3592390.5593944527,242
2024-03-14,57549.58286940446,3534840.9765250483,243
2024-03-15,54104.33931480674,3480736.6372102415,243
2024-03-16,51087.102913171984,3429649.5342970695,243
2024-03-17,48398.09479276836,3381251.439504301,243
2024-03-18,45978.06998034613,3335273.369523955,243
2024-03-19,43780.97022178443,3291492.3993021706,243
2024-03-20,41776.115109980106,3249716.2841921905,243
2024-03-21,39936.98819931224,3209779.2959928783,243
2024-03-22,54943.82103587246,3236768.740574493,239
2024-03-23,62240.03600901361,3274954.249765513,238
2024-03-24,42686.83646582859,3232267.4132996844,242
2024-03-25,40222.13703762321,3192045.276262061,243
2024-03-26,38285.88117116736,3153759.395090894,243
2024-03-27,93411.70784818125,3306455.49467368,234
2024-03-28,48022.856229585064,3268734.679942508,241
2024-03-29,138992.43981428514,3464981.0435996535,232
2024-03-30,55554.34820973454,3409426.695389919,241
2024-03-31,50637.79744307045,3358788.8979468485,242
2024-04-01,47376.725801316556,3311412.172145532,242
2024-04-02,44741.97526924079,3266670.196876291,243
2024-04-03,42443.9420365314,3224226.25483976,243
2024-04-04,40383.492300992366,3183842.7625387674,243
2024-04-05,38527.71853694692,3145315.0440018205,243
2024-04-06,36831.111596750095,3108483.9324050704,243
2024-04-07,35267.45033437293,3073216.4820706975,243
2024-04-08,33814.220125828404,3039402.261944869,243
2024-04-09,32461.377608528826,3006940.8843363402,243
2024-04-10,31202.892086665146,2975737.992249675,243
2024-04-11,30029.874027794227,2945708.118221881,243
2024-04-12,36871.12847277935,2954804.671029296,241
2024-04-13,38547.309985595166,2965831.873644502,240
2024-04-14,30558.49324072711,2935273.380403775,243
2024-04-15,29180.362769507803,2906093.017634267,243
2024-04-16,28044.75235576043,2878048.2652785066,243
2024-04-17,27013.504033506382,2851034.761245,243
2024-04-18,26063.561573937535,2824971.1996710626,243
2024-04-19,25177.75861495454,2799793.441056108,243
2024-04-20,24354.821647793986,2775438.619408314,243
2024-04-21,23587.140652966686,2751851.4787553474,243
2024-04-22,22865.519547688775,2728985.9592076587,243
2024-04-23,22183.18921095878,2706802.7699967,243
2024-04-24,21534.23053856194,2685268.539458138,243
2024-04-25,20920.73818501085,2664347.801273127,243
2024-04-26,20338.092866798863,2644009.708406328,243
2024-04-27,19787.190246734768,2624222.5181595935,243
2024-04-28,19265.251047023572,2604957.26711257,243
2024-04-29,18766.72472502105,2586190.542387549,243
2024-04-30,18294.331353498623,2567896.21103405,243
2024-05-01,17845.700916470494,2550050.5101175797,243
2024-05-02,17418.61983209243,2532631.8902854873,243
2024-05-03,17010.114016870968,2515621.7762686163,243
2024-05-04,16616.689353690483,2499005.086914926,243
2024-05-05,16238.666211063974,2482766.420703862,243
2024-05-06,15876.215990805067,2466890.204713057,243
2024-05-07,15526.04246933572,2451364.162243721,243
2024-05-08,15188.738986480981,2436175.42325724,243
2024-05-09,14867.935797885992,2421307.487459354,243
2024-05-10,14560.305245786905,2406747.182213567,243
2024-05-11,14262.856961976737,2392484.3252515905,243
2024-05-12,13973.841169260442,2378510.48408233,243
2024-05-13,13694.499069967773,2364815.9850123622,243
2024-05-14,13423.842273753602,2351392.1427386086,243
2024-05-15,13161.473007555585,2338230.669731053,243
2024-05-16,12907.727164341602,2325322.9425667115,243
2024-05-17,12663.22743633017,2312659.7151303813,243
2024-05-18,12426.592940809205,2300233.122189572,243
2024-05-19,12197.641843841411,2288035.4803457307,243
2024-05-20,11975.285934053361,2276060.1944116773,243
2024-05-21,11759.835421265103,2264300.358990412,243
2024-05-22,11551.160851108842,2252749.1981393034,243
2024-05-23,11349.841064248234,2241399.357075055,243
2024-05-24,11155.531670137309,2230243.825404918,243
2024-05-25,10967.926437135786,2219275.898967782,243
2024-05-26,10786.32754711248,2208489.5714206696,243
2024-05-27,10609.226342353038,2197880.3450783165,243
2024-05-28,10436.817286527716,2187443.527791789,243
2024-05-29,10268.912707124371,2177174.6150846644,243
2024-05-30,10106.005237326492,2167068.609847338,243
2024-05-31,9948.022302093916,2157120.587545244,243
2024-06-01,9794.758308942895,2147325.829236301,243
2024-06-02,9646.042740577366,2137679.7864957238,243
2024-06-03,9501.397555855103,2128178.3889398687,243
2024-06-04,9361.364467020612,2118817.024472848,243
2024-06-05,9225.770746330265,2109591.253726518,243
2024-06-06,9093.473578620702,2100497.780147897,243
2024-06-07,8963.944230502937,2091533.8359173941,243
2024-06-08,8837.185705860145,2082696.650211534,243
2024-06-09,8713.072829422541,2073983.5773821115,243
2024-06-10,8592.132611425593,2065391.4447706859,243
2024-06-11,8474.09061870561,2056917.3541519803,243
2024-06-12,8358.818156596273,2048558.535995384,243
2024-06-13,8246.533197086072,2040312.002798298,243
2024-06-14,8137.234790364979,2032174.768007933,243
2024-06-15,8030.624482872896,2024144.14352506,243
2024-06-16,7926.240373546025,2016217.903151514,243
2024-06-17,7823.743710202631,2008394.1594413114,243
2024-06-18,7723.447368287714,2000670.7120730237,243
2024-06-19,7625.7645440869965,1993044.9475289367,243
2024-06-20,7530.206045379862,1985514.7414835568,243
2024-06-21,7436.427028687438,1978078.3144548694,243
2024-06-22,7344.156167389825,1970734.1582874795,243
2024-06-23,7253.652124315733,1963480.5061631638,243
2024-06-24,7165.028535279911,1956315.477627884,243
2024-06-25,7078.099948703544,1949237.3776791804,243
2024-06-26,6992.81488194922,1942244.5627972311,243
2024-06-27,6909.43730676407,1935335.125490467,243
2024-06-28,6827.660734219011,1928507.464756248,243
2024-06-29,6747.302507573739,1921760.1622486743,243
2024-06-30,6668.944481965853,1915091.2177667085,243
2024-07-01,6593.5148043814115,1908497.702962327,243
2024-07-02,6520.033764817519,1901977.6691975095,243
2024-07-03,6447.842941684648,1895529.8262558249,243
2024-07-04,6376.649427458877,1889153.176828366,243
2024-07-05,6306.66982398578,1882846.5070043802,243
2024-07-06,6237.997826184612,1876608.5091781956,243
2024-07-07,6170.701260007452,1870437.8079181882,243
2024-07-08,6104.484684351832,1864333.3232338363,243
2024-07-09,6039.598702243529,1858293.7245315928,243
2024-07-10,5975.912456780672,1852317.8120748121,243
2024-07-11,5913.448376461165,1846404.363698351,243
2024-07-12,5852.199769745348,1840552.1639286056,243
2024-07-13,5792.070015375037,1834760.0939132306,243
2024-07-14,5732.772617126349,1829027.3212961042,243
2024-07-15,5674.375911358977,1823352.9453847453,243
2024-07-16,5616.838557107607,1817736.1068276376,243
2024-07-17,5560.0327753960155,1812176.0740522416,243
2024-07-18,5504.0172314073425,1806672.0568208343,243
2024-07-19,5448.941619459307,1801223.115201375,243
2024-07-20,5394.610723842401,1795828.5044775326,243
2024-07-21,5340.94900371274,1790487.5554738198,243
2024-07-22,5288.069111463614,1785199.4863623562,243
2024-07-23,5235.893127918709,1779963.5932344375,243
2024-07-24,5184.480482810643,1774779.1127516269,243
2024-07-25,5133.710219067987,1769645.402532559,243
2024-07-26,5083.567195719108,1764561.8353368398,243
2024-07-27,5034.823223941028,1759527.0121128988,243
2024-07-28,4987.376931141131,1754539.6351817576,243
2024-07-29,4940.978156532859,1749598.6570252248,243
2024-07-30,4895.505314725451,1744703.1517104993,243
2024-07-31,4851.133109630318,1739852.018600869,243
2024-08-01,4807.766240714584,1735044.2523601544,243
2024-08-02,4765.084354249295,1730279.168005905,243
2024-08-03,4723.041686048266,1725556.1263198568,243
2024-08-04,4681.532065157313,1720874.5942546995,243
2024-08-05,4640.4399419389665,1716234.1543127606,243
2024-08-06,4599.868860426359,1711634.2854523342,243
2024-08-07,4560.194303798024,1707074.0911485362,243
2024-08-08,4520.951753654284,1702553.139394882,243
2024-08-09,4482.09348711255,1698071.0459077694,243
2024-08-10,4443.698569758562,1693627.3473380108,243
2024-08-11,4405.697936085286,1689221.6494019255,243
2024-08-12,4368.206988526508,1684853.442413399,243
2024-08-13,4331.308053120971,1680522.134360278,243
2024-08-14,4294.83863877831,1676227.2957214997,243
2024-08-15,4258.861530078575,1671968.4341914211,243
2024-08-16,4223.257267228328,1667745.1769241928,243
2024-08-17,4188.072843497386,1663557.1040806954,243
2024-08-18,4153.272647077916,1659403.8314336175,243
2024-08-19,4118.906269107014,1655284.9251645105,243
2024-08-20,4085.109741552733,1651199.8154229578,243
2024-08-21,4051.6358607867733,1647148.179562171,243
2024-08-22,4018.4745967732742,1643129.7049653977,243
2024-08-23,3985.633974884404,1639144.0709905133,243
2024-08-24,3953.199824852636,1635190.8711656607,243
2024-08-25,3921.2187199383043,1631269.6524457224,243
2024-08-26,3889.627773483284,1627380.024672239,243
2024-08-27,3858.3313441779464,1623521.6933280611,243
2024-08-28,3827.318395052338,1619694.3749330088,243
2024-08-29,3796.5690492542926,1615897.8058837545,243
2024-08-30,3766.1139765735716,1612131.691907181,243
2024-08-31,3735.982184065506,1608395.7097231154,243
2024-09-01,3706.096301981248,1604689.6134211342,243
2024-09-02,3676.488653796725,1601013.1247673375,243
2024-09-03,3647.1684796912596,1597365.9562876462,243
2024-09-04,3618.186326634139,1593747.769961012,243
2024-09-05,3589.6175049373414,1590158.1524560747,243
2024-09-06,3561.4114533553366,1586596.7410027194,243
2024-09-07,3533.4880733019672,1583063.2529294174,243
2024-09-08,3505.9172745058313,1579557.3356549116,243
2024-09-09,3478.740796318045,1576078.5948585935,243
2024-09-10,3452.0492874977645,1572626.5455710958,243
2024-09-11,3425.816308693029,1569200.7292624027,243
2024-09-12,3400.145201737527,1565800.5840606652,243
2024-09-13,3374.7525886930525,1562425.8314719722,243
2024-09-14,3349.61186207016,1559076.219609902,243
2024-09-15,3324.668713695137,1555751.5508962069,243
2024-09-16,3299.918161564041,1552451.6327346428,243
2024-09-17,3275.350872606039,1549176.2818620368,243
2024-09-18,3251.0112228284124,1545925.2706392084,243
2024-09-19,3226.9512262956705,1542698.3194129127,243
2024-09-20,3203.175788674038,1539495.1436242387,243
2024-09-21,3179.7877636456396,1536315.355860593,243
2024-09-22,3156.7640810576268,1533158.5917795354,243
2024-09-23,3133.924952101661,1530024.6668274337,243
2024-09-24,3111.2680967717897,1526913.398730662,243
2024-09-25,3088.80731536611,1523824.5914152958,243
2024-09-26,3066.587553861318,1520758.0038614345,243
2024-09-27,3044.616649330361,1517713.3872121042,243
2024-09-28,3022.8179458025843,1514690.5692663016,243
2024-09-29,3001.1742245762143,1511689.3950417254,243
2024-09-30,2979.721835762495,1508709.6732059629,243
