date,unimpaired_Q_m3d,pumped_Q_m3d,depletion_m3d,depletion_fraction_pct,cumulative_depletion_m3
2010-10-01,0.0,0.0,0.0,0.0,0.0
2010-10-02,0.0,0.0,0.0,0.0,0.0
2010-10-03,0.0,0.0,0.0,0.0,0.0
2010-10-04,0.0,0.0,0.0,0.0,0.0
2010-10-05,0.0,0.0,0.0,0.0,0.0
2010-10-06,0.0,0.0,0.0,0.0,0.0
2010-10-07,0.0,0.0,0.0,0.0,0.0
2010-10-08,0.0,0.0,0.0,0.0,0.0
2010-10-09,0.0,0.0,0.0,0.0,0.0
2010-10-10,0.0,0.0,0.0,0.0,0.0
2010-10-11,0.0,0.0,0.0,0.0,0.0
2010-10-12,0.0,0.0,0.0,0.0,0.0
2010-10-13,0.0,0.0,0.0,0.0,0.0
2010-10-14,0.0,0.0,0.0,0.0,0.0
2010-10-15,0.0,0.0,0.0,0.0,0.0
2010-10-16,0.0,0.0,0.0,0.0,0.0
2010-10-17,0.0,0.0,0.0,0.0,0.0
2010-10-18,0.0,0.0,0.0,0.0,0.0
2010-10-19,0.0,0.0,0.0,0.0,0.0
2010-10-20,0.0,0.0,0.0,0.0,0.0
2010-10-21,0.0,0.0,0.0,0.0,0.0
2010-10-22,0.0,0.0,0.0,0.0,0.0
2010-10-23,0.0,0.0,0.0,0.0,0.0
2010-10-24,0.0,0.0,0.0,0.0,0.0
2010-10-25,0.0,0.0,0.0,0.0,0.0
2010-10-26,0.0,0.0,0.0,0.0,0.0
2010-10-27,0.0,0.0,0.0,0.0,0.0
2010-10-28,0.0,0.0,0.0,0.0,0.0
2010-10-29,0.0,0.0,0.0,0.0,0.0
2010-10-30,0.0,0.0,0.0,0.0,0.0
2010-10-31,0.0,0.0,0.0,0.0,0.0
2010-11-01,0.0,0.0,0.0,0.0,0.0
2010-11-02,0.0,0.0,0.0,0.0,0.0
2010-11-03,0.0,0.0,0.0,0.0,0.0
2010-11-04,0.0,0.0,0.0,0.0,0.0
2010-11-05,0.0,0.0,0.0,0.0,0.0
2010-11-06,0.0,0.0,0.0,0.0,0.0
2010-11-07,0.0,0.0,0.0,0.0,0.0
2010-11-08,0.0,0.0,0.0,0.0,0.0
2010-11-09,0.0,0.0,0.0,0.0,0.0
2010-11-10,0.0,0.0,0.0,0.0,0.0
2010-11-11,0.0,0.0,0.0,0.0,0.0
2010-11-12,0.0,0.0,0.0,0.0,0.0
2010-11-13,0.0,0.0,0.0,0.0,0.0
2010-11-14,0.0,0.0,0.0,0.0,0.0
2010-11-15,0.0,0.0,0.0,0.0,0.0
2010-11-16,0.0,0.0,0.0,0.0,0.0
2010-11-17,0.0,0.0,0.0,0.0,0.0
2010-11-18,0.0,0.0,0.0,0.0,0.0
2010-11-19,0.0,0.0,0.0,0.0,0.0
2010-11-20,0.0,0.0,0.0,0.0,0.0
2010-11-21,0.0,0.0,0.0,0.0,0.0
2010-11-22,1045.9368374273472,1006.2860526879667,39.65078473938047,3.7909349131356787,39.65078473938047
2010-11-23,0.0,0.0,0.0,0.0,39.65078473938047
2010-11-24,0.0,0.0,0.0,0.0,39.65078473938047
2010-11-25,0.0,0.0,0.0,0.0,39.65078473938047
2010-11-26,8281.559625765309,8197.386869624344,84.17275614096434,1.016387733043531,123.82354088034481
2010-11-27,5866.495739817314,5815.119831287193,51.375908530120796,0.8757512288199611,175.1994494104656
2010-11-28,3957.8211795544485,3912.963045398902,44.858134155546395,1.133404772991697,220.057583566012
2010-11-29,3229.1900006046053,3186.732395110849,42.45760549375609,1.3148066693445322,262.5151890597681
2010-11-30,2812.032843155088,2769.291488948592,42.741354206496,1.5199450572042537,305.2565432662641
2010-12-01,2503.688827710459,2459.4455199194826,44.24330779097636,1.767124863972629,349.49985105724045
2010-12-02,3988.3975913166432,3939.108772757594,49.288818559049105,1.2358050427660088,398.78866961628955
2010-12-03,3004.4770749047743,2958.2105480580694,46.26652684670489,1.5399194499818671,445.05519646299445
2010-12-04,4774.52723187775,4721.251846434367,53.27538544338313,1.1158253551824588,498.3305819063776
2010-12-05,40305.52104490792,40028.225709660794,277.29533524712315,0.6879835021563524,775.6259171535007
2010-12-06,15266.093977744458,15208.398354124603,57.695623619854814,0.37793310917622985,833.3215407733555
2010-12-07,42828.028128163016,42590.248116269184,237.78001189383212,0.5551971974574095,1071.1015526671877
2010-12-08,38131.42442543359,37986.848022692226,144.57640274136793,0.3791529032021571,1215.6779554085556
2010-12-09,26601.86167563928,26516.89182983592,84.96984580335993,0.31941315551298904,1300.6478012119155
2010-12-10,20205.585976942555,20151.96448143476,53.62149550779577,0.2653795617161785,1354.2692967197113
2010-12-11,18380.5085032708,18325.93036249778,54.578140773021005,0.2969348794855641,1408.8474374927323
2010-12-12,17398.204713463783,17344.232728586623,53.97198487716014,0.31021582839172684,1462.8194223698924
2010-12-13,38112.55983902095,37945.95954604156,166.60029297939036,0.43712700926695364,1629.4197153492828
2010-12-14,22666.91387517596,22600.948407094173,65.96546808178755,0.29102094994074473,1695.3851834310703
2010-12-15,20583.191013796488,20518.94442319786,64.24659059862825,0.31213134326725667,1759.6317740296986
2010-12-16,24587.0329815987,24497.741125303597,89.29185629510175,0.3631664559197895,1848.9236303248003
2010-12-17,92008.4784658309,91669.89338334708,338.58508248382714,0.3679933503188699,2187.5087128086275
2010-12-18,135059.03716935473,134822.49818563124,236.53898372349795,0.1751374722351192,2424.0476965321254
2010-12-19,105624.49397888943,105450.35137439691,174.14260449251742,0.1648695278268716,2598.190301024643
2010-12-20,65469.75327491468,65349.45733880805,120.29593610662414,0.1837427668338512,2718.486237131267
2010-12-21,198880.98518234747,198604.71420589834,276.2709764491301,0.13891271515767398,2994.757213580397
2010-12-22,70333.34480891188,70238.91731867433,94.42749023754732,0.1342570732191063,3089.1847038179444
2010-12-23,61868.43937375676,61778.855421265216,89.58395249154273,0.14479749836641634,3178.768656309487
2010-12-24,56572.79191644117,56485.965669303296,86.82624713787663,0.15347704116515984,3265.594903447364
2010-12-25,198243.91350387502,197945.48732365947,298.42618021555245,0.15053485120476054,3564.021083662916
2010-12-26,89840.56888757844,89715.71104734643,124.85784023201268,0.13897712556590433,3688.878923894929
2010-12-27,68756.82909218696,68664.98026200682,91.8488301801408,0.13358502914233117,3780.7277540750697
2010-12-28,456799.9773996046,456253.46286722156,546.5145323830657,0.11963978971587809,4327.242286458135
2010-12-29,103342.49763589725,103249.90236660241,92.595269294834,0.08960037875325158,4419.837555752969
2010-12-30,90551.0881067682,90462.95923583079,88.12887093742029,0.0973250269875367,4507.966426690389
2010-12-31,81861.25746009639,81774.10378332259,87.15367677379982,0.10646510874363643,4595.120103464189
2011-01-01,140626.14491890857,140392.24232293715,233.90259597141994,0.1663293807181437,4829.022699435609
2011-01-02,81071.02596910158,80978.50314805962,92.5228210419591,0.11412563235257701,4921.545520477568
2011-01-03,73474.83700657077,73386.3989602167,88.43804635407287,0.12036508001530369,5009.983566831641
2011-01-04,67643.01894388674,67555.8539863874,87.16495749933529,0.12886024139703606,5097.148524330976
2011-01-05,62794.280903219245,62708.459170385526,85.82173283371958,0.13667125668019203,5182.970257164696
2011-01-06,58588.520773184486,58502.53117828749,85.98959489699337,0.14676867373028155,5268.959852061689
2011-01-07,54882.59748417698,54798.66159546308,83.93588871389511,0.15293716507877453,5352.895740775584
2011-01-08,51593.43100908212,51509.77789306993,83.65311601219582,0.16213908316636308,5436.54885678778
2011-01-09,48626.473080941476,48544.65026387086,81.82281707061338,0.1682680480124782,5518.3716738583935
2011-01-10,45928.78504082281,45847.21371025525,81.57133056755993,0.17760393725864293,5599.943004425953
2011-01-11,43508.04223866761,43426.07956359608,81.96267507152515,0.1883851142322399,5681.905679497479
2011-01-12,41322.97687088139,41239.88948289098,83.0873879904102,0.20106825374664253,5764.993067487889
2011-01-13,63977.38504492308,63815.768182016254,161.616862906827,0.252615612209446,5926.609930394716
2011-01-14,43015.35506087262,42920.97133054471,94.38373032791424,0.21941869407877332,6020.99366072263
2011-01-15,40428.56109794788,40338.410318454524,90.15077949335682,0.22298785077941546,6111.144440215987
2011-01-16,38350.694522036705,38263.98167578902,86.71284624768305,0.22610502189955636,6197.85728646367
2011-01-17,36497.47849313775,36411.62286102053,85.85563211722183,0.23523716065306918,6283.712918580892
2011-01-18,34816.53159179725,34730.083999013325,86.44759278392303,0.24829467161596885,6370.160511364815
2011-01-19,33287.85173775954,33199.53357036112,88.31816739842179,0.26531651274521717,6458.4786787632365
2011-01-20,31871.921126196627,31781.692455272452,90.22867092417437,0.2830976851596571,6548.707349687411
2011-01-21,30549.834970417432,30458.104253243917,91.73071717351559,0.3002658353550582,6640.4380668609265
2011-01-22,29315.988275581505,29224.5477474395,91.44052814200404,0.31191351041086557,6731.8785950029305
2011-01-23,28166.737067750655,28074.715945367498,92.02112238315749,0.32670139307160484,6823.899717386088
2011-01-24,27088.464517480228,26997.489865876065,90.97465160416323,0.3358427774503687,6914.874368990251
2011-01-25,26080.047491408885,25989.446162432694,90.60132897619042,0.34739710119790124,7005.475697966442
2011-01-26,25141.04156725295,25048.323515410797,92.71805184215191,0.36879160950483564,7098.193749808594
2011-01-27,24262.7878967789,24169.398821964656,93.38907481424394,0.3849066117692195,7191.5828246228375
2011-01-28,23443.864090672694,23349.011898635683,94.85219203701126,0.4045928250998046,7286.435016659849
2011-01-29,39782.34203252202,39635.2824577492,147.0595747728221,0.3696604253530399,7433.494591432671
2011-01-30,26968.750559756576,26867.18879847259,101.5617612839851,0.3765905322864235,7535.056352716656
2011-01-31,25056.432517404202,24959.635429788643,96.79708761555958,0.38631631836784547,7631.8534403322155
2011-02-01,24036.027360621374,23942.06480535079,93.96255527058383,0.3909238155741338,7725.815995602799
2011-02-02,23136.009438379202,23041.394854656013,94.61458372318884,0.40894945161215795,7820.430579325988
2011-02-03,22311.42837051768,22216.966980415455,94.46139010222396,0.4233767042321918,7914.891969428212
2011-02-04,21549.430400663987,21455.577484120207,93.85291654377943,0.435523885312939,8008.744885971992
2011-02-05,20841.37576725334,20749.57516637916,91.80060087417951,0.4404728454559111,8100.545486846171
2011-02-06,20178.983471738175,20085.679003071098,93.30446866707643,0.46238438520827724,8193.849955513248
2011-02-07,19550.57012451347,19456.65951861214,93.91060590132838,0.4803471474398521,8287.760561414576
2011-02-08,18955.181641144212,18860.65172835585,94.52991278836271,0.4987022260086161,8382.290474202939
2011-02-09,18391.05676694261,18294.988014983537,96.06875195907196,0.522366676240991,8478.35922616201
2011-02-10,17859.284906207584,17762.72372672014,96.56117948744213,0.5406777482668363,8574.920405649453
2011-02-11,17359.142752445303,17261.924140669464,97.21861177583924,0.5600427000471812,8672.139017425292
2011-02-12,16884.439498257358,16787.084216241317,97.35528201604029,0.5765976538699336,8769.494299441332
2011-02-13,16433.59864568105,16335.835781674426,97.7628640066232,0.5948962617041672,8867.257163447955
2011-02-14,27261.4457659358,27138.237003012124,123.20876292367757,0.451952416542895,8990.465926371633
2011-02-15,232213.74098769424,231080.88496337575,1132.856024318491,0.4878505550532967,10123.321950690124
2011-02-16,129392.26006656158,129134.20205951971,258.0580070418655,0.19943851889526937,10381.37995773199
2011-02-17,181691.62423155626,181352.84999232867,338.77423922758317,0.18645561712621025,10720.154196959573
2011-02-18,128958.58262449,128709.21310175085,249.36952273914358,0.1933717924500411,10969.523719698716
2011-02-19,70582.33305647876,70453.13084544806,129.2022110307007,0.1830517715067811,11098.725930729417
2011-02-20,63863.32077287743,63740.19290403003,123.12786884739762,0.1927990391938555,11221.853799576815
2011-02-21,59093.65622813115,58973.619728066085,120.03650006506359,0.20312924893606601,11341.890299641878
2011-02-22,55184.11009968445,55067.23580710316,116.87429258128395,0.21178975681616052,11458.764592223162
2011-02-23,51808.10927471891,51694.35507761693,113.75419710198184,0.21956832375176275,11572.518789325144
2011-02-24,155335.26366570278,154923.90225562005,411.36141008272534,0.26482165116609757,11983.88019940787
2011-02-25,64462.8120950507,64341.86468335573,120.94741169497138,0.18762354257309452,12104.82761110284
2011-02-26,58451.328777442686,58336.60431392776,114.72446351492545,0.19627349097870203,12219.552074617766
2011-02-27,54246.54561514547,54133.48492123379,113.06069391168421,0.2084200802642777,12332.61276852945
2011-02-28,50791.754076286685,50681.63436529698,110.11971098970389,0.21680627690925888,12442.732479519154
2011-03-01,223832.76314056164,223294.39276411012,538.370376451523,0.24052349124307565,12981.102855970677
2011-03-02,77033.98541719513,76858.04507615315,175.94034104197635,0.22839314373926167,13157.043197012654
2011-03-03,64924.33199618012,64770.4021157789,153.92988040121418,0.23709120397306635,13310.973077413868
2011-03-04,59647.181078379974,59491.97376839714,155.20730998283398,0.2602089607200083,13466.180387396702
2011-03-05,124286.10745715356,123917.5897141541,368.517742999451,0.29650759086368034,13834.698130396153
2011-03-06,79124.93664484283,78912.64257975147,212.29406509136606,0.26830235080536124,14046.992195487519
2011-03-07,63876.948791739356,63707.90537747621,169.04341426314932,0.26463914989785836,14216.035609750668
2011-03-08,57192.015964303166,57031.5624306499,160.45353365326446,0.2805523305095815,14376.489143403933
2011-03-09,53348.51775401365,53187.982307609076,160.53544640457403,0.3009182881983562,14537.024589808507
2011-03-10,54447.652489590204,54272.36435090436,175.28813868584257,0.3219388360579104,14712.31272849435
2011-03-11,48314.90990647301,48154.365902135054,160.54400433795672,0.3322866681294334,14872.856732832306
2011-03-12,45560.568652363494,45401.193762041534,159.37489032196027,0.34980882600044666,15032.231623154266
2011-03-13,106682.44684111691,106251.03111327239,431.41572784452,0.404392419389322,15463.647350998786
2011-03-14,79301.80629913016,79030.61795505567,271.18834407448594,0.34196994586926643,15734.835695073272
2011-03-15,266837.68274919235,266081.3012119228,756.3815372695681,0.28346128982858493,16491.21723234284
2011-03-16,75950.74679984385,75769.65777779502,181.08902204883634,0.23842954767260913,16672.306254391675
2011-03-17,98774.90201252262,98471.14342387317,303.75858864944894,0.3075260845218946,16976.064843041124
2011-03-18,186313.31325067568,185766.37220480922,546.9410458664643,0.2935598301183025,17523.005888907588
2011-03-19,344861.9803651876,343932.7790373806,929.2013278070372,0.2694415101435856,18452.207216714625
2011-03-20,97683.9663951071,97500.9766029128,182.98979219430475,0.18732838043672084,18635.19700890893
2011-03-21,86487.9130521128,86310.68289594204,177.23015617075725,0.20491898800236774,18812.427165079687
2011-03-22,225620.75515737303,224942.41051587096,678.3446415020735,0.30065702112774173,19490.77180658176
2011-03-23,191376.55431973067,190858.25946714825,518.2948525824177,0.2708246338872359,20009.06665916418
2011-03-24,260010.36196464684,259270.67407383677,739.6878908100771,0.2844840048761792,20748.754549974255
2011-03-25,291648.86555781617,290845.1883829118,803.6771749043837,0.275563278248056,21552.43172487864
2011-03-26,131013.21041028478,130779.99729070287,233.21311958190927,0.17800733136114463,21785.64484446055
2011-03-27,166945.93129300693,166535.004015724,410.9272772829281,0.24614393061290568,22196.572121743477
2011-03-28,100125.31661860272,99962.16855836651,163.1480602362135,0.16294386449500775,22359.72018197969
2011-03-29,90164.20213850774,90004.05095160884,160.1511868989037,0.17762169808022465,22519.871368878594
2011-03-30,82543.90747638652,82380.65544571719,163.25203066933318,0.1977759905733018,22683.123399547927
2011-03-31,76232.06208900595,76068.97984167738,163.08224732856615,0.21392868415150162,22846.205646876493
2011-04-01,70869.08294817805,70677.94414827034,191.13879990771238,0.2697068904468254,23037.344446784206
2011-04-02,66186.71835024469,65998.4413360608,188.2770141838846,0.28446343749446307,23225.62146096809
2011-04-03,62072.37524656672,61884.697098599216,187.67814796750463,0.3023537398432087,23413.299608935595
2011-04-04,58424.97659239406,58238.40859080891,186.5680015851467,0.31932918499351987,23599.86761052074
2011-04-05,55125.88359670201,54937.35815644537,188.52544025664247,0.3419907817458028,23788.393050777384
2011-04-06,52128.92265228741,51938.61810497188,190.3045473155289,0.36506518384219544,23978.697598092913
2011-04-07,49440.9721967401,49247.808775321515,193.1634214185833,0.3906950305304061,24171.861019511496
2011-04-08,47010.30606238777,46814.537278190655,195.76878419711284,0.41643801241648254,24367.62980370861
2011-04-09,44786.32875168277,44588.21103716449,198.117714518281,0.4423620333266032,24565.74751822689
2011-04-10,42752.93234646786,42551.999651233135,200.93269523472554,0.4699857628627106,24766.680213461615
2011-04-11,40880.52622054517,40676.62839676154,203.89782378363452,0.49876516433186807,24970.57803724525
2011-04-12,39141.671293249354,38933.70301069592,207.9682825534328,0.5313219279660664,25178.546319798683
2011-04-13,37530.92689041281,37322.185983115276,208.74090729753516,0.5561837252435605,25387.287227096218
2011-04-14,36028.686053327285,35816.58357159368,212.10248173360742,0.5887044601617369,25599.389708829825
2011-04-15,34621.89045201242,34406.11912368511,215.7713283273115,0.6232222605706086,25815.161037157137
2011-04-16,33303.30782737536,33083.392397919604,219.9154294557593,0.6603411006368217,26035.076466612896
2011-04-17,32060.354908865876,31836.1862919153,224.16861695057742,0.6992081578254347,26259.245083563474
2011-04-18,30882.76098734513,30654.4425189378,228.3184684073276,0.7393071769097522,26487.5635519708
2011-04-19,29773.32111386396,29544.73998048476,228.58113337920076,0.7677381119325712,26716.144685350002
2011-04-20,28730.742845315486,28503.89442397368,226.84842134180508,0.7895668502660815,26942.993106691807
2011-04-21,27754.203074759804,27529.38604723935,224.81702752045385,0.81002876182349,27167.81013421226
2011-04-22,26837.464987853542,26611.186959743434,226.2780281101077,0.8431423318577951,27394.08816232237
2011-04-23,25973.946438320912,25745.713999933032,228.2324383878804,0.87869757847485,27622.32060071025
2011-04-24,25156.748405336402,24926.022293221606,230.7261121147967,0.9171539516842078,27853.046712825046
2011-04-25,24377.845214479603,24145.052642038027,232.79257244157634,0.9549349845871756,28085.839285266622
2011-04-26,23639.28459164221,23404.89170201582,234.39288962638966,0.9915396919806131,28320.23217489301
2011-04-27,22943.49410141399,22708.698648834536,234.79545257945574,1.023363972120469,28555.027627472467
2011-04-28,22286.855823654216,22053.172444527903,233.6833791263125,1.048525556836474,28788.71100659878
2011-04-29,21662.150741833262,21429.08939534326,233.0613464900016,1.0758919982950765,29021.77235308878
2011-04-30,21066.669469286688,20834.190011499384,232.47945778730355,1.1035415831925295,29254.251810876085
2011-05-01,20498.058824644424,20200.186929138916,297.8718955055083,1.453171239548706,29552.123706381593
2011-05-02,19955.830475937575,19653.106822224872,302.7236537127028,1.5169684573023519,29854.847360094296
2011-05-03,19442.170552616473,19131.07860830154,311.09194431493233,1.6000885470736006,30165.93930440923
2011-05-04,18950.999581953045,18634.389243756494,316.6103381965513,1.6706788305671114,30482.54964260578
2011-05-05,18480.12949984381,18160.257330961133,319.8721688826772,1.7308978753930306,30802.421811488457
2011-05-06,18032.4695570725,17709.33629950283,323.1332575696724,1.7919523254813237,31125.55506905813
2011-05-07,17609.45867858641,17282.998899323473,326.4597792629356,1.8538887834179694,31452.014848321065
2011-05-08,17206.076467991807,16871.50664030442,334.56982768738817,1.9444864627318328,31786.584676008453
2011-05-09,16818.364362820983,16478.27148790339,340.0928749175946,2.022151902413357,32126.677550926048
2011-05-10,16443.510783702135,16099.156668900117,344.35411480201765,2.094164192377468,32471.031665728064
2011-05-11,16081.647602678277,15733.273917800818,348.3736848774588,2.166281052069813,32819.40535060552
2011-05-12,15731.8269930752,15379.005988256611,352.82100481858834,2.2427211090860095,33172.22635542411
2011-05-13,15392.19891126128,15033.451230112534,358.74768114874496,2.330711051858075,33530.97403657285
2011-05-14,15065.74791060714,14704.670652545594,361.0772580615467,2.3966766217250175,33892.051294634395
2011-05-15,14751.767433238216,14388.833678331763,362.93375490645303,2.4602730252424,34254.98504954085
2011-05-16,14449.431389088277,14083.992676313106,365.43871277517064,2.5290871518386364,34620.423762316015
2011-05-17,14157.87050896231,13790.092912494742,367.7775964675693,2.5976900709379724,34988.20135878358
2011-05-18,13876.779736109544,13506.599394939445,370.1803411700985,2.6676242486348007,35358.38169995368
2011-05-19,13604.735401161946,13231.693275960233,373.04212520171313,2.7420020617957226,35731.42382515539
2011-05-20,13341.255866672844,12964.444796437934,376.8110702349095,2.8244047936761585,36108.2348953903
2011-05-21,13085.01288957335,12704.636834134884,380.3760554384662,2.9069597305598736,36488.61095082876
2011-05-22,12835.823921385221,12452.640970419698,383.18295096552356,2.9852618212308033,36871.793901794284
2011-05-23,12594.595601007342,12209.10217700021,385.4934240071325,3.060784452470232,37257.287325801415
2011-05-24,12361.397436156403,11973.348629024882,388.04880713152124,3.139198534273317,37645.336132932935
2011-05-25,12134.907449573744,11739.748850586895,395.15859898684903,3.2563791741215917,38040.49473191978
2011-05-26,11915.747698857449,11516.871062362638,398.87663649481146,3.347474674485245,38439.37136841459
2011-05-27,11703.991963423789,11303.509652426072,400.4823109977169,3.42175825350245,38839.85367941231
2011-05-28,11499.529154622927,11096.68850931346,402.8406453094667,3.503105561043955,39242.69432472177
2011-05-29,11301.217589152046,10895.98286365492,405.2347254971264,3.5857616429410952,39647.929050218896
2011-05-30,11108.47276434023,10701.504770731159,406.9679936090706,3.6635818644260034,40054.897043827965
2011-05-31,10923.820663180202,10514.703705095757,409.1169580844453,3.7451819349562716,40464.01400191241
2011-06-01,10745.2396281939,10203.158419336662,542.0812088572384,5.044849883430225,41006.09521076965
2011-06-02,10571.796434809454,10019.918415490542,551.8780193189123,5.220286095386392,41557.973230088566
2011-06-03,10403.211738256738,9833.034806464802,570.1769317919352,5.480777918757227,42128.150161880505
2011-06-04,10239.841073517688,9655.317855459176,584.5232180585117,5.708323145465681,42712.67337993902
2011-06-05,10081.463870411273,9484.017793010458,597.4460774008148,5.926183787200758,43310.11945733984
2011-06-06,9927.380035506096,9317.520908271897,609.8591272341982,6.143203192110977,43919.97858457404
2011-06-07,9776.992048068438,9157.719843418807,619.272204649631,6.333974719473927,44539.250789223675
2011-06-08,9630.345265468117,9003.905120598622,626.4401448694953,6.504856550841898,45165.690934093174
2011-06-09,9487.733529974706,8851.077721067708,636.6558089069986,6.710304488375485,45802.34674300018
2011-06-10,9349.574072899763,8704.839828483298,644.7342444164642,6.895867548504276,46447.080987416644
2011-06-11,9215.02693757182,8564.293237784415,650.7336997874045,7.0616581394267115,47097.81468720405
2011-06-12,9083.601902642753,8421.31881488278,662.2830877599736,7.290974382830353,47760.09777496403
2011-06-13,8954.836617036723,8278.926275818845,675.9103412178774,7.547991885546487,48436.00811618191
2011-06-14,8828.863924806472,8146.750741353727,682.113183452745,7.725945141551119,49118.12129963466
2011-06-15,8705.939433787717,8017.364109744321,688.575324043396,7.9092592968317454,49806.69662367806
2011-06-16,8586.214861589717,7892.127210417765,694.0876511719516,8.083744261711184,50500.78427485001
2011-06-17,8469.250951556256,7770.8410310624195,698.4099204938366,8.246419010237277,51199.19419534385
2011-06-18,8354.551992784021,7652.763565028555,701.7884277554667,8.400072539636048,51900.98262309932
2011-06-19,8242.9562068847,7537.037593774035,705.9186131106662,8.56390104949323,52606.90123620999
2011-06-20,8135.051675467053,7423.373745574619,711.6779298924348,8.748290217241621,53318.57916610243
2011-06-21,8029.019279806409,7311.142690892334,717.876588914075,8.941024599599467,54036.455755016505
2011-06-22,7924.937472548569,7203.590583216402,721.3468893321669,9.102240766326073,54757.802644348674
2011-06-23,7823.218996183248,7096.66444436787,726.5545518153785,9.287155992563244,55484.357196164055
2011-06-24,7723.953583061229,6992.622365590886,731.3312174703433,9.468353345288946,56215.6884136344
2011-06-25,7626.531662532594,6891.394754661948,735.1369078706457,9.6392035121575,56950.82532150505
2011-06-26,7530.71923220274,6789.070197450931,741.6490347518093,9.848316102137783,57692.47435625686
2011-06-27,7436.999319754541,6687.490037171406,749.5092825831352,10.078114174251033,58441.98363884
2011-06-28,7345.16302489629,6585.274444013138,759.8885808831519,10.345428390187175,59201.872219723155
2011-06-29,7255.364974281751,6492.353281097024,763.0116931847269,10.516517031043799,59964.883912907884
2011-06-30,7167.424779858673,6401.216396232604,766.208383626069,10.690148932978088,60731.092296533956
2011-07-01,7081.114086167654,5979.361494973772,1101.752591193882,15.559028957689874,61832.844887727835
2011-07-02,6996.266873980407,5878.272127404115,1117.9947465762916,15.979875649600936,62950.839634304124
2011-07-03,6913.301516957814,5780.720382832927,1132.5811341248873,16.382637605878323,64083.42076842901
2011-07-04,6832.514876214089,5686.362415310931,1146.1524609031576,16.77497205155363,65229.57322933216
2011-07-05,6753.46794890915,5596.315392082096,1157.1525568270545,17.134197801500825,66386.72578615922
2011-07-06,6675.786243250826,5508.010079657431,1167.7761635933957,17.492713532791875,67554.50194975262
2011-07-07,6599.76597808837,5422.585227120672,1177.1807509676973,17.836704435824092,68731.68270072032
2011-07-08,6525.407149547245,5338.88900465216,1186.5181448950852,18.18305153537293,69918.20084561541
2011-07-09,6452.597388366936,5257.1846613790885,1195.4127269878472,18.526070278970092,71113.61357260327
2011-07-10,6381.785789525602,5177.965032465993,1203.8207570596087,18.863383961201496,72317.43432966288
2011-07-11,6312.163397700526,5100.696517746202,1211.4668799543242,19.192577942384265,73528.90120961721
2011-07-12,6243.385918005137,5025.358917856826,1218.0270001483104,19.50907754453676,74746.92820976552
2011-07-13,6175.472185305087,4951.9310732889035,1223.5411120161834,19.812915924513014,75970.46932178171
2011-07-14,6108.599532279652,4880.377273170282,1228.2222591093696,20.10644588205658,77198.69158089109
2011-07-15,6043.401869655121,4810.696987429871,1232.70488222525,20.39753286000815,78431.39646311634
2011-07-16,5979.948317681905,4742.393448997061,1237.5548686848442,20.695076327425113,79668.95133180119
2011-07-17,5917.893122499576,4674.0129152787895,1243.8802072207864,21.01897045912518,80912.83153902198
2011-07-18,5856.858096014243,4606.758075659168,1250.1000203550748,21.34420878671797,82162.93155937706
2011-07-19,5796.751424408751,4539.54882601812,1257.2025983906306,21.68805433154935,83420.1341577677
2011-07-20,5737.520576303825,4470.866557352482,1266.6540189513426,22.076679327001827,84686.78817671904
2011-07-21,5678.987592567923,4397.217459074226,1281.7701334936964,22.570398554332925,85968.55831021274
2011-07-22,5621.209340915084,4334.815164741133,1286.3941761739507,22.884651649791376,87254.9524863867
2011-07-23,5564.224927305477,4274.194764456949,1290.0301628485277,23.18436403456529,88544.98264923523
2011-07-24,5508.041023761965,4214.6200339889665,1293.4209897729988,23.48241387805784,89838.40363900823
2011-07-25,5452.717587681487,4155.794031240749,1296.9235564407381,23.784902401156526,91135.32719544898
2011-07-26,5398.077999216272,4096.377176808431,1301.7008224078409,24.114153641292887,92437.02801785682
2011-07-27,5344.145021018339,4039.1353144676004,1305.0097065507389,24.419429140080975,93742.03772440756
2011-07-28,5291.124927309109,3982.715413719886,1308.409513589223,24.72838066695652,95050.44723799679
2011-07-29,5238.934227409773,3926.440774156018,1312.4934532537545,25.05268049342692,96362.94069125055
2011-07-30,5187.61761936429,3868.6455292897344,1318.9720900745551,25.42539151596503,97681.91278132511
2011-07-31,5136.95205197623,3814.646746356976,1322.3053056192539,25.741048237165298,99004.21808694437
2011-08-01,5086.973551046336,3945.5635704551446,1141.4099805911915,22.43789886339031,100145.62806753557
2011-08-02,5037.689675678732,3897.1665666226386,1140.5231090560933,22.639804801045624,101286.15117659167
2011-08-03,4989.361024708487,3849.6029632312334,1139.7580614772537,22.84376808639231,102425.90923806893
2011-08-04,4942.632914050715,3803.2443192398264,1139.3885948108887,23.05226009343889,103565.29783287982
2011-08-05,4896.847368706716,3757.5214203698183,1139.325948336898,23.26651950840363,104704.62378121672
2011-08-06,4851.535200539045,3712.3738868934656,1139.1613136455794,23.480429731170645,105843.78509486231
2011-08-07,4807.09300773032,3667.877328985333,1139.2156787449871,23.69864025749047,106983.0007736073
2011-08-08,4763.570130260661,3623.951103903781,1139.61902635688,23.923632804677958,108122.61979996419
2011-08-09,4720.626445215428,3580.8866646117153,1139.739780603713,24.143824846782604,109262.3595805679
2011-08-10,4678.773223997327,3538.574527033567,1140.1986969637596,24.369608065543876,110402.55827753167
2011-08-11,4637.739802216645,3497.190240093702,1140.5495621229434,24.592788961075577,111543.10783965462
2011-08-12,4597.282593388576,3454.209599847169,1143.072993541407,24.864101136294693,112686.18083319603
2011-08-13,4557.304466552567,3410.114347754707,1147.1901187978597,25.172558191304407,113833.3709519939
2011-08-14,4517.807680317434,3367.7616615455686,1150.046018771865,25.455842748292014,114983.41697076577
2011-08-15,4478.839708332904,3327.339682027194,1151.5000263057095,25.70978425870741,116134.91699707149
2011-08-16,4440.493226527935,3286.2769147879067,1154.2163117400282,25.9929753939186,117289.13330881152
2011-08-17,4402.566101321485,3246.2262414912316,1156.3398598302533,26.265133406700325,118445.47316864178
2011-08-18,4365.085938097443,3208.1890141598037,1156.8969239376397,26.50341689359459,119602.37009257943
2011-08-19,4328.401924194302,3170.6168824883266,1157.7850417059758,26.74855667248342,120760.1551342854
2011-08-20,4292.211015925277,3133.3712372292853,1158.8397786959918,26.998667455919083,121918.9949129814
2011-08-21,4256.421400655061,3096.4877533134627,1159.9336473415983,27.251381810153596,123078.92856032301
2011-08-22,4221.174512654077,3060.061293873898,1161.113218780179,27.506875522427176,124240.0417791032
2011-08-23,4186.3063401018735,3024.0573860231875,1162.248954078686,27.763112865037076,125402.29073318189
2011-08-24,4151.767539636465,2988.5893681216608,1163.178171514804,28.016457097129617,126565.4689046967
2011-08-25,4117.692805529339,2953.488726574657,1164.2040789546822,28.273213518778288,127729.67298365138
2011-08-26,4084.0018026938196,2918.743342374181,1165.2584603196387,28.532270959112477,128894.93144397103
2011-08-27,4050.669959167717,2884.4244934178046,1166.2454657499125,28.791421604477957,130061.17690972095
2011-08-28,4017.6576600149274,2850.443009983012,1167.2146500319154,29.052118144570304,131228.39155975287
2011-08-29,3984.9506325700786,2816.7876118633053,1168.1630207067733,29.31436618459113,132396.55458045963
2011-08-30,3952.5527270878665,2783.407166350828,1169.1455607370385,29.579505738774376,133565.70014119666
2011-08-31,3920.591637472622,2749.6904771739705,1170.9011602986516,29.86542003271383,134736.6013014953
2011-09-01,3888.98169971304,2926.4734527411156,962.5082469719246,24.749621399425614,135699.10954846724
2011-09-02,3857.6743043158203,2898.459615401992,959.2146889138285,24.86510299329042,136658.32423738108
2011-09-03,3826.646191726206,2869.3730422803883,957.2731494458176,25.01598270348559,137615.5973868269
2011-09-04,3795.9109645490535,2841.7521076489456,954.1588569001078,25.136492025530423,138569.75624372702
2011-09-05,3765.463991550496,2814.0317070948176,951.4322844556782,25.267331903601853,139521.1885281827
2011-09-06,3735.2562179118395,2786.234373915776,949.0218439960636,25.407141803156026,140470.2103721788
2011-09-07,3705.3118859806564,2758.434023701421,946.8778622792352,25.554606236031663,141417.08823445803
2011-09-08,3675.702107495861,2730.724582156933,944.977525338928,25.70876250857856,142362.06575979697
2011-09-09,3646.4403958693147,2703.166265046292,943.2741308230225,25.86835457098278,143305.33989062
2011-09-10,3617.551843467634,2676.005882476059,941.5459609915752,26.02715874526482,144246.8858516116
2011-09-11,3588.963901817333,2649.253584902802,939.7103169145312,26.183331530269584,145186.59616852613
2011-09-12,3560.755525868619,2622.933474401546,937.8220514670729,26.337726492421815,146124.4182199932
2011-09-13,3533.011043939041,2596.804678305819,936.206365633222,26.498823637681657,147060.62458562644
2011-09-14,3505.532317482168,2570.8681121357467,934.6642053464211,26.662547102624895,147995.28879097287
2011-09-15,3478.5143642455805,2545.2153133610946,933.299050884486,26.83039232143288,148928.58784185737
2011-09-16,3452.0245346273296,2519.7387729681313,932.2857616591982,27.00692745104852,149860.87360351658
2011-09-17,3425.7761766468175,2494.517033950261,931.2591426965564,27.183887524376498,150792.13274621314
2011-09-18,3399.827559070196,2469.689831739127,930.1377273310691,27.35837954044494,151722.27047354422
2011-09-19,3374.112291515339,2445.162785053787,928.9495064615521,27.53167133167207,152651.2199800058
2011-09-20,3348.769161517732,2420.83889347927,927.9302680384617,27.709591891305653,153579.15024804426
2011-09-21,3323.758396590594,2396.8432799054526,926.9151166851416,27.88755998739083,154506.0653647294
2011-09-22,3299.047671729699,2373.1085905854807,925.9390811442181,28.066859690413203,155432.00444587364
2011-09-23,3274.539126616437,2349.5914780905687,924.9476485258683,28.24665129231824,156356.95209439952
2011-09-24,3250.229985969141,2326.2977710429795,923.9322149261616,28.42667192520738,157280.8843093257
2011-09-25,3226.1385492961854,2303.2338008953475,922.9047484008379,28.607102091203707,158203.78905772654
2011-09-26,3202.305482491851,2280.383928556762,921.9215539350889,28.789306922014894,159125.71061166163
2011-09-27,3178.7221680781804,2257.7582543073904,920.96391377079,28.972771606761544,160046.67452543243
2011-09-28,3155.370629301062,2235.440225481124,919.930403819938,29.15443261331584,160966.60492925238
2011-09-29,3132.249993500067,2213.307267071049,918.942726429018,29.338102908004632,161885.5476556814
2011-09-30,3109.4345933464356,2191.401482980301,918.0331103661347,29.524117096096532,162803.58076604755
2011-10-01,3086.9369454360567,2431.015359611681,655.9215858243756,21.248298796453742,163459.50235187192
2011-10-02,3064.620566776255,2415.7973783306893,648.8231884455658,21.171403581882174,164108.32554031748
2011-10-03,3042.5819393550046,2399.94300902189,642.6389303331148,21.121499540267024,164750.9644706506
2011-10-04,3020.7982451471034,2383.5863898060866,637.2118553410169,21.094154711083217,165388.1763259916
2011-10-05,2999.157737202011,2366.9143921080627,632.2433450939484,21.08069666531724,166020.41967108555
2011-10-06,2977.6652496343013,2350.080247960251,627.5850016740501,21.076412190763428,166648.0046727596
2011-10-07,2956.325015002163,2333.128953416564,623.1960615855992,21.080092967556993,167271.20073434518
2011-10-08,2935.1453503905796,2316.088331859291,619.0570185312886,21.091187816266434,167890.25775287647
2011-10-09,2914.1618386064656,2298.9796620898064,615.1821765166592,21.11008964453517,168505.43992939312
2011-10-10,2893.337196878623,2281.808305172913,611.5288917057101,21.135762964836484,169116.96882109882
2011-10-11,2872.6639754488133,2264.613319386926,608.0506560618874,21.166786692024708,169725.0194771607
2011-10-12,2852.1984684828203,2247.5255353850894,604.672933097731,21.200240438365313,170329.69241025843
2011-10-13,2832.0718130355235,2230.691562978516,601.3802500570077,21.234639859376493,170931.07266031543
2011-10-14,2812.1339710135944,2213.9687136003863,598.1652574132081,21.270866309317682,171529.23791772863
2011-10-15,2792.355153529905,2197.3531034749117,595.0020500549931,21.3082511836946,172124.23996778362
2011-10-16,2772.786569989752,2180.354050243704,592.432519746048,21.365961814660604,172716.67248752966
2011-10-17,2753.449342758395,2163.877455300151,589.571887458244,21.41212036490975,173306.2443749879
2011-10-18,2734.3704753946513,2147.687297181424,586.6831782132272,21.455877449399072,173892.92755320112
2011-10-19,2715.564904252533,2130.5202051803585,585.0446990721744,21.54412506053541,174477.9722522733
2011-10-20,2696.9312104377896,2114.0199747464735,582.911235691316,21.613871107846787,175060.8834879646
2011-10-21,2678.428074399475,2097.955700818647,580.4723735808279,21.67212848196323,175641.35586154542
2011-10-22,2660.042259575799,2082.028846848721,578.013412727078,21.72948232857228,176219.3692742725
2011-10-23,2641.7761928334367,2066.1829811576404,575.5932116757963,21.788114119479737,176794.9624859483
2011-10-24,2623.662907180842,2050.4264529023435,573.2364542784985,21.84870825857915,177368.19894022678
2011-10-25,2605.8165056926664,2034.831327971036,570.9851777216304,21.91194876823661,177939.1841179484
2011-10-26,2588.186159875244,2019.3398674861178,568.8462923891261,21.978569440172947,178508.03041033752
2011-10-27,2570.7908683996648,2004.1495875843916,566.6412808152731,22.041516008963082,179074.6716911528
2011-10-28,2553.524672010215,1989.21241557874,564.3122564314749,22.09934615541547,179638.98394758426
2011-10-29,2536.4034810473677,1974.4414854652364,561.9619955821313,22.155859656448587,180200.94594316639
2011-10-30,2519.463326027151,1959.7809413363807,559.6823846907705,22.21434933817088,180760.62832785715
2011-10-31,2502.7085033287294,1945.1813096829806,557.5271936457489,22.276952865433962,181318.1555215029
2011-11-01,2486.293469766155,2082.2043004270754,404.0891693390795,16.25267387992961,181722.24469084197
2011-11-02,2469.9946742695756,2071.108865762327,398.88580850724884,16.149257836971124,182121.1304993492
2011-11-03,2453.809958442347,2059.721934064023,394.088024378324,16.060250429030248,182515.21852372753
2011-11-04,2437.7913347245194,2048.225549580261,389.56578514425837,15.98027606363122,182904.78430887178
2011-11-05,2422.0208495839033,2036.8728200569394,385.1480295269639,15.901928738273716,183289.93233839874
2011-11-06,2406.5139850899577,2025.6821403763834,380.83184471357436,15.825041827020112,183670.7641831123
2011-11-07,2391.242466771044,2014.0660551993287,377.1764115717151,15.773239929158086,184047.940594684
2011-11-08,2376.055450560758,2002.3714011350758,373.68404942568213,15.727076122633893,184421.6246441097
2011-11-09,2360.989422568353,1990.9510943786818,370.0383281896711,15.673019313535622,184791.66297229935
2011-11-10,2346.2270094251726,1979.6158067183214,366.61120270685115,15.625563989934255,185158.2741750062
2011-11-11,2331.645162655739,1968.3453772705625,363.2997853851766,15.581263873417983,185521.57396039137
2011-11-12,2317.2702873530798,1957.2649817033316,360.00530564974815,15.535749438230923,185881.5792660411
2011-11-13,2303.0931743814144,1946.1844728614315,356.90870151998297,15.496928456480912,186238.4879675611
2011-11-14,2289.0388872618787,1935.0920361994877,353.94685106239103,15.462684056266868,186592.43481862347
2011-11-15,2275.0645157722756,1923.9975248176715,351.0669909546041,15.431078482424207,186943.50180957807
2011-11-16,2261.172631859081,1912.9088328450098,348.2637990140711,15.401911119353018,187291.76560859213
2011-11-17,2247.3653710759245,1901.8314645297005,345.533906546224,15.37506588796462,187637.29951513835
2011-11-18,2233.6839378033765,1890.7680561260431,342.91588167733335,15.352032392486095,187980.21539681568
2011-11-19,2220.183621244505,1879.7752310933656,340.40839015113943,15.332443086861725,188320.6237869668
2011-11-20,2206.8092798222788,1869.0990976523253,337.71018216995344,15.303097791810549,188658.33396913676
2011-11-21,2193.573902105447,1858.6977231241408,334.8761789813061,15.266236467341429,188993.21014811806
2011-11-22,2180.409040820319,1848.3040157875157,332.1050250328035,15.231317556262658,189325.31517315086
2011-11-23,2167.4497086871415,1837.3604043826572,330.08930430448436,15.22938700637371,189655.40447745533
2011-11-24,2154.6494634156115,1827.1420355711243,327.5074278444872,15.200032924395652,189982.9119052998
2011-11-25,2142.0155918269884,1817.0613375345356,324.9542542924528,15.170489679549423,190307.86615959226
2011-11-26,2129.645230990136,1807.0701535723283,322.57507741780773,15.146892671312811,190630.44123701006
2011-11-27,2117.491376922466,1797.1060363079532,320.38534061451264,15.130420086062237,190950.82657762457
2011-11-28,2105.5272545856424,1787.1936844335514,318.33357015209094,15.118947971762895,191269.16014777665
2011-11-29,2093.6434257915244,1777.3546226611006,316.28880313042373,15.107099864001308,191585.44895090707
2011-11-30,2081.829674399458,1767.5261464679725,314.3035279314854,15.097466031756515,191899.75247883855
2011-12-01,2070.1052800223697,1755.3776351065364,314.72764491583325,15.20346080719297,192214.4801237544
2011-12-02,2058.448664104333,1745.5361829340447,312.9124811702884,15.201374055468225,192527.39260492468
2011-12-03,2046.8619549784344,1735.7295254269604,311.13242955147393,15.20045984511701,192838.52503447616
2011-12-04,2035.3357590383384,1725.9543523170043,309.3814067213341,15.200509564451986,193147.9064411975
2011-12-05,2023.9532014182769,1716.2752994709638,307.6779019473131,15.201828863024556,193455.58434314482
2011-12-06,2012.673660067143,1706.6545960939013,306.0190639732416,15.204604206080422,193761.60340711806
2011-12-07,2001.4596878730226,1697.0616985336867,304.39798933933594,15.208799416930733,194066.0013964574
2011-12-08,1990.3031258368865,1687.564822090416,302.73830374647036,15.210663130480409,194368.73970020388
2011-12-09,1979.2331516211852,1678.1353431938671,301.0978084273181,15.212851915939746,194669.8375086312
2011-12-10,1968.3441110779531,1668.7246551740438,299.6194559039093,15.221904250259591,194969.45696453511
2011-12-11,1957.6393988598138,1659.371731858094,298.2676670017197,15.2360882793552,195267.72463153684
2011-12-12,1946.9990512751974,1650.1027356713068,296.89631560389057,15.248919377204459,195564.62094714073
2011-12-13,1936.3962943691295,1640.937686584982,295.4586077841475,15.258168415386622,195860.0795549249
2011-12-14,1925.8588704883587,1631.8367885983073,294.02208189005137,15.267062732145753,196154.10163681494
2011-12-15,1915.3971411860548,1622.76839064001,292.6287505460448,15.277706343700753,196446.730387361
2011-12-16,1905.0493452623487,1613.734015787578,291.3153294747706,15.291747177008313,196738.04571683577
2011-12-17,1894.7718606372364,1604.7347479151551,290.03711272208125,15.307231374258324,197028.08282955785
2011-12-18,1884.5416265572421,1595.7719443089784,288.76968224826373,15.323072633624973,197316.85251180612
2011-12-19,1874.3867994649336,1586.8466346057587,287.54016485917487,15.34049241817413,197604.3926766653
2011-12-20,1864.3170464430004,1577.9581659688604,286.35888047414005,15.359988314245948,197890.75155713945
2011-12-21,1854.2974271741696,1569.1085770491966,285.188850124973,15.379887063726477,198175.94040726442
2011-12-22,1844.3322918617632,1560.4425386249543,283.88975323680893,15.392549080742718,198459.83016050124
2011-12-23,1834.4281402218621,1551.9016974217714,282.52644280009076,15.401336067921473,198742.35660330133
2011-12-24,1824.579718946945,1543.4156024552406,281.16411649170436,15.409801696906838,199023.52071979304
2011-12-25,1814.7820886131376,1534.9686548319635,279.8134337811741,15.4185692892202,199303.33415357422
2011-12-26,1805.0343222767115,1526.5615614211176,278.47276085559383,15.427560430227874,199581.80691442982
2011-12-27,1795.3397789415903,1518.264863177062,277.07491576452844,15.433007111772062,199858.88183019435
2011-12-28,1785.699301093351,1510.107170505774,275.592130587577,15.433288819614644,200134.47396078194
2011-12-29,1776.1537401159294,1501.980960997845,274.17277911808446,15.43632023093841,200408.64673990002
2011-12-30,1766.771652830299,1493.7811822137785,272.9904706165205,15.451372574333558,200681.63721051655
2011-12-31,1757.4887119610794,1485.5774749821041,271.91123697897524,15.471578003796413,200953.54844749553
2012-01-01,1748.3149877181277,1474.9968323777728,273.3181553403549,15.633232984925979,201226.8666028359
2012-01-02,1739.36248124158,1466.9461475755386,272.4163336660415,15.66184947668798,201499.28293650193
2012-01-03,1730.4801992606372,1458.9422785912473,271.5379206693899,15.691478052473922,201770.82085717132
2012-01-04,1721.6498649427667,1450.9865834373347,270.663281505432,15.72115718862672,202041.48413867675
2012-01-05,1712.8708839199971,1443.078328157572,269.7925557624251,15.750898581741918,202311.27669443918
2012-01-06,1704.142492190702,1435.2168800821826,268.9256121085193,15.780699873448448,202580.2023065477
2012-01-07,1695.4951957520097,1427.401971740445,268.09322401156464,15.812089865147403,202848.29553055926
2012-01-08,1686.9881235081702,1419.749608212879,267.23851529529134,15.841161628308113,203115.53404585455
2012-01-09,1678.5886213250924,1412.3482708575036,266.24035046758877,15.860964806100993,203381.77439632214
2012-01-10,1670.2355622476898,1405.047525379138,265.18803686855176,15.877283591763527,203646.9624331907
2012-01-11,1661.9288003232796,1397.9076073444746,264.02119297880495,15.886432254344912,203910.9836261695
2012-01-12,1653.667916326318,1390.815779233614,262.85213709270397,15.895098072449718,204173.8357632622
2012-01-13,1645.4357696659863,1383.760380588036,261.6753890779503,15.903105663678918,204435.51115234016
2012-01-14,1637.3705376030412,1376.7448604333047,260.6256771697365,15.91733032837322,204696.1368295099
2012-01-15,1629.4502891788725,1369.9084123596847,259.5418768191878,15.928186244330197,204955.67870632908
2012-01-16,1621.596432434395,1363.2221964812204,258.37423595317455,15.933325381414074,205214.05294228226
2012-01-17,1613.8035409254953,1356.6282709541563,257.17526997133905,15.9359713527368,205471.2282122536
2012-01-18,1606.0548497955315,1350.0669330673124,255.98791672821903,15.938927413394948,205727.21612898182
2012-01-19,1598.34927880764,1343.5369064028207,254.81237240481937,15.942220876459995,205982.02850138664
2012-01-20,1590.705668432638,1336.7884570795875,253.91721135305056,15.962551488437299,206235.9457127397
2012-01-21,1583.21591866971,1330.2315002596304,252.98441841007957,15.979148227782385,206488.93013114977
2012-01-22,33746.6699882758,32433.442982781795,1313.2270054940018,3.891426934717531,207802.15713664377
2012-01-23,12519.368312211951,12192.864724989322,326.503587222629,2.6079877121607073,208128.6607238664
2012-01-24,10195.255202159286,9895.153247789043,300.1019543702423,2.943545290623846,208428.76267823664
2012-01-25,9155.048259812174,8864.48531958976,290.5629402224149,3.173800202647715,208719.32561845906
2012-01-26,8463.266004876932,8179.396941859072,283.86906301785984,3.3541314057041474,209003.19468147692
2012-01-27,7994.210264102323,7716.570449814696,277.6398142876269,3.4730111557655325,209280.83449576455
2012-01-28,7635.758305158932,7360.839668984555,274.91863617437684,3.6004104004789426,209555.75313193892
2012-01-29,7335.298429439543,7062.023041474197,273.27538796534554,3.725484253900019,209829.02851990427
2012-01-30,7068.610081682447,6796.559334796651,272.0507468857968,3.848716278618727,210101.07926679007
2012-01-31,6845.095620435197,6573.914741853049,271.18087858214767,3.9616813791843937,210372.26014537222
2012-02-01,6645.533890952822,6377.7660833583805,267.76780759444136,4.029289625006328,210640.02795296666
2012-02-02,6465.4564296819735,6200.22929041047,265.2271392715038,4.102218337654932,210905.25509223816
2012-02-03,6297.296542511089,6034.883589673381,262.41295283770796,4.167073141089034,211167.66804507587
2012-02-04,6137.498536406783,5877.617301415944,259.8812349908394,4.234318484139104,211427.5492800667
2012-02-05,5990.161462707911,5732.671694277612,257.4897684302987,4.298544705903436,211685.039048497
2012-02-06,11628.677037592526,11239.217077542868,389.45996004965855,3.3491338592570292,212074.49900854667
2012-02-07,13600.520039938085,13208.3840640313,392.13597590678546,2.88324251392795,212466.63498445344
2012-02-08,9142.861977550434,8860.179098554248,282.68287899618554,3.091842354071304,212749.31786344963
2012-02-09,8643.787125882016,8361.633827050297,282.15329883171944,3.264232387061804,213031.47116228135
2012-02-10,13720.367999400281,13344.335746715624,376.0322526846576,2.7406863482167094,213407.503414966
2012-02-11,9713.226191528607,9431.450594655065,281.7755968735419,2.900947546339367,213689.27901183954
2012-02-12,16491.105389835706,16075.896514334221,415.2088755014847,2.5177746772353946,214104.487887341
2012-02-13,11060.091524502495,10765.716359559507,294.3751649429887,2.6615979107481236,214398.863052284
2012-02-14,10340.089654878713,10056.52687798982,283.5627768888935,2.7423628455204105,214682.4258291729
2012-02-15,9905.25462412741,9627.809520887504,277.44510323990653,2.800989108993729,214959.8709324128
2012-02-16,9529.691344677238,9256.407376189776,273.2839684874616,2.8677105963154097,215233.15490090026
2012-02-17,9201.538413634291,8931.029420409877,270.50899322441364,2.9398235497619565,215503.66389412468
2012-02-18,8919.076867842581,8651.267381701213,267.8094861413683,3.0026592450048954,215771.47338026605
2012-02-19,8671.449889282929,8405.763059951192,265.6868293317366,3.0639262490589925,216037.1602095978
2012-02-20,8438.973159309244,8172.306001163845,266.6671581453984,3.1599479357418163,216303.8273677432
2012-02-21,8217.512276635505,7951.562576529629,265.9497001058762,3.2363772776103956,216569.77706784906
2012-02-22,8008.714651396964,7744.886671045854,263.82798035110955,3.294261212129588,216833.60504820017
2012-02-23,7810.509021900129,7548.842756324041,261.6662655760874,3.350181977159149,217095.27131377626
2012-02-24,7621.779446871486,7360.527105138231,261.252341733255,3.427707972322544,217356.52365550952
2012-02-25,7442.617247454356,7182.105133980339,260.5121134740175,3.500275572590033,217617.03576898354
2012-02-26,7272.03311569849,7012.519808363229,259.51330733526174,3.5686485912039894,217876.5490763188
2012-02-27,7110.133741372963,6852.156958621054,257.976782751909,3.62829719011859,218134.5258590707
2012-02-28,17914.85260569949,17507.933500453335,406.9191052461538,2.27140638107564,218541.44496431685
2012-02-29,13977.222473400805,13654.71989249203,322.5025809087747,2.3073438340307564,218863.94754522562
2012-03-01,13496.395204428329,13165.959490032285,330.4357143960442,2.4483257150592648,219194.38325962165
2012-03-02,11061.7706274651,10774.276387006184,287.49424045891465,2.5989893493641936,219481.87750008056
2012-03-03,10481.535396765685,10196.950151156541,284.5852456091434,2.7151102852446467,219766.4627456897
2012-03-04,10065.751400094712,9781.129823597987,284.62157649672554,2.827623742963168,220051.08432218642
2012-03-05,9708.282840145053,9424.113409576612,284.1694305684414,2.927082319783295,220335.25375275486
2012-03-06,9391.972057583742,9105.163529146137,286.80852843760476,3.0537625823323795,220622.06228119245
2012-03-07,9108.634611817077,8815.224491541414,293.41012027566285,3.2212305442026135,220915.4724014681
2012-03-08,8846.708391297609,8552.55334498887,294.15504630873875,3.325022520218879,221209.62744777685
2012-03-09,8602.661454670597,8307.936542763748,294.72491190684923,3.425973618278746,221504.3523596837
2012-03-10,8375.219920109492,8080.205486822781,295.0144332867112,3.522467900554597,221799.3667929704
2012-03-11,8160.587863463443,7864.905465499405,295.6823979640376,3.6232977686309322,222095.04919093443
2012-03-12,33990.49744251519,33292.72114310411,697.7762994110817,2.0528569803697714,222792.8254903455
2012-03-13,258458.86206825683,255297.31669952092,3161.5453687359113,1.2232296247984615,225954.37085908142
2012-03-14,84103.42846138676,83232.59208529984,870.8363760869252,1.035435049460249,226825.20723516835
2012-03-15,103603.9110106928,102532.5984508092,1071.312559883605,1.0340464461549492,227896.51979505195
2012-03-16,179124.09802826104,177142.42807228887,1981.6699559721746,1.1063111986526344,229878.18975102413
2012-03-17,68681.44607875822,68192.77476462667,488.67131413155585,0.7115041136017839,230366.86106515568
2012-03-18,61570.48536163615,61109.05057831984,461.43478331631195,0.7494415231682201,230828.295848472
2012-03-19,56868.195428115316,56429.85706629641,438.33836181890365,0.7707970307814473,231266.63421029088
2012-03-20,52983.020892612636,52565.85910524884,417.16178736379516,0.787349947843309,231683.79599765467
2012-03-21,49612.1090647378,49209.45003405809,402.65903067970794,0.8116144188796461,232086.45502833437
2012-03-22,46650.41052924981,46258.14716939153,392.26335985828337,0.8408572516469801,232478.71838819265
2012-03-23,43997.618789284024,43612.42351644663,385.19527283739444,0.875491182107364,232863.91366103003
2012-03-24,104845.39979026106,103633.40437773615,1211.995412524906,1.1559833955037162,234075.90907355494
2012-03-25,52413.897705352865,52003.12016710676,410.7775382461041,0.7837187391697311,234486.68661180104
2012-03-26,115639.08272530307,114411.40188874741,1227.6808365556644,1.0616487156612793,235714.3674483567
2012-03-27,256970.4907411884,254459.57006669906,2510.9206744893454,0.9771241309642265,238225.28812284605
2012-03-28,77543.7363068643,77104.57472563293,439.1615812313685,0.5663404965340741,238664.44970407741
2012-03-29,68756.38567222329,68335.3468209886,421.03885123468353,0.612363269415975,239085.4885553121
2012-03-30,87277.77368018843,86581.39594136702,696.3777388214075,0.7978866891966578,239781.8662941335
2012-03-31,108541.77021138484,107601.61678909892,940.1534222859191,0.8661673938567361,240722.01971641943
2012-04-01,66157.02863291837,65717.53041576866,439.4982171497104,0.6643258112275997,241161.51793356915
2012-04-02,60487.31919226609,60062.953748489665,424.3654437764271,0.7015775363221693,241585.88337734557
2012-04-03,56184.206365359016,55774.617675422625,409.58868993639044,0.7290103686307952,241995.47206728195
2012-04-04,52534.83712223079,52135.09314632968,399.7439759011104,0.7609121828455305,242395.21604318306
2012-04-05,49329.106799058616,48936.58876127045,392.51803778816975,0.7957128422922517,242787.73408097122
2012-04-06,46499.03135846462,46111.973519331244,387.05783913337655,0.8323997894698447,243174.7919201046
2012-04-07,43970.025810562074,43588.28591223148,381.7398983305975,0.8681821110937339,243556.53181843518
2012-04-08,41691.54464540444,41315.036148459585,376.50849694485805,0.9030811886370338,243933.04031538003
2012-04-09,39611.05992527213,39238.45894554437,372.6009797277584,0.9406488501713544,244305.64129510778
2012-04-10,47051.98566958857,46568.130695046224,483.8549745423443,1.0283412435345478,244789.49626965012
2012-04-11,82039.08435050308,81078.77752964615,960.3068208569312,1.170547950967035,245749.80309050705
2012-04-12,121056.96959850087,119765.27573533659,1291.6938631642843,1.067013214892404,247041.49695367133
2012-04-13,54737.881381216925,54333.91160453058,403.96977668634645,0.7380076950237372,247445.46673035767
2012-04-14,49828.52122131828,49440.448566973144,388.0726543451383,0.7788163181112187,247833.5393847028
2012-04-15,46480.810441245325,46099.001907934835,381.80853331049,0.8214326077492131,248215.34791801329
2012-04-16,43744.54828691855,43366.242518222825,378.3057686957254,0.8648066639400062,248593.653686709
2012-04-17,41359.29586367868,40984.36068051395,374.9351831647291,0.906531833618554,248968.58886987373
2012-04-18,39227.09865952004,38857.48330293496,369.61535658507637,0.9422449511069673,249338.2042264588
2012-04-19,37304.44828797644,36941.66233803698,362.7859499394617,0.9725005102310839,249700.99017639825
2012-04-20,35558.38884458318,35197.01077985198,361.37806473120145,1.0162948223292527,250062.36824112944
2012-04-21,33961.56813345803,33591.022276478754,370.5458569792754,1.0910740503004734,250432.9140981087
2012-04-22,32496.27229654696,32125.52813078177,370.74416576518706,1.140882136824605,250803.6582638739
2012-04-23,31135.123455293477,30763.551980613665,371.5714746798112,1.1934157743531864,251175.2297385537
2012-04-24,29862.13628013525,29489.81985156511,372.3164285701423,1.2467843059768395,251547.54616712383
2012-04-25,28670.932048930787,28300.39037812867,370.5416708021148,1.2923949251797457,251918.08783792594
2012-04-26,27560.6169497543,27194.138010235438,366.4789395188636,1.3297196510041505,252284.5667774448
2012-04-27,26533.07742285775,26167.82125297089,365.2561698868594,1.3766068822917543,252649.82294733165
2012-04-28,25582.669122544117,25206.52986692258,376.139255621536,1.4702893346264336,253025.96220295317
2012-04-29,24696.051579181105,24312.57977916573,383.47180001537345,1.552765626464119,253409.43400296854
2012-04-30,23857.53105456382,23471.072158053452,386.4588965103685,1.6198612321891581,253795.8928994789
2012-05-01,23060.518094568513,22659.46418686358,401.0539077049325,1.7391365886067993,254196.94680718385
2012-05-02,22313.44570269715,21913.11827653933,400.327426157819,1.7941085007298054,254597.27423334168
2012-05-03,21609.93409844255,21209.436328607684,400.49776983486663,1.8533039851506574,254997.77200317656
2012-05-04,20940.648954611737,20540.88756669553,399.76138791620906,1.9090210087695014,255397.5333910928
2012-05-05,20309.814755622298,19908.864512913933,400.9502427083644,1.9741698658151015,255798.48363380117
2012-05-06,19712.144732028246,19308.107031726817,404.03770030142914,2.0496891931041357,256202.5213341026
2012-05-07,19145.352346405853,18737.346992454564,408.00535395128827,2.1310934715071093,256610.5266880539
2012-05-08,18609.13928835932,18192.508647577444,416.63064078187745,2.238849601402547,257027.1573288358
2012-05-09,18099.152294259984,17678.654989033545,420.4973052264395,2.323298342319586,257447.65463406226
2012-05-10,17614.18752699904,17189.403293677213,424.78423332182865,2.4116027643666165,257872.4388673841
2012-05-11,17152.35008926224,16723.161212017832,429.1888772444072,2.5022161686933453,258301.62774462852
2012-05-12,16709.970303740352,16275.773685590435,434.1966181499174,2.598428424811306,258735.82436277845
2012-05-13,16287.010541288182,15850.541464673426,436.469076614756,2.6798599749677234,259172.29343939322
2012-05-14,15885.197477322072,15446.099349367038,439.0981279550342,2.764196847926485,259611.39156734827
2012-05-15,15502.127458618954,15062.490771040857,439.6366875780968,2.8359764732399055,260051.02825492638
2012-05-16,15136.535941989161,14695.272408944626,441.2635330445355,2.9152213870840717,260492.29178797093
2012-05-17,14784.554489409551,14340.662172297552,443.89231711199864,3.002405770359647,260936.18410508294
2012-05-18,14446.462325906847,13998.843674196001,447.61865171084537,3.0984655039603064,261383.8027567938
2012-05-19,14119.964392459486,13666.10582056928,453.858571890205,3.214303940685431,261837.66132868401
2012-05-20,13803.794186661951,13348.933876624867,454.86031003708376,3.295183221991218,262292.5216387211
2012-05-21,13499.92037304584,13043.655876853109,456.2644961927308,3.37975694363143,262748.78613491385
2012-05-22,13208.536724948324,12752.895793161892,455.6409317864327,3.4495943136972675,263204.4270667003
2012-05-23,12930.147658714559,12473.402006755188,456.74565195937066,3.5324086314786736,263661.1727186597
2012-05-24,12661.874713328201,12198.7404878387,463.13422548950075,3.6577065874928794,264124.3069441492
2012-05-25,12401.867018338293,11936.998189030286,464.86882930800675,3.748377793606545,264589.1757734572
2012-05-26,12150.352771734819,11684.13661529224,466.2161564425787,3.837058603986629,265055.3919298998
2012-05-27,11907.39130236255,11440.112228381984,467.27907398056595,3.92427746863289,265522.6710038804
2012-05-28,11672.173115808051,11204.714281134844,467.4588346732071,4.004899773463011,265990.1298385536
2012-05-29,11443.928517777938,10976.501162666898,467.42735511104,4.0845008284078315,266457.55719366466
2012-05-30,11222.884448471013,10755.297115189094,467.5873332819192,4.166373942713297,266925.1445269466
2012-05-31,11008.546603091992,10540.37449859928,468.1721044927126,4.252805764216106,267393.3166314393
2012-06-01,10800.276248485781,10204.722617638767,595.5536308470146,5.514244424354537,267988.87026228633
2012-06-02,10599.177368645556,9994.026825062469,605.1505435830877,5.709410480979794,268594.0208058694
2012-06-03,10403.968048004434,9777.55851432076,626.4095336836726,6.020871371320898,269220.4303395531
2012-06-04,10214.926981226541,9582.120232745077,632.8067484814637,6.194921898555563,269853.23708803457
2012-06-05,10033.189248501323,9390.705831818053,642.4834166832698,6.403581162183687,270495.72050471784
2012-06-06,9856.974842036609,9204.196466359546,652.7783756770623,6.622502199084317,271148.4988803949
2012-06-07,9687.865728442557,9023.429547793236,664.4361806493216,6.8584371343897415,271812.93506104423
2012-06-08,9525.789929751074,8848.080429515805,677.7095002352689,7.114470350838177,272490.6445612795
2012-06-09,9368.305360981496,8680.047711725816,688.25764925568,7.3466611381204245,273178.9022105352
2012-06-10,9215.527882827912,8520.44527427154,695.0826085563713,7.542515387008689,273873.98481909157
2012-06-11,9067.207711283816,8363.848686028276,703.3590252555405,7.757173406099821,274577.3438443471
2012-06-12,8922.760508985724,8211.145377018493,711.6151319672317,7.975279973620215,275288.95897631434
2012-06-13,8781.793205814436,8063.380660890139,718.4125449242974,8.180704419783371,276007.37152123865
2012-06-14,8644.724361280212,7919.328285005412,725.3960762748002,8.391199602891387,276732.76759751345
2012-06-15,8513.293550339062,7782.925294697287,730.3682556417743,8.579150376092526,277463.1358531552
2012-06-16,8386.825638019945,7651.739945923447,735.0856920964989,8.76476659731829,278198.2215452517
2012-06-17,8264.15145448735,7514.6474232189385,749.5040312684114,9.069340456743909,278947.72557652014
2012-06-18,8145.052308731247,7390.604423779531,754.4478849517154,9.262652422047314,279702.17346147186
2012-06-19,8028.5040219838265,7269.940077652692,758.5639443311347,9.448384683547747,280460.737405803
2012-06-20,7914.0971523586195,7151.4411032216185,762.656049137001,9.636677873100261,281223.39345494
2012-06-21,7802.081671521068,7036.098156921335,765.9835145997322,9.817681316970866,281989.37696953974
2012-06-22,7692.505124443211,6924.930907222678,767.5742172205328,9.97820872138958,282756.95118676027
2012-06-23,7585.308449221309,6816.067757697546,769.2406915237634,10.141191972262273,283526.19187828404
2012-06-24,7480.495186492801,6709.207626895982,771.2875595968189,10.31064843126293,284297.47943788086
2012-06-25,7378.357298474992,6604.752852669454,773.6044458055376,10.484778854033422,285071.0838836864
2012-06-26,7279.0172557041515,6502.977047578434,776.0402081257171,10.661332167025412,285847.1240918121
2012-06-27,7181.672826729249,6401.95568281459,779.7171439146596,10.857040730296903,286626.8412357268
2012-06-28,7086.49194484693,6303.623867933408,782.8680769135217,11.047328960598033,287409.7093126403
2012-06-29,6993.068737484282,6207.897668036402,785.1710694478797,11.227847157274486,288194.8803820882
2012-06-30,6901.276186054107,6114.144019215836,787.1321668382707,11.405603045258266,288982.01254892646
2012-07-01,6811.767262706999,5715.517220953717,1096.250041753282,16.09347471037394,290078.26259067975
2012-07-02,6724.2948902526405,5603.512943655024,1120.7819465976163,16.667650138637914,291199.04453727737
2012-07-03,6638.602825765032,5502.573180940938,1136.0296448240942,17.11248096384164,292335.07418210147
2012-07-04,6554.628903873963,5403.137128953361,1151.4917749206024,17.56761201599132,293486.5659570221
2012-07-05,6472.405739220558,5307.825966054345,1164.5797731662124,17.99299704141319,294651.1457301883
2012-07-06,6391.758116481127,5201.216674887347,1190.5414415937803,18.6261967348854,295841.6871717821
2012-07-07,6312.83597814315,5098.657843693863,1214.1781344492874,19.233481412365546,297055.86530623137
2012-07-08,6235.574043114902,5008.9320043276575,1226.642038787245,19.67167786487371,298282.5073450186
2012-07-09,6160.159501415677,4924.254289758629,1235.9052116570483,20.062876803320155,299518.41255667567
2012-07-10,6086.285855499096,4843.130512687382,1243.155342811714,20.425516847659978,300761.5678994874
2012-07-11,6014.2410995122045,4763.525365191516,1250.7157343206882,20.7959028184309,302012.2836338081
2012-07-12,5944.199339389568,4686.289422662002,1257.9099167275663,21.16197396665277,303270.19355053565
2012-07-13,5875.817601044895,4596.5167095447005,1279.3008915001947,21.772304355953747,304549.49444203585
2012-07-14,5808.806342660915,4521.315863865199,1287.4904787957157,22.16445863137414,305836.9849208316
2012-07-15,5743.218843491515,4449.424892341257,1293.7939511502582,22.527331561053888,307130.77887198183
2012-07-16,5679.153949444881,4379.3113831779965,1299.8425662668842,22.88796144351642,308430.6214382487
2012-07-17,5616.636806576047,4309.623895809292,1307.0129107667553,23.270383252064367,309737.6343490155
2012-07-18,5555.36912527075,4241.718223569919,1313.6509017008311,23.646509747213386,311051.2852507163
2012-07-19,5495.364393943455,4175.462614693218,1319.9017792502373,24.018457824287793,312371.18702996656
2012-07-20,5436.2153108408675,4110.6963156827305,1325.518995158137,24.383121700768456,313696.7060251247
2012-07-21,5377.921821011463,4047.518037152714,1330.4037838587492,24.738250724673623,315027.10980898346
2012-07-22,5320.7952487173025,3978.13025774132,1342.6649909759826,25.234291646529005,316369.77479995944
2012-07-23,5264.910434452351,3912.53797838395,1352.3724560684013,25.68652350130764,317722.14725602785
2012-07-24,5210.09205795289,3850.1928226868667,1359.8992352660234,26.101251573668826,319082.0464912939
2012-07-25,5156.202485480346,3788.802910669013,1367.399574811333,26.51950885679672,320449.4460661052
2012-07-26,5103.141727600014,3729.825985252629,1373.315742347385,26.91118169264034,321822.7618084526
2012-07-27,5050.805628012866,3670.0090500498236,1380.7965779630422,27.338145231818945,323203.55838641565
2012-07-28,4999.256151119713,3614.2022264299494,1385.0539246897633,27.705200190223195,324588.6123111054
2012-07-29,4948.661462028045,3559.3707987009593,1389.290663327086,28.07406960422245,325977.9029744325
2012-07-30,4898.89912030776,3505.5289345181127,1393.3701857896476,28.44251640156478,327371.27316022216
2012-07-31,4849.969755054684,3452.5340041285426,1397.4357509261417,28.813287948233512,328768.7089111483
2012-08-01,4801.799474499188,3603.049255256969,1198.7502192422194,24.964603907522502,329967.45913039055
2012-08-02,4754.565555570647,3555.413940919991,1199.151614650656,25.22105543892817,331166.6107450412
2012-08-03,4708.074997677468,3507.8635843549478,1200.21141332252,25.492614580578987,332366.82215836376
2012-08-04,4662.183211852098,3461.920460483487,1200.2627513686107,25.74465002399154,333567.0849097324
2012-08-05,4617.062734542647,3416.4344452728606,1200.6282892697868,26.00415801776446,334767.7131990022
2012-08-06,4572.685224675108,3371.3558216543956,1201.329403020712,26.271858743700587,335969.04260202294
2012-08-07,4528.908419533167,3327.035360631495,1201.8730589016718,26.537808839719464,337170.9156609246
2012-08-08,4486.595879318193,3283.9092210942968,1202.6866582238958,26.806217688736044,338373.60231914854
2012-08-09,4445.234764499124,3241.409222433306,1203.8255420658184,27.0812590525005,339577.4278612144
2012-08-10,4404.74138883641,3199.7845146155073,1204.9568742209026,27.35590509978188,340782.3847354353
2012-08-11,4364.7683907873,3157.9614154712385,1206.8069753160612,27.648820447455225,341989.1917107514
2012-08-12,4325.282217191532,3117.3279766537803,1207.954240537752,27.92775545920548,343197.14595128916
2012-08-13,4286.290764657315,3077.1066284444737,1209.1841362128412,28.21050186756321,344406.330087502
2012-08-14,4247.692380261142,3037.4818475748966,1210.2105326862452,28.491011691666884,345616.5406201883
2012-08-15,4209.527575155254,2998.4277149238246,1211.0998602314298,28.770446056212435,346827.64048041974
2012-08-16,4171.94223864167,2960.164833002453,1211.7774056392168,29.045881661912837,348039.417886059
2012-08-17,4134.839890901232,2922.49955848298,1212.3403324182523,29.320127608472156,349251.75821847725
2012-08-18,4098.271155853057,2885.433446249654,1212.8377096034033,29.59388638478096,350464.5959280807
2012-08-19,4062.2845067100134,2848.8762509238063,1213.408255786207,29.870095355997826,351678.0041838669
2012-08-20,4026.942202283768,2812.9716827708385,1213.9705195129295,30.146211654700682,352891.97470337985
2012-08-21,3992.0386681056116,2777.5886757303583,1214.4499923752533,30.42179931968345,354106.4246957551
2012-08-22,3957.5262523144484,2742.626287495447,1214.8999648190015,30.698468875816083,355321.32466057414
2012-08-23,3923.376858754549,2708.009233739655,1215.3676250148942,30.977590702329444,356536.69228558906
2012-08-24,3889.65298733674,2671.1249148679985,1218.5280724687414,31.327423717123725,357755.2203580578
2012-08-25,3856.34012724855,2635.6971126480116,1220.6430146005382,31.65288782427632,358975.8633726584
2012-08-26,3823.3967903286684,2602.5491487092427,1220.8476416194258,31.93096894121938,360196.7110142778
2012-08-27,3790.838412283454,2568.90573325796,1221.932679025494,32.233837112815614,361418.64369330334
2012-08-28,3758.726276449859,2534.1743031802675,1224.5519732695916,32.578907938627246,362643.19566657295
2012-08-29,3726.9572093058378,2502.0799754492095,1224.8772338566282,32.865342022125525,363868.0729004296
2012-08-30,3695.765120030381,2470.711618943568,1225.053501086813,33.14749344992851,365093.12640151643
2012-08-31,3665.24810867873,2439.7213505266322,1225.526758152098,33.436392893846495,366318.65315966855
2012-09-01,3635.05764865689,2634.0757904162847,1000.9818582406051,27.536890882884784,367319.63501790917
2012-09-02,3605.147172290599,2608.276111185619,996.8710611049801,27.65132776733769,368316.50607901416
2012-09-03,3575.515545437578,2582.338295653065,993.1772497845132,27.77717610686451,369309.6833287987
2012-09-04,3546.164899930358,2556.2730205909565,989.8918793394014,27.914434530634537,370299.5752081381
2012-09-05,3517.0757700777613,2530.1709122085695,986.9048578691918,28.060380906930867,371286.4800660073
2012-09-06,3488.2564746867865,2504.075654445517,984.1808202412694,28.2141186401622,372270.6608862486
2012-09-07,3459.720907338895,2478.0420907506004,981.6788165882945,28.374508894804755,373252.3397028369
2012-09-08,3431.463465916924,2452.1800727772743,979.2833931396499,28.538359882493307,374231.62309597654
2012-09-09,3403.480462415144,2426.4521081813828,977.0283542337611,28.706741966735194,375208.6514502103
2012-09-10,3375.7693477675784,2400.892841986216,974.8765057813625,28.87864677206266,376183.5279559917
2012-09-11,3348.3225882339757,2375.5943130301994,972.7282752037763,29.05121145202523,377156.25623119547
2012-09-12,3321.117331216112,2350.4301696916327,970.687161524479,29.227728644234237,378126.94339271996
2012-09-13,3294.2475439696573,2325.433401117868,968.8141428517893,29.409269641113312,379095.75753557176
2012-09-14,3267.6598559306003,2300.610934585634,967.0489213449664,29.594540557513426,380062.80645691673
2012-09-15,3241.3257026572246,2275.9898720731244,965.3358305841002,29.78212987953423,381028.14228750084
2012-09-16,3215.2881225107703,2251.8641914644495,963.4239310463208,29.96384443127285,381991.5662185472
2012-09-17,3189.6232109111734,2228.065925549784,961.5572853613894,30.146422375911392,382953.1235039086
2012-09-18,3164.5240309350193,2204.5550032468263,959.9690276881929,30.33533695127452,383913.0925315968
2012-09-19,3139.821913304506,2181.294436882551,958.5274764219548,30.528084168097052,384871.62000801874
2012-09-20,3115.3421551233623,2158.1984074281745,957.1437476951878,30.723551380098296,385828.76375571394
2012-09-21,3091.1273523834534,2135.324250517714,955.8031018657393,30.920858085279313,386784.5668575797
2012-09-22,3067.2110442176927,2112.7051667662554,954.5058774514373,31.119667466341195,387739.07273503114
2012-09-23,3043.58277580305,2090.335740828722,953.247034974328,31.319898461536454,388692.3197700055
2012-09-24,3020.169701635372,2068.151557318236,952.0181443171359,31.522008309719613,389644.3379143226
2012-09-25,2997.0108226742595,2046.291126654086,950.7196960201736,31.72226435845293,390595.0576103428
2012-09-26,2974.1329986401834,2024.7002846603964,949.432713979787,31.92300796278718,391544.4903243226
2012-09-27,2951.5791267757304,2003.4731116232679,948.1060151524625,32.12199214147994,392492.5963394751
2012-09-28,2929.303049954353,1982.5002787209332,946.8027712334197,32.3217760363911,393439.3991107085
2012-09-29,2907.3106730051804,1961.8400033256721,945.4706696795083,32.52045536303865,394384.869780388
2012-09-30,2885.530363676371,1941.4287769823086,944.1015866940625,32.718476942006944,395328.9713670821
2012-10-01,2864.1408409674186,2196.270039886434,667.8708010809846,23.318364499680065,395996.8421681631
2012-10-02,2843.136457856279,2182.6240840835612,660.5123737727176,23.231821038612516,396657.35454193584
2012-10-03,2822.425524473889,2168.384519820765,654.0410046531238,23.173011970795564,397311.395546589
2012-10-04,2801.943414019188,2153.6969477068283,648.2464663123596,23.13560163524132,397959.6420129014
2012-10-05,2781.750995016657,2138.9103064015158,642.8406886151411,23.10921034149902,398602.48270151654
2012-10-06,2761.730284946272,2123.9547007765736,637.7755841696985,23.093333467287014,399240.25828568626
2012-10-07,2741.8582738006953,2108.838168405194,633.0201053955011,23.087265722090898,399873.2783910818
2012-10-08,2722.141900527058,2093.2924430749495,628.8494574521087,23.101273939112122,400502.1278485339
2012-10-09,2702.729237379972,2077.6957037415937,625.0335336383782,23.126013697335303,401127.1613821723
2012-10-10,2683.6034080146346,2062.209328155231,621.3940798594035,23.155212800952548,401748.55546203174
2012-10-11,2664.6235923192,2046.8490252149873,617.7745671042126,23.18430899151959,402366.330029136
2012-10-12,2645.7940231608227,2031.5473831141949,614.2466400466278,23.215965969747423,402980.5766691826
2012-10-13,2627.1609819440637,2016.2616613874793,610.8993205565844,23.253212298567526,403591.47598973924
2012-10-14,2608.698227006942,2000.9974578413762,607.7007691655658,23.29517315856054,404199.1767589048
2012-10-15,2590.381018187152,1985.768724679679,604.6122935074732,23.340670320793347,404803.7890524123
2012-10-16,2572.237676746445,1970.5866529838763,601.6510237625685,23.390180044465442,405405.4400761749
2012-10-17,2554.2554564049933,1955.4504401741665,598.8050162308268,23.443427114123487,406004.24509240576
2012-10-18,2536.4219856401905,1940.355168297619,596.0668173425715,23.500301634237918,406600.31190974836
2012-10-19,2518.7362149974797,1925.3705274262115,593.3656875712682,23.558071863109408,407193.67759731965
2012-10-20,2501.1958051072434,1910.5184149443753,590.677390162868,23.615799648981966,407784.35498748254
2012-10-21,2483.8006163989194,1895.7418975645792,588.0587188343402,23.67576185269345,408372.4137063169
2012-10-22,2466.549580957275,1881.0388205169816,585.5107604402933,23.73804949880857,408957.9244667572
2012-10-23,2449.431814385811,1866.412755052524,583.0190593332868,23.802216330707594,409540.94352609053
2012-10-24,2432.4500846175943,1851.866197344812,580.5838872727822,23.868275486691267,410121.52741336334
2012-10-25,2415.700242049992,1837.4706186365452,578.2296234134469,23.936315166436145,410699.7570367768
2012-10-26,2399.4332026618067,1823.357731880818,576.0754707809888,24.00881467097815,411275.8325075578
2012-10-27,2383.353236913914,1809.4511008602217,573.9021360536922,24.07960881186079,411849.73464361153
2012-10-28,2367.4870350477286,1795.7012562951654,571.7857787525631,24.151590707276497,412421.5204223641
2012-10-29,2351.921323425835,1782.1608843684312,569.7604390574038,24.22531882263325,412991.28086142155
2012-10-30,2336.5008170099463,1768.743365906144,567.7574511038024,24.299475821727714,413559.0383125254
2012-10-31,2321.225403498858,1755.5188849758938,565.7065185229644,24.37102909826235,414124.74483104836
2012-11-01,2306.223343427526,1894.2840846886038,411.93925873892204,17.862071334630365,414536.6840897873
2012-11-02,2291.3513084102888,1884.9934830653592,406.35782534492955,17.73441828205975,414943.04191513226
2012-11-03,2276.6171462100465,1875.5578932466096,401.05925296343685,17.616455785334498,415344.1011680957
2012-11-04,2262.0104282821994,1865.9095704217552,396.1008578604442,17.51100936175827,415740.2020259562
2012-11-05,2247.498451817315,1856.0570750867128,391.4413767306023,17.41675845934777,416131.6434026868
2012-11-06,2233.225434018299,1846.095162067294,387.13027195100494,17.335028790820804,416518.77367463784
2012-11-07,2219.1834997916594,1836.0899382244907,383.09356156716876,17.262815878143208,416901.867236205
2012-11-08,2205.2091817541514,1825.970725115586,379.23845663856537,17.197391511715775,417281.1056928436
2012-11-09,2191.478240324883,1815.9306665861159,375.5475737387669,17.136723825425374,417656.6532665824
2012-11-10,2177.9964716949034,1806.0669992533158,371.9294724415877,17.076679291043774,418028.582739024
2012-11-11,2164.656686224742,1796.1981591446902,368.4585270800517,17.02156879771359,418397.0412661041
2012-11-12,2151.384615597781,1786.2775635805092,365.1070520172716,16.970794035162488,418762.1483181214
2012-11-13,2138.263203992741,1776.320826993754,361.94237699898713,16.92693286416464,419124.0906951204
2012-11-14,2125.3956476261374,1766.3402685634437,359.05537906269365,16.893578353927843,419483.1460741831
2012-11-15,2112.661298898747,1756.3302713979147,356.33102750083253,16.866453117050746,419839.47710168397
2012-11-16,2099.986705117626,1746.3062243808172,353.68048073680893,16.842034279307416,420193.1575824208
2012-11-17,2087.540101062041,1736.4538971979282,351.0862038641126,16.818177705208953,420544.24378628493
2012-11-18,2075.266645880416,1726.7180096471793,348.5486362332367,16.795366365336037,420892.7924225182
2012-11-19,2063.0611467724666,1716.9960140941776,346.06513267828905,16.774351706428423,421238.8575551965
2012-11-20,2050.9260447593406,1707.2917221407051,343.63432261863545,16.755081125265935,421582.49187781516
2012-11-21,2038.862703646766,1697.6015469440836,341.26115670268246,16.737819378043127,421923.75303451787
2012-11-22,2026.8704004709143,1687.930580416426,338.93982005448834,16.72232324157186,422262.6928545724
2012-11-23,2014.947551585501,1678.2861383624486,336.6614132230525,16.708197340329967,422599.35426779545
2012-11-24,2003.110299261054,1668.5168988289888,334.5934004320652,16.70369327917172,422933.94766822754
2012-11-25,1991.3948054139037,1658.9102416948526,332.48456371905104,16.696064628427383,423266.4322319466
2012-11-26,1979.7392787870485,1649.5096751714236,330.2296036156249,16.68045924804557,423596.66183556226
2012-11-27,1968.1425304198638,1640.2968912496808,327.84563917018295,16.657616717435786,423924.50747473247
2012-11-28,1956.617379724048,1631.164196959894,325.453182764154,16.633460692762238,424249.96065749665
2012-11-29,1945.165003255941,1622.0761263363174,323.08887691962354,16.609844222922828,424573.0495344163
2012-11-30,10749.122676304018,10085.316890437534,663.8057858664833,6.175441530031236,425236.85532028275
2012-12-01,99271.0740919247,96696.10726574226,2574.966826182441,2.5938742475960614,427811.8221464652
2012-12-02,33953.553823943876,33307.62088181707,645.9329421268048,1.9024015732671147,428457.755088592
2012-12-03,22056.87127997214,21611.73669011993,445.1345898522086,2.018122081785893,428902.8896784442
2012-12-04,158849.36548365897,156343.13042819337,2506.2350554656005,1.5777431957847008,431409.1247339098
2012-12-05,41733.63113527538,41113.44977906753,620.181356207846,1.4860469586209508,432029.30609011767
2012-12-06,36787.84693230223,36202.94460454453,584.9023277576998,1.5899335691867194,432614.20841787534
2012-12-07,34587.69587872829,34030.01838152865,557.677497199642,1.6123580453435697,433171.88591507496
2012-12-08,32837.21567260008,32333.52932821689,503.6863443831935,1.5338887115312818,433675.57225945813
2012-12-09,31457.969375016168,30972.04346683258,485.92590818358804,1.5446830098623883,434161.4981676417
2012-12-10,30264.261553837452,29792.35186558319,471.9096882542617,1.559296886906611,434633.40785589593
2012-12-11,29103.761645286344,28646.281871262097,457.4797740242466,1.5718922509054434,435090.88762992015
2012-12-12,27982.677712365054,27535.20607895553,447.47163340952466,1.5991022660844025,435538.35926332965
2012-12-13,26932.405087209772,26472.260029800327,460.14505740944514,1.7085182549402858,435998.50432073907
2012-12-14,25874.2586389184,25441.65591936521,432.6027195531897,1.6719424722086391,436431.10704029223
2012-12-15,34069.58491851268,33494.945381640726,574.6395368719532,1.6866643319734322,437005.74657716416
2012-12-16,79016.83588811674,77587.71805845498,1429.1178296617582,1.8086244704676686,438434.8644068259
2012-12-17,37141.29270311352,36654.193280899526,487.0994222139925,1.3114767601321518,438921.9638290399
2012-12-18,34021.452255751006,33560.3120208337,461.1402349173077,1.3554395957314147,439383.1040639572
2012-12-19,31955.645955169573,31508.50999227082,447.13596289875204,1.3992393191676895,439830.2400268559
2012-12-20,246496.99470456317,242905.1558024116,3591.8389021515613,1.4571532226818946,443422.07892900746
2012-12-21,274603.87112953095,271000.7471566044,3603.1239729265217,1.3121169625561921,447025.202901934
2012-12-22,317094.5669684359,312509.928686991,4584.6382814449025,1.4458268160429455,451609.8411833789
2012-12-23,298756.7662074511,294963.5053450509,3793.2608624002314,1.2696819926636447,455403.1020457791
2012-12-24,108967.45738814492,108437.53609104277,529.921297102148,0.4863115188735243,455933.02334288124
2012-12-25,327123.60863000085,323320.2838958398,3803.324734161026,1.1626567553743412,459736.34807704226
2012-12-26,113898.03949606046,113427.76809695698,470.2713991034834,0.41288805424938796,460206.6194761457
2012-12-27,100283.25450910395,99848.38299935739,434.87150974656106,0.4336431958409192,460641.49098589225
2012-12-28,120663.46253170846,119885.92057843963,777.5419532688247,0.6443888953248784,461419.03293916106
2012-12-29,88398.39149610791,87997.51589964385,400.8755964640586,0.4534874330622959,461819.9085356251
2012-12-30,80608.94403838646,80228.31986137349,380.6241770129709,0.47218603537557247,462200.532712638
2012-12-31,74315.51867068233,73955.06507753496,360.4535931473656,0.4850313899370866,462560.98630578537
2013-01-01,68945.4792285366,68598.17051599015,347.3087125464517,0.5037439966081203,462908.29501833185
2013-01-02,64301.230541076045,63970.55819960337,330.672341472673,0.5142550751986579,463238.96735980455
2013-01-03,60216.776737325825,59894.55086980414,322.2258675216872,0.5351097899631566,463561.19322732626
2013-01-04,56601.296042437665,56287.48445983211,313.8115826055582,0.5544247297275195,463875.00480993185
2013-01-05,90724.0257654739,89960.07930013232,763.946465341578,0.8420552978065783,464638.95127527346
2013-01-06,57754.45689822268,57428.14299223505,326.31390598762664,0.5650021202046288,464965.2651812611
2013-01-07,53818.864804578014,53502.47835597608,316.38644860193017,0.587872764969612,465281.6516298631
2013-01-08,50601.83383224998,50297.95361576954,303.8802164804365,0.6005320231828536,465585.53184634354
2013-01-09,47811.236231656745,47517.253293392976,293.98293826376903,0.6148825285323144,465879.51478460734
2013-01-10,45344.498192368075,45057.34462536851,287.15356699956465,0.6332710217265022,466166.66835160693
2013-01-11,43099.25051103579,42817.05728503017,282.1932260056201,0.654752049419892,466448.8615776126
2013-01-12,41043.634781140834,40764.13316008335,279.50162105748313,0.6809865221437734,466728.3631986701
2013-01-13,39157.079518180806,38881.626353689266,275.4531644915405,0.7034568662447014,467003.81636316166
2013-01-14,37412.71379330475,37141.28860177126,271.42519153348985,0.7254891827228614,467275.2415546952
2013-01-15,35802.43212000467,35534.61448577259,267.8176342320803,0.7480431310766643,467543.0591889273
2013-01-16,34312.296775130555,34047.644597405364,264.652177725191,0.7713041754669424,467807.7113666525
2013-01-17,32923.71195036825,32662.284134306276,261.4278160619724,0.7940411350216796,468069.1391827145
2013-01-18,31624.93795479322,31368.125861681794,256.8120931114245,0.812055642539216,468325.95127582597
2013-01-19,30411.797193110455,30159.88325535439,251.91393775606412,0.8283428176126768,468577.86521358206
2013-01-20,29270.63853998203,29019.21302599905,251.42551398297655,0.8589683263641262,468829.29072756507
2013-01-21,28193.536935080774,27942.044350434822,251.49258464595187,0.8920221156538313,469080.78331221105
2013-01-22,27188.101768594235,26938.7702135735,249.3315550207335,0.9170612834351813,469330.1148672318
2013-01-23,31272.816119395644,30989.819255084043,282.9968643116008,0.9049292626259007,469613.11173154344
2013-01-24,26623.85979525093,26378.7866614878,245.0731337631296,0.9205018943453304,469858.1848653066
2013-01-25,25590.552143938374,25348.79890949445,241.75323444392416,0.9446972190523375,470099.93809975055
2013-01-26,24711.176586017013,24471.199796651286,239.9767893657263,0.971126520545844,470339.9148891163
2013-01-27,23892.046570738778,23653.726533860696,238.32003687808174,0.9974869091790511,470578.2349259944
2013-01-28,23119.727597986348,22881.378523768653,238.34907421769458,1.030933747845948,470816.58400021214
2013-01-29,22391.47852381831,22155.37039186785,236.1081319504592,1.0544552995877685,471052.6921321626
2013-01-30,21704.28269995004,21471.780154069216,232.50254588082316,1.0712288864600827,471285.1946780435
2013-01-31,21059.697808154393,20830.33322778417,229.36458037022385,1.0891161993854113,471514.55925841373
2013-02-01,20451.75089380378,20227.798252146284,223.9526416574954,1.0950291875760418,471738.51190007123
2013-02-02,19874.67184030544,19653.266093524697,221.40574678074336,1.114009572383162,471959.917646852
2013-02-03,19322.24312701123,19102.946702278743,219.29642473248532,1.1349428909002977,472179.21407158446
2013-02-04,18795.85149351135,18578.786390835478,217.06510267587146,1.1548564466515712,472396.27917426033
2013-02-05,18297.052400304936,18081.96332766494,215.08907263999572,1.1755394690590222,472611.3682469003
2013-02-06,17826.705074989237,17613.258244986704,213.4468300025328,1.1973431383121802,472824.81507690286
2013-02-07,17377.632636605762,17167.11850451125,210.5141320945113,1.2114085761662723,473035.32920899737
2013-02-08,16949.22381299408,16740.70216095267,208.52165204141056,1.2302725737891782,473243.8508610388
2013-02-09,16544.266454737168,16337.726360181407,206.54009455576124,1.2484088981571135,473450.39095559454
2013-02-10,16158.417690186761,15951.751399783943,206.66629040281805,1.2790007930561755,473657.05724599736
2013-02-11,15787.136599064805,15580.807018105,206.32958095980393,1.306947461086936,473863.38682695717
2013-02-12,15428.410425098613,15222.75789585995,205.6525292386632,1.3329469697287286,474069.03935619583
2013-02-13,15082.49084963277,14876.87090817612,205.61994145664903,1.3633022788252214,474274.6592976525
2013-02-14,14747.280167545192,14541.926124667343,205.35404287784877,1.3924875675026365,474480.01334053033
2013-02-15,14423.187839062884,14218.261492256135,204.92634680674928,1.4208117449024635,474684.9396873371
2013-02-16,14110.614302095026,13906.418067517285,204.19623457774105,1.4471108784216695,474889.1359219148
2013-02-17,13809.849903316237,13607.139520135768,202.71038318046885,1.467868112974862,475091.8463050953
2013-02-18,13521.915059209801,13319.496608267133,202.41845094266864,1.4969658517770459,475294.26475603797
2013-02-19,13244.317872839514,13041.960095441495,202.3577773980196,1.5278837259939242,475496.622533436
2013-02-20,12976.653365448583,12774.32075617841,202.33260927017363,1.5592048548426285,475698.95514270617
2013-02-21,12718.07267327886,12515.37781926623,202.69485401263046,1.5937544879618422,475901.6499967188
2013-02-22,12467.798094433267,12265.334515250348,202.4635791829187,1.6238920268793609,476104.1135759017
2013-02-23,12224.640069348272,12022.65273046872,201.98733887955132,1.6522968180143711,476306.1009147813
2013-02-24,11988.856780574657,11787.255279062376,201.60150151228117,1.6815740249640208,476507.70241629356
2013-02-25,11759.895478133112,11558.67646634119,201.21901179192173,1.711061226403564,476708.9214280855
2013-02-26,11537.249893121421,11336.748788660452,200.50110446096915,1.7378587299258303,476909.42253254645
2013-02-27,11321.201742716134,11122.17165101605,199.03009170008409,1.7580297235506526,477108.45262424654
2013-02-28,11112.37731802417,10914.214176127747,198.16314189642253,1.7832650586387468,477306.61576614296
2013-03-01,10910.31254176097,10693.730700621289,216.58184113968127,1.9851112450782649,477523.19760728267
2013-03-02,10714.177306376863,10495.438843313046,218.7384630638171,2.041579645444437,477741.9360703465
2013-03-03,10524.11957541015,10303.309996721708,220.80957868844234,2.09812875182803,477962.745649035
2013-03-04,10341.098124760669,10119.943641192187,221.15448356848174,2.138597670192788,478183.9001326035
2013-03-05,10165.012425020803,9943.841352873855,221.17107214694806,2.175807199237097,478405.07120475045
2013-03-06,9995.698884723242,9773.679621695914,222.01926302732863,2.221147971620554,478627.0904677778
2013-03-07,9830.846330869012,9607.440638644528,223.40569222448357,2.2724970435453375,478850.4961600023
2013-03-08,9670.162226684391,9445.785001733946,224.37722495044545,2.3203046618110115,479074.8733849528
2013-03-09,9514.483739714371,9289.53065626477,224.95308344960176,2.364322538180668,479299.8264684024
2013-03-10,9364.771562716225,9128.136327472888,236.63523524333687,2.5268660709829582,479536.46170364576
2013-03-11,9219.782999654533,8981.327189917816,238.45580973671713,2.586349480737802,479774.9175133825
2013-03-12,9079.551069579786,8841.112055374682,238.43901420510338,2.6261101719442026,480013.35652758763
2013-03-13,8942.750034527853,8705.045812663297,237.70422186455653,2.658066265374558,480251.0607494522
2013-03-14,8809.180954440963,8571.700071751513,237.48088268944957,2.6958338569459013,480488.5416321417
2013-03-15,8679.666021392215,8442.265015652776,237.40100573943892,2.7351398677591043,480725.94263788115
2013-03-16,8554.494273084681,8316.894727781788,237.5995453028936,2.7774820780517877,480963.54218318406
2013-03-17,8432.020956369583,8194.122573271301,237.89838309828156,2.82136849907343,481201.44056628237
2013-03-18,8312.257475813618,8073.7251864801165,238.53228933350147,2.8696450997525615,481439.9728556159
2013-03-19,8195.34988346789,7955.955366296601,239.3945171712894,2.9211018513585265,481679.3673727872
2013-03-20,8081.873639814556,7841.350837987988,240.52280182656796,2.976077238347999,481919.8901746138
2013-03-21,7971.294702289393,7729.558134496585,241.73656779280827,3.0325885169366575,482161.62674240663
2013-03-22,7863.005446193507,7619.846250295081,243.15919589842633,3.0924459808957665,482404.7859383051
2013-03-23,7756.988106899662,7512.2247893932745,244.76331750638747,3.1553911664332213,482649.5492558115
2013-03-24,7652.846277458128,7406.301537724119,246.54473973400854,3.2216084159460956,482896.0939955455
2013-03-25,7550.771338928491,7303.12710539056,247.64423353793063,3.279721003617005,483143.7382290835
2013-03-26,7450.834761965089,7201.828811847978,249.00595011711084,3.3419872815893426,483392.7441792006
2013-03-27,7353.623451787047,7103.358915638086,250.26453614896127,3.403281902993592,483643.0087153496
2013-03-28,7258.178941132966,7006.763846184733,251.41509494823367,3.4638866992302204,483894.42381029786
2013-03-29,7164.335526906187,6913.01767962114,251.3178472850468,3.507901693621191,484145.7416575829
2013-03-30,7072.245281639742,6821.010669125617,251.23461251412482,3.5524024197287827,484396.9762700971
2013-03-31,15917.506657190286,15569.379349362134,348.12730782815197,2.187071853184338,484745.10357792524
2013-04-01,9390.116042500362,9131.89991503761,258.2161274627524,2.7498715276152828,485003.319705388
2013-04-02,8954.00707387831,8689.765087525759,264.241986352552,2.951103167244864,485267.5616917405
2013-04-03,37040.70169130241,36322.212453008455,718.4892382939579,1.939729015615996,485986.0509300345
2013-04-04,28156.151548958966,27688.511166431068,467.6403825278976,1.6608817498184973,486453.6913125624
2013-04-05,17937.73269636184,17634.376472004624,303.356224357216,1.6911625872245448,486757.0475369196
2013-04-06,16507.430857419968,16209.140218852952,298.2906385670158,1.8070082567266146,487055.3381754866
2013-04-07,19429.731684717233,19090.81585347727,338.91583123996315,1.7443155507213866,487394.25400672655
2013-04-08,16150.472765980754,15855.586862802438,294.88590317831586,1.82586545577453,487689.13990990486
2013-04-09,15386.350314422976,15095.97111155412,290.37920286885674,1.887251992414724,487979.5191127737
2013-04-10,14836.449044836685,14546.616179727416,289.8328651092688,1.9535190949894792,488269.35197788297
2013-04-11,14378.137447732966,14075.56208879587,302.5753589370961,2.104412758864006,488571.92733682005
2013-04-12,13948.990843819454,13626.832927768983,322.1579160504716,2.3095428168068084,488894.0852528705
2013-04-13,13549.44812730793,13224.459861302681,324.9882660052481,2.3985350764970113,489219.07351887575
2013-04-14,13174.481494579464,12846.91395804745,327.56753653201486,2.4863789642635266,489546.64105540776
2013-04-15,12823.438438683748,12494.925443770297,328.5129949134516,2.5618167583075446,489875.1540503212
2013-04-16,12498.185940605588,12151.073266568526,347.1126740370619,2.7773044479144855,490222.26672435825
2013-04-17,12192.499332814943,11826.593306486428,365.9060263285155,3.0010748111645538,490588.17275068676
2013-04-18,11903.303482417949,11533.122742752012,370.1807396659369,3.109899199098141,490958.3534903527
2013-04-19,11627.225259652361,11252.744928925697,374.48033072666476,3.220719667538816,491332.83382107934
2013-04-20,11364.141021241201,10984.535266687095,379.60575455410617,3.3403822941352876,491712.43957563344
2013-04-21,11112.978290228406,10730.018974312514,382.95931591589215,3.4460547471115515,492095.3988915493
2013-04-22,10872.928948429413,10487.470689952306,385.45825847710694,3.545118893955305,492480.8571500264
2013-04-23,10643.268589634448,10255.676075573245,387.5925140612035,3.6416680721435752,492868.4496640876
2013-04-24,10423.809233291075,10033.833936190631,389.97529710044364,3.741197563890164,493258.42496118805
2013-04-25,10211.334407143295,9818.823721269311,392.5106858739837,3.843872604930111,493650.935647062
2013-04-26,10006.29351028055,9613.256741479903,393.0367688006463,3.927895662832966,494043.97241586266
2013-04-27,9809.485951426439,9416.959318069208,392.5266333572308,4.001500540404483,494436.4990492199
2013-04-28,9621.829248227878,9226.877215202132,394.95203302574555,4.104749968395945,494831.4510822456
2013-04-29,9439.857789233094,9041.717815912029,398.13997332106555,4.217648000748229,495229.5910555667
2013-04-30,9262.527339179069,8861.385254844956,401.14208433411295,4.330805941455563,495630.7331399008
2013-05-01,9090.62868873123,8736.102823398845,354.52586533238537,3.8999048082544236,495985.2590052332
2013-05-02,8924.370789646171,8561.693106410397,362.67768323577366,4.063902002553985,496347.93668846897
2013-05-03,8763.444237849675,8397.09468056711,366.349557282565,4.180428919719557,496714.28624575154
2013-05-04,8607.880672659725,8228.941376118526,378.9392965411989,4.402236868185018,497093.22554229276
2013-05-05,8457.869213592261,8073.439846462408,384.42936712985284,4.545227141985758,497477.6549094226
2013-05-06,8313.257640144322,7926.002442566749,387.2551975775732,4.658284565938826,497864.9101070002
2013-05-07,8173.393845540471,7783.32138641046,390.07245913001134,4.77246620561226,498254.98256613023
2013-05-08,8038.115444723982,7642.245371657727,395.8700730662549,4.924911514254179,498650.8526391965
2013-05-09,7906.35555362748,7505.556923528506,400.7986300989742,5.06932210903525,499051.6512692955
2013-05-10,7777.604815050028,7365.802910451848,411.80190459818004,5.294713660448833,499463.4531738937
2013-05-11,7651.998591484036,7234.600801208127,417.39779027590885,5.454755189584507,499880.8509641696
2013-05-12,7529.445077183656,7109.081640311122,420.3634368725343,5.582927195343441,500301.21440104215
2013-05-13,7410.7461947584525,6987.643897236861,423.102297521591,5.709307624390741,500724.31669856375
2013-05-14,7295.469466108596,6870.538994995482,424.9304711131135,5.824580214983361,501149.2471696769
2013-05-15,7183.162406279938,6756.394795906335,426.767610373603,5.941221793906511,501576.0147800505
2013-05-16,7073.996514242142,6645.520142360661,428.4763718814811,6.057062242239245,502004.491151932
2013-05-17,6967.93810933386,6535.676866993845,432.2612423400151,6.203574652320492,502436.752394272
2013-05-18,6864.4353892894,6430.282934046421,434.15245524297825,6.324663728649667,502870.904849515
2013-05-19,6763.325725237839,6328.123610789027,435.2021144488117,6.434735396889485,503306.10696396383
2013-05-20,6664.871620438527,6228.843836364873,436.0277840736544,6.542178287973763,503742.1347480375
2013-05-21,6569.306543836603,6128.470925404761,440.8356184318418,6.710535054045221,504182.97036646935
2013-05-22,6476.217727880692,6033.503324810486,442.71440307020566,6.836002458105768,504625.68476953957
2013-05-23,6385.451331590768,5942.1315890355745,443.31974255519344,6.942653221111497,505069.0045120948
2013-05-24,6297.883632420795,5853.471263170779,444.4123692500161,7.056535102716591,505513.4168813448
2013-05-25,6212.922146760393,5766.890254834272,446.0318919261208,7.179099969226163,505959.44877327094
2013-05-26,6129.642478255322,5681.8087059316,447.83377232372186,7.306034143302736,506407.2825455947
2013-05-27,6048.232894971035,5598.611646995485,449.62124797555043,7.433927492266378,506856.90379357024
2013-05-28,5968.608370558824,5517.310763178231,451.29760738059304,7.5611864502066375,507308.20140095084
2013-05-29,5890.476698096842,5435.21641491803,455.26028317881173,7.728751109836359,507763.46168412967
2013-05-30,5813.793398457579,5355.848923018739,457.9444754388405,7.87686187060474,508221.4061595685
2013-05-31,5738.5893772942945,5277.765099749506,460.82427754478886,8.030270982066055,508682.2304371133
2013-06-01,5665.171580749797,5035.745877711105,629.4257030386916,11.110443771508608,509311.656140152
2013-06-02,5593.511147766607,4944.67238593777,648.838761828837,11.599847478410895,509960.49490198086
2013-06-03,5523.454491227632,4860.298163053815,663.1563281738172,12.006187961302915,510623.6512301547
2013-06-04,5455.082113816636,4781.542675428095,673.5394383885405,12.347008245441426,511297.1906685432
2013-06-05,5388.283021111507,4706.725119471786,681.5579016397214,12.648888318771498,511978.74857018294
2013-06-06,5322.902858713176,4635.610892100961,687.2919666122152,12.91197650708902,512666.04053679516
2013-06-07,5259.215204720385,4566.334831493211,692.8803732271745,13.17459632770461,513358.92091002234
2013-06-08,5197.028432175051,4496.1244241925915,700.9040079824599,13.486630237447416,514059.8249180048
2013-06-09,5136.613737019943,4428.1398180217975,708.4739189981456,13.792625945223861,514768.29883700295
2013-06-10,5077.4899881563615,4357.719876554797,719.7701116015642,14.175707156104366,515488.0689486045
2013-06-11,5019.8165441001765,4286.040946235417,733.7755978647592,14.617577981553339,516221.8445464693
2013-06-12,4963.5767549024895,4223.292091525861,740.2846633766285,14.914338992450446,516962.1292098459
2013-06-13,4908.364707047818,4162.604850250066,745.759856797752,15.193652087974046,517707.88906664366
2013-06-14,4854.1764262258075,4104.083058457824,750.0933677679832,15.452536164846231,518457.98243441165
2013-06-15,4800.879968451569,4045.7770217270618,755.1029467245071,15.72842794834654,519213.08538113616
2013-06-16,4749.145925239194,3986.8888935116147,762.2570317275795,16.050402403442423,519975.34241286374
2013-06-17,4698.949134985218,3930.6065647797686,768.3425702054492,16.35137023478051,520743.6849830692
2013-06-18,4649.714498913614,3876.4104070845087,773.3040918291053,16.63121664802827,521516.9890748983
2013-06-19,4601.25784827536,3823.180637857414,778.0772104179459,16.910097979177245,522295.06628531625
2013-06-20,4553.539585543796,3770.425076165705,783.1145093780915,17.197929098151672,523078.18079469434
2013-06-21,4506.576608340256,3719.315147511431,787.261460828825,17.469168489710164,523865.4422555232
2013-06-22,4460.473156274296,3669.492810570405,790.9803457038915,17.73310404505549,524656.4226012271
2013-06-23,4415.078532404732,3621.005235927415,794.073296477317,17.985485210493284,525450.4958977044
2013-06-24,4370.613629931351,3573.733562692537,796.8800672388143,18.232681602911,526247.3759649432
2013-06-25,4327.14398288657,3526.3701690288754,800.7738138576942,18.505827793682766,527048.1497788009
2013-06-26,4284.541493043536,3480.642268499828,803.8992245437084,18.762783038720354,527852.0490033446
2013-06-27,4242.619111874839,3433.8987477629007,808.7203641119386,19.061818720619492,528660.7693674566
2013-06-28,4201.301575344522,3389.4930469407727,811.8085284037488,19.322786375723997,529472.5778958603
2013-06-29,4160.587220987771,3345.030933602483,815.5562873852878,19.60195145702691,530288.1341832456
2013-06-30,4120.522510572337,3302.170529755068,818.3519808172687,19.860393401991157,531106.4861640629
2013-07-01,4081.1991554277483,2886.692628042777,1194.5065273849714,29.26851844013419,532300.9926914478
2013-07-02,4042.448172434699,2832.4028324384753,1210.0453399962234,29.93347813949668,533511.0380314441
2013-07-03,4004.3431345080025,2775.3540780039084,1228.9890565040942,30.69140219061409,534740.0270879482
2013-07-04,3966.8480818991084,2706.4993729987227,1260.3487089003856,31.772043770756152,536000.3757968486
2013-07-05,3930.0144566460513,2650.5668221304704,1279.4476345155808,32.555799695645035,537279.8234313641
2013-07-06,3893.7741385879926,2603.691952501428,1290.0821860865644,33.13192137421688,538569.9056174507
2013-07-07,3858.131197946146,2557.1460348793817,1300.9851630667645,33.72060451856423,539870.8907805175
2013-07-08,3823.1187593904324,2513.3512825488624,1309.76747684157,34.25913656551968,541180.658257359
2013-07-09,3788.5466949534602,2471.793971269163,1316.752723684297,34.75614344250474,542497.4109810434
2013-07-10,3754.398387339432,2431.1112353245308,1323.287152014901,35.24631686603332,543820.6981330583
2013-07-11,3720.6681505346205,2391.122692532609,1329.5454580020114,35.73405109539183,545150.2435910603
2013-07-12,3687.487199405441,2352.3255116546106,1335.1616877508304,36.20790027328387,546485.4052788111
2013-07-13,3654.724762484664,2313.725759616359,1340.999002868305,36.69220228657184,547826.4042816794
2013-07-14,3622.410500331316,2274.575347530893,1347.8351528004232,37.20823889719694,549174.2394344799
2013-07-15,3590.6509921213146,2238.111167266271,1352.5398248550437,37.66837344600788,550526.7792593349
2013-07-16,3559.267896181904,2202.2260177794424,1357.0418784024614,38.126994595101614,551883.8211377374
2013-07-17,3528.2643367415294,2167.042700365656,1361.2216363758735,38.58048905805644,553245.0427741132
2013-07-18,3497.60381737072,2132.4884741406468,1365.1153432300734,39.03001639151577,554610.1581173433
2013-07-19,3467.368058674503,2098.533717419491,1368.834341255012,39.47761870363098,555978.9924585983
2013-07-20,3437.6039472422563,2065.1353005794854,1372.4686466627709,39.925153325583196,557351.4611052611
2013-07-21,3408.311699023936,2032.317979751625,1375.993719272311,40.37171012458645,558727.4548245334
2013-07-22,3379.374089316232,2000.0551542807416,1379.3189350354905,40.815810815267746,560106.7737595689
2013-07-23,3350.7399366276804,1968.4202258070045,1382.319710820676,41.254162870422526,561489.0934703896
2013-07-24,3322.4172047520988,1933.156049268092,1389.2611554840068,41.81477129052088,562878.3546258736
2013-07-25,3294.401126054814,1899.329235201706,1395.071890853108,42.34675248923819,564273.4265167267
2013-07-26,3266.6866005903576,1868.9000543493357,1397.7865462410218,42.78912295989499,565671.2130629678
2013-07-27,3239.2747135101818,1838.8924514087894,1400.3822621013924,43.23135226107123,567071.5953250692
2013-07-28,3212.2042159903795,1809.021635157992,1403.1825808323874,43.68285720588164,568474.7779059015
2013-07-29,3185.399351431057,1779.3763185609178,1406.023032870139,44.13961572003448,569880.8009387717
2013-07-30,3158.887363861082,1750.5027607290585,1408.3846031320236,44.58483133157893,571289.1855419037
2013-07-31,3132.7151447266806,1722.034035363472,1410.6811093632086,45.03062181500342,572699.8666512669
2013-08-01,3106.8281506446656,1912.311735428832,1194.5164152158336,38.448100676826044,573894.3830664827
2013-08-02,3081.2793820074294,1888.7845159284393,1192.49486607899,38.70128989413771,575086.8779325617
2013-08-03,3056.0126975292806,1864.9357520562685,1191.076945473012,38.974868999594534,576277.9548780347
2013-08-04,3031.0473065536935,1841.4968614463783,1189.5504451073152,39.24552554937971,577467.5053231419
2013-08-05,3006.5096411993727,1818.2174282928086,1188.2922129065641,39.52397812476411,578655.7975360485
2013-08-06,2982.494249165524,1795.2257299320395,1187.2685192334843,39.80790640470377,579843.0660552819
2013-08-07,2958.760416225996,1772.4938993118326,1186.2665169141633,40.09336174732554,581029.332572196
2013-08-08,2935.2655368791893,1749.324676673356,1185.9408602058334,40.403188239887164,582215.2734324018
2013-08-09,2912.2519878589083,1726.4421227546031,1185.8098651043051,40.717969119702246,583401.0832975061
2013-08-10,2889.8754904309753,1704.4379196697469,1185.4375707612285,41.02036834065957,584586.5208682673
2013-08-11,2867.8340012540575,1682.630368773322,1185.2036324807355,41.327483807028756,585771.724500748
2013-08-12,2846.0102763103787,1660.9685924583669,1185.0416838520118,41.63870010294981,586956.7661846
2013-08-13,2824.4612192390487,1639.131808540979,1185.3294106980698,41.966567026096925,588142.095595298
2013-08-14,2803.168609481305,1616.9210316361482,1186.2475778451567,42.31809580889458,589328.3431731431
2013-08-15,2782.1164466736373,1596.030316632669,1186.0861300409683,42.632512074003245,590514.429303184
2013-08-16,2761.3772457481828,1574.6159606899223,1186.7612850582605,42.97715159656546,591701.1905882423
2013-08-17,2740.95463159238,1552.760916227437,1188.1937153649428,43.349630879320756,592889.3843036072
2013-08-18,2720.736284375889,1531.5537288051187,1189.1825555707705,43.70811542448178,594078.5668591779
2013-08-19,2700.6885330218356,1511.4776081067598,1189.2109249150758,44.03361995929431,595267.7777840929
2013-08-20,2680.823426425457,1491.5450084851677,1189.2784179402893,44.36243007343618,596457.0562020332
2013-08-21,2661.218711097492,1471.8701560648246,1189.3485550326673,44.691875570879986,597646.4047570658
2013-08-22,2641.7968320327345,1451.9718031724537,1189.8250288602808,45.03847587495092,598836.229785926
2013-08-23,2622.6096599728335,1432.2442207585177,1190.3654392143158,45.38858593339606,600026.5952251403
2013-08-24,2603.616099813953,1412.9548149639363,1190.6612848500167,45.73106169281631,601217.2565099903
2013-08-25,2584.8000450246036,1393.8186393938581,1190.9814056307455,46.076345747642115,602408.237915621
2013-08-26,2566.1686919105705,1374.923160226745,1191.2455316838254,46.42117002826171,603599.4834473048
2013-08-27,2547.8215861774515,1356.1989135127137,1191.6226726647378,46.770255779666016,604791.1061199695
2013-08-28,2529.6265659430064,1336.1644157967153,1193.4621501462912,47.17938079138517,605984.5682701158
2013-08-29,2511.56841061078,1318.1160821197177,1193.4523284910624,47.51820907800121,607178.0205986068
2013-08-30,2493.759238489205,1300.1778545940383,1193.5813838951667,47.86273532236714,608371.6019825019
2013-08-31,2476.1469034648035,1282.0841292945756,1194.0627741702278,48.222614437754444,609565.6647566721
2013-09-01,2458.88543213252,1502.0184580484156,956.8669740841042,38.91466278094305,610522.5317307562
2013-09-02,2441.9733434994705,1489.0546748126608,952.9186686868097,39.02248446828782,611475.4503994429
2013-09-03,2425.2360433447175,1475.7878749259498,949.4481684187676,39.148691156237085,612424.8985678616
2013-09-04,2408.7232941596303,1462.2352418301843,946.488052329446,39.29417939471799,613371.386620191
2013-09-05,2392.2985014915466,1448.5120731411253,943.7864283504214,39.45103120542821,614315.1730485414
2013-09-06,2375.957662185887,1434.7478472442117,941.2098149416752,39.61391357772595,615256.382863483
2013-09-07,2359.7355011780746,1421.0124592087914,938.7230419692833,39.78085855387754,616195.1059054523
2013-09-08,2343.6699402346276,1407.4689417617146,936.2009984729129,39.945940441561866,617131.3069039251
2013-09-09,2327.8296869164333,1393.9970019669954,933.8326849494379,40.116022671162085,618065.1395888745
2013-09-10,2312.2295264876448,1380.4690699219454,931.7604565656993,40.29705727272997,618996.9000454402
2013-09-11,2296.8578102423344,1366.8961171480578,929.9616930942766,40.488431149168925,619926.8617385344
2013-09-12,2281.5963054983877,1353.3120494350542,928.2842560633335,40.685736290257566,620855.1459945977
2013-09-13,2266.467686353484,1339.8006211256825,926.6670652278017,40.88595971640411,621781.8130598255
2013-09-14,2251.489834233653,1326.3258356771648,925.163998556488,41.09119146306913,622706.9770583819
2013-09-15,2236.6677356967703,1312.9550980455924,923.7126376511778,41.29860787585517,623630.689696033
2013-09-16,2222.1377469329163,1298.1361872892112,924.0015596437051,41.58165086386067,624554.6912556767
2013-09-17,2207.829086720478,1284.3968321227685,923.4322545977093,41.82535052880298,625478.1235102743
2013-09-18,2193.6675409451127,1271.0901249754925,922.5774159696202,42.05639180730823,626400.7009262439
2013-09-19,2179.6325220942963,1256.8290353322618,922.8034867620345,42.33757192590246,627323.5044130059
2013-09-20,2165.865166257834,1243.6602777071048,922.2048885507293,42.57905353102419,628245.7093015566
2013-09-21,2152.4416894861497,1231.3342406186957,921.107448867454,42.793607527986,629166.816750424
2013-09-22,2139.107136527309,1219.2182403943252,919.888896132984,43.0034045712343,630086.7056465569
2013-09-23,2125.855256278068,1207.2058393916332,918.6494168864347,43.213168637586335,631005.3550634433
2013-09-24,2112.711456802441,1195.2497952653312,917.4616615371096,43.42579099399001,631922.8167249804
2013-09-25,2099.7183218174614,1183.413678369553,916.3046434479083,43.63940791138018,632839.1213684282
2013-09-26,2086.8400341833476,1171.1720913726122,915.6679428107354,43.8782047407418,633754.7893112389
2013-09-27,2074.220624510199,1158.9780467518822,915.2425777583167,44.12464937158938,634670.0318889972
2013-09-28,2061.7113874922507,1147.251853665638,914.4595338266126,44.35439118076122,635584.4914228237
2013-09-29,2049.3184805393685,1135.6252906125255,913.6931899268429,44.58522179951084,636498.1846127505
2013-09-30,2037.0020487017464,1124.0660873640545,912.9359613376919,44.817626075513196,637411.1205740882
2013-10-01,2024.7584875498433,1410.2046030766446,614.5538844731987,30.351959912852088,638025.6744585613
2013-10-02,2012.5897713522427,1405.0193159079295,607.5704554443132,30.18848968093938,638633.2449140056
2013-10-03,2000.4977704286575,1398.4878670225967,602.0099034060609,30.093005466187794,639235.2548174117
2013-10-04,1988.5019789380021,1391.5824241686728,596.9195547693294,30.01855472570994,639832.174372181
2013-10-05,1976.5921380547807,1384.7214095790055,591.8707284757752,29.943998920194616,640424.0451006567
2013-10-06,1964.7882249595132,1377.703330998041,587.0848939614721,29.880314148033417,641011.1299946181
2013-10-07,1953.1270601341967,1370.4892677033436,582.6377924308531,29.831023507032917,641593.767787049
2013-10-08,1941.5430510062724,1363.0802272681262,578.4628237381462,29.79397358396651,642172.230610787
2013-10-09,1930.038233723957,1355.65100271228,574.3872310116772,29.76040686527812,642746.6178417987
2013-10-10,1918.7163738610689,1348.145253362332,570.571120498737,29.73712677244558,643317.1889622974
2013-10-11,1907.595432494767,1340.65612072238,566.9393117723871,29.72010218282709,643884.1282740697
2013-10-12,1896.652655460639,1333.211807548732,563.440847911907,29.707118290199762,644447.5691219816
2013-10-13,1886.0001971409656,1325.781645376666,560.2185517642997,29.704055843342374,645007.7876737459
2013-10-14,1875.4436982595362,1318.216856369248,557.2268418902881,29.711733943674773,645565.0145156361
2013-10-15,1864.965944014024,1310.4600639820214,554.5058800320026,29.73276170601391,646119.5203956681
2013-10-16,1854.6548888848629,1302.8510655013029,551.80382338356,29.752372082298272,646671.3242190516
2013-10-17,1844.4873174640816,1295.286290685844,549.2010267782375,29.775267174691884,647220.5252458298
2013-10-18,1834.4895320367068,1287.7428063533384,546.7467256833684,29.803752822527873,647767.2719715132
2013-10-19,1824.596040853532,1280.2505270617198,544.3455137918122,29.833755067076197,648311.617485305
2013-10-20,1814.7791507786606,1272.7524873634916,542.026663415169,29.867362272847558,648853.6441487201
2013-10-21,1805.028765349649,1265.237657821935,539.7911075277138,29.90484793870595,649393.4352562478
2013-10-22,1795.3580114021897,1257.709068874095,537.6489425280947,29.946614497694885,649931.0841987758
2013-10-23,1785.8892961931415,1250.1441174659062,535.7451787272353,29.998789951272276,650466.829377503
2013-10-24,1776.495723715052,1242.6002633310504,533.8954603840016,30.05329274125727,651000.724837887
2013-10-25,1767.1732446081005,1235.0478390254661,532.1254055826344,30.111671688456433,651532.8502434696
2013-10-26,1757.919179587625,1227.4952343988348,530.4239451887902,30.173397693585535,652063.2741886583
2013-10-27,1748.7260517948307,1219.9484579071518,528.7775938876789,30.237874785759622,652592.051782546
2013-10-28,1739.5858396347612,1212.4104338935226,527.1754057412386,30.304650321361713,653119.2271882872
2013-10-29,1730.479906334309,1204.9056481502134,525.5742581840955,30.37158976884188,653644.8014464712
2013-10-30,1721.425896617351,1197.456418698153,523.9694779191982,30.43810825367578,654168.7709243904
2013-10-31,1712.4306834875606,1190.025440606952,522.4052428806085,30.506650454117683,654691.176167271
2013-11-01,1703.5606510918587,1346.1173492285534,357.44330186330535,20.98212949648785,655048.6194691343
2013-11-02,1694.7730062380433,1342.1801555400825,352.5928506979608,20.804724255115765,655401.2123198322
2013-11-03,1686.1130237728357,1337.8832039970084,348.2298197758273,20.652815965837835,655749.442139608
2013-11-04,1677.5486969435588,1333.3675174677855,344.1811794757732,20.516911378063753,656093.6233190837
2013-11-05,1669.059772592038,1328.597461594466,340.4623109975719,20.398449269964512,656434.0856300812
2013-11-06,1660.6357771260664,1323.6498951036128,336.98588202245355,20.2925823148077,656771.0715121037
2013-11-07,1652.3652929947712,1318.5674377013574,333.7978552934137,20.201214386949122,657104.869367397
2013-11-08,1644.1638774008024,1313.4191075218487,330.7447698789538,20.11628977044648,657435.614137276
2013-11-09,1635.9959926616866,1308.1648866920377,327.8311059696489,20.038625243591426,657763.4452432456
2013-11-10,1627.8614222020842,1302.8245761508233,325.0368460512609,19.967107864228907,658088.4820892968
2013-11-11,1619.7741248346865,1297.54385063491,322.23027419977643,19.893531404118654,658410.7123634965
2013-11-12,1611.868224997539,1292.4898779820296,319.37834701550946,19.8141722792505,658730.090710512
2013-11-13,1604.1072056959383,1287.3898349585588,316.7173707373795,19.74415236168535,659046.8080812494
2013-11-14,1596.4005997697823,1282.2426916437335,314.1579081260488,19.679139945910425,659360.9659893754
2013-11-15,1588.7725230201613,1277.1918984944577,311.58062452570357,19.61140566135972,659672.546613901
2013-11-16,1581.1836632203776,1272.2958181642107,308.88784505616695,19.535228717646806,659981.4344589572
2013-11-17,1573.8106219186448,1267.3762831501308,306.43433876851395,19.470852115290562,660287.8687977256
2013-11-18,1566.5861527242232,1262.4267233362998,304.1594293879234,19.415429458444002,660592.0282271135
2013-11-19,1559.389732626034,1257.4524859818275,301.9372466442064,19.362526270821338,660893.9654737577
2013-11-20,1552.3255329511594,1252.4587229033577,299.86681004780166,19.31726327258938,661193.8322838055
2013-11-21,1545.5116984273773,1247.4486478916015,298.0630505357758,19.285719470067253,661491.8953343412
2013-11-22,1538.7427657169756,1242.4245405033807,296.3182252135948,19.257164473200667,661788.2135595548
2013-11-23,1532.001464977162,1237.3869070093724,294.61455796778955,19.230696882667893,662082.8281175225
2013-11-24,1525.3062585848384,1232.333386740379,292.9728718444594,19.20747851098941,662375.800989367
2013-11-25,1518.6498071807437,1227.2601412057056,291.38966597503804,19.18741665110935,662667.190655342
2013-11-26,1512.0205184759106,1222.0815340829658,289.9389843929448,19.175598535210227,662957.1296397349
2013-11-27,1505.4607814226765,1217.0058214305545,288.454959992122,19.16057618714776,663245.584599727
2013-11-28,1498.978807313135,1211.9270074355527,287.0517998775822,19.149823765161305,663532.6363996045
2013-11-29,1492.5215432380792,1206.8465878020152,285.674955436064,19.14042425252247,663818.3113550405
2013-11-30,1486.0898006781936,1201.7657449808548,284.32405569733874,19.132360343741293,664102.6354107378
2013-12-01,1479.6848105108365,1194.0851114151058,285.5996990957308,19.301387502729874,664388.2351098335
2013-12-02,1473.3301997233648,1188.974442174983,284.3557575483817,19.30020558879285,664672.5908673819
2013-12-03,1467.0108622261323,1183.879969493578,283.13089273255423,19.29984978454175,664955.7217601144
2013-12-04,1460.7186466746498,1178.793552975961,281.9250936986889,19.30043779070638,665237.6468538131
2013-12-05,1454.4540785902645,1173.715196513663,280.7388820766016,19.30201071378678,665518.3857358897
2013-12-06,1448.2190884589218,1168.645003587798,279.57408487112366,19.30468166723475,665797.9598207608
2013-12-07,1442.106096921023,1163.5778150103044,278.52828191071853,19.31399378349429,666076.4881026715
2013-12-08,1436.0731730111875,1158.510060271806,277.5631127393815,19.327922696124286,666354.0512154108
2013-12-09,1430.0689658196643,1153.4518627802365,276.6171030394278,19.34292049201143,666630.6683184502
2013-12-10,1424.093438880751,1148.4169800941356,275.6764587866153,19.3580316614112,666906.3447772368
2013-12-11,1418.1743494262919,1143.4481356349763,274.72621379131556,19.371822223582967,667181.0709910281
2013-12-12,1412.329824659042,1138.4927765921213,273.8370480669207,19.389029622243456,667454.908039095
2013-12-13,1406.5104082582984,1133.5422473767296,272.9681608815688,19.40747535736967,667727.8761999765
2013-12-14,1400.7152749351226,1128.599571931268,272.1157030038546,19.42691051302045,667999.9919029804
2013-12-15,1394.9425713799428,1123.6527718357731,271.2897995441697,19.44809808734972,668271.2817025245
2013-12-16,1389.1953254900873,1118.722355968411,270.4729695216763,19.46975810808012,668541.7546720462
2013-12-17,1383.4741483782418,1113.7699837301382,269.70416464810364,19.49470215719322,668811.4588366942
2013-12-18,1377.779083525762,1108.8174113483158,268.9616721774462,19.52139318947769,669080.4205088717
2013-12-19,1372.1130593512207,1103.9329659101543,268.18009344106645,19.545043435988475,669348.6006023127
2013-12-20,1366.4925639685243,1099.0768635171455,267.4157004513788,19.56949547348861,669616.0163027641
2013-12-21,1360.9166769473813,1094.2017693723076,266.71490757507377,19.598180556750282,669882.7312103391
2013-12-22,1355.3985890033655,1089.4013054753643,265.99728352800116,19.625022903675216,670148.7284938671
2013-12-23,1349.9434262914583,1084.636529594752,265.3068966967064,19.653186313559303,670414.0353905638
2013-12-24,1344.5146458125673,1079.8763016151254,264.63834419744194,19.68281602745248,670678.6737347612
2013-12-25,1339.0987907978706,1075.12279317025,263.9759976276207,19.712959151455646,670942.6497323888
2013-12-26,1333.6947279283777,1070.375911482469,263.3188164459086,19.743559821588306,671205.9685488347
2013-12-27,1328.3085206882097,1065.7043355795079,262.6041851087018,19.76981860905658,671468.5727339434
2013-12-28,1322.9927232572809,1061.1567951262452,261.83592813103564,19.791184299667286,671730.4086620744
2013-12-29,1317.726479015313,1056.4641234943167,261.2623555209964,19.826751581726416,671991.6710175953
2013-12-30,1312.474999208236,1051.7164632001416,260.75853600809455,19.86769547346805,672252.4295536034
2013-12-31,1307.239643590292,1047.2313662169956,260.0082773732963,19.88987089308215,672512.4378309767
2014-01-01,1302.0214829030447,1039.8876052645799,262.1338776384648,20.13283813520492,672774.5717086152
2014-01-02,1296.8212922089733,1035.1155063731428,261.7057858358305,20.1805589874336,673036.277494451
2014-01-03,1291.6397013622336,1030.1515351010319,261.48816626120174,20.244667764967435,673297.7656607123
2014-01-04,1286.4876773804426,1025.7082415081393,260.77943587230334,20.270651671013646,673558.5450965846
2014-01-05,1281.4334885925055,1021.2868660011161,260.14662259138936,20.30121929130539,673818.691719176
2014-01-06,1276.4059686157852,1016.9128918119538,259.4930768038314,20.32997989544361,674078.1847959799
2014-01-07,1271.3959459401667,1012.5490318162199,258.8469141239468,20.359268483630075,674337.0317101039
2014-01-08,1266.4067873880267,1008.1915630628653,258.21522432516144,20.389595736274615,674595.246934429
2014-01-09,1261.4385942830704,1003.8527912483848,257.58580303468557,20.42000333603893,674852.8327374638
2014-01-10,1256.4914364786819,999.5308446546849,256.960591823997,20.450644100219993,675109.7933292878
2014-01-11,1251.5717327119783,995.2164803825151,256.35525232946316,20.48266556595823,675366.1485816173
2014-01-12,1246.6911113415845,990.9107894220222,255.7803219195623,20.516735829159234,675621.9289035369
2014-01-13,1241.832267654594,986.6146929436661,255.21757471092792,20.551694569263255,675877.1464782478
2014-01-14,1236.9939041926991,982.3289822172671,254.66492197543198,20.587403148250296,676131.8114002233
2014-01-15,1232.175902347546,978.0500326466579,254.1258697008882,20.624155140246344,676385.9372699242
2014-01-16,1227.3780320999213,973.7121958812065,253.66583621871473,20.667294801155748,676639.603106143
2014-01-17,1222.5986198512837,969.4584775204137,253.14014233087005,20.705089816121493,676892.7432484739
2014-01-18,1217.8371366502251,965.2173041815702,252.61983246865498,20.743318204559717,677145.3630809425
2014-01-19,1213.093844880117,960.9883595353756,252.1054853447415,20.782026585062397,677397.4685662873
2014-01-20,1208.389614423504,956.7726721554361,251.616942268068,20.822501225162288,677649.0855085554
2014-01-21,1203.7318972451612,952.5686914981641,251.16320574699716,20.865377607904605,677900.2487143024
2014-01-22,1199.1158656231128,948.377967857087,250.73789776602575,20.910231025567445,678150.9866120685
2014-01-23,1194.5145233985968,944.2016323812138,250.31289101738298,20.95519862790787,678401.2995030859
2014-01-24,1189.9256337252446,940.039250314964,249.8863834102806,21.00016810529352,678651.1858864962
2014-01-25,1185.3504200940952,935.8907870988194,249.4596329952758,21.04522247315467,678900.6455194915
2014-01-26,1180.789820719976,931.7564986246005,249.03332209537552,21.090402180426125,679149.6788415869
2014-01-27,1176.2443849449046,927.6366236598994,248.60776128500515,21.13572353390235,679398.286602872
2014-01-28,1171.7146454551257,923.6008519723844,248.11379348274136,21.175274581155996,679646.4003963547
2014-01-29,1167.2053400836885,919.6428750730418,247.56246501064675,21.209846846048233,679893.9628613654
2014-01-30,1162.7650537944864,915.6511048281398,247.1139489663467,21.252268303036136,680141.0768103318
2014-01-31,1158.3526161010377,911.6874329557475,246.66518314529026,21.294481465890243,680387.7419934771
2014-02-01,1153.9837181055918,921.7721516828178,232.211566422774,20.122603359081896,680619.9535598998
2014-02-02,1149.6630506797228,918.1824485005936,231.48060217912916,20.134647455380026,680851.4341620789
2014-02-03,1145.3511254170444,914.558936704475,230.79218871256944,20.150343732236134,681082.2263507914
2014-02-04,1141.0492424292024,910.9077591838441,230.14148324535836,20.169285836902674,681312.3678340367
2014-02-05,1136.758545421064,907.2306523414454,229.52789307961848,20.191437663184633,681541.8957271163
2014-02-06,1132.479794730898,903.5377017723522,228.9420929585458,20.215998026962367,681770.8378200748
2014-02-07,1128.2137874295004,899.834196626035,228.37959080346536,20.2425810912842,681999.2174108782
2014-02-08,1123.9612397933379,896.1240509371864,227.83718885615144,20.27091155723873,682227.0545997343
2014-02-09,1119.7227295795456,892.4104964594017,227.3122331201439,20.300760814733067,682454.3668328543
2014-02-10,1115.4986589266919,888.6962104780259,226.80244844866593,20.331933761972447,682681.169281303
2014-02-11,1111.2880673655309,884.7625722340899,226.52549513144095,20.38404818549455,682907.6947764343
2014-02-12,1107.1308093562257,881.0102253091181,226.1205840471075,20.42401693965974,683133.8153604814
2014-02-13,1103.111322361743,877.3699313277039,225.74139103403922,20.46406255270145,683359.5567515154
2014-02-14,1099.1189465648495,873.7413547642655,225.377591800584,20.505295855828145,683584.9343433159
2014-02-15,1095.1408026053105,870.1203967074989,225.02040589781154,20.54716666226791,683809.9547492136
2014-02-16,1091.1814429804217,866.5110699749212,224.67037300550055,20.589643862696413,684034.6251222191
2014-02-17,1087.2797247925773,862.9462590045887,224.33346578798864,20.6325438314216,684258.958588007
2014-02-18,1083.4955191533081,859.3988165720957,224.0967025812124,20.682753054330266,684483.0552905882
2014-02-19,1079.7486843257211,855.8610354504208,223.88764887530033,20.735162924983154,684706.9429394634
2014-02-20,1076.007822773885,852.2779779700222,223.72984480386276,20.792585338933723,684930.6727842672
2014-02-21,1072.2782935821451,848.7493032049979,223.52899037714724,20.84617321035261,685154.2017746443
2014-02-22,1068.5566329443827,845.240620660189,223.31601228419368,20.8988466684121,685377.5177869285
2014-02-23,1064.842751128599,841.7431063978593,223.09964473073978,20.95141695750685,685600.6174316591
2014-02-24,1061.137172095012,838.2568215805231,222.88035051448878,21.00391508050314,685823.4977821736
2014-02-25,1057.4409391947556,834.7823374549052,222.65860173985038,21.05636291227816,686046.1563839134
2014-02-26,36368.124978852924,35320.610740552656,1047.5142383002676,2.8803086189056177,687093.6706222136
2014-02-27,55322.51592327823,53945.684144639294,1376.831778638938,2.4887367388503097,688470.5024008525
2014-02-28,46732.0359905285,45762.64327654167,969.392713986832,2.07436439144938,689439.8951148393
2014-03-01,21505.862162681224,21067.036626287103,438.8255363941207,2.040492648351516,689878.7206512335
2014-03-02,21439.50387581761,20956.057348937844,483.44652687976486,2.254933368234615,690362.1671781132
2014-03-03,97959.05769157165,96095.24502147996,1863.812670091691,1.9026445476435532,692225.9798482049
2014-03-04,32430.18161903601,31913.37269596886,516.8089230671503,1.5936047757555312,692742.788771272
2014-03-05,85529.42208887066,84129.43765425985,1399.9844346108148,1.6368454274789082,694142.7732058829
2014-03-06,38609.334078899585,38071.533207438326,537.8008714612588,1.392929674369009,694680.5740773442
2014-03-07,35110.01651409315,34612.298075774124,497.71843831902515,1.4175967081053384,695178.2925156632
2014-03-08,32990.52104222821,32512.701819613485,477.81922261472573,1.4483530648185645,695656.111738278
2014-03-09,31371.450033226516,30912.263535756992,459.1864974695236,1.4637082346629957,696115.2982357475
2014-03-10,30056.372984347865,29610.973780895027,445.39920345283826,1.4818794126782497,696560.6974392004
2014-03-11,28759.04425545549,28315.235101183785,443.80915427170476,1.5431985511393191,697004.5065934721
2014-03-12,27542.86737109162,27119.554974855764,423.312396235855,1.5369220296945345,697427.818989708
2014-03-13,26418.144695829134,26007.868439781854,410.2762560472802,1.5530093455505,697838.0952457553
2014-03-14,25373.635117267724,24972.97989657652,400.6552206912056,1.5790217634939683,698238.7504664465
2014-03-15,24364.2894217344,23971.482674203722,392.80674753067797,1.6122232860206909,698631.5572139772
2014-03-16,23385.511093249545,22979.91495491043,405.596138339115,1.7343907375887726,699037.1533523164
2014-03-17,22457.739189172164,22056.824902122284,400.91428704987993,1.7851943317748469,699438.0676393663
2014-03-18,21589.22926758323,21193.07990697343,396.14936060979744,1.834939801230541,699834.2169999761
2014-03-19,20769.719411469996,20378.3622493268,391.3571621431947,1.88426793058682,700225.5741621193
2014-03-20,19993.77479914436,19605.73552269759,388.0392764467724,1.9408004758730133,700613.6134385661
2014-03-21,19262.944508345798,18862.044786338138,400.8997220076599,2.081196474578263,701014.5131605738
2014-03-22,18576.365823988803,18179.971716110038,396.39410787876477,2.133862519906217,701410.9072684526
2014-03-23,17930.544409730006,17536.707484178154,393.8369255518519,2.1964582700463704,701804.7441940045
2014-03-24,17318.58203187771,16926.11302730432,392.46900457339143,2.2661728532450716,702197.2131985779
2014-03-25,16737.964141519275,16346.360338311084,391.6038032081906,2.339614303730044,702588.8170017861
2014-03-26,16184.233058025828,15794.238975735754,389.9940822900735,2.409716178034608,702978.8110840762
2014-03-27,15660.258835006272,15271.930612008926,388.32822299734653,2.4797050105538117,703367.1393070736
2014-03-28,44345.84703668277,43515.41938746552,830.4276492172503,1.8726165012257465,704197.5669562907
2014-03-29,24875.79262810061,24444.605478021225,431.1871500793859,1.7333604461403214,704628.7541063702
2014-03-30,21502.628811038565,21096.21305114208,406.4157598964848,1.8900747600118906,705035.1698662667
2014-03-31,103130.33901297982,101366.6931766381,1763.6458363417187,1.7101134867012793,706798.8157026083
2014-04-01,86638.72742051241,85507.91594664034,1130.811473872076,1.3052032359426684,707929.6271764804
2014-04-02,41542.59262795653,41093.05997539771,449.53265255882434,1.0821006204035195,708379.1598290392
2014-04-03,47837.30728978654,47152.869701215364,684.4375885711779,1.430761109577144,709063.5974176105
2014-04-04,52889.26665754967,52143.001296919945,746.2653606297245,1.4109958556651663,709809.8627782402
2014-04-05,38345.2924780068,37822.07311842724,523.2193595795616,1.3644943766686812,710333.0821378198
2014-04-06,35623.13314158516,35107.539362333184,515.5937792519762,1.4473566297572256,710848.6759170719
2014-04-07,33574.87780878972,33064.16572431422,510.7120844755045,1.521113754706809,711359.3880015474
2014-04-08,31796.271818116307,31289.820071211485,506.45174690482236,1.5928022939351822,711865.8397484523
2014-04-09,30208.490659300704,29707.601210399465,500.8894489012382,1.6581081608823198,712366.7291973536
2014-04-10,28778.611492590047,28281.662007817,496.9494847730457,1.726801464695407,712863.6786821267
2014-04-11,27471.61864316091,26977.04115389607,494.57748926484055,1.800321618063689,713358.2561713916
2014-04-12,26266.23141736351,25763.845841924594,502.3855754389151,1.9126671331571723,713860.6417468305
2014-04-13,25145.735609911382,24641.122804448874,504.6128054625078,2.006753006913868,714365.2545522931
2014-04-14,24110.510960299987,23608.58079177088,501.9301685291066,2.081789844087408,714867.1847208223
2014-04-15,23145.395961347036,22645.128065985096,500.26789536193974,2.161414288169407,715367.4526161843
2014-04-16,22238.203969290014,21740.274440742964,497.9295285470507,2.2390725853340925,715865.3821447314
2014-04-17,21391.15068934718,20895.172454895386,495.9782344517953,2.3186140925966785,716361.3603791832
2014-04-18,20601.06173937721,20107.497095132647,493.564644244565,2.3958213925506437,716854.9250234278
2014-04-19,19860.012314747553,19369.97893423208,490.03338051547325,2.467437445401716,717344.9584039433
2014-04-20,19169.975896100514,18684.048631902253,485.9272641982607,2.5348350296940447,717830.8856681417
2014-04-21,18522.454912506975,18037.299834595462,485.1550779115132,2.619280652608961,718316.0407460532
2014-04-22,17912.124382828828,17428.23792918858,483.88645364024705,2.7014464800396154,718799.9271996935
2014-04-23,17338.656326984987,16855.795036696763,482.86129028822324,2.7848829873669216,719282.7884899818
2014-04-24,16796.527038068976,16314.569938642837,481.9570994261394,2.8693854291056344,719764.745589408
2014-04-25,16281.94655631017,15801.466499200955,480.4800571092146,2.950998859058419,720245.2256465172
2014-04-26,15793.385655559134,15313.917473289583,479.4681822695511,3.035879657005542,720724.6938287868
2014-04-27,15331.362197362352,14852.377906474218,478.98429088813464,3.1242122175584655,721203.678119675
2014-04-28,14891.12521440629,14412.017279982965,479.10793442332397,3.2174058543260062,721682.7860540984
2014-04-29,14472.876127122901,13993.50244012282,479.3736870000812,3.3122213082561434,722162.1597410985
2014-04-30,14075.943831174634,13596.206540091827,479.73729108280713,3.4082069155484347,722641.8970321814
2014-05-01,13698.570591328666,13278.32379884699,420.2467924816756,3.067814920395388,723062.143824663
2014-05-02,13339.778652437497,12915.643739135541,424.13491330195575,3.1794748949935245,723486.2787379649
2014-05-03,12997.796473121736,12570.533780990472,427.262692131264,3.2871932793747347,723913.5414300961
2014-05-04,12671.94242447964,12237.658084162349,434.2843403172901,3.4271331558320552,724347.8257704134
2014-05-05,12357.974255248671,11918.315102124192,439.6591531244794,3.5576959786734275,724787.4849235378
2014-05-06,12055.65476494655,11613.528203106789,442.12656183976105,3.667379088569324,725229.6114853775
2014-05-07,11766.46378556476,11321.813643037645,444.65014252711444,3.778961552345205,725674.2616279046
2014-05-08,11491.93109956733,11043.2132101367,448.71788943062893,3.904634352076155,726122.9795173352
2014-05-09,11226.317928208504,10774.98188968592,451.3360385225842,4.020339005262863,726574.3155558577
2014-05-10,10969.100680704229,10514.473539421173,454.6271412830556,4.1446163593227965,727028.9426971407
2014-05-11,10722.313096254831,10266.412980541425,455.9001157134062,4.251882141668166,727484.8428128541
2014-05-12,10486.017723409692,10024.556605411532,461.46111799816026,4.4007279996100275,727946.3039308522
2014-05-13,10259.030450338963,9795.166364810966,463.8640855279973,4.521519726190802,728410.1680163802
2014-05-14,10039.940892936196,9572.318144045841,467.62274889035507,4.657624520671836,728877.7907652705
2014-05-15,9829.15004357812,9359.12347681618,470.02656676194056,4.7819655278233615,729347.8173320324
2014-05-16,9625.445187495323,9152.702951525176,472.7422359701468,4.911380479152269,729820.5595680025
2014-05-17,9430.009022163227,8949.386875272334,480.6221468908934,5.096730509602838,730301.1817148933
2014-05-18,9240.640385588165,8757.259800062586,483.3805855255796,5.231029077589329,730784.5623004189
2014-05-19,9057.380786319263,8572.291837147042,485.08894917222096,5.355730984667493,731269.651249591
2014-05-20,8879.836247157305,8393.02697445925,486.8092726980558,5.482187499278465,731756.460522289
2014-05-21,8708.100805803668,8219.5640088239,488.53679697976804,5.610141727507036,732244.9973192688
2014-05-22,8542.04906243505,8051.807939995384,490.24112243966556,5.739151330745393,732735.2384417084
2014-05-23,8380.706580900587,7889.353258759553,491.35332214103437,5.8629104526916125,733226.5917638494
2014-05-24,8224.55926740542,7732.787615554245,491.7716518511752,5.97930704688463,733718.3634157005
2014-05-25,8074.380186486756,7581.00350796485,493.3766785219068,6.110396923687339,734211.7400942224
2014-05-26,7930.648080894956,7434.108215962142,496.53986493281445,6.261025074722279,734708.2799591551
2014-05-27,7792.109754088335,7293.22241428129,498.88733980704455,6.402468080551486,735207.1672989621
2014-05-28,7657.153578206198,7154.768904151932,502.3846740542667,6.560984691284692,735709.5519730164
2014-05-29,7525.630231329938,7019.952808441665,505.6774228882732,6.71940299143437,736215.2293959046
2014-05-30,7397.923386207316,6890.5412798273155,507.38210638000055,6.858439590303996,736722.6115022845
2014-05-31,7274.429116414394,6765.4785727100225,508.95054370437174,6.996432786126813,737231.5620459889
2014-06-01,7155.457627522759,6513.835008457306,641.6226190654534,8.96689844961859,737873.1846650543
2014-06-02,7039.949753789231,6389.637479969303,650.3122738199281,9.237456183119766,738523.4969388742
2014-06-03,6927.901847728062,6268.639526067304,659.2623216607581,9.516045927771865,739182.759260535
2014-06-04,6819.400226447731,6139.419581285681,679.9806451620507,9.971267598063486,739862.7399056971
2014-06-05,6714.741350923199,6018.785422328862,695.9559285943369,10.364597714529259,740558.6958342914
2014-06-06,6614.381905209273,5909.798148195728,704.5837570135454,10.652299294339779,741263.279591305
2014-06-07,6516.691353233531,5804.589240983597,712.1021122499342,10.927356746711576,741975.3817035549
2014-06-08,6421.58267313987,5701.305014348126,720.2776587917442,11.21651305377589,742695.6593623466
2014-06-09,6328.507382088341,5600.9206437291605,727.5867383591803,11.496972262661474,743423.2461007058
2014-06-10,6238.1336763710715,5503.126682247504,735.0069941235679,11.782482265611623,744158.2530948294
2014-06-11,6150.006862496957,5408.358555943941,741.6483065530165,12.05930860135497,744899.9014013824
2014-06-12,6063.792226171587,5315.822981841632,747.9692443299546,12.33500780422006,745647.8706457124
2014-06-13,5979.381122811697,5225.1001358828535,754.280986928844,12.61469994028674,746402.1516326412
2014-06-14,5896.660124017391,5136.7916971067925,759.8684269105988,12.88642063353146,747162.0200595518
2014-06-15,5815.667566569988,5050.365381516519,765.3021850534687,13.159317933724932,747927.3222446053
2014-06-16,5737.157203823328,4966.03048299393,771.1267208293984,13.44092018805948,748698.4489654347
2014-06-17,5660.326639584731,4883.767262878365,776.5593767063665,13.719338585084529,749475.008342141
2014-06-18,5584.923300130758,4796.078387731223,788.8449123995351,14.124543346567823,750263.8532545406
2014-06-19,5510.957229472697,4716.459359818374,794.497869654323,14.416694533670746,751058.3511241949
2014-06-20,5438.472864222247,4639.361466634323,799.1113975879243,14.693672608812488,751857.4625217828
2014-06-21,5367.742672512773,4564.287303483582,803.4553690291914,14.968216959123973,752660.917890812
2014-06-22,5298.871962062549,4492.739511486611,806.1324505759376,15.213284192323759,753467.050341388
2014-06-23,5231.478465289809,4419.081037103667,812.397428186142,15.52902173976812,754279.4477695741
2014-06-24,5165.379709251225,4346.742191953587,818.6375172976377,15.848544799745373,755098.0852868718
2014-06-25,5100.462029502727,4278.191507234474,822.2705222682534,16.12149090635268,755920.35580914
2014-06-26,5036.7279786916915,4209.992113659394,826.7358650322976,16.41414562251276,756747.0916741723
2014-06-27,4974.36499373219,4143.825733527078,830.5392602051115,16.696387604279327,757577.6309343774
2014-06-28,4913.252112478018,4080.1055913558257,833.1465211221921,16.957129454160892,758410.7774554996
2014-06-29,4853.459512352012,4018.0079659719513,835.4515463800608,17.213526645351504,759246.2290018797
2014-06-30,4795.034061836544,3957.4723681460628,837.5616936904817,17.4672730764646,760083.7906955702
2014-07-01,4737.735959167127,3531.766407050197,1205.9695521169297,25.45455387363828,761289.7602476871
2014-07-02,4681.663257373031,3454.9582092275423,1226.705048145489,26.202334100249153,762516.4652958326
2014-07-03,4627.163847426418,3382.6841853293636,1244.4796620970546,26.895085264577816,763760.9449579297
2014-07-04,4573.901794383302,3312.3758012803783,1261.525993102924,27.58095931688046,765022.4709510326
2014-07-05,4521.642808558419,3249.5545003349007,1272.0883082235187,28.133321495801283,766294.5592592561
2014-07-06,4470.317427038681,3187.3431537412152,1282.9742732974655,28.69984725329359,767577.5335325536
2014-07-07,4420.123222299386,3126.7007920653605,1293.4224302340253,29.262135130277567,768870.9559627876
2014-07-08,4371.088925268035,3070.0886260867164,1301.000299181319,29.76375730222742,770171.9562619689
2014-07-09,4323.043840377824,3015.2204980235592,1307.8233423542652,30.2523728799374,771479.7796043232
2014-07-10,4276.2513794295955,2958.631609637295,1317.6197697923008,30.812495638833482,772797.3993741155
2014-07-11,4230.450759693747,2894.1754334087063,1336.275326285041,31.587067246275602,774133.6747004006
2014-07-12,4185.622232677648,2840.2478386799385,1345.3743939977094,32.14275725826885,775479.0490943983
2014-07-13,4141.59666679916,2789.5853064134762,1352.0113603856835,32.64468921428285,776831.060454784
2014-07-14,4098.452003089711,2737.4536732072056,1360.9983298825055,33.20761909268392,778192.0587846665
2014-07-15,4055.9779364785645,2690.2768345044506,1365.701101974114,33.671314868143185,779557.7598866406
2014-07-16,4014.102151589468,2642.485125491633,1371.6170260978352,34.16995816996622,780929.3769127384
2014-07-17,3972.8386211092584,2596.531937812925,1376.3066832963332,34.642904345106615,782305.6835960348
2014-07-18,3932.2268136469647,2551.8257588436873,1380.4010548032775,35.104817708188534,783686.084650838
2014-07-19,3892.2431339398026,2506.1719454939057,1386.071188445897,35.61111525535377,785072.155839284
2014-07-20,3852.8247873587534,2461.9764376138382,1390.8483497449151,36.09944460252475,786463.0041890289
2014-07-21,3813.954608718399,2419.5662996375513,1394.3883090808476,36.56017053515493,787857.3924981097
2014-07-22,3776.19385484932,2378.4098552148835,1397.7839996344364,37.01568439976744,789255.1764977442
2014-07-23,3739.5534523376264,2338.403150020172,1401.1503023174546,37.468385468366115,790656.3268000616
2014-07-24,3703.5030599022284,2299.0848456537396,1404.4182142484888,37.92134612913119,792060.7450143101
2014-07-25,3667.903308144305,2260.289129970134,1407.6141781741708,38.3765344917536,793468.3591924843
2014-07-26,3632.7905094102025,2221.516541139693,1411.2739682705096,38.848206760472834,794879.6331607548
2014-07-27,3598.1486741993576,2182.6884370758244,1415.4602371235333,39.33857006168581,796295.0933978783
2014-07-28,3564.1972165224142,2145.8347598435403,1418.362456678874,39.79472432400274,797713.4558545572
2014-07-29,3530.897680738475,2110.1889259442733,1420.708754794202,40.236474779327665,799134.1646093514
2014-07-30,3498.104393541813,2075.291667352435,1422.8127261893778,40.67382119344892,800556.9773355408
2014-07-31,3465.7264412916265,2038.7077955764298,1427.0186457151967,41.17516687737672,801983.995981256
2014-08-01,3433.730080468813,2222.8189134837216,1210.9111669850913,35.265182137431246,803194.9071482411
2014-08-02,3402.1108167811763,2193.2350511755417,1208.8757656056346,35.53310961073816,804403.7829138467
2014-08-03,3370.901432043407,2164.3279498011893,1206.5734822422178,35.79379304220132,805610.3563960888
2014-08-04,3340.153196891537,2135.6832688082563,1204.4699280832806,36.060319904015245,806814.8263241721
2014-08-05,3310.098485534778,2107.2536446011713,1202.8448409336065,36.33864207334228,808017.6711651057
2014-08-06,3280.6054925690405,2078.919630158422,1201.6858624106185,36.6300021484625,809219.3570275162
2014-08-07,3251.500220517628,2049.342961329929,1202.1572591876989,36.97238744139834,810421.5142867039
2014-08-08,3222.938720718026,2020.9241222468759,1202.0145984711503,37.295608220666324,811623.528885175
2014-08-09,3194.724849218037,1992.1438158892183,1202.5810333288186,37.64271072118059,812826.1099185038
2014-08-10,3166.83317324589,1960.8131944113034,1206.0199788345867,38.08283900217136,814032.1298973383
2014-08-11,3139.318291660631,1933.6511518128304,1205.6671398478006,38.40538065383708,815237.7970371861
2014-08-12,3112.194975596387,1906.7091366182635,1205.4858389781234,38.73426467270475,816443.2828761642
2014-08-13,3085.5919859034475,1877.8024979179813,1207.7894879854662,39.14287739608031,817651.0723641496
2014-08-14,3059.431933041429,1851.9096974725458,1207.5222355688834,39.46883807179415,818858.5945997185
2014-08-15,3033.6228832216,1826.31337547671,1207.3095077448902,39.79761342196794,820065.9041074633
2014-08-16,3008.07326106634,1800.9497427453375,1207.1235183210024,40.1294587450668,821273.0276257843
2014-08-17,2982.7836493342184,1775.819228540137,1206.9644207940814,40.46436358411331,822479.9920465783
2014-08-18,2957.761948207626,1750.937644055541,1206.824304152085,40.801941646568565,823686.8163507304
2014-08-19,2933.0251520017628,1726.5477173972963,1206.4774346044665,41.134234180741906,824893.2937853348
2014-08-20,2908.5935008614324,1702.4896291370592,1206.1038717243732,41.4669107720678,826099.3976570591
2014-08-21,2884.661508620251,1678.6402132336138,1206.0212953866371,41.80806974345782,827305.4189524457
2014-08-22,2860.9613167496864,1654.754657813543,1206.2066589361434,42.160886687783126,828511.6256113818
2014-08-23,2837.5046576389577,1631.3539851733572,1206.1506724656006,42.507442911801924,829717.7762838474
2014-08-24,2814.5566532809753,1608.3496796020395,1206.2069736789358,42.85602040636988,830923.9832575263
2014-08-25,2791.97689940664,1585.6357306527993,1206.3411687538405,43.20741940988896,832130.3244262801
2014-08-26,2769.679817760829,1563.1596811008262,1206.5201366600027,43.56171890061372,833336.8445629401
2014-08-27,2747.6195479021408,1540.9738758620429,1206.645672040098,43.91603899314935,834543.4902349801
2014-08-28,2725.8710449757054,1519.1190033913213,1206.7520415843842,44.27032760073723,835750.2422765645
2014-08-29,2704.3669735738076,1497.5776672323323,1206.7893063414754,44.62372592676316,836957.0315829059
2014-08-30,2683.056245563552,1476.2477601687046,1206.8084853948471,44.97887390136944,838163.8400683007
2014-08-31,2661.9401131083723,1454.4168198483153,1207.523293260057,45.362526651661625,839371.3633615607
2014-09-01,2641.0195651473477,1670.3676793331497,970.6518858141981,36.75292294777239,840342.0152473749
2014-09-02,2620.3288334819954,1654.0923706531275,966.2364628288678,36.87462621036365,841308.2517102037
2014-09-03,2599.852801255882,1637.4995833810635,962.3532178748183,37.01568094201122,842270.6049280785
2014-09-04,2579.568103105761,1620.6988913496707,958.8692117560904,37.17169593629362,843229.4741398345
2014-09-05,2559.5894954884425,1604.0642440161419,955.5252514723006,37.33119131628407,844184.9993913068
2014-09-06,2539.9030207651667,1587.502527071697,952.4004936934698,37.497514114005476,845137.3998850002
2014-09-07,2520.45224974351,1570.8959696000193,949.5562801434908,37.674043626104044,846086.9561651436
2014-09-08,2501.282733515138,1554.3092215760362,946.9735119391016,37.85951501005596,847033.9296770827
2014-09-09,2482.3392416303977,1537.701417432002,944.6378241983957,38.054340372025806,847978.567501281
2014-09-10,2463.5698220527265,1521.0973956476182,942.4724264051083,38.25637162659387,848921.0399276861
2014-09-11,2444.9958066763356,1504.5046312718869,940.4911754044488,38.46596271602315,849861.5311030905
2014-09-12,2426.81972076511,1488.3521782558628,938.4675425092473,38.6706739886461,850799.9986455997
2014-09-13,2408.9682722822763,1472.2888987598226,936.6793735224537,38.883009971527606,851736.6780191221
2014-09-14,2391.3423415250145,1455.365792059175,935.9765494658395,39.140215652642425,852672.6545685879
2014-09-15,2373.9374409629963,1438.4566226423003,935.480818320696,39.40629614659158,853608.1353869085
2014-09-16,2356.7522077914327,1422.5482278897643,934.2039799016684,39.63946556677389,854542.3393668102
2014-09-17,2339.817854556255,1406.3691943472468,933.4486602090083,39.89407373703609,855475.7880270191
2014-09-18,2323.014086711686,1390.1406934248034,932.8733932868827,40.15788791911288,856408.661420306
2014-09-19,2306.3656926420517,1374.9928995948967,931.372793047155,40.38270236235708,857340.0342133531
2014-09-20,2289.876427154988,1360.167206426685,929.7092207283031,40.600846827503354,858269.7434340813
2014-09-21,2273.5470035783947,1345.525133318336,928.0218702600587,40.8182399044058,859197.7653043413
2014-09-22,2257.527918525506,1331.034618608256,926.4932999172497,41.040170192995205,860124.2586042585
2014-09-23,2241.874038311187,1316.6849578934007,925.1890804177865,41.268557671274664,861049.4476846763
2014-09-24,2226.6503217988648,1302.0795949772682,924.5707268215965,41.52294223165921,861974.0184114978
2014-09-25,2211.5536101749167,1287.4669814122126,924.0866287627041,41.784500475645984,862898.1050402605
2014-09-26,2196.5897106018383,1273.5250759844885,923.0646346173498,42.02262398672721,863821.1696748778
2014-09-27,2181.8077073420864,1259.6389058826708,922.1688014594156,42.26627297887845,864743.3384763371
2014-09-28,2167.1693424799014,1245.8186406577688,921.3507018221326,42.514015114657674,865664.6891781592
2014-09-29,2152.630346083315,1232.1370655378078,920.4932805455073,42.761326031677186,866585.1824587047
2014-09-30,2138.28862582054,1218.5439600719355,919.7446657486043,43.013120616290266,867504.9271244532
2014-10-01,2124.1084829843603,1503.7783170330454,620.3301659513149,29.204260089378987,868125.2572904045
2014-10-02,2110.033145896625,1496.372272098169,613.6608737984557,29.08299687101315,868738.918164203
2014-10-03,2096.0641701743007,1488.2575477624428,607.8066224118579,28.997519783056784,869346.7247866148
2014-10-04,2082.202658605762,1479.7862394810304,602.4164191247314,28.931690036747337,869949.1412057395
2014-10-05,2068.4493407169357,1471.0356356985517,597.413705018384,28.88220142782502,870546.5549107578
2014-10-06,2054.8006055350415,1461.9872390168834,592.8133665181581,28.850165068147703,871139.3682772759
2014-10-07,2041.3187464852817,1452.7617839448735,588.5569625404082,28.83219308859915,871727.9252398163
2014-10-08,2027.9670007524546,1443.5237390668713,584.4432616855834,28.819170206849133,872312.3685015019
2014-10-09,2014.7505366194528,1434.2295680415932,580.5209685778595,28.813540834286854,872892.8894700797
2014-10-10,2001.6554388429504,1424.8107336277258,576.8447052152246,28.81838172651071,873469.7341752949
2014-10-11,1988.6650424757972,1415.3189335309085,573.3461089448888,28.83070284330533,874043.0802842397
2014-10-12,1975.8610870039556,1405.8522843562182,570.0088026477374,28.84862738564557,874613.0890868874
2014-10-13,1963.268674774561,1396.3621875915792,566.9064871829819,28.87564470757314,875179.9955740704
2014-10-14,1950.9530176096596,1387.1492514882352,563.8037661214244,28.898889980047095,875743.7993401918
2014-10-15,1938.809907230083,1378.041407867067,560.768499363016,28.92333576756725,876304.5678395547
2014-10-16,1926.7773453036789,1368.5678756509092,558.2094696527697,28.9711455770096,876862.7773092075
2014-10-17,1914.9277618161868,1359.548886098631,555.3788757175557,29.002601914905355,877418.156184925
2014-10-18,1903.192426841706,1350.5481336589087,552.6442931827974,29.03775180000558,877970.8004781078
2014-10-19,1891.516688435804,1341.5500893683288,549.9665990674753,29.075429385837033,878520.7670771752
2014-10-20,1880.0693806759082,1332.6516277694259,547.4177529064823,29.116891032483004,879068.1848300816
2014-10-21,1868.8192634079605,1323.768806449801,545.0504569581594,29.165498645610636,879613.2352870398
2014-10-22,1857.6384569841903,1314.8938545726355,542.7446024115548,29.216912492901404,880155.9798894513
2014-10-23,1846.6108962066937,1306.1510385186061,540.4598576880876,29.26766319847347,880696.4397471393
2014-10-24,1835.867737325374,1297.5429223677725,538.3248149576016,29.32263604903654,881234.7645620969
2014-10-25,1825.3399227850605,1289.0059559796587,536.3339668054018,29.38268977249323,881771.0985289023
2014-10-26,1814.9287844996434,1280.4899066020384,534.4388778976049,29.446823614346062,882305.5374067998
2014-10-27,1804.5838299102616,1271.9956806730129,532.5881492372487,29.51307334188699,882838.1255560371
2014-10-28,1794.3000831259415,1263.5258180703618,530.7742650555797,29.58113138638944,883368.8998210926
2014-10-29,1784.0807405423839,1255.075690911815,529.0050496305689,29.651407450861473,883897.9048707231
2014-10-30,1773.9262002878822,1246.6366208830964,527.2895794047859,29.724437201458237,884425.1944501279
2014-10-31,1763.8366855215281,1238.2278388903592,525.608846631169,29.79917874175283,884950.803296759
2014-11-01,1753.8220180030912,1393.26407333716,360.55794466593125,20.558411341902524,885311.3612414249
2014-11-02,1744.0914493585005,1388.3506139709725,355.740835387528,20.39691413649061,885667.1020768124
2014-11-03,1734.6077907532454,1383.1754012312385,351.4323895220068,20.2600490667345,886018.5344663344
2014-11-04,1725.1769587961026,1377.7219790047611,347.45497979134143,20.14025158519445,886365.9894461257
2014-11-05,1715.854697329225,1372.1075030297152,343.74719429950983,20.033584127756377,886709.7366404252
2014-11-06,1706.6165467954706,1366.3211294661387,340.29541732933194,19.939770182605326,887050.0320577545
2014-11-07,1697.4309503536206,1360.3559912985302,337.0749590550904,19.85794821196518,887387.1070168095
2014-11-08,1688.3083818654995,1354.1655983065366,334.14278355896295,19.791572863587355,887721.2498003684
2014-11-09,1679.2297366748098,1348.0785205673537,331.1512161074561,19.72042352961172,888052.4010164759
2014-11-10,1670.2031298631337,1341.914741227135,328.2883886359987,19.655596541894912,888380.6894051118
2014-11-11,1661.2295629582368,1335.689976747578,325.53958621065885,19.5963034531455,888706.2289913225
2014-11-12,1652.309744423721,1329.4118024557474,322.89794196797357,19.542216164838464,889029.1269332904
2014-11-13,1643.473109359853,1323.1334672269522,320.33964213290074,19.491626623430168,889349.4665754233
2014-11-14,1634.7669231877662,1316.9031631860062,317.86376000176006,19.443980392136357,889667.330335425
2014-11-15,1626.1632425098214,1310.7270315631404,315.43621094668106,19.397573546173422,889982.7665463716
2014-11-16,1617.781104246853,1304.400542855693,313.38056139116,19.371011354286534,890296.1471077628
2014-11-17,1609.5508641451597,1298.1596320196631,311.3912321254966,19.346467332107455,890607.5383398882
2014-11-18,1601.3618933761027,1292.1613107267412,309.2005826493614,19.308601255490302,890916.7389225375
2014-11-19,1593.2165366406552,1286.1637295954506,307.05280704520464,19.27250941624261,891223.7917295827
2014-11-20,1585.133256923873,1280.1759267614334,304.9573301624396,19.238592643891852,891528.7490597451
2014-11-21,1577.1681415052153,1274.2587851720973,302.909356333118,19.20590128355166,891831.6584160782
2014-11-22,1569.250137105817,1268.3434531271569,300.9066839786601,19.17518927438969,892132.5651000568
2014-11-23,1561.3710741717368,1262.4231995169184,298.9478746548184,19.14649756230445,892431.5129747116
2014-11-24,1553.5323670096695,1256.4983915623388,297.0339754473307,19.11990903794809,892728.5469501589
2014-11-25,1545.7937602424063,1250.5634083284176,295.23035191398867,19.098948353090233,893023.7773020728
2014-11-26,1538.145719528431,1244.6554957211129,293.4902238073182,19.080781494311037,893317.2675258801
2014-11-27,1530.5643167474773,1238.809334072016,291.7549826754612,19.061922421885185,893609.0225085556
2014-11-28,1523.0787996617146,1232.9666868073045,290.11211285441004,19.047741516646795,893899.1346214099
2014-11-29,1515.6525303199887,1227.1340031034424,288.5185272165463,19.035928185705828,894187.6531486264
2014-11-30,1508.2699351210613,1221.322209024068,286.9477260969934,19.02495829262562,894474.6008747234
2014-12-01,1500.9285844571423,1212.9478914258991,287.98069303124316,19.18683513748926,894762.5815677546
2014-12-02,1493.6444639351685,1207.0929886066344,286.551475328534,19.184717799146327,895049.1330430831
2014-12-03,1486.5262153346557,1201.0343388953236,285.49187643933215,19.205303848278284,895334.6249195224
2014-12-04,1479.4787341842894,1195.0327260434617,284.44600814082764,19.226096433055993,895619.0709276632
2014-12-05,1472.474695496494,1189.3254613025103,283.1492341939836,19.229480483432717,895902.2201618572
2014-12-06,1465.5140719786286,1183.7171855504614,281.7968864281672,19.228535011452053,896184.0170482853
2014-12-07,1458.6314651595894,1178.1256032587019,280.50586190088757,19.23075626715603,896464.5229101862
2014-12-08,1451.837343605468,1172.5470510070202,279.2902925984479,19.23702361208475,896743.8132027846
2014-12-09,1445.0807136781514,1166.9854406720017,278.0952730061497,19.244272681372667,897021.9084757908
2014-12-10,16776.194655069703,15926.196613644424,849.9980414252786,5.066691576378511,897871.906517216
2014-12-11,147145.21073660266,143280.40246489202,3864.8082717106445,2.6265267162713477,901736.7147889266
2014-12-12,44430.69436408834,43590.85107124859,839.8432928397524,1.8902322028947767,902576.5580817664
2014-12-13,27191.359271886293,26626.291615757716,565.0676561285763,2.078114780796602,903141.6257378949
2014-12-14,63348.632522273896,62100.40139058995,1248.2311316839478,1.9704152749391386,904389.8568695788
2014-12-15,144822.51508707873,142534.85405952536,2287.661027553375,1.5796307819801723,906677.5178971322
2014-12-16,165436.54144113633,162987.88851405255,2448.652927083778,1.4801161253452755,909126.170824216
2014-12-17,122624.55108335617,120976.36796385617,1648.1831194999977,1.3440890139362194,910774.353943716
2014-12-18,229259.51720276847,225960.79267796327,3298.724524805206,1.4388604517070716,914073.0784685212
2014-12-19,99696.79064799903,98819.4064553573,877.3841926417372,0.8800525944105169,914950.462661163
2014-12-20,129505.59685947315,127956.04100153266,1549.5558579404897,1.1965165178319797,916500.0185191034
2014-12-21,79901.48589360807,79264.17553933253,637.3103542755416,0.7976201533024618,917137.3288733789
2014-12-22,72237.91494138166,71632.0731827422,605.8417586394644,0.838675589032549,917743.1706320184
2014-12-23,66382.64764254028,65802.82966245952,579.8179800807557,0.8734481083113479,918322.9886120991
2014-12-24,61490.873524114955,60936.319589682484,554.5539344324716,0.901847546880256,918877.5425465315
2014-12-25,57277.932895312086,56745.89333774066,532.0395575714283,0.9288735306559449,919409.5821041029
2014-12-26,53608.599664416164,53096.55193002066,512.0477343955063,0.9551596900513496,919921.6298384984
2014-12-27,50334.504377092235,49838.3727330287,496.1316440635346,0.985669075723192,920417.7614825619
2014-12-28,47409.995306510944,46929.70306897126,480.2922375396811,1.0130611370757112,920898.0537201016
2014-12-29,44751.183284762315,44286.47200937718,464.71127538513247,1.0384334922007876,921362.7649954867
2014-12-30,42324.881477591116,41871.55916361567,453.3223139754482,1.0710539478189902,921816.0873094621
2014-12-31,40137.53706896771,39694.63918081075,442.89788815695647,1.1034505864072623,922258.9851976191
2015-01-01,38150.55048811808,37717.09074778881,433.4597403292719,1.1361821383528192,922692.4449379484
2015-01-02,36314.627188878134,35890.536298569554,424.09089030858013,1.1678238856833534,923116.535828257
2015-01-03,34622.27563066175,34207.82255701421,414.4530736475426,1.1970705740685046,923530.9889019046
2015-01-04,33073.03875477752,32668.52789948674,404.5108552907768,1.223083425415041,923935.4997571954
2015-01-05,31640.196574165486,31242.815122146887,397.3814520185988,1.2559386320092096,924332.881209214
2015-01-06,30310.36681913864,29920.414606999402,389.9522121392365,1.286530824473599,924722.8334213533
2015-01-07,29072.445881830063,28688.487750435044,383.9581313950184,1.3206942854264208,925106.7915527483
2015-01-08,27910.673736337107,27532.774034830538,377.8997015065688,1.353961230303726,925484.6912542549
2015-01-09,26826.94099470321,26454.095607512892,372.84538719031843,1.3898170024824452,925857.5366414452
2015-01-10,25810.019355949014,25440.61859992778,369.400756021234,1.4312300619646374,926226.9373974665
2015-01-11,24850.732042836025,24483.778788101656,366.9532547343697,1.4766295580421547,926593.8906522009
2015-01-12,23947.466444685124,23584.985037152917,362.4814075322065,1.5136524290345348,926956.3720597331
2015-01-13,23102.488396079745,22744.389207022527,358.0991890572186,1.5500459643905042,927314.4712487904
2015-01-14,22315.374956819694,21961.76834048031,353.60661633938435,1.5845873843644305,927668.0778651298
2015-01-15,21571.16696122801,21221.529477938806,349.6374832892034,1.620855672378047,928017.715348419
2015-01-16,20866.32216286054,20519.802140183543,346.5200226769957,1.66066650352863,928364.2353710961
2015-01-17,20198.670363373123,19854.74844148828,343.9219218848448,1.7026958492698068,928708.1572929809
2015-01-18,19560.83767654933,19219.889040550013,340.94863599931705,1.743016539665201,929049.1059289803
2015-01-19,18953.114075915888,18616.718104356696,336.3959715591918,1.7748849619739118,929385.5019005395
2015-01-20,18381.329168146476,18048.757347155624,332.57182099085185,1.8092914715176034,929718.0737215304
2015-01-21,17840.223419955466,17511.9974207294,328.22599922606605,1.83980879330762,930046.2997207565
2015-01-22,17325.398350053,17002.73606274629,322.6622873067099,1.8623657637616329,930368.9620080632
2015-01-23,16836.611052002758,16518.732090847363,317.8789611553948,1.888022240185814,930686.8409692186
2015-01-24,16373.963045724668,16059.193290752155,314.7697549725126,1.9223797812020877,931001.6107241912
2015-01-25,15934.026602048893,15621.640941461344,312.38566058754805,1.9604941574992703,931313.9963847788
2015-01-26,15514.966965144966,15205.251310616528,309.7156545284379,1.9962379244778754,931623.7120393072
2015-01-27,15116.02967641456,14809.468900913169,306.5607755013916,2.0280508973842273,931930.2728148086
2015-01-28,14734.003665399272,14431.341047924274,302.6626174749981,2.0541776990714244,932232.9354322837
2015-01-29,14369.090502445586,14070.907982628123,298.1825198174629,2.0751662728181226,932531.1179521012
2015-01-30,14020.980520962738,13727.003332287335,293.97718867540243,2.096694936818989,932825.0951407766
2015-01-31,13687.94813048467,13396.228867444472,291.7192630401987,2.131212510883977,933116.8144038168
2015-02-01,13367.182838874869,13082.2844342888,284.89840458606886,2.1313272064890008,933401.7128084028
2015-02-02,13059.151281164959,12777.439131431807,281.7121497331518,2.1572010589957826,933683.4249581359
2015-02-03,12762.803378239274,12483.824104970381,278.97927326889294,2.185877702578697,933962.4042314048
2015-02-04,12475.441101165954,12199.074869201113,276.36623196484106,2.2152822471264115,934238.7704633696
2015-02-05,12198.242451014463,11923.977411058559,274.2650399559043,2.248398005346214,934513.0355033254
2015-02-06,221509.92276806873,218058.062140679,3451.860627389746,1.5583322788677083,937964.8961307151
2015-02-07,94155.74588212057,93181.39460040553,974.3512817150331,1.0348293379087923,938939.2474124301
2015-02-08,265554.3808744304,262819.0411219477,2735.339752482716,1.0300488146629916,941674.5871649128
2015-02-09,71092.37129475968,70656.77088743733,435.60040732234484,0.6127245432794468,942110.1875722352
2015-02-10,63917.561337524094,63499.74549149448,417.81584602961084,0.6536792663651321,942528.0034182649
2015-02-11,59129.579098418355,58732.987554734165,396.5915436841897,0.6707159931310893,942924.5949619492
2015-02-12,55200.69551067054,54820.7894956377,379.90601503284415,0.6882268629376356,943304.5009769821
2015-02-13,51815.97018136969,51450.33615501603,365.6340263536549,0.7056396417433438,943670.1350033358
2015-02-14,48831.482404393144,48477.733884287125,353.748520106019,0.7244271578251203,944023.8835234419
2015-02-15,46145.82748501189,45803.712826367526,342.1146586443647,0.7413772323304487,944365.9981820863
2015-02-16,43727.0216189092,43395.64312674996,331.37849215924507,0.757834583492292,944697.3766742456
2015-02-17,41518.145537091885,41193.87202998303,324.27350710885366,0.7810404412671829,945021.6501813545
2015-02-18,39477.57370570535,39161.23581646156,316.3378892437904,0.8013103632001398,945337.9880705983
2015-02-19,37580.02902635606,37272.398446669395,307.63057968666544,0.818601229581048,945645.6186502851
2015-02-20,35813.42657667864,35515.89375989145,297.53281678719213,0.830785672379483,945943.1514670723
2015-02-21,34194.285846601706,33904.708984369005,289.5768622327014,0.8468574648166839,946232.7283293051
2015-02-22,32704.03008195944,32421.54513232928,282.4849496301613,0.8637618939385355,946515.2132789353
2015-02-23,31321.920381466858,31045.933566617372,275.9868148494861,0.8811299290984317,946791.2000937848
2015-02-24,30037.85333569348,29765.93196775118,271.92136794229737,0.905262319858183,947063.1214617272
2015-02-25,28842.53480746178,28574.31072474696,268.2240827148198,0.9299601595537582,947331.3455444421
2015-02-26,27726.302635658067,27461.084045726864,265.2185899312026,0.9565595291097774,947596.5641343733
2015-02-27,26680.15253119776,26417.454335733375,262.6981954643852,0.9846202908967846,947859.2623298378
2015-02-28,25703.36048897216,25443.177393011807,260.18309596035397,1.0122532268571793,948119.4454257982
2015-03-01,24786.958022862673,24496.687047107054,290.27097575561857,1.1710633289001506,948409.7164015538
2015-03-02,23924.250793240964,23634.566633552222,289.6841596887425,1.210839002618145,948699.4005612426
2015-03-03,23111.548838754185,22821.80967062144,289.7391681327463,1.2536553484762665,948989.1397293754
2015-03-04,22344.50646341499,22055.569532340767,288.93693107422223,1.2931005280752261,949278.0766604496
2015-03-05,21622.35647611972,21333.419681689145,288.9367944305741,1.3362872578189304,949567.0134548802
2015-03-06,20935.802944901865,20645.723078478502,290.07986642336255,1.3855683834376207,949857.0933213036
2015-03-07,20287.239853672683,19997.320368505923,289.91948516675984,1.4290730885910758,950147.0128064704
2015-03-08,19674.246018911712,19384.78289669976,289.4631222119533,1.471279366608048,950436.4759286824
2015-03-09,19091.310228523333,18801.228316861114,290.0819116622188,1.5194447536074422,950726.5578403446
2015-03-10,18535.975377625786,18245.607761162708,290.36761646307787,1.5665084277872523,951016.9254568077
2015-03-11,18011.633383828215,17721.44557844885,290.1878053793662,1.611113213307528,951307.1132621871
2015-03-12,17517.59964284487,17228.287773539687,289.3118693051838,1.6515497282948484,951596.4251314923
2015-03-13,17046.4471661821,16758.61415614784,287.83301003426095,1.6885219965676108,951884.2581415266
2015-03-14,16593.420346950646,16306.924223645963,286.49612330468335,1.7265646100343164,952170.7542648313
2015-03-15,16162.034820447676,15876.489456644655,285.54536380302125,1.7667661713100544,952456.2996286344
2015-03-16,15754.784273492638,15469.4247586363,285.35951485633814,1.8112562501820757,952741.6591434907
2015-03-17,15365.318623553962,15080.110574693792,285.2080488601696,1.8561805052513882,953026.8671923509
2015-03-18,14991.417211454362,14706.429970730469,284.9872407238927,1.9010026650858929,953311.8544330748
2015-03-19,14634.504139821976,14350.8047677706,283.6993720513765,1.9385649786343058,953595.5538051262
2015-03-20,14294.612617969979,14012.41093890546,282.20167906451934,1.9741820684931275,953877.7554841908
2015-03-21,13967.012644550297,13685.596523420327,281.41612112997063,2.0148626502445004,954159.1716053208
2015-03-22,13651.548848344013,13370.44489391977,281.10395442424306,2.0591359819097894,954440.275559745
2015-03-23,13345.759893394541,13064.882369438094,280.8775239564475,2.104619940715907,954721.1530837015
2015-03-24,13051.010291607585,12771.266164713912,279.7441268936727,2.143467215511748,955000.8972105952
2015-03-25,12768.287936146371,12489.71299668951,278.5749394568611,2.181772065683369,955279.4721500521
2015-03-26,12498.013918768149,12212.241566505656,285.77235226249286,2.2865421187709773,955565.2445023146
2015-03-27,12237.321030203719,11952.374179018103,284.94685118561574,2.3285067906800854,955850.1913535002
2015-03-28,11984.608423983678,11700.102017494757,284.50640648892113,2.3739315997973285,956134.6977599892
2015-03-29,11740.112194426358,11454.990043086838,285.1221513395194,2.4286152177905227,956419.8199113287
2015-03-30,11504.867113225162,11219.930610627775,284.9365025973875,2.476660528045953,956704.7564139261
2015-03-31,11277.768443876412,10993.16442060275,284.60402327366137,2.5235845609881737,956989.3604371998
2015-04-01,11056.945508156903,10756.198962325629,300.7465458312745,2.719978547505805,957290.1069830311
2015-04-02,10842.429733198602,10539.396419553019,303.0333136455829,2.7948838138901704,957593.1402966768
2015-04-03,10634.270828468725,10329.603730986293,304.6670974824319,2.864955222569804,957897.8073941593
2015-04-04,10432.57547604153,10126.079756420737,306.49571962079244,2.9378720558951303,958204.3031137801
2015-04-05,10237.375271029305,9928.823652695797,308.5516183335076,3.013971942658742,958512.8547321137
2015-04-06,10049.317376994062,9738.559295985548,310.75808100851464,3.0923302484199993,958823.6128131222
2015-04-07,9867.932580990484,9548.537072982572,319.3955080079122,3.2367013595450933,959143.0083211302
2015-04-08,9692.513482233975,9345.125950520325,347.3875317136499,3.584080974975156,959490.3958528439
2015-04-09,9523.96750066639,9173.732582078015,350.23491858837406,3.677405645954464,959840.6307714323
2015-04-10,9360.689480501693,9007.722514962477,352.9669655392154,3.77073682739338,960193.5977369716
2015-04-11,9204.01440366474,8848.40017174457,355.6142319201699,3.8636861734872547,960549.2119688918
2015-04-12,9052.07551643555,8668.08962140924,383.98589502630966,4.241965219237503,960933.1978639181
2015-04-13,8904.24886511825,8505.740325191224,398.5085399270265,4.47548744384442,961331.7064038452
2015-04-14,8760.546850182582,8358.433675544735,402.1131746378469,4.590046506394361,961733.8195784831
2015-04-15,8620.622831523418,8215.38748398207,405.23534754134926,4.700766469674407,962139.0549260245
2015-04-16,8484.986722677946,8077.580066764195,407.4066559137509,4.801500217140815,962546.4615819383
2015-04-17,8355.349888978992,7945.277378224236,410.07251075475597,4.907903513360421,962956.5340926931
2015-04-18,8229.665603359696,7817.3313659829355,412.33423737676003,5.010340118903834,963368.8683300699
2015-04-19,8107.297897182871,7692.838096118,414.4598010648706,5.112181719742743,963783.3281311349
2015-04-20,7988.067049287492,7571.408748921406,416.6583003660862,5.216009051942681,964199.986431501
2015-04-21,7871.611799066188,7453.116842190669,418.49495687551916,5.316509090618079,964618.4813883766
2015-04-22,7758.574165269034,7338.847867828262,419.7262974407722,5.409838051425238,965038.2076858174
2015-04-23,7648.04788773763,7227.384447548472,420.6634401891579,5.5002720480296885,965458.8711260066
2015-04-24,7540.170117666479,7117.590436027552,422.57968163892747,5.6043786153953095,965881.4508076456
2015-04-25,7435.10473970091,7010.383825509044,424.72091419186563,5.712372980087309,966306.1717218375
2015-04-26,7332.579169621225,6906.7492514752585,425.829918145967,5.807368843832938,966732.0016399835
2015-04-27,7232.573127051815,6805.124911156882,427.4482158949331,5.9100434711978105,967159.4498558785
2015-04-28,7135.180526981596,6705.294619073559,429.88590790803664,6.024877804877234,967589.3357637866
2015-04-29,7039.88528089365,6608.399055334906,431.4862255587441,6.129165580720525,968020.8219893454
2015-04-30,6946.34892755677,6513.45822380267,432.8907037541003,6.231917058424538,968453.7126930995
2015-05-01,6854.741488419939,6446.993188865321,407.7482995546179,5.948412500215328,968861.4609926541
2015-05-02,6764.867069202941,6351.026263105754,413.84080609718694,6.117500933332413,969275.3017987512
2015-05-03,6676.928772752872,6260.4791823074465,416.4495904454252,6.237142923328276,969691.7513891966
2015-05-04,6590.847376823891,6172.604919681862,418.2424571420288,6.345807044671371,970109.9938463386
2015-05-05,6506.454845570726,6086.078865055066,420.37598051566056,6.460906753265672,970530.3698268542
2015-05-06,6423.610797510715,6000.430059839344,423.1807376713714,6.587895048612891,970953.5505645255
2015-05-07,6342.7386830118485,5917.2559409547375,425.48274205711095,6.708186531422268,971379.0333065826
2015-05-08,6263.505469686119,5832.141086982168,431.36438270395047,6.8869482878501795,971810.3976892865
2015-05-09,6185.724939065287,5746.714237894934,439.01070117035306,7.097158465579802,972249.4083904568
2015-05-10,6109.706123361364,5666.399237582298,443.30688577906585,7.255780831814749,972692.7152762358
2015-05-11,6035.976731631905,5589.603035493359,446.3736961385457,7.395218967616245,973139.0889723743
2015-05-12,5963.959404925583,5515.380906467397,448.578498458186,7.521488125618508,973587.6674708325
2015-05-13,5893.202790689422,5441.805750931917,451.3970397575049,7.659621699607215,974039.0645105899
2015-05-14,5823.770444578957,5369.613262126293,454.1571824526636,7.798335919565902,974493.2216930425
2015-05-15,5756.34735848452,5299.750090831962,456.597267652558,7.932065930308398,974949.8189606951
2015-05-16,5690.6366608056705,5229.082270691708,461.55439011396265,8.110768928421034,975411.373350809
2015-05-17,5626.190927253105,5161.023850744661,465.16707650844364,8.267886435477827,975876.5404273174
2015-05-18,5563.258479154436,5092.222317693593,471.0361614608428,8.46691131152396,976347.5765887782
2015-05-19,5501.818585458677,5028.673519584188,473.14506587448886,8.599794023107426,976820.7216546526
2015-05-20,5441.400128092617,4966.332753919602,475.0673741730152,8.730609089384158,977295.7890288256
2015-05-21,5381.98449119064,4905.153808579851,476.83068261078915,8.85975579066192,977772.6197114363
2015-05-22,5323.475824725814,4843.624540933944,479.8512837918697,9.013871755801285,978252.4709952282
2015-05-23,5265.957636132836,4783.940797643108,482.0168384897279,9.153450745260965,978734.4878337178
2015-05-24,5209.798232257366,4725.1288298446,484.66940241276643,9.30303594891357,979219.1572361306
2015-05-25,5154.673472961411,4667.97389015935,486.69958280206083,9.441909082214806,979705.8568189326
2015-05-26,5100.633594160201,4612.4274573897255,488.2061367704755,9.57148024373738,980194.062955703
2015-05-27,5047.830566029297,4558.08872006375,489.7418459655473,9.702026237992095,980683.8048016685
2015-05-28,4995.825054185931,4503.416583359545,492.4084708263854,9.856399403213755,981176.2132724948
2015-05-29,4944.513760969974,4447.485023118161,497.0287378518133,10.052125686759345,981673.2420103466
2015-05-30,4893.897021419369,4393.739391152585,500.1576302667836,10.220027680960964,982173.3996406134
2015-05-31,4844.347432257142,4342.19702861209,502.1504036450515,10.365697561272622,982675.5500442584
2015-06-01,4795.619380816817,4098.43562137848,697.1837594383369,14.537929390876483,983372.7338036967
2015-06-02,4747.66126478021,4038.590622903316,709.0706418768941,14.935156539853104,984081.8044455736
2015-06-03,4700.643360581249,3982.137072530345,718.506288050904,15.285275502416726,984800.3107336245
2015-06-04,4654.22990498296,3928.1395494111375,726.0903555718223,15.600655111481448,985526.4010891963
2015-06-05,4608.605368680088,3872.1877508126227,736.4176178674652,15.979185869810683,986262.8187070638
2015-06-06,4563.958719186019,3820.909752405717,743.0489667803022,16.28079946596942,987005.8676738441
2015-06-07,4520.159633685136,3771.264419037153,748.8952146479833,16.567893068799293,987754.7628884921
2015-06-08,4476.929500884842,3723.160740407885,753.7687604769571,16.83673509551532,988508.531648969
2015-06-09,4434.458265215624,3671.2574269315255,763.2008382840986,17.21068939290126,989271.7324872531
2015-06-10,4392.974120640196,3618.3992527411347,774.5748678990612,17.63212909130867,990046.3073551522
2015-06-11,4351.9939610180445,3572.8711539623355,779.122807055709,17.90266287211143,990825.4301622079
2015-06-12,4311.769011830445,3528.7926988282734,782.976313002172,18.15905051624694,991608.4064752101
2015-06-13,4272.375319273677,3486.2871792698306,786.0881400038461,18.399323122610976,992394.494615214
2015-06-14,4233.481010242598,3444.4786356082213,789.0023746343768,18.637201223424483,993183.4969898483
2015-06-15,4195.11207623058,3402.8964796017417,792.2155966288383,18.884253441463837,993975.7125864772
2015-06-16,4157.202300777659,3360.661031067374,796.5412697102847,19.16051257744376,994772.2538561875
2015-06-17,4119.738925353158,3319.504964378898,800.2339609742603,19.424385269890895,995572.4878171617
2015-06-18,4082.8864415967837,3279.434268431508,803.4521731652758,19.67853342624568,996375.939990327
2015-06-19,4046.5465765346307,3240.609979781325,805.9365967533058,19.91665192801244,997181.8765870803
2015-06-20,4010.6506367088296,3201.2303362584234,809.4203004504061,20.181770335264666,997991.2968875307
2015-06-21,3975.1712896535173,3162.300639885015,812.8706497685025,20.448694925026835,998804.1675372992
2015-06-22,3940.271773698041,3125.5075904128635,814.7641832851778,20.677867672069272,999618.9317205844
2015-06-23,3905.969366732985,3089.3384449312025,816.6309218017823,20.907253619472836,1000435.5626423862
2015-06-24,3872.081151104998,3053.6523311941446,818.4288199108532,21.13666496058053,1001253.991462297
2015-06-25,3838.576459076721,3018.4324359342017,820.1440231425195,21.365837879904724,1002074.1354854396
2015-06-26,3805.442426725058,2983.6938289238633,821.7485978011946,21.594035742865955,1002895.8840832408
2015-06-27,3772.633059584303,2949.3827402833876,823.2503193009152,21.821637734140705,1003719.1344025417
2015-06-28,3740.2022360539995,2914.453146702147,825.7490893518525,22.077658833310494,1004544.8834918935
2015-06-29,3708.3362738245632,2880.3459227590383,827.9903510655249,22.327811987006875,1005372.8738429591
2015-06-30,3676.8881684686057,2845.0004322377526,831.8877362308531,22.624776662090532,1006204.7615791899
2015-07-01,3645.954149226891,2421.4160992594016,1224.5380499674893,33.58621638802417,1007429.2996291574
2015-07-02,3615.6059744395316,2380.0913209253968,1235.5146535141348,34.1717173344824,1008664.8142826715
2015-07-03,3585.5891850562766,2340.55186369061,1245.0373213656667,34.72336782347043,1009909.8516040372
2015-07-04,3555.8507270598784,2286.486682997788,1269.3640440620902,35.69790020717917,1011179.2156480993
2015-07-05,3526.405223363079,2242.477551757828,1283.927671605251,36.40896579607458,1012463.1433197046
2015-07-06,3497.2589354279917,2202.6374647368257,1294.621470691166,37.0181760800257,1013757.7647903957
2015-07-07,3468.3990706529003,2165.294806104158,1303.1042645487423,37.570770779368324,1015060.8690549445
2015-07-08,3439.822881363798,2128.3297565006696,1311.4931248631283,38.126763211225466,1016372.3621798076
2015-07-09,3411.531724432949,2092.5704977142204,1318.9612267187285,38.66184849674704,1017691.3234065264
2015-07-10,3383.5215660110116,2058.5651436361995,1324.956422374812,39.159094940744346,1019016.2798289012
2015-07-11,3355.7890257451218,2023.1086334867914,1332.6803922583304,39.71287771770518,1020348.9602211595
2015-07-12,3328.3316120610107,1990.7541653576818,1337.5774467033289,40.18762559164163,1021686.5376678628
2015-07-13,3301.1957313411403,1959.0602733257738,1342.1354580153666,40.65604003038354,1023028.6731258782
2015-07-14,3274.338870342588,1927.8843267504171,1346.454543592171,41.12141708323836,1024375.1276694704
2015-07-15,3247.7169056539424,1897.1498036379971,1350.5671020159452,41.585123988631715,1025725.6947714863
2015-07-16,3221.359656811226,1866.8618521203798,1354.4978046908464,42.047394547420474,1027080.1925761772
2015-07-17,3195.3675896786153,1834.6600463392724,1360.707543339343,42.58375617674086,1028440.9001195165
2015-07-18,3169.82295704796,1804.6757706652907,1365.1471863826691,43.06698528216932,1029806.0473058992
2015-07-19,3144.676895710407,1776.1620482534681,1368.5148474569387,43.518456516906504,1031174.5621533561
2015-07-20,3119.765950540779,1748.058256030553,1371.7076945102262,43.96828852729978,1032546.2698478664
2015-07-21,3095.188966698479,1720.372792370389,1374.8161743280898,44.417842953044456,1033921.0860221945
2015-07-22,3071.0811592659447,1693.1772585248154,1377.9039007411293,44.86706242144634,1035298.9899229356
2015-07-23,3047.3059765943326,1666.4085766146936,1380.897399979639,45.315351021065794,1036679.8873229153
2015-07-24,3023.7644368060865,1640.042572092968,1383.7218647131185,45.76156290053809,1038063.6091876284
2015-07-25,3000.5471342338715,1614.2071947234263,1386.3399395104452,46.20290492001949,1039449.9491271388
2015-07-26,2977.610198707087,1588.7988597548147,1388.8113389522723,46.64181159626973,1040838.7604660911
2015-07-27,2954.902427417226,1563.6804965164092,1391.221930900817,47.081823006820365,1042229.9823969919
2015-07-28,2932.4912048585247,1538.8433839455292,1393.6478209129955,47.5243649018968,1043623.6302179049
2015-07-29,2910.321961598238,1514.2536405758046,1396.0683210224333,47.969549054832605,1045019.6985389274
2015-07-30,2888.3386973212473,1489.9290032442705,1398.4096940769768,48.41571022726365,1046418.1082330043
2015-07-31,2866.581230333075,1464.1690750024327,1402.4121553306422,48.92281232050391,1047820.520388335
2015-08-01,2845.0563097367994,1659.2463098975918,1185.8099998392076,41.67966713983628,1049006.3303881742
2015-08-02,2823.829966209829,1640.3779449292547,1183.4520212805742,41.90946464347549,1050189.7824094547
2015-08-03,2802.904209685512,1621.1877483289777,1181.7164613565342,42.160429788256074,1051371.4988708112
2015-08-04,2782.4084417796694,1601.6869249108336,1180.7215168688358,42.435233416472414,1052552.22038768
2015-08-05,2762.4404268027283,1581.919211066523,1180.5212157362052,42.73472123713996,1053732.7416034162
2015-08-06,2742.7148073366843,1562.9848516345578,1179.7299557021265,43.0132200601529,1054912.4715591182
2015-08-07,2723.1727778026834,1544.0487650858327,1179.1240127168508,43.29964012302888,1056091.595571835
2015-08-08,2703.767459734576,1525.068979298891,1178.6984804356848,43.59466921579845,1057270.2940522707
2015-08-09,2684.5122136280406,1506.0737541743642,1178.4384594536764,43.89767546861152,1058448.7325117243
2015-08-10,2665.4560612030327,1487.1818182549528,1178.27424294808,44.20535232594587,1059627.0067546724
2015-08-11,2646.567056874279,1468.3437292570802,1178.2233276171987,44.51892970392885,1060805.2300822895
2015-08-12,2627.833390527405,1448.46789903935,1179.3654914880549,44.879766568890304,1061984.5955737776
2015-08-13,2609.2775317470077,1428.4800305207814,1180.7975012262264,45.253810177702285,1063165.3930750038
2015-08-14,2590.872011164436,1409.3248115556403,1181.5471996087958,45.604228789277926,1064346.9402746125
2015-08-15,2572.61598195415,1389.8332360148984,1182.7827459392515,45.975876471109146,1065529.7230205517
2015-08-16,2554.5125085660256,1371.4642933634664,1183.0482152025593,46.312093255971675,1066712.7712357542
2015-08-17,2536.5626335102133,1351.7918877973775,1184.7707457128358,46.70772682925219,1067897.541981467
2015-08-18,2518.7604902507737,1333.314489681236,1185.4460005695378,47.06465760273665,1069082.9879820365
2015-08-19,2501.098265773151,1315.3579766552052,1185.7402891179458,47.4087845865346,1070268.7282711545
2015-08-20,2483.585658333963,1297.5371748644015,1186.0484834695612,47.755489305941055,1071454.776754624
2015-08-21,2466.225653611589,1279.4661384885753,1186.759515123014,48.12047565011336,1072641.536269747
2015-08-22,2449.0700296168216,1261.504679612312,1187.5653500045096,48.49046109924078,1073829.1016197514
2015-08-23,2432.0999224747065,1244.0523073167628,1188.0476151579437,48.8486350490519,1075017.1492349093
2015-08-24,2415.3994321008213,1226.3343422407838,1189.0650898600375,49.22850746991501,1076206.2143247693
2015-08-25,2398.867640006123,1209.2044425243134,1189.6631974818097,49.59269855667289,1077395.877522251
2015-08-26,2382.515806101961,1192.4331529324031,1190.082653169558,49.95067189571575,1078585.9601754206
2015-08-27,2366.404912277125,1175.8725959634962,1190.5323163136286,50.30974665988218,1079776.4924917342
2015-08-28,2350.6099801519886,1159.5707399607259,1191.0392401912627,50.66936881269648,1080967.5317319254
2015-08-29,2335.07946876646,1143.5622533813207,1191.5172153851395,51.0268379009206,1082159.0489473105
2015-08-30,2319.8161956111435,1126.8931953785564,1192.9230002325871,51.4231688911163,1083351.971947543
2015-08-31,2304.775086414069,1109.445732771847,1195.329353642222,51.863167069460104,1084547.3013011853
2015-09-01,2289.82656593062,1333.2094928774268,956.617073053193,41.77683529776019,1085503.9183742385
2015-09-02,2274.971611056011,1323.0528898149014,951.9187212411098,41.84310329917664,1086455.8370954797
2015-09-03,2260.2589023667388,1312.649854344384,947.6090480223547,41.924801049565794,1087403.4461435021
2015-09-04,2245.6632462274283,1299.9990948308941,945.6641513965342,42.110683914215095,1088349.1102948987
2015-09-05,2231.303320687264,1288.9942356907513,942.3090849965129,42.231330732133365,1089291.4193798953
2015-09-06,2217.26570503274,1277.7725432934922,939.4931617392476,42.371699503888514,1090230.9125416346
2015-09-07,2203.3498842511326,1266.4612352820795,936.8886489690531,42.52110187608627,1091167.8011906038
2015-09-08,2189.510841293726,1255.037483259871,934.4733580338552,42.67954925866906,1092102.2745486377
2015-09-09,2175.816451278515,1243.5558185494256,932.2606327290896,42.84647412153221,1093034.5351813668
2015-09-10,2162.239099275088,1231.9904260033027,930.2486732717853,43.02247025241845,1093964.7838546387
2015-09-11,2148.984921792755,1220.5098043799617,928.4751174127932,43.20528766847877,1094893.2589720516
2015-09-12,2135.8621570209507,1209.094441978562,926.7677150423888,43.390801789148334,1095820.026687094
2015-09-13,2122.8806818851735,1197.5932281043597,925.2874537808138,43.58640886774354,1096745.314140875
2015-09-14,2110.079755589366,1185.1696841277399,924.9100714616261,43.83294370801115,1097670.2242123366
2015-09-15,2097.3443059441634,1173.6616460311443,923.682659913019,44.04058300276091,1098593.9068722497
2015-09-16,2084.677222775761,1162.2005886233628,922.4766341523982,44.250334012097795,1099516.3835064021
2015-09-17,2072.08162327623,1150.7846158866987,921.2970073895312,44.46238975532446,1100437.6805137917
2015-09-18,2059.56004369515,1139.4738242405683,920.0862194545816,44.67392064005152,1101357.7667332464
2015-09-19,2047.1686939646024,1128.2646510282748,918.9040429363276,44.88658143539471,1102276.6707761828
2015-09-20,2034.973383796867,1117.187357916332,917.7860258805349,45.1006402928044,1103194.4568020634
2015-09-21,2022.9527046759613,1106.238992259906,916.7137124160554,45.31562751304636,1104111.1705144795
2015-09-22,2011.0081361173652,1094.855566475143,916.1525696422223,45.55688031233079,1105027.3230841218
2015-09-23,1999.1341107964981,1083.587037684697,915.5470731118012,45.79718129800844,1105942.8701572337
2015-09-24,1987.3287642826326,1072.7068503348373,914.6219139477953,46.02267779674325,1106857.4920711815
2015-09-25,1975.6005345450249,1061.8707485034347,913.7297860415902,46.25073591873772,1107771.2218572232
2015-09-26,1963.9620207259431,1051.2424040425785,912.7196166833646,46.47338426361189,1108683.9414739066
2015-09-27,1952.4455161548685,1040.780833230422,911.6646829244464,46.69347622666941,1109595.6061568311
2015-09-28,1941.0891111765523,1030.3531166176062,910.735994558946,46.91881425304177,1110506.3421513902
2015-09-29,1929.8383989194408,1020.0998901848897,909.7385087345511,47.14065743763488,1111416.0806601248
2015-09-30,1918.6866849779617,1010.0732988429471,908.6133861350146,47.35600623326633,1112324.6940462599
2015-10-01,1907.7828380991705,1299.723526415613,608.0593116835576,31.872564295074625,1112932.7533579434
2015-10-02,1897.0047681417782,1295.8702996305306,601.1344685112476,31.688611362853468,1113533.8878264546
2015-10-03,1886.451583109796,1291.3913575375568,595.0602255722392,31.543890704647108,1114128.9480520268
2015-10-04,1876.0988982017152,1286.3976334933773,589.7012647083379,31.432312298332484,1114718.649316735
2015-10-05,1865.9225427855272,1281.0406188421998,584.8819239433274,31.34545569454299,1115303.5312406784
2015-10-06,1855.8257905843202,1275.3632960326154,580.4624945517048,31.277854715497945,1115883.99373523
2015-10-07,1845.7899293699302,1269.388698858174,576.4012305117562,31.227889010561118,1116460.3949657418
2015-10-08,1835.8594002469908,1263.1778561768238,572.6815440701671,31.194194064813473,1117033.076509812
2015-10-09,1826.0346328560263,1256.7704698491957,569.2641630068306,31.174883146464083,1117602.3406728187
2015-10-10,1816.286212480627,1250.4258434346061,565.8603690460209,31.154801768449612,1118168.2010418647
2015-10-11,1806.6601533095818,1244.1086569383856,562.5514963711962,31.137648956317005,1118730.7525382359
2015-10-12,1797.0825062831864,1237.6759042532299,559.4066020299565,31.12859871898417,1119290.1591402658
2015-10-13,1787.551778600784,1231.1515286571462,556.4002499436378,31.126385070599927,1119846.5593902094
2015-10-14,1778.0849265831057,1224.6146834974293,553.4702430856764,31.127323268482126,1120400.029633295
2015-10-15,1768.7246306808665,1218.0222513642743,550.7023793165922,31.13556343163495,1120950.7320126116
2015-10-16,1759.4202239944134,1211.3653003284358,548.0549236659776,31.14974559185912,1121498.7869362775
2015-10-17,1750.167209821986,1204.638078841113,545.5291309808731,31.170114942123746,1122044.3160672584
2015-10-18,1740.9660776322708,1197.869509341393,543.0965682908777,31.195126388073792,1122587.4126355492
2015-10-19,1731.818615067983,1191.069183307432,540.749431760551,31.224368825676567,1123128.1620673097
2015-10-20,1722.7506974383723,1184.2426121532567,538.5080852851156,31.25861949066949,1123666.6701525948
2015-10-21,1713.7271312861703,1177.3966237273648,536.3305075588055,31.29614381236316,1124203.0006601536
2015-10-22,1704.8063804237172,1170.5358607547473,534.2705196689699,31.33907321112799,1124737.2711798225
2015-10-23,1695.9482712829486,1163.6643255871836,532.2839456957649,31.385623884218095,1125269.5551255182
2015-10-24,1687.2413708386011,1156.7840874616172,530.4572833769839,31.439324126656125,1125800.0124088952
2015-10-25,1678.6987573539373,1149.8889973309938,528.8097600229435,31.501170636266163,1126328.822168918
2015-10-26,1670.2928485979792,1142.9934502930496,527.2993983049296,31.569278330296235,1126856.121567223
2015-10-27,1661.9439845508896,1136.145685888559,525.7982986623306,31.637546364381112,1127381.9198658853
2015-10-28,1653.6435885177925,1129.321004945517,524.3225835722756,31.70710951337711,1127906.2424494575
2015-10-29,1645.386430632323,1122.2305054978583,523.1559251344647,31.795322691060214,1128429.398374592
2015-10-30,1637.2303884504363,1115.2533217295654,521.9770667208709,31.881711358588838,1128951.3754413128
2015-10-31,1629.199492521584,1108.4362946017295,520.7631979198545,31.964360430400475,1129472.1386392326
2015-11-01,1621.1978508490138,1266.556996457476,354.6408543915377,21.875235906944603,1129826.779493624
2015-11-02,1613.2281167828478,1263.1802434362116,350.04787334663615,21.69859734683481,1130176.8273669707
2015-11-03,1605.292171106441,1259.4310800078902,345.8610910985508,21.545055618141305,1130522.6884580692
2015-11-04,1597.3915519409347,1255.389303421799,342.0022485191357,21.41004490123794,1130864.6907065883
2015-11-05,1589.5275097046979,1251.1140123039595,338.4134974007384,21.290194434169234,1131203.104203989
2015-11-06,1581.7044670088217,1246.6976649488433,335.0068020599783,21.18011354507415,1131538.111006049
2015-11-07,1574.0337565187365,1242.2227669062204,331.8109896125161,21.080296927454516,1131869.9219956615
2015-11-08,1566.4845600961708,1237.6371047317161,328.8474553644546,20.992703263175844,1132198.7694510259
2015-11-09,1558.9690230372362,1232.952919215627,326.01610382160925,20.912288762893674,1132524.7855548474
2015-11-10,1551.5131301432848,1228.1760303878336,323.33709975545116,20.840113658953722,1132848.1226546029
2015-11-11,1544.1333627840504,1223.3621381772327,320.77122460681767,20.773544069307054,1133168.8938792096
2015-11-12,1536.7905894727446,1218.676805012824,318.1137844599207,20.699878476550403,1133487.0076636695
2015-11-13,1529.4846400078386,1214.0102751135937,315.4743648942449,20.62618719025698,1133802.4820285637
2015-11-14,1522.2156755537726,1209.3059590730927,312.9097164806799,20.556201168198147,1134115.3917450444
2015-11-15,1514.9891684916802,1204.7146252579632,310.27454323371694,20.480314294433246,1134425.666288278
2015-11-16,1507.8244038245175,1200.1517479975819,307.6726558269356,20.405072039326335,1134733.338944105
2015-11-17,1500.8461391201708,1195.560581058694,305.2855580614769,20.34089638531782,1135038.6245021664
2015-11-18,1493.9968397337943,1190.9458708625398,303.05096887125455,20.284578977105017,1135341.6754710376
2015-11-19,1487.2556820735335,1186.3116151713411,300.9440669021924,20.23485743101118,1135642.6195379398
2015-11-20,1480.628203317523,1181.652278798364,298.975924519159,20.192505035988642,1135941.595462459
2015-11-21,1474.176208072342,1176.9460053026787,297.23020276966326,20.162460982756368,1136238.8256652285
2015-11-22,1467.758665154921,1172.190504051011,295.5681611039099,20.137381445655638,1136534.3938263324
2015-11-23,1461.3846299760044,1166.8276471567451,294.55698281925925,20.15602030959473,1136828.9508091516
2015-11-24,1455.0662579566706,1162.045313644653,293.0209443120175,20.137979470673915,1137121.9717534636
2015-11-25,1448.7793431247119,1157.3150099541172,291.4643331705947,20.11792441366313,1137413.4360866342
2015-11-26,1442.5733454043511,1152.5801404772437,289.9932049271074,20.102492940892564,1137703.4292915612
2015-11-27,1436.4360420713201,1147.845495178096,288.5905468932242,20.09073418104163,1137992.0198384544
2015-11-28,1430.3246686360799,1143.1090164703428,287.2156521657371,20.080451555073743,1138279.2354906201
2015-11-29,1424.2827898950782,1138.3717250174022,285.9110648776759,20.074037747710058,1138565.1465554978
2015-11-30,1418.3721308226231,1133.6328249924927,284.73930583013043,20.075077593705128,1138849.8858613279
2015-12-01,1412.4910331917927,1126.272091118711,286.21894207308173,20.263416570250044,1139136.104803401
2015-12-02,1406.637641918147,1121.6062768961758,285.03136502197117,20.263311355246476,1139421.136168423
2015-12-03,1400.812397911679,1116.9620153762855,283.85038253539346,20.263268868733284,1139704.9865509586
2015-12-04,1395.0153578408062,1112.3300585319278,282.6852993088785,20.26395607188272,1139987.6718502676
2015-12-05,1389.2465348457918,1107.7067128260144,281.5398220197774,20.26564867775817,1140269.2116722874
2015-12-06,1383.5059039848857,1103.103078174264,280.4028258106216,20.26755541866375,1140549.6144980981
2015-12-07,1377.8219020396937,1098.5638475554053,279.2580544842883,20.26808066201311,1140828.8725525825
2015-12-08,1372.2111044956837,1093.9554887310126,278.2556157646711,20.27790147252422,1141107.1281683473
2015-12-09,1366.6248503434472,1089.123076962632,277.50177338081517,20.305629105974184,1141384.6299417282
2015-12-10,1361.0886016944423,1084.6319621448395,276.45663954960287,20.311435949536076,1141661.086581278
2015-12-11,1355.595359656727,1080.1324346010563,275.46292505567067,20.320438772040742,1141936.5495063337
2015-12-12,1350.147518236423,1075.6767043411721,274.4708138952508,20.32894999901696,1142211.020320229
2015-12-13,1344.7764695966616,1071.2983630782448,273.4781065184168,20.336324489708016,1142484.4984267475
2015-12-14,1339.4256070582196,1066.9716258743767,272.45398118384287,20.3411059000308,1142756.9524079314
2015-12-15,1334.0935298518743,1062.687617637542,271.4059122143324,20.34384442629497,1143028.3583201459
2015-12-16,1328.7945339493454,1058.412005645315,270.3825283040303,20.347956090729788,1143298.74084845
2015-12-17,1323.5710633858107,1054.1301356999659,269.4409276858448,20.357118339879037,1143568.181776136
2015-12-18,1318.3827028512023,1049.7727629047342,268.6099399464681,20.374200857274477,1143836.7917160825
2015-12-19,1313.2072268696502,1045.4676389080462,267.739587961604,20.388220722774015,1144104.5313040442
2015-12-20,1308.0341967884451,1041.1839195830737,266.8502772053714,20.400863972865263,1144371.3815812496
2015-12-21,1302.8583933194168,1036.9060711607792,265.95232215863757,20.41298759115681,1144637.3339034084
2015-12-22,1297.7239469676279,1032.6264431733628,265.0975037942651,20.427881015351105,1144902.4314072027
2015-12-23,1292.6822022499982,1028.3469930403855,264.3352092096127,20.448584249827213,1145166.7666164124
2015-12-24,1287.6624326219317,1024.069452567351,263.5929800545807,20.470658565215267,1145430.359596467
2015-12-25,1282.6613960745744,1019.8003435648036,262.86105250977084,20.493409508871505,1145693.220648977
2015-12-26,1277.680771967629,1015.5780392611389,262.1027327064901,20.51394514631787,1145955.3233816836
2015-12-27,1272.7376126691233,1011.3655226678577,261.37209000126563,20.536211658986712,1146216.695471685
2015-12-28,1267.8211547164246,1007.1541734320101,260.66698128441453,20.560232830530285,1146477.3624529694
2015-12-29,1262.9244159450755,1002.9454074284051,259.9790085166703,20.585476473041503,1146737.3414614862
2015-12-30,1258.0473946849816,998.7403706138477,259.3070240711338,20.61186447876751,1146996.6484855574
2015-12-31,1253.1901097269729,994.5391904193432,258.6509193076297,20.639399984091867,1147255.2994048651
2016-01-01,1248.3525849112775,987.4460624780338,260.9065224332437,20.90006666279998,1147516.2059272984
2016-01-02,1243.5348403805401,983.1821984320711,260.352641948469,20.936497594936483,1147776.558569247
2016-01-03,1238.7368879821151,978.9301453659143,259.80674261620084,20.97352110337348,1148036.3653118631
2016-01-04,1233.9587292321958,974.715969745798,259.24275948639774,21.00902998982032,1148295.6080713496
2016-01-05,11757.74781560048,11254.479300484207,503.2685151162732,4.280313908829748,1148798.8765864659
2016-01-06,29711.47286732198,28529.4696564317,1182.0032108902815,3.9782720169026087,1149980.8797973562
2016-01-07,12056.67415510933,11730.374534822797,326.29962028653244,2.706381677805023,1150307.1794176428
2016-01-08,18885.755341440134,18222.330984774715,663.4243566654186,3.512829350328909,1150970.6037743082
2016-01-09,16263.186982478524,15760.150048449024,503.0369340295001,3.093101829127693,1151473.6407083378
2016-01-10,12554.89348508358,12179.19906229306,375.69442279051873,2.9924142585270026,1151849.3351311283
2016-01-11,11240.597231317803,10887.909129246427,352.6881020713754,3.137627786259784,1152202.0232331997
2016-01-12,52905.12599848246,51304.482863074576,1600.6431354078813,3.0254972560764615,1153802.6663686077
2016-01-13,22387.80862335112,21900.059410280774,487.74921307034674,2.1786375847505255,1154290.415581678
2016-01-14,89435.38403803058,87710.74346566194,1724.640572368633,1.928364920572449,1156015.0561540467
2016-01-15,89101.94483663281,87756.22096054611,1345.723876086704,1.510319307344043,1157360.7800301334
2016-01-16,98309.32202919177,96950.60478345497,1358.7172457367997,1.3820838326332319,1158719.4972758703
2016-01-17,200010.39322523808,197486.79848819145,2523.594737046631,1.2617318012093155,1161243.092012917
2016-01-18,183795.99398692086,181383.509409059,2412.4845778618474,1.3125882265059177,1163655.5765907788
2016-01-19,121798.05938709015,120466.34455782062,1331.7148292695347,1.093379349368097,1164987.2914200483
2016-01-20,75805.0144826076,75184.41200629881,620.6024763087917,0.8186826169015248,1165607.8938963572
2016-01-21,103877.50774106928,102831.76292873095,1045.744812338322,1.0067095708004492,1166653.6387086955
2016-01-22,128277.02792398917,126819.80499180863,1457.2229321805353,1.135996799866626,1168110.8616408762
2016-01-23,78853.70647321746,78234.81278991132,618.8936833061452,0.7848631484638602,1168729.7553241823
2016-01-24,78085.08133408563,77403.22271940787,681.8586146777525,0.8732252090004653,1169411.6139388601
2016-01-25,64702.512014248874,64185.23616315218,517.275851096696,0.7994679572607333,1169928.8897899569
2016-01-26,59641.81726683164,59153.36513639733,488.45213043430704,0.8189759347020231,1170417.3419203912
2016-01-27,55538.52235511318,55070.35951547258,468.1628396406013,0.8429515582844809,1170885.5047600318
2016-01-28,92032.39598320806,90923.693404992,1108.7025782160636,1.2046872912211848,1171994.207338248
2016-01-29,64259.65560385471,63681.704808703216,577.950795151497,0.8993991482220576,1172572.1581333994
2016-01-30,54297.26588986628,53847.45741826881,449.8084715974692,0.828418271575289,1173021.966604997
2016-01-31,50508.09876180906,50075.15832788011,432.94043392894673,0.8571703242496789,1173454.907038926
2016-02-01,47352.52597167157,46938.34896999743,414.1770016741357,0.8746671759853216,1173869.0840406
2016-02-02,44587.28115103068,44188.03324275889,399.24790827179095,0.8954300373674208,1174268.331948872
2016-02-03,42138.80444073817,41753.192591012514,385.6118497256539,0.9150991700961958,1174653.9437985977
2016-02-04,39953.636713726446,39577.44350777619,376.19320595025783,0.9415743769352869,1175030.137004548
2016-02-05,37961.22670945292,37593.67367417697,367.5530352759524,0.9682327657352182,1175397.690039824
2016-02-06,36135.92230630061,35776.115575583244,359.80673071736237,0.9957037422969747,1175757.4967705414
2016-02-07,34457.56537109241,34105.78244651115,351.7829245812609,1.020916367110438,1176109.2796951227
2016-02-08,32915.09050425002,32570.94586935459,344.14463489543414,1.045552752926497,1176453.4243300182
2016-02-09,31491.55148416618,31154.357856219693,337.19362794648623,1.0707431423822538,1176790.6179579648
2016-02-10,30167.37924833456,29835.507937511953,331.8713108226075,1.1000999062287753,1177122.4892687874
2016-02-11,28929.437948875595,28602.140893756005,327.29705511959037,1.131363338955956,1177449.786323907
2016-02-12,27773.18477743119,27451.223893024086,321.96088440710446,1.15925086369185,1177771.7472083142
2016-02-13,26695.631407521665,26379.635336059204,315.99607146246126,1.1836995598217144,1178087.7432797768
2016-02-14,25692.651460485533,25381.355859851057,311.2956006344757,1.2116133716803743,1178399.0388804113
2016-02-15,24748.357342011295,24440.692565533856,307.66477647743886,1.2431725153538413,1178706.7036568888
2016-02-16,23866.28440517839,23561.040970116446,305.2434350619442,1.2789734249362834,1179011.9470919508
2016-02-17,23043.58795314189,22741.027628787386,302.5603243545047,1.3129913838493712,1179314.5074163054
2016-02-18,26533.25218105285,26190.65699653954,342.5951845133095,1.2911918304456986,1179657.1026008187
2016-02-19,42029.66920830445,41506.36342597428,523.3057823301642,1.2450866071217297,1180180.408383149
2016-02-20,26398.226908225566,26086.90283804672,311.32407017884543,1.1793370488903492,1180491.7324533279
2016-02-21,24993.617145275697,24695.87090096489,297.74624431080883,1.1912891302613593,1180789.4786976387
2016-02-22,23950.937687898986,23658.74103147356,292.1966564254253,1.219980028477362,1181081.6753540642
2016-02-23,23021.8495590291,22732.18300588202,289.66655314707896,1.2582245071333664,1181371.3419072113
2016-02-24,22177.038879444357,21889.934802764154,287.10407668020343,1.2946005922653494,1181658.4459838916
2016-02-25,21395.394556304906,21110.339972131012,285.0545841738931,1.3323174920833218,1181943.5005680656
2016-02-26,20667.045784627553,20385.509217991552,281.5365666360012,1.3622487198698334,1182225.0371347016
2016-02-27,19989.33292038832,19711.07007511385,278.2628452744684,1.3920566853466705,1182503.2999799761
2016-02-28,19356.018526623957,19078.643016205227,277.3755104187294,1.4330194509640655,1182780.675490395
2016-02-29,18756.207882425282,18479.74338843912,276.46449398616096,1.4739892824775653,1183057.1399843812
2016-03-01,18189.67380901007,17888.361293970516,301.31251503955355,1.6565031248130544,1183358.4524994206
2016-03-02,17654.622369327582,17350.464298258445,304.1580710691378,1.7228239987594953,1183662.6105704897
2016-03-03,17149.46919602342,16844.17505778596,305.29413823745926,1.780195845993007,1183967.904708727
2016-03-04,58115.94901990489,57277.93523456302,838.013785341871,1.4419686841125983,1184805.918494069
2016-03-05,224486.50676831335,221631.18608851312,2855.3206798002357,1.2719342115056997,1187661.2391738691
2016-03-06,157105.96410966956,155708.03663446044,1397.927475209115,0.8897991130580353,1189059.1666490783
2016-03-07,62293.57504551577,61860.75674318465,432.81830233112123,0.6948040821463142,1189491.9849514093
2016-03-08,74746.8222401021,74122.29605236034,624.5261877417652,0.8355220583634434,1190116.511139151
2016-03-09,206419.14854888176,204127.03595840296,2292.1125904787914,1.1104166481609143,1192408.6237296297
2016-03-10,412592.19799302425,407958.1643847667,4634.033608257538,1.1231510510375395,1197042.6573378872
2016-03-11,271249.53463051154,269050.4371790537,2199.097451457812,0.8107285619690963,1199241.754789345
2016-03-12,276781.18729104,274773.5701855075,2007.617105532554,0.7253444951161045,1201249.3718948774
2016-03-13,225970.07123363143,224587.45262054005,1382.6186130913848,0.6118591747762425,1202631.9905079687
2016-03-14,113516.80872730911,113191.25846128995,325.55026601915597,0.2867859567838937,1202957.5407739878
2016-03-15,100691.71023059916,100372.2523624831,319.45786811606376,0.3172633252374572,1203276.9986421037
2016-03-16,91281.06015979405,90961.9370053838,319.1231544102484,0.3496050044243575,1203596.121796514
2016-03-17,83610.57758771908,83296.38992138617,314.18766633290215,0.37577502200995533,1203910.3094628467
2016-03-18,77142.80372228334,76836.22358141319,306.5801408701518,0.39741897633621215,1204216.8896037168
2016-03-19,71546.71173414635,71255.15772988685,291.55400425949483,0.4075016128523876,1204508.4436079762
2016-03-20,116649.16840998415,115928.9666099399,720.2018000442476,0.6174084306481902,1205228.6454080204
2016-03-21,109696.8480063746,109055.69257042262,641.1554359519796,0.5844793607148324,1205869.8008439722
2016-03-22,72566.55641902331,72253.4159745168,313.1404445065127,0.4315217091167123,1206182.9412884787
2016-03-23,66787.9795245328,66494.59150359072,293.38802094207495,0.4392826718680816,1206476.3293094207
2016-03-24,62216.69924073666,61934.99891058672,281.7003301499426,0.4527728625717548,1206758.0296395705
2016-03-25,58270.29710322153,57995.31498344606,274.9821197754718,0.471907873214309,1207033.011759346
2016-03-26,54795.203141768,54527.315471891685,267.88766987631243,0.48888890727026674,1207300.899429222
2016-03-27,51690.82574133668,51427.597132802846,263.22860853383463,0.5092366097052559,1207564.1280377558
2016-03-28,48936.13980161119,48675.59643188342,260.54336972776946,0.532415042919244,1207824.6714074835
2016-03-29,46462.636033869814,46200.340396016276,262.2956378535382,0.5645302553697833,1208086.967045337
2016-03-30,44197.671264702454,43934.12341812756,263.54784657489654,0.5962935128334997,1208350.5148919118
2016-03-31,42119.658722012304,41856.225611041205,263.43311097109836,0.6254398040348429,1208613.9480028828
2016-04-01,40210.66182557959,39933.00033538363,277.66149019596196,0.690517085742992,1208891.6094930787
2016-04-02,38443.3180651525,38167.294254917586,276.0238102349176,0.7180020459397425,1209167.6333033135
2016-04-03,36810.203915376216,36533.65933566068,276.5445797155335,0.7512715233832659,1209444.177883029
2016-04-04,35292.57010968216,35015.1562637267,277.4138459554597,0.7860403623009422,1209721.5917289844
2016-04-05,33876.16757156607,33596.72306214546,279.4445094206094,0.8249000092181648,1210001.036238405
2016-04-06,32553.31511169253,32272.451851587677,280.8632601048521,0.8627792872744053,1210281.8994985097
2016-04-07,31317.803577092942,31035.374201262304,282.4293758306376,0.9018173165796894,1210564.3288743403
2016-04-08,30151.087763061747,29864.79474662424,286.2930164375066,0.9495279861453145,1210850.6218907777
2016-04-09,29049.3597757495,28761.056637857044,288.303137892457,0.992459524471632,1211138.92502867
2016-04-10,28020.24301185552,27734.388245155038,285.8547667004823,1.020172332479542,1211424.7797953705
2016-04-11,27060.003950984217,26774.45710871921,285.5468422650083,1.055235774474536,1211710.3266376355
2016-04-12,26161.5751703782,25875.087526224488,286.4876441537126,1.0950703170124563,1211996.8142817891
2016-04-13,25312.242581485305,25024.831880523758,287.41070096154726,1.1354612300206637,1212284.2249827506
2016-04-14,24507.206655020826,24219.30672952759,287.89992549323506,1.1747561831337991,1212572.1249082438
2016-04-15,23742.373694750946,23454.79617078456,287.57752396638534,1.2112416713833634,1212859.70243221
2016-04-16,23015.45995825436,22729.133199014635,286.3267592397242,1.244062728961603,1213146.0291914498
2016-04-17,22327.540400306694,22043.501096104672,284.0393042020223,1.272147756132246,1213430.0684956517
2016-04-18,21680.933455687482,21398.223982684714,282.7094730027675,1.3039543411753118,1213712.7779686544
2016-04-19,21067.857278791256,20784.417883275943,283.43939551531366,1.3453641334500994,1213996.2173641697
2016-04-20,20483.731451282743,20198.06966807314,285.6617832096017,1.3945788338858194,1214281.8791473792
2016-04-21,19924.212159686256,19637.601985798618,286.61017388763867,1.4385019171174689,1214568.4893212668
2016-04-22,19390.59256835282,19103.770896659633,286.82167169318564,1.4791795077026386,1214855.31099296
2016-04-23,18884.91575441975,18598.37678458768,286.5389698320723,1.5172901672331363,1215141.849962792
2016-04-24,18406.32798584178,18119.30986719991,287.0181186418704,1.5593448017586444,1215428.8680814337
2016-04-25,17948.69512075046,17661.169789582425,287.52533116803534,1.601928882482536,1215716.3934126017
2016-04-26,17510.631654704455,17218.8319285651,291.7997261393539,1.6664146210908282,1216008.193138741
2016-04-27,17093.811718252022,16788.861949138744,304.9497691132783,1.783977582879694,1216313.1429078542
2016-04-28,16696.93179823784,16392.036895315563,304.89490292227856,1.8260534726173856,1216618.0378107764
2016-04-29,16316.50004497217,16010.570160426598,305.92988454557235,1.8749724738905804,1216923.967695322
2016-04-30,15950.030365451705,15642.45878602837,307.5715794233347,1.928344789170715,1217231.5392747452
2016-05-01,15597.474630402401,15246.509735844169,350.9648945582321,2.250139223654423,1217582.5041693035
2016-05-02,15256.006764777936,14896.451824455127,359.55494032280876,2.356808999016214,1217942.0591096263
2016-05-03,14925.065748351626,14558.287206741586,366.7785416100396,2.4574668399738733,1218308.8376512364
2016-05-04,14606.65335490089,14236.015953729466,370.63740117142333,2.5374559946482567,1218679.475052408
2016-05-05,14300.671029769816,13922.806271937281,377.86475783253445,2.642286904201422,1219057.3398102405
2016-05-06,14006.300027934834,13623.669065730252,382.63096220458283,2.7318489639765344,1219439.9707724452
2016-05-07,13722.672533204313,13335.282408684097,387.390124520216,2.822993287807899,1219827.3608969655
2016-05-08,13449.32703013625,13056.6851158208,392.6419143154508,2.9194168112326215,1220220.002811281
2016-05-09,13184.089706118684,12787.255663845293,396.8340422733909,3.009946466681137,1220616.8368535545
2016-05-10,12926.17647417076,12525.359772995185,400.81670117557405,3.100814088191437,1221017.6535547301
2016-05-11,12676.170873300172,12271.108717275389,405.0621560247837,3.195461469188352,1221422.715710755
2016-05-12,12433.631670040078,12024.509797706805,409.12187233327313,3.290445488417419,1221831.8375830883
2016-05-13,12198.741012576036,11785.918225566462,412.8227870095743,3.3841425650727666,1222244.660370098
2016-05-14,11972.076734125614,11555.806214000635,416.27052012497916,3.4770117947743144,1222660.930890223
2016-05-15,11751.797108606901,11332.957258466702,418.8398501401989,3.564049364275058,1223079.7707403633
2016-05-16,11538.28898167843,11117.37570890931,420.91327276911943,3.647969585763407,1223500.6840131325
2016-05-17,11331.229197754059,10909.02301852645,422.206179227609,3.7260404132615528,1223922.8901923602
2016-05-18,11130.10454562353,10706.363959257562,423.74058636596783,3.8071572879572537,1224346.6307787262
2016-05-19,10935.692542668432,10510.682029136527,425.0105135319045,3.8864526583352275,1224771.6412922582
2016-05-20,10747.42722115526,10321.120800948773,426.306420206487,3.9665904354052706,1225197.9477124647
2016-05-21,10566.34237404028,10138.25203774178,428.0903362984991,4.051452443470362,1225626.0380487633
2016-05-22,10391.96705860179,9960.566625228223,431.40043337356656,4.151287537199048,1226057.438482137
2016-05-23,10221.864632145502,9788.265389561258,433.59924258424326,4.241880108846967,1226491.0377247212
2016-05-24,10056.040243307594,9620.074102579221,435.9661407283729,4.335365911234426,1226927.0038654497
2016-05-25,9895.762749757618,9457.780250202935,437.98249955468236,4.425959985402946,1227364.9863650044
2016-05-26,9741.119842625689,9301.317951913994,439.8018907116948,4.514900728222101,1227804.7882557162
2016-05-27,9591.13060426386,9149.75992652618,441.37067773768104,4.601862866318013,1228246.158933454
2016-05-28,9445.49468386313,9001.507710726304,443.9869731368253,4.70051583317644,1228690.1459065909
2016-05-29,9303.554437316954,8857.035947784387,446.5184895325674,4.799439746830122,1229136.6643961235
2016-05-30,9165.36259057466,8713.931764411345,451.4308261633141,4.9254006232939425,1229588.0952222869
2016-05-31,9031.331043307437,8579.467657961488,451.8633853459487,5.0032867046856495,1230039.958607633
2016-06-01,8901.647168977419,8310.725346168507,590.9218228089121,6.638342450465766,1230630.8804304418
2016-06-02,8774.530853132019,8163.976309820081,610.5545433119378,6.958258550016994,1231241.4349737538
2016-06-03,8650.226667329436,8023.301708652641,626.9249586767955,7.247497467836234,1231868.3599324306
2016-06-04,8528.817073426442,7876.153897560903,652.6631758655394,7.652446643498391,1232521.023108296
2016-06-05,8409.955773089081,7749.600539814218,660.3552332748632,7.852065469689225,1233181.378341571
2016-06-06,8294.268404565053,7625.464685114336,668.8037194507169,8.063444379043924,1233850.1820610217
2016-06-07,8182.270841690712,7502.506353022068,679.7644886686439,8.307773010947942,1234529.9465496903
2016-06-08,8072.999577688519,7386.374034555632,686.6255431328873,8.505209699632903,1235216.5720928232
2016-06-09,7966.029552402673,7272.433285699694,693.5962667029789,8.706925603781873,1235910.1683595262
2016-06-10,7860.891330715036,7161.606634108352,699.2846966066836,8.895743080359766,1236609.453056133
2016-06-11,7757.502743136371,7052.815800580432,704.6869425559389,9.083940617093909,1237314.1399986888
2016-06-12,7656.212771787075,6947.744737829317,708.468033957758,9.253505030168995,1238022.6080326466
2016-06-13,7557.364999864483,6843.303031039194,714.0619688252891,9.4485573852539,1238736.6700014719
2016-06-14,7460.417766786413,6739.975646591748,720.4421201946652,9.656860282034806,1239457.1121216665
2016-06-15,7365.688366005663,6633.7558987962575,731.9324672094053,9.937054499718467,1240189.044588876
2016-06-16,7272.940171608934,6529.235763350504,743.7044082584298,10.225636272405993,1240932.7489971344
2016-06-17,7182.2880366269965,6433.0826431217165,749.20539350528,10.431291389103462,1241681.9543906397
2016-06-18,7093.61868317402,6339.59592389013,754.0227592838901,10.629592496597304,1242435.9771499236
2016-06-19,7006.63437081757,6249.010579754834,757.623791062736,10.812948856275664,1243193.6009409863
2016-06-20,6921.297395946924,6160.723145961531,760.5742499853923,10.98889711675705,1243954.1751909717
2016-06-21,6837.444038761314,6073.584422720366,763.8596160409479,11.17171287561032,1244718.0348070126
2016-06-22,6754.853592529893,5987.501426675127,767.3521658547661,11.360011809928363,1245485.3869728674
2016-06-23,6673.959405676927,5902.134006985466,771.8253986914615,11.564730196514834,1246257.2123715589
2016-06-24,6595.271664225031,5819.009589030876,776.2620751941549,11.769978777445383,1247033.474446753
2016-06-25,6518.321454492863,5736.996278577254,781.3251759156092,11.98660086604148,1247814.7996226687
2016-06-26,6442.966128063155,5657.669918941802,785.2962091213531,12.18842678220666,1248600.09583179
2016-06-27,6369.27680865,5580.23992688698,789.0368817630197,12.388170674124932,1249389.132713553
2016-06-28,6298.1616222904995,5505.5725565278,792.5890657626996,12.58445103976949,1250181.7217793157
2016-06-29,6228.531036008382,5432.500405094356,796.030630914026,12.780391175897076,1250977.7524102298
2016-06-30,6160.024517178303,5360.267713161887,799.756804016416,12.98301332707613,1251777.5092142462
2016-07-01,6092.476815561531,4956.046938690594,1136.4298768709368,18.653002896428656,1252913.9390911171
2016-07-02,6026.027133352123,4876.028083896735,1149.9990494553886,19.083867762402086,1254063.9381405725
2016-07-03,5961.096261137398,4800.048052481846,1161.0482086555521,19.477092095037232,1255224.986349228
2016-07-04,5897.429841822479,4725.63702826831,1171.7928135541688,19.86955071926808,1256396.7791627822
2016-07-05,5834.817305086181,4650.2106348672,1184.606670218981,20.302378091364837,1257581.3858330012
2016-07-06,5773.324874319602,4576.801666781311,1196.523207538291,20.72502818714673,1258777.9090405395
2016-07-07,5712.922750592697,4508.229737559571,1204.6930130331266,21.087157408318596,1259982.6020535727
2016-07-08,5653.480025718454,4434.568483819957,1218.9115418984975,21.56037584555888,1261201.5135954712
2016-07-09,5594.870518373093,4358.724568543029,1236.1459498300637,22.094272705162034,1262437.6595453012
2016-07-10,5537.018313215813,4291.940847577997,1245.0774656378153,22.48642491692779,1263682.737010939
2016-07-11,5480.053410769673,4229.112782065994,1250.940628703679,22.827161250751104,1264933.6776396427
2016-07-12,5423.8538987033535,4167.135855986974,1256.7180427163794,23.17020454803945,1266190.395682359
2016-07-13,5368.695208481979,4106.43367036642,1262.2615381155583,23.51151423387412,1267452.6572204747
2016-07-14,5314.301888188114,4046.175538250017,1268.1263499380975,23.862519981349028,1268720.7835704128
2016-07-15,5260.731969887856,3987.550971368798,1273.1809985190584,24.201594109083626,1269993.9645689318
2016-07-16,5208.0720456361305,3929.909663216681,1278.1623824194494,24.541948944243735,1271272.1269513513
2016-07-17,5156.199357806705,3871.9798639768314,1284.2194938298735,24.906319649675893,1272556.3464451812
2016-07-18,5105.268234232906,3816.0575302608822,1289.210703972024,25.252555689970222,1273845.5571491532
2016-07-19,5055.367695530178,3761.64662682964,1293.7210687005381,25.591038013800894,1275139.2782178537
2016-07-20,5006.096315246308,3708.2588443295144,1297.8374709167938,25.92513985326585,1276437.1156887705
2016-07-21,4957.737855720334,3655.8134214179636,1301.9244343023702,26.26045329928416,1277739.040123073
2016-07-22,4910.119067657506,3601.3125772979156,1308.8064903595905,26.655290275557185,1279047.8466134325
2016-07-23,4863.171407213202,3549.7627083950256,1313.4086988181762,27.00724668824317,1280361.2553122507
2016-07-24,4817.372017469723,3500.568033478926,1316.803983990797,27.33448816523901,1281678.0592962415
2016-07-25,4772.957350933924,3452.9129193092276,1320.0444316246967,27.65674056078468,1282998.1037278662
2016-07-26,4729.188985815039,3405.3872366279875,1323.8017491870514,27.99215157520089,1284321.9054770533
2016-07-27,4686.234701884445,3347.6061948931356,1338.6285069913092,28.565118739209016,1285660.5339840446
2016-07-28,4643.9553893234115,3295.8421851478097,1348.1132041756018,29.02941762263594,1287008.6471882202
2016-07-29,4602.639008499682,3241.8566419060853,1360.7823665935966,29.56526384277896,1288369.4295548138
2016-07-30,4561.822885650676,3196.4620522202504,1365.3608334304254,29.930158790802707,1289734.7903882442
2016-07-31,4521.639459829312,3151.9400632712104,1369.6993965581014,30.292096677027107,1291104.4897848023
2016-08-01,4482.277252097614,3313.268480855701,1169.008771241913,26.080688576210697,1292273.4985560442
2016-08-02,4443.522597801872,3274.6633644296876,1168.859233372184,26.304788771647004,1293442.3577894163
2016-08-03,4405.1491979504935,3236.508142793979,1168.6410551565145,26.528977853922125,1294610.9988445728
2016-08-04,4367.250849138945,3198.6601247174754,1168.59072442147,26.758039892576157,1295779.5895689942
2016-08-05,4329.801757538691,3160.984441235391,1168.8173163033002,26.99470741976241,1296948.4068852975
2016-08-06,4292.7338133670855,3122.629117739349,1170.1046956277364,27.25779762966349,1298118.5115809252
2016-08-07,4256.206018057885,3083.6253643114674,1172.5806537464173,27.54990357072678,1299291.0922346716
2016-08-08,4220.0947663374245,3046.940521918665,1173.1542444187594,27.799239338810573,1300464.2464790903
2016-08-09,4184.4964352324605,3010.7584514119285,1173.737983820532,28.049682966340672,1301637.9844629108
2016-08-10,4149.5669526294805,2971.9185232286895,1177.648429400791,28.380032009232757,1302815.6328923116
2016-08-11,4115.110692161368,2936.3833715924616,1178.7273205689066,28.643878834515796,1303994.3602128804
2016-08-12,4081.166703048395,2901.2889901906806,1179.8777128577144,28.910304300395623,1305174.237925738
2016-08-13,4047.5960963382386,2866.503877224363,1181.0922191138757,29.180090873750498,1306355.330144852
2016-08-14,4014.3336048447527,2832.134516181852,1182.1990886629005,29.449448028837153,1307537.5292335148
2016-08-15,3981.377017627936,2798.2279022440403,1183.1491153838956,29.717083063105736,1308720.6783488987
2016-08-16,3948.7231637570076,2764.6246195193003,1184.0985442377073,29.98687158182794,1309904.7768931363
2016-08-17,3916.367346924497,2731.332970846174,1185.034376078323,30.258509253707377,1311089.8112692146
2016-08-18,3884.3103667686228,2698.345705351289,1185.964661417334,30.532180733125706,1312275.775930632
2016-08-19,3852.557651927229,2665.6613385765436,1186.8963133506854,30.80800913535829,1313462.6722439826
2016-08-20,3821.1255231481045,2633.294205889301,1187.8313172588037,31.08590152464259,1314650.5035612413
2016-08-21,3790.076949133072,2601.0890776125802,1188.9878715204918,31.371074716371034,1315839.4914327618
2016-08-22,3759.3478597798385,2564.417235235646,1194.9306245441926,31.785582742379475,1317034.422057306
2016-08-23,3728.8831519777887,2532.217672336343,1196.6654796414455,32.09179346386163,1318231.0875369473
2016-08-24,3698.7014179285616,2500.857274502478,1197.8441434260835,32.38553232817939,1319428.9316803734
2016-08-25,3668.802748461021,2469.842866125246,1198.959882335775,32.67986764452549,1320627.8915627091
2016-08-26,3639.1852562613785,2439.2935128036975,1199.891743457681,32.9714389063655,1321827.7833061668
2016-08-27,3609.89595040353,2409.2333780394024,1200.6625723641278,33.26030968371575,1323028.4458785309
2016-08-28,3581.0681794406846,2379.6319989952813,1201.4361804454034,33.5496594938623,1324229.8820589762
2016-08-29,3552.6114073826466,2350.3891993194907,1202.222208063156,33.84052096339132,1325432.1042670393
2016-08-30,3524.48077626992,2321.514181328201,1202.966594941719,34.13173943354176,1326635.070861981
2016-08-31,3496.7076822458766,2293.0324200181844,1203.6752622276922,34.42310228959693,1327838.7461242087
2016-09-01,3469.2909057547804,2491.490225983386,977.8006797713942,28.184453432528265,1328816.5468039801
2016-09-02,3442.1659422623925,2469.1848879028794,972.9810543595131,28.266535393119753,1329789.5278583397
2016-09-03,3415.7253144325223,2446.612835780087,969.1124786524351,28.37208468015937,1330758.6403369922
2016-09-04,3389.618721489096,2423.8121559003584,965.8065655887376,28.49307385122207,1331724.446902581
2016-09-05,3363.7258353193756,2400.836653226589,962.8891820927865,28.625673709265403,1332687.3360846739
2016-09-06,3338.0566131270025,2377.595316290225,960.4612968367774,28.773067929996632,1333647.7973815107
2016-09-07,3312.668694472639,2353.436490092262,959.232204380377,28.95647868381484,1334607.0295858912
2016-09-08,3287.5718356245197,2330.4951146825433,957.0767209419764,29.111963746950842,1335564.1063068332
2016-09-09,3262.7918577042874,2307.790402850903,955.0014548533845,29.269456848691753,1336519.1077616867
2016-09-10,3238.3067251506727,2285.243329516913,953.0633956337597,29.430917961899215,1337472.1711573205
2016-09-11,3214.1496444735676,2262.714634460698,951.4350100128695,29.601453424820274,1338423.6061673334
2016-09-12,3190.135878915433,2239.4323259525218,950.7035529629111,29.80134981855778,1339374.3097202964
2016-09-13,3166.280499514658,2217.1669944709383,949.1135050437197,29.975660879988496,1340323.4232253402
2016-09-14,3142.6349049806595,2195.099318586591,947.5355863940686,30.150991605558453,1341270.9588117343
2016-09-15,3119.256509540137,2173.234938435092,946.021571105045,30.328431413436864,1342216.9803828395
2016-09-16,3096.13920244202,2151.5871338274546,944.5520686145655,30.507416070620092,1343161.532451454
2016-09-17,3073.333992715925,2130.1167824606628,943.2172102552622,30.690358174242398,1344104.7496617094
2016-09-18,3050.744615193922,2108.781532874632,941.9630823192902,30.876497417317044,1345046.7127440288
2016-09-19,3028.4658292727545,2087.7025867843286,940.7632424884259,31.064020382701084,1345987.4759865173
2016-09-20,3006.4852157933637,2066.844298090621,939.6409177027426,31.253801374665542,1346927.11690422
2016-09-21,2984.6788295281585,2046.1392164387025,938.539613089456,31.445246430009615,1347865.6565173096
2016-09-22,2963.110681288643,2025.5615016159818,937.549179672661,31.640707368545723,1348803.2056969823
2016-09-23,2941.73188077379,2004.8002744997602,936.93160627403,31.849660140596512,1349740.1373032564
2016-09-24,2920.506651053671,1982.5869683107112,937.9196827429596,32.11496479231005,1350678.0569859995
2016-09-25,2899.4281489248388,1962.4341626081832,936.9939863166555,32.31650995263015,1351615.0509723162
2016-09-26,2878.5127522135153,1942.502473115058,936.0102790984574,32.517148947097255,1352551.0612514147
2016-09-27,2857.803063329775,1922.8288771622565,934.9741861675184,32.716536634897835,1353486.0354375823
2016-09-28,2837.265358702047,1903.317181839443,933.9481768626038,32.91719521398074,1354419.983614445
2016-09-29,2816.8902339956257,1883.9664138544567,932.923820141169,33.118926995528,1355352.9074345862
2016-09-30,2796.7441716119647,1864.308149081956,932.4360225300088,33.34005419568208,1356285.3434571163
2016-10-01,2776.8811522347387,2118.1871761518646,658.6939760828741,23.720639810341893,1356944.0374331991
2016-10-02,2757.1973672888707,2105.61427418791,651.5830931009609,23.632080199672366,1357595.6205263
2016-10-03,2737.7242577797733,2092.373134461662,645.3511233181111,23.5725391804606,1358240.9716496181
2016-10-04,2718.4128731472883,2078.731371554278,639.6815015930101,23.531432914839314,1358880.653151211
2016-10-05,2699.2905182663817,2064.870465732843,634.4200525335386,23.503214946310955,1359515.0732037446
2016-10-06,2680.4166233465075,2050.800052049302,629.6165712972056,23.489504049975917,1360144.6897750418
2016-10-07,2661.904835504014,2036.6852281270199,625.2196073769942,23.487676908577875,1360769.9093824187
2016-10-08,2643.6297994419,2022.5095591277,621.1202403142001,23.49497802019502,1361391.029622733
2016-10-09,2625.5662783521693,2008.3300926377647,617.2361857144047,23.50868804202452,1362008.2658084473
2016-10-10,2607.6379909524694,1994.1120071063865,613.5259838460829,23.52803517876289,1362621.7917922933
2016-10-11,2589.8445287421346,1979.904154061072,609.9403746810626,23.55123513832336,1363231.7321669743
2016-10-12,2572.180190294981,1965.6775005303439,606.5026897646371,23.579323565783415,1363838.234856739
2016-10-13,2554.6286460896954,1951.6009243654203,603.0277217242751,23.605298666297905,1364441.2625784632
2016-10-14,2537.2104731902946,1937.6317570448969,599.5787161453977,23.631414203942093,1365040.8412946085
2016-10-15,2519.974083391018,1923.6614437254261,596.3126396655921,23.663443350304636,1365637.153934274
2016-10-16,2502.9414466095623,1909.712644570705,593.2288020388573,23.70126567852532,1366230.382736313
2016-10-17,2486.0710519712884,1895.9075973208178,590.1634546504706,23.738800795034013,1366820.5461909634
2016-10-18,2469.328101991676,1882.4994186928611,586.8286832988147,23.764710846869587,1367407.3748742621
2016-10-19,2452.7489390831906,1869.1827778333914,583.5661612497993,23.79233161417367,1367990.941035512
2016-10-20,2436.381305892952,1855.9187325196922,580.4625733732596,23.824783582490827,1368571.4036088851
2016-10-21,2420.15633161203,1842.6727248741895,577.4836067378405,23.861417512363232,1369148.887215623
2016-10-22,2404.3822853318416,1829.5099694283795,574.8723159034621,23.909355821265375,1369723.7595315264
2016-10-23,2389.0296239852905,1816.554793056997,572.4748309282936,23.962650993557475,1370296.2343624546
2016-10-24,2373.8069343518,1803.6244604419567,570.1824739098433,24.019749275251794,1370866.4168363644
2016-10-25,2358.7372926205862,1790.852546262287,567.8847463582993,24.075794626851906,1371434.3015827227
2016-10-26,2343.8930198415183,1778.2125895337317,565.6804303077865,24.134225645931352,1371999.9820130304
2016-10-27,2329.2268493091688,1765.696784352383,563.5300649567857,24.19386781171291,1372563.5120779872
2016-10-28,2314.734812272247,1753.2641981646534,561.4706141075935,24.256368856198645,1373124.9826920948
2016-10-29,2300.372626391938,1740.8656829462502,559.5069434456877,24.322448329741114,1373684.4896355404
2016-10-30,2286.0897555614356,1728.507958481519,557.5817970799167,24.390197091932702,1374242.0714326203
2016-10-31,2271.983976010233,1715.3600007285945,556.6239752816386,24.499467476839794,1374798.695407902
2016-11-01,2258.0646836380474,1856.6781521318126,401.38653150623486,17.775687933772865,1375200.081939408
2016-11-02,2244.445402249694,1848.0997414535022,396.3456607961916,17.658957549108532,1375596.4276002042
2016-11-03,2230.9922043834813,1839.2447419135942,391.74746246988707,17.5593380245873,1375988.175062674
2016-11-04,2217.613363102544,1830.2898325237556,387.32353057878845,17.46578267533998,1376375.4985932529
2016-11-05,2204.373607962625,1821.247849259723,383.1257587029022,17.38025520351803,1376758.6243519557
2016-11-06,2191.280797494808,1812.0390039335116,379.2417935612966,17.306855150415526,1377137.866145517
2016-11-07,2178.295224660076,1802.6918869244046,375.60333773567163,17.242995048767305,1377513.4694832526
2016-11-08,2165.4035717346705,1793.4187274300139,371.9848443046567,17.17854579904777,1377885.4543275572
2016-11-09,2152.5961095402017,1784.1204362914077,368.475673248794,17.11773386636386,1378253.930000806
2016-11-10,2139.856570769567,1774.7552849773429,365.1012857922242,17.061951290544723,1378619.0312865982
2016-11-11,2127.224127695663,1765.5126385083067,361.71148918735616,17.00392001378735,1378980.7427757855
2016-11-12,2114.7909919710364,1756.3708004492446,358.4201915217918,16.948256015963807,1379339.1629673073
2016-11-13,2102.473132137675,1747.2283992992825,355.24473283839234,16.896517125866893,1379694.4077001456
2016-11-14,2090.2871734455694,1738.110812873777,352.17636057179243,16.848228561402642,1380046.5840607174
2016-11-15,2078.1974337424617,1729.051121185731,349.14631255673066,16.800439981680693,1380395.730373274
2016-11-16,2066.393339087721,1720.0980300486199,346.2953090391011,16.7584410232364,1380742.0256823131
2016-11-17,2054.7516589935403,1711.1396774940304,343.61198149950997,16.722798592011756,1381085.6376638126
2016-11-18,2043.2163151251152,1702.2607655536494,340.9555495714658,16.68719787755745,1381426.593213384
2016-11-19,2031.7481924986932,1693.4032416632044,338.3449508354888,16.652897838653125,1381764.9381642195
2016-11-20,2020.3650832511485,1684.5898561123404,335.7752271388081,16.619532277724897,1382100.7133913583
2016-11-21,2009.106101440033,1675.775559461873,333.33054197816,16.590987491364658,1382434.0439333364
2016-11-22,1997.9120424780995,1666.970844953984,330.9411975241155,16.56435270862247,1382764.9851308605
2016-11-23,1986.7951143339742,1658.1601331398933,328.63498119408086,16.540959801194596,1383093.6201120545
2016-11-24,1975.7362686991692,1649.3604555301945,326.3758131689747,16.519199365807133,1383419.9959252235
2016-11-25,1964.7422789291013,1640.573870602494,324.1684083266073,16.499283992773744,1383744.16433355
2016-11-26,1953.8530748717021,1631.8110610153171,322.042013856385,16.482406891190195,1384066.2063474064
2016-11-27,1943.1302872155793,1623.1305339936744,319.99975322190494,16.46826027710425,1384386.2061006282
2016-11-28,1932.4611822408624,1614.4675743362977,317.99360790456467,16.45536846105351,1384704.1997085328
2016-11-29,1921.8466042364016,1605.8179740018322,316.0286302345694,16.444009086778056,1385020.2283387673
2016-11-30,1911.3476892649196,1597.1676461472753,314.18004311764435,16.437618591438696,1385334.408381885
2016-12-01,1900.916046178434,1586.1929991518602,314.7230470265738,16.556388571672436,1385649.1314289116
2016-12-02,1890.532253377838,1577.5807518247505,312.9515015530876,16.553618749107994,1385962.0829304648
2016-12-03,1880.1980959342327,1568.996442181616,311.2016537526167,16.55153541669698,1386273.2845842175
2016-12-04,1869.9228439349681,1560.4338983293612,309.4889456056069,16.55089388363931,1386582.7735298232
2016-12-05,1859.7737036955077,1551.8986099707884,307.87509372471936,16.554438484260146,1386890.648623548
2016-12-06,1849.71816018573,1543.3924910583057,306.32566912742436,16.560667226009514,1387196.9742926755
2016-12-07,1839.7541785119101,1534.9165102754243,304.8376682364858,16.569478237742313,1387501.811960912
2016-12-08,1829.8438736661337,1526.5268042642613,303.31706940187246,16.57611743641111,1387805.129030314
2016-12-09,31239.01579995727,29896.159455874586,1342.8563440826838,4.298651252913418,1389147.9853743967
2016-12-10,15988.431568536616,15505.544289888625,482.8872786479915,3.020229198705505,1389630.8726530448
2016-12-11,11029.536996875657,10668.361896650493,361.175100225164,3.274617060783914,1389992.04775327
2016-12-12,9780.814289310714,9432.775111943576,348.0391773671381,3.558386521534349,1390340.0869306372
2016-12-13,24894.708284360153,24217.31751533423,677.390769025922,2.7210231238238123,1391017.4776996633
2016-12-14,133704.25506366463,131414.06703095057,2290.188032714068,1.7128759526939301,1393307.6657323772
2016-12-15,225966.5226493933,223184.165149539,2782.35749985429,1.2313140314910096,1396090.0232322314
2016-12-16,53112.92907933425,52468.260864977354,644.6682143568978,1.2137688987063082,1396734.6914465884
2016-12-17,48039.758903085254,47468.141204013584,571.6176990716704,1.189884612503664,1397306.3091456601
2016-12-18,45525.44769297214,44974.05071836626,551.3969746058792,1.2111840795604072,1397857.706120266
2016-12-19,43421.74894496426,42899.49443029808,522.2545146661796,1.2027486855219058,1398379.9606349324
2016-12-20,41362.43708751397,40858.24557822859,504.19150928538147,1.2189598698418598,1398884.1521442179
2016-12-21,39505.64732442051,38994.66937240316,510.97795201735426,1.2934301463818618,1399395.1300962353
2016-12-22,80526.74222263097,79330.75599624374,1195.9862263872346,1.4852037886752092,1400591.1163226226
2016-12-23,61363.02050083819,60611.97120505151,751.0492957866809,1.2239444695790715,1401342.1656184094
2016-12-24,46048.991765182,45561.88930367781,487.1024615041897,1.0577918057100475,1401829.2680799137
2016-12-25,42768.57312281942,42303.180197977556,465.39292484186444,1.0881656573049225,1402294.6610047556
2016-12-26,40238.917763656005,39788.99448640002,449.92327725598443,1.1181296671511316,1402744.5842820117
2016-12-27,38033.57173635438,37598.573280107325,434.9984562470563,1.14372233894421,1403179.5827382589
2016-12-28,36065.39974018,35645.82466969416,419.57507048584375,1.163372854615557,1403599.1578087448
2016-12-29,34283.81304482184,33875.87292234609,407.940122475753,1.189891340098086,1404007.0979312207
2016-12-30,32639.495848178864,32240.655217505617,398.8406306732468,1.2219570808582212,1404405.938561894
2016-12-31,31121.27159812674,30729.1994769169,392.0721212098397,1.2598203771128664,1404798.010683104
2017-01-01,29718.57668473851,29331.000861929526,387.5758228089835,1.3041533816389557,1405185.586505913
2017-01-02,37489.55088073706,36998.242386939644,491.30849379741267,1.3105211512412585,1405676.8949997104
2017-01-03,337954.8953436841,333219.86826267396,4735.027081010165,1.4010825545802101,1410411.9220807205
2017-01-04,79387.72709325727,78778.20274100738,609.5243522498931,0.7677815886250037,1411021.4464329705
2017-01-05,64142.09033775702,63654.84354086805,487.2467968889687,0.7596366041755775,1411508.6932298595
2017-01-06,135512.73104021908,133986.34873678023,1526.3823034388479,1.126375574989947,1413035.0755332983
2017-01-07,539986.3762776244,532508.5944566817,7477.781820942648,1.3848093488006963,1420512.857354241
2017-01-08,372420.83991627337,368906.1191167111,3514.7207995622884,0.9437497644740982,1424027.5781538032
2017-01-09,415424.0466628844,412146.0628538587,3277.9838090257253,0.7890693462157239,1427305.561962829
2017-01-10,698172.4507226917,692259.081106801,5913.369615890668,0.8469783661285439,1433218.9315787195
2017-01-11,254154.9064623125,253092.4834895069,1062.4229728055943,0.41802182282998196,1434281.354551525
2017-01-12,158420.7363018715,158077.24093931803,343.4953625534836,0.21682474818129327,1434624.8499140786
2017-01-13,129612.61853412725,129383.89296404392,228.72557008333388,0.17646859747927243,1434853.575484162
2017-01-14,115705.77599681169,115494.15124009855,211.62475671313587,0.18289904275735314,1435065.2002408751
2017-01-15,104750.30742369965,104543.50168963781,206.80573406183976,0.1974273289961249,1435272.005974937
2017-01-16,95693.38944766484,95488.5130319584,204.87641570644337,0.2140967279860969,1435476.8823906435
2017-01-17,87967.38569188956,87765.78814114004,201.5975507495168,0.22917306131572776,1435678.479941393
2017-01-18,510274.6179361107,506627.8191926095,3646.798743501189,0.7146737492551097,1439325.278684894
2017-01-19,470852.35887453635,468506.84671612235,2345.5121584139997,0.4981417453276445,1441670.790843308
2017-01-20,219843.68958193003,219301.3717215309,542.31786039914,0.24668338737875495,1442213.108703707
2017-01-21,562098.0476859839,559899.3371629126,2198.7105230713496,0.3911613876125148,1444411.8192267786
2017-01-22,238974.32933716715,238538.01631287285,436.3130242943007,0.18257736113518278,1444848.132251073
2017-01-23,175407.2905630485,175164.207685193,243.0828778555151,0.13858196946958784,1445091.2151289284
2017-01-24,126195.07484599482,126050.23995669771,144.83488929711166,0.1147706354418858,1445236.0500182256
2017-01-25,112728.56899810024,112589.18987241972,139.37912568051252,0.1236413510073577,1445375.429143906
2017-01-26,102252.7892955183,102114.3903252676,138.39897025070968,0.13534982390624686,1445513.8281141568
2017-01-27,93576.75531494897,93441.19516310914,135.56015183983254,0.14486519796885572,1445649.3882659967
2017-01-28,86196.89423165424,86068.36584847214,128.5283831820998,0.1491102252903447,1445777.9166491788
2017-01-29,79865.21101376694,79748.18452542115,117.02648834578576,0.14652999329784913,1445894.9431375246
2017-01-30,74361.93401643587,74248.24834372455,113.68567271131906,0.1528815437831292,1446008.628810236
2017-01-31,69553.25755029032,69441.83142323818,111.42612705213833,0.16020260010334084,1446120.0549372882
2017-02-01,188677.72344229033,188097.70622896025,580.0172133300803,0.30741160257187783,1446700.0721506183
2017-02-02,344097.7833757901,343386.1071068833,711.6762689067982,0.20682384580477656,1447411.748419525
2017-02-03,179434.80016083483,179162.25883186926,272.54132896556985,0.1518887800589851,1447684.2897484908
2017-02-04,104198.96209838538,104072.54384979536,126.41824859002372,0.12132390385103714,1447810.7079970809
2017-02-05,219342.58476027282,218977.85996102355,364.724799249263,0.16628088870562163,1448175.4327963302
2017-02-06,832990.0616441995,831850.1316559757,1139.9299882238265,0.1368479698273678,1449315.362784554
2017-02-07,373015.96332121885,372745.1641905957,270.79913062317064,0.0725971961660994,1449586.1619151772
2017-02-08,377324.5018313077,377099.0384847296,225.46334657812258,0.059753168819903876,1449811.6252617554
2017-02-09,578743.6925006147,578479.4351360009,264.25736461381894,0.04566051743424197,1450075.8826263691
2017-02-10,153738.811717581,153657.94861330377,80.8631042772322,0.05259771646068016,1450156.7457306464
2017-02-11,133428.23738248367,133353.55507950025,74.6823029834195,0.05597188754681378,1450231.42803363
2017-02-12,119129.10223912541,119054.76381189196,74.33842723345151,0.0624015675734998,1450305.7664608634
2017-02-13,107854.03817507252,107778.58656755934,75.45160751318326,0.0699571465193612,1450381.2180683766
2017-02-14,98502.25370689947,98426.88517144375,75.36853545572376,0.07651452897716254,1450456.5866038324
2017-02-15,218978.96757798077,218689.50316713518,289.46441084559774,0.13218822521962817,1450746.051014678
2017-02-16,156553.89680191292,156402.23739669548,151.65940521744778,0.09687360603316178,1450897.7104198956
2017-02-17,425856.30525150325,425541.8161721135,314.48907938972116,0.07384863755956118,1451212.1994992853
2017-02-18,174365.96393537003,174238.0412298101,127.92270555993309,0.07336449308842667,1451340.1222048453
2017-02-19,593728.7583132624,593465.5359338014,263.2223794609308,0.04433377628678882,1451603.3445843062
2017-02-20,431779.5438897823,431601.6744155185,177.86947426380357,0.041194511592982555,1451781.21405857
2017-02-21,148043.6741095772,147962.33377122605,81.34033835114678,0.05494347451208301,1451862.5543969213
2017-02-22,125643.75705573335,125574.02029742865,69.73675830470165,0.05550356017590882,1451932.291155226
2017-02-23,112613.44470357709,112543.73953398044,69.7051695966511,0.06189773324147056,1452001.9963248228
2017-02-24,102294.65821019374,102222.72994172858,71.92826846515527,0.07031478448987824,1452073.924593288
2017-02-25,93673.84268220002,93601.38466197584,72.45802022417774,0.07735139090001938,1452146.3826135122
2017-02-26,86327.7297760332,86256.41305769939,71.31671833380824,0.08261159944647078,1452217.699331846
2017-02-27,80019.17987739528,79949.10017156234,70.07970583293354,0.08757863544753781,1452287.779037679
2017-02-28,74536.141707832,74466.25650312664,69.8852047053515,0.09376015863457045,1452357.6642423845
2017-03-01,69745.9728538869,69639.36610641694,106.6067474699521,0.15285004009233055,1452464.2709898544
2017-03-02,65496.340668523684,65383.988703587,112.35196493668627,0.171539300959268,1452576.622954791
2017-03-03,61637.70318570081,61520.53737147888,117.16581422193121,0.19008789777408877,1452693.7887690128
2017-03-04,74917.08772825572,74756.29515216565,160.7925760900689,0.21462737135926388,1452854.5813451027
2017-03-05,83692.50537816658,83466.49376387548,226.01161429109925,0.27005000420271846,1453080.5929593937
2017-03-06,75410.25110633488,75201.48028676996,208.77081956491747,0.27684673701793255,1453289.3637789586
2017-03-07,59040.432345120236,58897.5028652315,142.92947988873493,0.24208745466706974,1453432.2932588472
2017-03-08,55284.343995337375,55145.205880720074,139.13811461730074,0.2516772463268001,1453571.4313734644
2017-03-09,52189.450876033865,52054.24238773705,135.208488296812,0.2590724486026383,1453706.6398617611
2017-03-10,49483.27247632574,49351.66809242489,131.6043839008562,0.2659573171192742,1453838.244245662
2017-03-11,47058.61030104477,46923.79683187129,134.81346917348128,0.2864799200636153,1453973.0577148353
2017-03-12,44845.64373363182,44710.45398800345,135.18974562836956,0.3014556919538308,1454108.2474604635
2017-03-13,42818.45183567982,42681.652961782085,136.79887389773648,0.31948580117449393,1454245.0463343612
2017-03-14,40954.02629532153,40814.126750715914,139.8995446056142,0.34160144254631186,1454384.9458789667
2017-03-15,39233.62446162151,39091.63620762052,141.98825400099304,0.3619045039794539,1454526.9341329676
2017-03-16,37632.82155266404,37488.46466626776,144.35688639627915,0.38359304575200015,1454671.2910193638
2017-03-17,36135.38136845082,35989.62531821141,145.7560502394117,0.4033610403975667,1454817.047069603
2017-03-18,34741.47284753993,34594.26468238039,147.20816515954357,0.42372459511303506,1454964.2552347626
2017-03-19,33437.44960537506,33289.483129506836,147.96647586822655,0.4425172302747664,1455112.2217106307
2017-03-20,42146.64631313528,41962.37434684685,184.27196628842648,0.43721620201841993,1455296.493676919
2017-03-21,59985.781871300715,59707.77464838416,278.00722291655256,0.46345519595462814,1455574.5008998355
2017-03-22,37533.59261004301,37365.5624855211,168.03012452190887,0.44767929962811076,1455742.5310243573
2017-03-23,107700.38515149162,107075.96275871806,624.4223927735584,0.5797773071054894,1456366.9534171307
2017-03-24,146796.6853845131,146171.24493760394,625.4404469091678,0.4260589707941397,1456992.3938640398
2017-03-25,57896.866800661664,57727.65885079037,169.20794987129193,0.2922575248395966,1457161.601813911
2017-03-26,101089.55562285741,100718.06118085448,371.4944420029351,0.3674904293663116,1457533.0962559138
2017-03-27,57160.11498985486,56991.24755313983,168.86743671503064,0.29542879111597714,1457701.9636926288
2017-03-28,52595.13589622965,52428.12384429658,167.01205193307396,0.3175427709942402,1457868.9757445618
2017-03-29,49319.596584866755,49153.40401867861,166.19256618814688,0.3369706520250441,1458035.1683107498
2017-03-30,46592.69368982967,46426.00446933359,166.68922049608227,0.3577582820296725,1458201.8575312458
2017-03-31,44186.76495764544,44019.93060622541,166.83435142003145,0.3775663404640462,1458368.6918826657
2017-04-01,42031.15232299641,41849.47972019243,181.6726028039775,0.4322332193223724,1458550.3644854696
2017-04-02,40073.33672081074,39891.248165061166,182.08855574957124,0.45438830566612054,1458732.4530412192
2017-04-03,38285.94374384498,38099.95955842028,185.9841854246988,0.48577667738593605,1458918.4372266438
2017-04-04,36633.73274388956,36444.55313890328,189.17960498628236,0.5164082140055388,1459107.61683163
2017-04-05,35092.218991543166,34900.170785026094,192.04820651707269,0.5472672063381178,1459299.665038147
2017-04-06,159106.31671271397,158127.81942261202,978.4972901019501,0.6149958784280999,1460278.1623282488
2017-04-07,78713.95061581011,78368.43292982111,345.51768598900526,0.438953556880178,1460623.6800142378
2017-04-08,62615.68301146027,62353.20947444447,262.4735370158014,0.4191817838476058,1460886.1535512535
2017-04-09,50978.41183188651,50763.601341822585,214.81049006392277,0.42137540646089894,1461100.9640413173
2017-04-10,69657.68197025897,69307.3986264092,350.28334384977643,0.5028639109744325,1461451.247385167
2017-04-11,70780.22539965787,70434.58552306397,345.63987659389386,0.48832830729522453,1461796.887261761
2017-04-12,153523.9049236137,152704.07248682115,819.8324367925525,0.5340096300966697,1462616.7196985534
2017-04-13,61210.2549560559,60985.50202778394,224.75292827195517,0.367181820159563,1462841.4726268253
2017-04-14,55540.167303512804,55316.496297784084,223.67100572872005,0.40271935895766253,1463065.143632554
2017-04-15,51693.964126991574,51471.41146896913,222.55265802244685,0.43051962019341994,1463287.6962905764
2017-04-16,73789.44898753957,73397.34224169665,392.106745842917,0.5313859247128001,1463679.8030364192
2017-04-17,88512.54017356128,88032.0731947328,480.46697882848093,0.5428236246370846,1464160.2700152476
2017-04-18,54026.66559443623,53791.25504236196,235.4105520742669,0.43573029999932095,1464395.6805673218
2017-04-19,72958.07953067521,72568.57503582833,389.5044948468858,0.5338743801269038,1464785.1850621686
2017-04-20,51390.650357976556,51155.23743429587,235.4129236806839,0.45808512256771716,1465020.5979858493
2017-04-21,47986.75553746894,47749.016012007305,237.7395254616349,0.4954273794901669,1465258.3375113108
2017-04-22,45284.44780433504,45044.73831892473,239.70948541031248,0.5293417432096087,1465498.046996721
2017-04-23,42911.50121292146,42673.74655132222,237.75466159923963,0.5540581309880793,1465735.8016583202
2017-04-24,40788.888570835814,40555.12304232729,233.7655285085275,0.5731108071320938,1465969.5671868287
2017-04-25,38878.82474717358,38646.00733586534,232.8174113082423,0.5988283154705383,1466202.3845981369
2017-04-26,37140.754149426706,36907.71714662754,233.03700279916666,0.6274428404485259,1466435.421600936
2017-04-27,35538.86814435618,35304.48676408169,234.38138027449168,0.6595071607864729,1466669.8029812104
2017-04-28,34059.73275091499,33824.203821252966,235.5289296620249,0.6915172570040133,1466905.3319108724
2017-04-29,32680.23673377838,32442.8160668853,237.4206668930783,0.7264961659463123,1467142.7525777654
2017-04-30,31391.30116850324,31151.055779292183,240.24538921105705,0.7653247245836038,1467382.9979669764
2017-05-01,30189.20142836217,29883.755757193154,305.44567116901453,1.0117712848212481,1467688.4436381455
2017-05-02,29074.010311790742,28766.45586646961,307.55444532113324,1.057832896194602,1467995.9980834667
2017-05-03,28032.238943149336,27719.424369867033,312.8145732823032,1.11591005597771,1468308.812656749
2017-05-04,27062.185484004207,26745.704213530364,316.4812704738433,1.1694593944044454,1468625.293927223
2017-05-05,26150.174111982808,25830.111652512176,320.06245947063144,1.22394007053272,1468945.3563866937
2017-05-06,25289.15333031444,24964.935010026747,324.2183202876913,1.282044978148978,1469269.5747069814
2017-05-07,24479.470166827552,24150.96895436391,328.5012124636414,1.3419457619993658,1469598.0759194451
2017-05-08,23719.714369922876,23387.104357115066,332.61001280781056,1.4022513408912185,1469930.685932253
2017-05-09,23002.14952526102,22665.339208128004,336.8103171330149,1.4642558373213292,1470267.496249386
2017-05-10,22318.290919002146,21975.63675390983,342.65416509231727,1.535306472775548,1470610.1504144785
2017-05-11,21667.96052027773,21320.551569893098,347.4089503846335,1.6033301798732489,1470957.5593648632
2017-05-12,21052.693820748478,20698.223238611667,354.4705821368116,1.683730287225586,1471312.029947
2017-05-13,20472.085614518262,20113.197563444803,358.8880510734598,1.753060522660895,1471670.9179980736
2017-05-14,19921.934629388154,19559.759749716686,362.17487967146735,1.8179704251072053,1472033.0928777452
2017-05-15,19400.12829725817,19033.91623573618,366.2120615219901,1.8876785550626853,1472399.3049392672
2017-05-16,18901.491217646748,18533.08194420261,368.4092734441365,1.9491016301411364,1472767.7142127114
2017-05-17,18424.489907913376,18053.740498228537,370.7494096848386,2.0122641741392284,1473138.4636223963
2017-05-18,17968.890863145236,17597.604139980467,371.2867231647688,2.066275130683161,1473509.7503455612
2017-05-19,17537.04928564094,17165.395082491057,371.65420314988296,2.11925163176788,1473881.4045487111
2017-05-20,17124.134918245487,16752.853657704385,371.2812605411018,2.1681752819262576,1474252.6858092523
2017-05-21,16728.511084956583,16357.402500480484,371.10858447609826,2.2184196943254824,1474623.7943937285
2017-05-22,16349.667586356401,15977.823434605334,371.84415175106733,2.2743223969970296,1474995.6385454796
2017-05-23,15986.503377639223,15610.286649630942,376.2167280082813,2.3533396836140312,1475371.855273488
2017-05-24,15634.995756170712,15252.322490888719,382.67326528199374,2.4475431349635186,1475754.52853877
2017-05-25,15295.200292813126,14908.23452675955,386.96576605357586,2.529981684747224,1476141.4943048237
2017-05-26,14968.446436807048,14579.677396109399,388.76904069764896,2.59725711909337,1476530.2633455214
2017-05-27,14655.799520162866,14266.277319877014,389.5222002858518,2.657802460725276,1476919.7855458073
2017-05-28,14356.558754161,13965.832166384977,390.72658777602373,2.7215894454008933,1477310.5121335834
2017-05-29,14066.312411058228,13673.090599709261,393.2218113489671,2.795486122146952,1477703.7339449325
2017-05-30,13784.602133966517,13387.592937721476,397.0091962450406,2.8800918037871672,1478100.7431411776
2017-05-31,13511.40627188189,13110.462220751286,400.94405113060384,2.967448710094628,1478501.6871923083
2017-06-01,13247.317493055481,12714.119190754373,533.1983023011089,4.024952995809321,1479034.8854946094
2017-06-02,12990.479175312445,12447.832658816133,542.646516496312,4.177263280076505,1479577.5320111057
2017-06-03,12742.027517258655,12190.423602659259,551.6039145993964,4.329012112493613,1480129.135925705
2017-06-04,12501.961104965303,11937.247944077946,564.7131608873569,4.516996622738446,1480693.8490865924
2017-06-05,12268.908551908098,11692.344934017867,576.5636178902314,4.699388013618884,1481270.4127044827
2017-06-06,12042.800075354055,11459.866446434524,582.9336289195307,4.840515704587022,1481853.3463334022
2017-06-07,11825.044787213206,11236.58008512203,588.4647020911762,4.976426835418852,1482441.8110354934
2017-06-08,11614.031348021701,11017.898965758275,596.1323822634258,5.132863554436412,1483037.9434177568
2017-06-09,11410.501555036753,10808.680142199159,601.8214128375948,5.27427659454586,1483639.7648305944
2017-06-10,11214.257959081326,10604.826355118308,609.4316039630176,5.434435396320617,1484249.1964345574
2017-06-11,11023.923192059156,10403.907361566558,620.0158304925972,5.624275674736306,1484869.21226505
2017-06-12,10840.117784113158,10209.249232096136,630.868552017022,5.819757354865624,1485500.080817067
2017-06-13,10661.66662523849,10021.078145488635,640.5884797498547,6.008333427284644,1486140.669296817
2017-06-14,10488.083399184048,9839.835544641599,648.2478545424492,6.180803773860929,1486788.9171513594
2017-06-15,10319.439052767586,9661.707686418671,657.7313663489149,6.373712398374182,1487446.6485177083
2017-06-16,10155.108229186852,9489.485630582556,665.6225986042955,6.554559376247965,1488112.2711163126
2017-06-17,9995.386331749149,9310.396752255972,684.9895794931763,6.853057568344195,1488797.2606958058
2017-06-18,9840.357323143631,9147.530056594409,692.8272665492223,7.040671835358611,1489490.087962355
2017-06-19,9689.94941391144,8991.109418637123,698.8399952743166,7.212008705339806,1490188.9279576293
2017-06-20,9545.004780358635,8842.799622240014,702.2051581186206,7.3567816284764245,1490891.133115748
2017-06-21,9405.039218451828,8696.11192716705,708.9272912847773,7.537738810210666,1491600.0604070327
2017-06-22,9268.346269109286,8555.781088940104,712.565180169182,7.688158809345623,1492312.625587202
2017-06-23,9135.457633704878,8419.342332595032,716.1153011098468,7.83885525852334,1493028.7408883118
2017-06-24,9005.424998019822,8286.199417107044,719.2255809127782,7.986581211557775,1493747.9664692245
2017-06-25,8878.441009185277,8154.234704429985,724.206304755292,8.156908448296917,1494472.1727739798
2017-06-26,8754.71341941785,8027.738920239036,726.9744991788148,8.303806924923366,1495199.1472731587
2017-06-27,8633.64767528791,7903.69074619096,729.9569290969494,8.454791723622277,1495929.1042022556
2017-06-28,8514.908482804429,7782.8548209224855,732.0536618819433,8.597316851499944,1496661.1578641376
2017-06-29,8398.619504274568,7664.072472210278,734.5470320642899,8.746044890954213,1497395.7048962018
2017-06-30,8285.093834046973,7548.30891214358,736.7849219033933,8.892897734913161,1498132.4898181052
2017-07-01,8175.67306635133,7153.1533432977785,1022.5197230535514,12.50685680255418,1499155.0095411588
2017-07-02,8068.699152534595,7019.081276732967,1049.6178758016276,13.008514209777106,1500204.6274169604
2017-07-03,7963.436314112041,6886.718799251602,1076.7175148604392,13.520765061590097,1501281.3449318209
2017-07-04,7860.075139267836,6759.56610072358,1100.5090385442554,14.00125341100451,1502381.8539703651
2017-07-05,7758.761936684605,6637.876833508494,1120.8851031761105,14.446700547369492,1503502.7390735412
2017-07-06,7660.066011707531,6526.57590121008,1133.4901104974515,14.797393505030401,1504636.2291840387
2017-07-07,7564.139807961183,6416.1175517649435,1148.0222561962391,15.177168658199006,1505784.251440235
2017-07-08,7470.287114616018,6309.254761274909,1161.0323533411092,15.542004417333398,1506945.283793576
2017-07-09,7377.85969734611,6204.934131082152,1172.925566263958,15.897910971197666,1508118.20935984
2017-07-10,7286.7623813850805,6099.318034685221,1187.4443466998591,16.295911470001133,1509305.65370654
2017-07-11,7197.458466976881,5996.788943512603,1200.6695234642784,16.68185414300266,1510506.3232300042
2017-07-12,7109.996652673697,5900.556180325574,1209.440472348123,17.010422528023494,1511715.7637023523
2017-07-13,7024.162193347467,5807.592483508638,1216.569709838829,17.31978385964711,1512932.3334121911
2017-07-14,6940.04520129459,5717.04574529408,1222.9994560005098,17.622355770425997,1514155.3328681916
2017-07-15,6857.750605629757,5627.864973862427,1229.8856317673299,17.93424261823805,1515385.218499959
2017-07-16,6777.5320036467165,5540.270689044152,1237.2613146025642,18.25533710407924,1516622.4798145615
2017-07-17,6698.824436974013,5454.531930603557,1244.292506370456,18.57478902570742,1517866.772320932
2017-07-18,6621.7904250251595,5371.81455517421,1249.9758698509495,18.876705386613022,1519116.748190783
2017-07-19,6547.16286680405,5291.702254633657,1255.4606121703937,19.17564352241687,1520372.2088029534
2017-07-20,6474.294691812247,5213.822330445521,1260.4723613667256,19.46887531951224,1521632.68116432
2017-07-21,6402.722726235399,5137.698555187327,1265.0241710480723,19.757597277554872,1522897.7053353682
2017-07-22,6332.647584434599,5061.295981679116,1271.3516027554824,20.076146442767715,1524169.0569381237
2017-07-23,6264.159126745071,4986.71826926107,1277.4408574840008,20.39285451785408,1525446.4977956077
2017-07-24,6196.730001882184,4913.3052122450945,1283.4247896370898,20.71132337938339,1526729.9225852448
2017-07-25,6130.3167458998505,4840.395657157763,1289.9210887420877,21.041671127431183,1528019.8436739868
2017-07-26,6065.054831834277,4771.477138093444,1293.5776937408327,21.328375910982675,1529313.4213677277
2017-07-27,6000.972990743816,4703.890877932082,1297.082112811734,21.614530090577226,1530610.5034805394
2017-07-28,5938.33006340405,4629.612877736804,1308.7171856672458,22.038471619023568,1531919.2206662067
2017-07-29,5876.85752163874,4556.915346443658,1319.9421751950822,22.45999958881122,1533239.1628414018
2017-07-30,5816.412938214373,4492.340863690716,1324.0720745236567,22.764409758880433,1534563.2349159254
2017-07-31,5756.733974457486,4429.328897149307,1327.405077308179,23.05830151606534,1535890.6399932336
2017-08-01,5697.835011998424,4548.965214431015,1148.8697975674095,20.16326894597922,1537039.509790801
2017-08-02,5639.7468504940625,4490.947758928136,1148.7990915659266,20.369692506061465,1538188.3088823669
2017-08-03,5582.552926166216,4431.988700354201,1150.5642258120151,20.610001213229125,1539338.8731081788
2017-08-04,5526.148509739898,4376.18956151042,1149.9589482294778,20.80941086188079,1540488.8320564083
2017-08-05,5470.609781792387,4321.256474066953,1149.3533077254342,21.009601371144786,1541638.1853641337
2017-08-06,5415.985264938325,4266.841365106133,1149.143899832192,21.217633424364163,1542787.3292639658
2017-08-07,5362.032169968355,4213.041572279491,1148.990597688864,21.428267516262306,1543936.3198616547
2017-08-08,5308.776237144601,4159.851080251587,1148.925156893014,21.641996301410877,1545085.2450185476
2017-08-09,5256.358591593336,4107.156511736297,1149.2020798570393,21.86308372672662,1546234.4470984046
2017-08-10,5204.673903355841,4055.0145107404883,1149.6593926153523,22.088980288929942,1547384.10649102
2017-08-11,5153.604520461056,4003.5071104485164,1150.09741001254,22.31636916349276,1548534.2039010325
2017-08-12,5103.173247033497,3952.706543995728,1150.466703037769,22.544143562175588,1549684.6706040702
2017-08-13,5053.94403024693,3903.1482813788666,1150.7957488680636,22.770251153965333,1550835.4663529382
2017-08-14,5005.8259598640725,3854.722170567335,1151.1037892967374,22.995281868089442,1551986.570142235
2017-08-15,4959.120798761025,3807.9875374841126,1151.1332612769124,23.212446479716906,1553137.7034035118
2017-08-16,4914.0146790947765,3762.0615710040643,1151.9531080907122,23.442199165406574,1554289.6565116025
2017-08-17,4869.818999655079,3716.845364930536,1152.973634724543,23.67590324827691,1555442.630146327
2017-08-18,4826.07133993553,3672.2310085801496,1153.8403313553804,23.908480627035118,1556596.4704776823
2017-08-19,4782.902233144734,3628.103444571802,1154.7987885729322,24.144310970238205,1557751.2692662552
2017-08-20,4740.58585743513,3584.758828490702,1155.8270289444276,24.381522953152086,1558907.0962951996
2017-08-21,4698.880698938854,3537.8464764919686,1161.0342224468855,24.708740162504682,1560068.1305176464
2017-08-22,4657.557904844638,3493.409931011926,1164.147973832712,24.994814828212952,1561232.278491479
2017-08-23,4616.620402709581,3450.598111676713,1166.022291032868,25.257053630584565,1562398.300782512
2017-08-24,4576.381835795008,3408.1314143249388,1168.2504214700689,25.527817900429213,1563566.551203982
2017-08-25,4536.9299333612435,3367.202860468961,1169.7270728922826,25.78234819742246,1564736.2782768742
2017-08-26,4497.865736967418,3327.548745898958,1170.3169910684605,26.019384737293638,1565906.5952679426
2017-08-27,4459.28464405844,3288.3417058949913,1170.9429381634486,26.258537672037047,1567077.538206106
2017-08-28,4421.136235699058,3249.5283322813543,1171.6079034177033,26.50015382827152,1568249.1461095237
2017-08-29,4383.384602839826,3208.479113561995,1174.9054892778308,26.803614004499053,1569424.0515988015
2017-08-30,4346.210175731918,3170.3062556665013,1175.9039200654165,27.055845725808464,1570599.955518867
2017-08-31,4309.525774171576,3132.6962397300726,1176.8295344415033,27.30763420640468,1571776.7850533084
2017-09-01,4273.257216570433,3303.4929658906285,969.7642506798047,22.693795424233873,1572746.5493039882
2017-09-02,4237.465359427966,3272.103420181501,965.3619392464652,22.78158893024635,1573711.9112432348
2017-09-03,4202.047625157284,3240.715774107094,961.3318510501895,22.877700035924907,1574673.243094285
2017-09-04,4167.121996491449,3209.190165833871,957.9318306575778,22.987851842689473,1575631.1749249427
2017-09-05,4132.851169829024,3177.5754297837366,955.2757400452874,23.114206168832524,1576586.450664988
2017-09-06,4098.93887172523,3145.9763736022387,952.9624981229908,23.24900487530062,1577539.413163111
2017-09-07,4065.3376828480978,3114.4347359587655,950.9029468893323,23.390503349850828,1578490.3161100005
2017-09-08,4032.040333887795,3082.990264140836,949.0500697469588,23.537712700206566,1579439.3661797475
2017-09-09,3999.056080674287,3051.7024169115566,947.3536637627303,23.68943182219629,1580386.7198435103
2017-09-10,3966.4205777114257,3020.6690288533673,945.7515488580584,23.843955282315147,1581332.4713923684
2017-09-11,3934.1828269916587,2989.8808779980272,944.3019489936314,24.002492779821022,1582276.7733413621
2017-09-12,3902.2915941076353,2959.312289645265,942.9793044623702,24.16475759746519,1583219.7526458246
2017-09-13,3870.843292455189,2928.933135713519,941.9101567416701,24.33346135653654,1584161.6628025663
2017-09-14,3839.710722220596,2898.612022385535,941.0986998350609,24.50962501911605,1585102.7615024014
2017-09-15,3808.837295786012,2868.840948000153,939.9963477858591,24.67935159177957,1586042.7578501874
2017-09-16,3778.231854199199,2839.299166769323,938.9326874298758,24.851113527782264,1586981.6905376173
2017-09-17,3747.918101078365,2808.77540319769,939.1426978806749,25.05771664568821,1587920.833235498
2017-09-18,3717.9228094036225,2778.621864847907,939.3009445557154,25.26413249301389,1588860.1341800538
2017-09-19,3688.202366315294,2749.752630919519,938.449735395775,25.44463785302906,1589798.5839154497
2017-09-20,3658.7645077183843,2721.2217156352226,937.5427920831617,25.62457327071361,1590736.126707533
2017-09-21,3629.6183088552207,2693.0026122122754,936.6156966429453,25.80479865769559,1591672.742404176
2017-09-22,3600.7713403338566,2665.046818099053,935.7245222348038,25.986779881114174,1592608.4669264108
2017-09-23,3572.365703525953,2637.480648507665,934.8850550182879,26.16991463375513,1593543.3519814292
2017-09-24,3544.341585018672,2610.271073540275,934.0705114783968,26.353851316886434,1594477.4224929076
2017-09-25,3516.6072215184104,2583.607559624662,932.9996618937485,26.531244552551858,1595410.4221548014
2017-09-26,3489.2577078233007,2557.244687603622,932.0130202196788,26.710925310274526,1596342.4351750212
2017-09-27,3462.2844450161792,2531.4722107656517,930.8122342505276,26.884337466564734,1597273.2474092718
2017-09-28,3435.864609015174,2506.1692481102173,929.6953609049569,27.058556337335904,1598202.9427701768
2017-09-29,3409.9845860691275,2481.1530304898724,928.8315555792551,27.23858516469041,1599131.7743257561
2017-09-30,3384.5001361167524,2456.3238882912074,928.176247825545,27.424322957495857,1600059.9505735817
2017-10-01,3359.2773870786186,2691.7785382393863,667.4988488392323,19.870310543772028,1600727.449422421
2017-10-02,3334.2874254579656,2673.8410278411698,660.4463976167958,19.807722410916128,1601387.8958200377
2017-10-03,3309.4867374829482,2655.2586619096924,654.2280755732559,19.768264007935965,1602042.123895611
2017-10-04,3284.872690819204,2636.211388726451,648.661302092753,19.746923645037377,1602690.7851977036
2017-10-05,3260.449988637818,2617.012811074231,643.4371775635868,19.734612700880845,1603334.2223752672
2017-10-06,3236.2923608659767,2597.72342305138,638.5689378145967,19.73149723851669,1603972.7913130817
2017-10-07,3212.5690900958143,2578.3863889150903,634.182701180724,19.740671200998502,1604606.9740142624
2017-10-08,3189.2146375130396,2559.068993823568,630.1456436894719,19.758646416500255,1605237.1196579519
2017-10-09,3166.097990445327,2539.7409174309228,626.3570730144042,19.78324975741841,1605863.4767309662
2017-10-10,3143.1894498313777,2520.466465654748,622.7229841766298,19.811818349353295,1606486.1997151428
2017-10-11,3120.430510612903,2501.145699631155,619.2848109817483,19.84613369454943,1607105.4845261246
2017-10-12,3097.8158549475484,2481.9316547074936,615.8842002400547,19.881239850213202,1607721.3687263646
2017-10-13,3075.41905637132,2462.782001465291,612.6370549060289,19.92044152932049,1608334.0057812706
2017-10-14,3053.276999025373,2443.6541812426526,609.6228177827202,19.966181187534442,1608943.6285990532
2017-10-15,3031.297776728403,2424.644517159753,606.6532595686499,20.01298797584295,1609550.2818586219
2017-10-16,3009.508513337001,2405.7526252362527,603.7558881007485,20.061610905074076,1610154.0377467226
2017-10-17,2987.9233556627296,2386.9767355860326,600.946620076697,20.112517911069556,1610754.9843667992
2017-10-18,2966.590576990042,2368.3261659340583,598.2644110559836,20.166733343533835,1611353.2487778552
2017-10-19,2945.4546077363193,2349.74828455291,595.7063231834095,20.224596964379288,1611948.9551010386
2017-10-20,2924.4616642009933,2331.255856902769,593.205807298224,20.28427366854531,1612542.1609083368
2017-10-21,2903.627424829174,2312.8583207111456,590.7691041180283,20.34589903189058,1613132.9300124547
2017-10-22,2882.9816484516487,2294.5980645189643,588.3835839326844,20.408856374395764,1613721.3135963874
2017-10-23,2862.677046577679,2276.615808277123,586.0612383005559,20.47248881955407,1614307.374834688
2017-10-24,2842.5664246079978,2258.733409801463,583.8330148065347,20.538940084295405,1614891.2078494944
2017-10-25,2822.615589065943,2240.9650956161436,581.6504934497993,20.606790938977223,1615472.8583429442
2017-10-26,2802.8692029414233,2223.3102374805253,579.558965460898,20.677346087098524,1616052.417308405
2017-10-27,2783.290564995026,2204.7355198261444,578.5550451688819,20.78672821462734,1616630.972353574
2017-10-28,2763.8624495214317,2187.2022034849156,576.6602460365161,20.86428889166919,1617207.6325996104
2017-10-29,2744.588221218437,2170.033686318167,574.55453490027,20.934088780910145,1617782.1871345106
2017-10-30,2725.5921564220916,2153.1805227424134,572.4116336796783,21.001367806659964,1618354.5987681902
2017-10-31,2706.9306752514094,2136.58227216542,570.3484030859895,21.06993017222422,1618924.9471712762
2017-11-01,2688.422291314695,2270.4108873465675,418.0114039681275,15.548576773766861,1619342.9585752443
2017-11-02,2670.0675049100537,2257.614167114917,412.4533377951366,15.447300004088504,1619755.4119130394
2017-11-03,2651.9259662325494,2244.5434054599255,407.38256077262395,15.361762204522275,1620162.794473812
2017-11-04,2633.904507302912,2231.2767092904187,402.62779801249326,15.286347583830196,1620565.4222718244
2017-11-05,2616.0184585351963,2217.8725576849765,398.14590085021973,15.219537138631509,1620963.5681726746
2017-11-06,2598.299197673332,2204.433969283674,393.8652283896581,15.158578686486448,1621357.4334010642
2017-11-07,2580.7312952743378,2190.9362331034727,389.7950621708651,15.104054532319259,1621747.228463235
2017-11-08,2563.349591373233,2177.436259083647,385.9133322895859,15.055041013069353,1622133.1417955246
2017-11-09,2546.169758219272,2163.941219701862,382.22853851741,15.011903164882895,1622515.370334042
2017-11-10,2529.2708092746325,2150.5617755686044,378.7090337060281,14.973052008402284,1622894.079367748
2017-11-11,2512.519178031711,2137.19586449695,375.3233135347609,14.938127311282315,1623269.4026812827
2017-11-12,2495.8870232768822,2123.8435741702206,372.0434491066617,14.906261607073906,1623641.4461303893
2017-11-13,2479.3729765710887,2110.6394084980357,368.733568073053,14.872049165551621,1624010.1796984624
2017-11-14,2463.099324211711,2097.66150629773,365.43781791398123,14.836503519034327,1624375.6175163763
2017-11-15,2447.110090646427,2085.07323268844,362.0368579579872,14.794465493881878,1624737.6543743343
2017-11-16,2431.3546734594274,2072.3900613416563,358.96461211777114,14.763975656707547,1625096.618986452
2017-11-17,2415.801354029216,2060.0451092959493,355.7562447332666,14.726220934511664,1625452.3752311852
2017-11-18,2400.5555372314993,2047.7883308233804,352.7672064081189,14.695232038453753,1625805.1424375933
2017-11-19,2385.3972866781987,2035.5636878001615,349.83359887803726,14.665632464317943,1626154.9760364713
2017-11-20,2370.392963961698,2023.4272914332914,346.9656725284067,14.637474790193188,1626501.9417089997
2017-11-21,2355.614895715378,2011.4163589533064,344.19853676207185,14.61183393720823,1626846.1402457617
2017-11-22,2341.2212692811154,1999.6271731871757,341.5940960939397,14.590423407473486,1627187.7343418556
2017-11-23,2326.941849487368,1987.88906752594,339.0527819614281,14.570745806824625,1627526.787123817
2017-11-24,2312.768611118896,1976.180896386003,336.5877147328929,14.553453947563517,1627863.3748385499
2017-11-25,2298.6903832845856,1964.504227455437,334.18615582914845,14.538110841688551,1628197.560994379
2017-11-26,2284.694398149848,1952.8584043574165,331.8359937924315,14.524305485282987,1628529.3969881714
2017-11-27,2270.781184632797,1941.2626945352758,329.51849009752095,14.511239230247835,1628858.9154782689
2017-11-28,2256.9469851467293,1929.8391958463117,327.1077893004176,14.493374964195342,1629186.0232675693
2017-11-29,2243.2152996619698,1918.5681101672462,324.64718949472353,14.472404389522692,1629510.670457064
2017-11-30,2229.7053798567504,1907.3884675446543,322.31691231209606,14.455583021143523,1629832.987369376
2017-12-01,2216.354768544901,1893.9610622472585,322.39370629764267,14.546123701545449,1630155.3810756737
2017-12-02,2203.134006850887,1882.808480752957,320.32552609793015,14.539538906931796,1630475.7066017718
2017-12-03,2189.984673431609,1871.771321806683,318.21335162492574,14.530391718509131,1630793.9199533968
2017-12-04,2177.111260193633,1860.8123463036948,316.29891388993815,14.528376186975692,1631110.2188672868
2017-12-05,2164.427539751632,1849.9301741806314,314.4973655710007,14.530279244510503,1631424.716232858
2017-12-06,2151.954031144036,1839.195670056249,312.7583610877871,14.533691545516724,1631737.4745939458
2017-12-07,2139.6272480443586,1828.5906839846623,311.0365640596963,14.536950973305604,1632048.5111580056
2017-12-08,2127.3726978437044,1818.196300199813,309.1763976438913,14.533250236654402,1632357.6875556496
2017-12-09,2115.1851171096787,1807.432319433986,307.7527976756926,14.549686227757942,1632665.4403533253
2017-12-10,2103.0561405830085,1796.787116188648,306.2690243943605,14.563045583246137,1632971.7093777198
2017-12-11,2091.0068454807624,1786.5413889136155,304.46545656714693,14.560710655978006,1633276.174834287
2017-12-12,2079.1087740743533,1776.5108859141812,302.59788816017203,14.554211493570971,1633578.7727224473
2017-12-13,2067.5499081716407,1766.5386092312158,301.0112989404249,14.558840768521659,1633879.7840213878
2017-12-14,2056.0783194454852,1756.0420624519222,300.03625699356303,14.592647281767041,1634179.8202783815
2017-12-15,2044.6461880363058,1745.9904227714044,298.65576526490145,14.606721055819088,1634478.4760436465
2017-12-16,2033.2580273158383,1736.0737997871813,297.18422752865695,14.616159067670239,1634775.6602711752
2017-12-17,2021.917884028051,1726.2391075050448,295.67877652300626,14.623678778386243,1635071.3390476983
2017-12-18,2010.6288837785833,1716.486594917112,294.14228886147134,14.62936751951402,1635365.4813365599
2017-12-19,1999.4501400818117,1706.754364636586,292.69577544522576,14.63881342063621,1635658.1771120052
2017-12-20,1988.3783064633608,1697.0581444339816,291.32016202937916,14.651143652212603,1635949.4972740347
2017-12-21,1977.3515524354298,1687.4718739971042,289.8796784383255,14.659997008690315,1636239.376952473
2017-12-22,1966.3805690056179,1677.9984806152981,288.3820883903197,14.665629478639127,1636527.7590408635
2017-12-23,1955.5727981226519,1668.5653371779238,287.0074609447281,14.676388484246406,1636814.7665018083
2017-12-24,1944.8538150605746,1659.217703070118,285.6361119904566,14.686765132605103,1637100.4026137989
2017-12-25,1934.265299284365,1649.9304555064057,284.33484377795935,14.699888576978395,1637384.737457577
2017-12-26,1923.7648180266842,1640.67492894465,283.08988908203423,14.715410450868715,1637667.827346659
2017-12-27,1913.338610420702,1631.4428139788554,281.89579644184664,14.733189144176828,1637949.723143101
2017-12-28,1902.9587143929675,1622.2452047673044,280.71350962566316,14.751424058887642,1638230.4366527267
2017-12-29,1892.6278413867112,1613.0869524307539,279.54088895595737,14.769987149250657,1638509.9775416828
2017-12-30,1882.3688178164884,1603.9696489657265,278.39916885076195,14.789831100883813,1638788.3767105336
2017-12-31,1872.2013631784357,1594.8975040873968,277.30385909103893,14.811647109382523,1639065.6805696248
2018-01-01,1862.1128503959626,1583.5196967530362,278.5931536429264,14.961131576084977,1639344.2737232677
2018-01-02,1852.1239167070016,1574.6893601282798,277.43455657872187,14.979265376151982,1639621.7082798465
2018-01-03,1842.2501090248115,1565.9584418635648,276.2916671612468,14.997511239529837,1639897.9999470077
2018-01-04,1832.4277596881147,1557.2734197145626,275.15433997355217,15.015835604912706,1640173.1542869813
2018-01-05,1822.6555952988565,1548.6685040961318,273.98709120272474,15.032301873673493,1640447.141378184
2018-01-06,1812.934810607927,1540.0886191400066,272.84619146792033,15.04997255673123,1640719.987569652
2018-01-07,1803.2986939162947,1531.6278835162818,271.6708104000129,15.065214172035732,1640991.658380052
2018-01-08,1793.7765093361959,1523.211504757434,270.5650045787618,15.083540405983292,1641262.2233846309
2018-01-09,1784.3349540766794,1514.8357396752406,269.49921440143885,15.10362243286848,1641531.7225990323
2018-01-10,1774.964850366814,1506.5042382758409,268.4606120909732,15.124841037584105,1641800.1832111233
2018-01-11,1765.6872250258457,1498.2168137913402,267.4704112345055,15.148232792508894,1642067.6536223579
2018-01-12,1756.6095576998778,1489.9993590093516,266.6101986905262,15.177544578524795,1642334.2638210484
2018-01-13,1747.5973443335388,1481.9504570004362,265.64688733310254,15.200691863857763,1642599.9107083816
2018-01-14,1738.6230650716461,1473.9402532056272,264.68281186601894,15.223703008628368,1642864.5935202476
2018-01-15,1729.731586589478,1465.987567730045,263.744018859433,15.247684721966525,1643128.337539107
2018-01-16,1720.9099206177052,1457.9400145158004,262.9699061019048,15.280864091219495,1643391.307445209
2018-01-17,1712.1650212253444,1450.0290480647534,262.135973160591,15.31020491079699,1643653.4434183696
2018-01-18,1703.5468616127037,1442.3092528898567,261.23760872284697,15.334923541553774,1643914.6810270925
2018-01-19,1694.9970802888274,1434.6348785253074,260.36220176352003,15.360628333303932,1644175.043228856
2018-01-20,1686.5336324928794,1427.053332958866,259.4802995340135,15.385420992196492,1644434.52352839
2018-01-21,1678.1198593995068,1419.6572205107957,258.4626388887111,15.401917654511196,1644692.9861672788
2018-01-22,1669.796459727222,1412.3935873268936,257.40287240032853,15.415224466482453,1644950.3890396792
2018-01-23,1661.5462552141398,1405.257730593469,256.28852462067084,15.424699963447026,1645206.6775643
2018-01-24,11413.060730277648,10841.260618010216,571.8001122674323,5.010050553314825,1645778.4776765674
2018-01-25,5497.031817636493,5238.761705529247,258.27011210724595,4.698355779543076,1646036.7477886747
2018-01-26,4674.470336772734,4443.811143110769,230.65919366196522,4.934445553059449,1646267.4069823367
2018-01-27,4397.135311183985,4167.591515835637,229.54379534834789,5.220303199778955,1646496.950777685
2018-01-28,4184.745589708211,3957.159587224277,227.58600248393395,5.438466869853439,1646724.536780169
2018-01-29,4013.123729383573,3788.678375096789,224.4453542867841,5.592784310222589,1646948.9821344558
2018-01-30,3874.65696742665,3652.279366428994,222.37760099765637,5.739284867463977,1647171.3597354535
2018-01-31,3763.8196487419773,3540.6734125672674,223.14623617470988,5.928717552906513,1647394.5059716282
2018-02-01,3658.700034668669,3438.699721095444,220.00031357322496,6.013073263415215,1647614.5062852015
2018-02-02,3561.246136684669,3342.429878451222,218.81625823344712,6.144373341101141,1647833.322543435
2018-02-03,3475.3888304641005,3259.144695073658,216.24413539044235,6.222156597124279,1648049.5666788255
2018-02-04,3401.9953409295995,3186.7399800792928,215.25536085030672,6.327326738533626,1648264.822039676
2018-02-05,3334.960327902343,3119.8743614983405,215.08596640400265,6.449431035339768,1648479.90800608
2018-02-06,3273.4059161287732,3058.198689501326,215.2072266274472,6.574413077433356,1648695.1152327075
2018-02-07,3216.4350859844126,3001.798211528513,214.6368744558995,6.673129372054724,1648909.7521071634
2018-02-08,3163.364209898282,2949.385038856243,213.97917104203862,6.764291331756551,1649123.7312782055
2018-02-09,3113.156167790061,2899.610557864945,213.54560992511597,6.859457040239192,1649337.2768881307
2018-02-10,3064.9568179135676,2852.122092500621,212.83472541294668,6.944134552532827,1649550.1116135437
2018-02-11,3018.5626575262286,2806.5446490103504,212.01800851587814,7.023806777283566,1649762.1296220596
2018-02-12,2973.9496325135697,2762.658462673019,211.29116984055054,7.104732626623813,1649973.4207919003
2018-02-13,2931.0681069381535,2720.347259629344,210.72084730880943,7.189217023310053,1650184.1416392091
2018-02-14,2889.8423591966275,2678.604450511805,211.2379086848223,7.309668917149728,1650395.379547894
2018-02-15,2850.289945674129,2639.196598818585,211.09334685554404,7.406030645265384,1650606.4728947496
2018-02-16,2812.395072998246,2601.768420561276,210.6266524369703,7.489227045630713,1650817.0995471866
2018-02-17,2775.748269480886,2565.686457828445,210.06181165244107,7.567754394807795,1651027.1613588391
2018-02-18,2740.3141537404153,2529.882704845456,210.43144889495943,7.679099442220128,1651237.5928077342
2018-02-19,2705.890681328019,2494.0362483319486,211.8544329960705,7.829378860645429,1651449.4472407303
2018-02-20,2672.5091211898252,2459.581636738324,212.9274844515012,7.967324891924184,1651662.3747251818
2018-02-21,2640.071272227913,2427.799985386723,212.27128684118998,8.040361980911891,1651874.646012023
2018-02-22,2608.5181069183163,2397.096013250354,211.42209366796214,8.105065213357273,1652086.068105691
2018-02-23,2577.810337688308,2367.2525335653345,210.55780412297372,8.168087506072876,1652296.6259098141
2018-02-24,2548.0373998582363,2337.496823118593,210.54057673964326,8.262852686202995,1652507.1664865538
2018-02-25,2519.166671230225,2308.89098600956,210.27568522066485,8.347033470317292,1652717.4421717746
2018-02-26,2491.150868329918,2280.837528811827,210.3133395180912,8.442416803888175,1652927.7555112927
2018-02-27,2463.8267912918236,2253.417259261304,210.40953203051959,8.539948212844886,1653138.1650433233
2018-02-28,5946.345476297043,5619.8713107096555,326.4741655873877,5.490332959777715,1653464.6392089108
2018-03-01,14191.648863230512,13627.173805856408,564.4750573741039,3.9775156700544927,1654029.1142662847
2018-03-02,20175.437783274974,19544.355194165924,631.0825891090499,3.1279746981857537,1654660.1968553937
2018-03-03,19476.593691074188,18926.06116989843,550.532521175759,2.8266365767442143,1655210.7293765694
2018-03-04,11836.377741289558,11516.896212018468,319.48152927109004,2.6991494885857112,1655530.2109058404
2018-03-05,10583.788485450437,10272.689025464608,311.0994599858295,2.939396043425271,1655841.3103658261
2018-03-06,9965.183680547867,9657.399318457256,307.78436209061147,3.088596978813441,1656149.0947279166
2018-03-07,14233.859995973122,13834.682024680274,399.17797129284736,2.8044253028045674,1656548.2726992094
2018-03-08,10690.994719346054,10378.83898675153,312.1557325945232,2.919800643336368,1656860.4284318038
2018-03-09,9988.432973189745,9678.352235304332,310.0807378854133,3.1043982446266636,1657170.5091696891
2018-03-10,9541.651314990595,9234.7342285336,306.9170864569951,3.216603461235343,1657477.426256146
2018-03-11,9184.818541530054,8877.541597623984,307.2769439060703,3.3454873660996953,1657784.703200052
2018-03-12,29409.89151946921,28728.87131009379,681.0202093754197,2.3156161896230985,1658465.7234094273
2018-03-13,27480.712871053882,26883.9977714306,596.7150996232813,2.171395998434291,1659062.4385090505
2018-03-14,33010.507058445495,32288.667320104374,721.8397383411211,2.1866969115715045,1659784.2782473916
2018-03-15,65525.53897814662,64369.18803794397,1156.3509402026539,1.7647331990482487,1660940.6291875942
2018-03-16,31595.950045296275,31130.240863932486,465.70918136378896,1.4739521384738978,1661406.3383689579
2018-03-17,27814.910131403507,27403.096835684668,411.8132957188391,1.480548719278064,1661818.1516646766
2018-03-18,24729.570980068762,24362.46496402789,367.1060160408706,1.4844819440529164,1662185.2576807174
2018-03-19,23251.72512399126,22891.59726895895,360.1278550323077,1.5488220900251646,1662545.3855357496
2018-03-20,150597.05522236542,148776.05204434542,1821.003178020008,1.2091891008965545,1664366.3887137696
2018-03-21,169376.03321915516,167701.71113234916,1674.3220868060016,0.9885236151679152,1666040.7108005756
2018-03-22,57748.91249861568,57257.90998412054,491.00251449514326,0.8502368152939905,1666531.7133150706
2018-03-23,57058.491079784944,56517.08755832251,541.403521462431,0.9488570609155891,1667073.116836533
2018-03-24,55817.08517357899,55276.66025179248,540.4249217865145,0.9682069927261706,1667613.5417583194
2018-03-25,47337.815511072986,46895.83323638225,441.98227469073754,0.9336769555564971,1668055.52403301
2018-03-26,44196.226008329075,43766.30925193233,429.91675639674213,0.9727454020977297,1668485.4407894067
2018-03-27,41594.64738713298,41175.96341968877,418.683967444209,1.0065813602106073,1668904.1247568508
2018-03-28,39287.403200708795,38882.36980579598,405.03339491281804,1.0309497750299534,1669309.1581517635
2018-03-29,37218.89456988033,36828.43688230999,390.4576875703424,1.0490845901864136,1669699.6158393337
2018-03-30,35344.97862430941,34963.42329356717,381.55533074224513,1.079517786098817,1670081.171170076
2018-03-31,33617.019848525524,33242.792984486,374.22686403952684,1.1132065415844434,1670455.3980341153
2018-04-01,32009.575985155534,31639.395312132714,370.18067302282,1.1564685305250264,1670825.578707138
2018-04-02,30524.927398843225,30137.88279366999,387.04460517323605,1.2679624102493476,1671212.6233123112
2018-04-03,29148.838915638626,28737.183023124868,411.65589251375786,1.4122548541475544,1671624.279204825
2018-04-04,27876.89002988627,27467.86418630735,409.0258435789219,1.4672578007819856,1672033.3050484038
2018-04-05,85517.04920645594,84342.28942091588,1174.7597855400527,1.3737141265292472,1673208.0648339437
2018-04-06,603334.5786893526,596516.2550564569,6818.323632895714,1.1301065567479034,1680026.3884668394
2018-04-07,96547.01516305935,96057.7928579123,489.22230514705006,0.5067192438013718,1680515.6107719864
2018-04-08,85449.52990659792,84991.75302098638,457.77688561154355,0.5357277987508233,1680973.387657598
2018-04-09,77843.41315231286,77404.82272764474,438.5904246681166,0.5634265083032082,1681411.978082266
2018-04-10,71664.27893648949,71237.81161960486,426.46731688462023,0.5950905014513093,1681838.4453991505
2018-04-11,66426.10707679903,66008.73361919813,417.373457600901,0.628327439267744,1682255.8188567513
2018-04-12,61866.453433864284,61459.49559178802,406.95784207626275,0.6578005033233459,1682662.7766988275
2018-04-13,57867.78477414604,57472.565869117556,395.2189050284869,0.6829687823216302,1683057.995603856
2018-04-14,54320.70790302893,53933.988547026114,386.7193560028172,0.7119188444546277,1683444.7149598587
2018-04-15,56083.95646357078,55646.69983168645,437.256631884331,0.7796465503790735,1683881.971591743
2018-04-16,55703.713660148685,55251.3424706079,452.37118954078323,0.8121023892602993,1684334.3427812837
2018-04-17,48079.85053810477,47700.71164238772,379.1388957170493,0.7885608866786513,1684713.4816770006
2018-04-18,45312.16251976602,44937.36761725594,374.7949025100752,0.827139738357406,1685088.2765795107
2018-04-19,42910.474288777914,42537.12344103905,373.35084773886047,0.8700692638032677,1685461.6274272494
2018-04-20,40745.66783768032,40357.533502913946,388.13433476637147,0.9525781644139283,1685849.7617620158
2018-04-21,38761.910642077215,38374.809650029456,387.10099204775906,0.9986633415008942,1686236.8627540634
2018-04-22,36936.464393754955,36551.33136429352,385.1330294614381,1.0426905654959078,1686621.9957835248
2018-04-23,35264.31411680486,34883.350378417344,380.96373838751606,1.0803095081494059,1687002.9595219123
2018-04-24,33723.54638984427,33347.05382355389,376.492566290377,1.1164085827099028,1687379.4520882026
2018-04-25,32303.619913813658,31925.188542021373,378.43137179228506,1.1714828641556063,1687757.8834599948
2018-04-26,30986.240534410812,30597.136442650044,389.1040917607679,1.2557318508150752,1688146.9875517555
2018-04-27,29753.841987491585,29364.778620001794,389.06336748979083,1.3076071576011992,1688536.0509192452
2018-04-28,28602.783861548174,28213.00140250747,389.78245904070354,1.3627430844754351,1688925.8333782859
2018-04-29,27519.514878218528,27128.87456790258,390.6403103159464,1.4195028947444674,1689316.4736886017
2018-04-30,26501.908885066397,26109.646537485,392.26234758139617,1.4801286551944668,1689708.736036183
2018-05-01,25548.71922501875,25142.52868222313,406.1905427956226,1.5898665573726993,1690114.9265789788
2018-05-02,24662.082319081295,24257.42116364611,404.6611554351839,1.6408231478576063,1690519.587734414
2018-05-03,23832.74691946199,23427.36090655446,405.38601290753286,1.7009621856744164,1690924.9737473216
2018-05-04,23044.95578436274,22638.315456741562,406.6403276211786,1.7645524314570664,1691331.614074943
2018-05-05,22298.731290418655,21890.995333244166,407.73595717448916,1.8285163934402204,1691739.3500321175
2018-05-06,21594.871549271047,21185.39343538841,409.47811388263653,1.8961822159875679,1692148.8281460002
2018-05-07,20924.714888914023,20510.76585705539,413.9490318586322,1.9782780030993092,1692562.7771778589
2018-05-08,20287.425544425845,19869.80750937255,417.6180350532959,2.0585068033338523,1692980.3952129122
2018-05-09,19687.119627578184,19264.93342732459,422.1862002535927,2.144479274978267,1693402.581413166
2018-05-10,19120.342019347474,18694.142726621663,426.19929272581066,2.229035925688717,1693828.7807058918
2018-05-11,18581.134450855665,18151.594552797804,429.53989805786114,2.311698993373791,1694258.3206039497
2018-05-12,18065.709744690917,17635.49037892984,430.2193657610769,2.381414136732204,1694688.5399697109
2018-05-13,17577.190827825107,17144.893273996728,432.297553828379,2.459423454310127,1695120.8375235393
2018-05-14,17114.096346199512,16677.479677994343,436.61666820516984,2.5512107643482342,1695557.4541917446
2018-05-15,16673.27010144107,16231.138996062406,442.13110537866487,2.651735998329755,1695999.5852971233
2018-05-16,16251.084220374934,15805.569331051387,445.5148893235473,2.7414471753520253,1696445.100186447
2018-05-17,15847.76266697701,15400.381421423122,447.3812455538882,2.8229930934422995,1696892.4814320009
2018-05-18,15462.147180396598,15012.508114059061,449.63906633753686,2.9079988768157863,1697342.1204983385
2018-05-19,15096.096402069554,14644.39550409706,451.7008979724942,2.99217020044049,1697793.821396311
2018-05-20,14745.41225158656,14290.915789558157,454.4964620284027,3.082290642497976,1698248.3178583395
2018-05-21,14406.002736364491,13950.441455413193,455.5612809512986,3.1623017799472137,1698703.879139291
2018-05-22,14079.689951492008,13622.995940268576,456.6940112234315,3.2436368470957433,1699160.5731505144
2018-05-23,13764.68072777288,13303.521251242213,461.15947653066723,3.3503100119146945,1699621.7326270451
2018-05-24,13459.263861062005,12996.345813985054,462.91804707695155,3.4394009349663266,1700084.6506741222
2018-05-25,13164.862884064205,12701.643566631783,463.21931743242203,3.5186034333341936,1700547.8699915546
2018-05-26,12882.008573590312,12419.791622297444,462.21695129286854,3.588081382281251,1701010.0869428476
2018-05-27,12611.060646066908,12148.976756572329,462.0838894945791,3.6641159888378794,1701472.1708323422
2018-05-28,12348.947865610942,11886.754845956411,462.1930196545309,3.742772458709904,1701934.3638519968
2018-05-29,12096.874830668792,11633.62010171318,463.2547289556114,3.8295405668010845,1702397.6185809525
2018-05-30,11854.128664928954,11385.010484196317,469.1181807326375,3.9574244045498475,1702866.7367616852
2018-05-31,11619.065338656306,11149.152693242371,469.912645413935,4.044323977166639,1703336.6494070992
2018-06-01,11391.391689128708,10795.115321603607,596.2763675251008,5.234447061408246,1703932.9257746243
2018-06-02,11170.426473564468,10566.10213222029,604.3243413441778,5.41003821809624,1704537.2501159685
2018-06-03,10955.799291351344,10336.178900638133,619.6203907132112,5.65563839054945,1705156.8705066817
2018-06-04,10747.385189434048,10110.200114148207,637.1850752858409,5.9287451231604615,1705794.0555819676
2018-06-05,10545.254466647282,9901.714743204884,643.5397234423981,6.102647645704491,1706437.59530541
2018-06-06,10349.972502597608,9695.59407336242,654.3784292351884,6.322513698185713,1707091.9737346452
2018-06-07,10160.938398214756,9496.467905100671,664.4704931140841,6.539459910817189,1707756.4442277593
2018-06-08,9977.870118067833,9301.510814810175,676.3593032576573,6.778593981023187,1708432.803531017
2018-06-09,9802.175038285553,9117.363447444983,684.8115908405707,6.986322812700429,1709117.6151218575
2018-06-10,9632.163935217774,8939.026073117744,693.1378621000295,7.196076258271847,1709810.7529839575
2018-06-11,9468.717849827139,8767.545138330435,701.1727114967034,7.405149489268012,1710511.9256954542
2018-06-12,9311.516718764324,8602.212846420709,709.3038723436148,7.617490187331612,1711221.2295677979
2018-06-13,9158.568440258037,8443.175451856809,715.3929884012286,7.811187884523499,1711936.622556199
2018-06-14,9009.482983692782,8289.547009418024,719.9359742747583,7.990868905328383,1712656.5585304738
2018-06-15,8866.444278195733,8137.962331471735,728.4819467239986,8.216167878204274,1713385.0404771979
2018-06-16,8727.337813341757,7991.3759636809145,735.9618496608427,8.432833303825534,1714121.0023268587
2018-06-17,8591.755575286224,7848.315707473087,743.4398678131374,8.652944806200107,1714864.4421946718
2018-06-18,8460.40300514386,7713.901014766426,746.5019903774346,8.823480275390748,1715610.9441850493
2018-06-19,8333.198405269533,7575.896661816168,757.3017434533658,9.087768064834298,1716368.2459285026
2018-06-20,8210.071512287483,7449.34120105929,760.7303112281925,9.26581833166321,1717128.9762397308
2018-06-21,8090.570823330665,7327.077758980219,763.4930643504458,9.436825670554315,1717892.4693040813
2018-06-22,7974.5350238082465,7208.014672046297,766.5203517619493,9.612100887054563,1718658.9896558432
2018-06-23,7860.974313304294,7091.476002676881,769.498310627413,9.788841433116971,1719428.4879664707
2018-06-24,7749.441087057814,6975.7887649377835,773.6523221200305,9.983330583828707,1720202.1402885907
2018-06-25,7640.208640850149,6864.263970752948,775.9446700972012,10.156066497299994,1720978.084958688
2018-06-26,7533.287576091709,6756.060891230593,777.2266848611152,10.31723104966534,1721755.311643549
2018-06-27,7429.14866528241,6649.972976269669,779.1756890127408,10.488088529631295,1722534.4873325618
2018-06-28,7327.649209294468,6546.641386317558,781.0078229769106,10.658368061427831,1723315.4951555387
2018-06-29,7228.444934638916,6445.045244137526,783.3996905013892,10.837734776774951,1724098.89484604
2018-06-30,7131.489898908883,6344.14665560704,787.3432433018434,11.040375215595647,1724886.238089342
2018-07-01,7036.5071032946,5935.275082732788,1101.2320205618116,15.650265172704763,1725987.4701099037
2018-07-02,6943.750152300112,5826.114153497158,1117.6359988029535,16.09556758652581,1727105.1061087067
2018-07-03,6853.136743902927,5714.835512299794,1138.3012316031336,16.609930228166732,1728243.4073403098
2018-07-04,6764.272757207742,5609.414111032854,1154.8586461748882,17.07291659616056,1729398.2659864847
2018-07-05,6677.543305043131,5505.76958760899,1171.773717434141,17.54797631262344,1730570.0397039189
2018-07-06,6592.753069093917,5404.946539816451,1187.8065292774654,18.016851485698268,1731757.8462331963
2018-07-07,6509.495311420411,5292.364326001848,1217.130985418563,18.69777804867913,1732974.977218615
2018-07-08,6427.543258182472,5198.5269952018325,1229.016262980639,19.121088938857962,1734203.9934815955
2018-07-09,6346.893361637602,5108.541468637069,1238.351893000533,19.511150139775125,1735442.345374596
2018-07-10,6267.711778283818,5021.155314001259,1246.5564642825584,19.888541598252658,1736688.9018388786
2018-07-11,6190.417049798183,4937.035423302096,1253.381626496087,20.247127397288185,1737942.2834653747
2018-07-12,6114.58094537165,4846.2373579843015,1268.3435873873486,20.742935594750843,1739210.627052762
2018-07-13,6040.815393560333,4762.82600760181,1277.9893859585236,21.155908643076458,1740488.6164387206
2018-07-14,5968.839897150174,4684.406467396538,1284.4334297536361,21.518979431277586,1741773.0498684742
2018-07-15,5898.768069327576,4605.7614498562225,1293.0066194713536,21.91994335554116,1743066.0564879456
2018-07-16,5830.389034356223,4530.991280990192,1299.3977533660318,22.286638948262016,1744365.4542413116
2018-07-17,5763.496772121871,4456.174383618873,1307.3223885029975,22.68279900539786,1745672.7766298146
2018-07-18,5698.366039997665,4384.616648063301,1313.7493919343642,23.05484383967202,1746986.526021749
2018-07-19,5634.884441403672,4315.827433544914,1319.057007858758,23.408767678830618,1748305.5830296078
2018-07-20,5572.811689774273,4248.534282081998,1324.2774076922751,23.76318241871035,1749629.8604373
2018-07-21,5511.867099298397,4175.939157906924,1335.9279413914728,24.23730321004152,1750965.7883786915
2018-07-22,5452.055235096719,4107.252226179936,1344.8030089167833,24.6659828436776,1752310.5913876083
2018-07-23,5393.271428128472,4043.1559304611337,1350.1154976673379,25.033331173095508,1753660.7068852757
2018-07-24,5335.28222108027,3975.995184297678,1359.2870367825917,25.477322107008764,1755019.9939220583
2018-07-25,5278.107401109999,3912.491335306787,1365.6160658032122,25.873214810218144,1756385.6099878615
2018-07-26,5222.0037781223655,3850.3501633291644,1371.653614793201,26.26680625050018,1757757.2636026547
2018-07-27,5167.465320709394,3791.164796331902,1376.3005243774924,26.63395763609213,1759133.5641270322
2018-07-28,5114.133820564253,3733.3188014575326,1380.8150191067207,26.999978247623808,1760514.379146139
2018-07-29,5061.666468034033,3672.7511515093547,1388.915316524678,27.439882206702116,1761903.2944626636
2018-07-30,5009.861666163895,3616.569154809932,1393.2925113539632,27.810997672133773,1763296.5869740176
2018-07-31,4958.713437052211,3561.641051362273,1397.0723856899376,28.174089981704014,1764693.6593597075
2018-08-01,4908.223308271961,3709.6016297149094,1198.6216785570518,24.420683479029616,1765892.2810382645
2018-08-02,4858.511803478934,3660.895830300133,1197.6159731788007,24.649852086831377,1767089.8970114433
2018-08-03,4809.65990202711,3612.8524381024386,1196.807463924671,24.883411474068197,1768286.704475368
2018-08-04,4762.029420015868,3565.5580402428373,1196.4713797730305,25.12524124155965,1769483.175855141
2018-08-05,4715.290065767709,3518.8776284758555,1196.4124372918536,25.373040059139235,1770679.5882924327
2018-08-06,4669.123890740331,3472.7465024822945,1196.3773882580367,25.623166492340392,1771875.9656806907
2018-08-07,4623.486206061905,3426.9888381207916,1196.4973679411137,25.87868362994946,1773072.4630486318
2018-08-08,4578.446949860547,3379.372270049955,1199.0746798105915,26.189550582149124,1774271.5377284423
2018-08-09,4534.057568947785,3331.629901102939,1202.4276678448455,26.519902969028514,1775473.9653962872
2018-08-10,4490.185294510797,3286.7512760716113,1203.4340184391854,26.80143333751439,1776677.3994147263
2018-08-11,4446.897715595085,3242.764631796125,1204.1330837989603,27.078047682007973,1777881.5324985252
2018-08-12,4404.9793264714535,3199.7236728656194,1205.2556536058341,27.361210218693287,1779086.788152131
2018-08-13,4364.180028947536,3157.6190347049474,1206.5609942425885,27.64691159025267,1780293.3491463736
2018-08-14,4324.256060491782,3116.215496855983,1208.0405636357987,27.936379038072335,1781501.3897100093
2018-08-15,4284.859243976651,3076.252232878664,1208.6070110979867,28.206457721965084,1782709.9967211073
2018-08-16,4246.019589850446,3036.8241447209934,1209.1954451294528,28.478329398664954,1783919.1921662367
2018-08-17,4207.783449636539,2997.902558326218,1209.8808913103217,28.753402017749487,1785129.073057547
2018-08-18,4169.953122549923,2959.3808892506263,1210.5722332992968,29.030835544717892,1786339.6452908462
2018-08-19,4132.512524037389,2921.264218884948,1211.248305152441,29.31021498681566,1787550.8935959986
2018-08-20,4095.5790304159746,2883.85580251269,1211.7232279032846,29.58612735597032,1788762.616823902
2018-08-21,4059.156299369177,2847.049781174594,1212.1065181945828,29.861045714917488,1789974.7233420964
2018-08-22,4023.199761765776,2810.801259767925,1212.3985019978513,30.135180299019794,1791187.1218440942
2018-08-23,3987.8173349362332,2775.025130287008,1212.7922046492254,30.412431232099514,1792399.9140487434
2018-08-24,3953.1037276454736,2740.0036696882075,1213.100057957266,30.68728122345037,1793613.0141067007
2018-08-25,3918.904090736527,2705.4535374417524,1213.4505532947746,30.96402783020689,1794826.4646599954
2018-08-26,3885.117534582503,2666.5913662355947,1218.5261683469084,31.363946071141243,1796044.9908283423
2018-08-27,3851.6680762916803,2632.3759082567035,1219.2921680349768,31.656210864589617,1797264.2829963772
2018-08-28,3818.5269752927125,2596.6523362889043,1221.8746390038082,31.998586023086673,1798486.157635381
2018-08-29,3785.7224768146407,2562.8960389955523,1222.8264378190884,32.3010058267132,1799708.9840732
2018-08-30,3753.451142696431,2530.4940524736508,1222.9570902227802,32.582203516953825,1800931.9411634228
2018-08-31,3721.7457689810544,2498.459982684543,1223.2857862965116,32.8686015173848,1802155.2269497192
2018-09-01,3690.7073991715442,2692.123911576181,998.5834875953633,27.056696172108254,1803153.8104373147
2018-09-02,3660.0321869810577,2665.5189881379,994.5131988431576,27.172252811893227,1804148.323636158
2018-09-03,3629.6743193520233,2638.7631294623234,990.9111898896999,27.300278281347275,1805139.2348260477
2018-09-04,3599.614516544156,2611.9010251928803,987.7134913512755,27.439424049760174,1806126.948317399
2018-09-05,3569.8289739955217,2585.0522917037115,984.7766822918102,27.58610256865055,1807111.724999691
2018-09-06,3540.329927791143,2558.229440294973,982.10048749617,27.740366223690206,1808093.8254871871
2018-09-07,3511.1142858194653,2531.426153083633,979.6881327358324,27.902484880442486,1809073.513619923
2018-09-08,3482.1805696170777,2504.6975487808913,977.4830208361864,28.071003249084136,1810050.9966407593
2018-09-09,3453.52451657271,2478.1273131126754,975.3972034600347,28.24352914766687,1811026.3938442194
2018-09-10,3425.149572249502,2451.8254320044753,973.3241402450267,28.41698208250176,1811999.7179844645
2018-09-11,3397.0551607608795,2425.844081897124,971.2110788637556,28.589794186510108,1812970.9290633283
2018-09-12,3369.2729376906063,2400.0868829228666,969.1860547677397,28.765436124983303,1813940.1151180961
2018-09-13,3341.820244967239,2374.4886720658496,967.3315729013893,28.946247912591495,1814907.4466909976
2018-09-14,3314.633933307603,2349.089981748092,965.5439515595108,29.12973109510211,1815872.9906425572
2018-09-15,3287.689285523258,2324.1057521121793,963.5835334110789,29.30883820603254,1816836.5741759683
2018-09-16,3260.9846215441357,2299.303546259248,961.6810752848878,29.490512433925993,1817798.2552512533
2018-09-17,3234.753288530512,2274.6787151068665,960.0745734236452,29.6799937363937,1818758.329824677
2018-09-18,3208.85468208557,2250.246364179601,958.6083179059688,29.873846368229078,1819716.938142583
2018-09-19,3183.2276369442698,2226.0448334681087,957.1828034761611,30.069568144206173,1820674.1209460592
2018-09-20,3157.9790322473273,2202.165002161705,955.8140300856221,30.266636362225363,1821629.934976145
2018-09-21,3133.0030165379867,2178.5055853501644,954.4974311878223,30.465895696537043,1822584.4324073328
2018-09-22,3108.3983058242593,2155.1662759164565,953.2320299078028,30.66634118676862,1823537.6644372407
2018-09-23,3084.1023440251593,2132.1022810566456,952.0000629685137,30.867978970050274,1824489.6645002093
2018-09-24,3060.08029223606,2109.3424814961136,950.7378107399463,31.069047866231763,1825440.4023109493
2018-09-25,3036.3970303721726,2086.778794478926,949.6182358932465,31.27450812243916,1826390.0205468426
2018-09-26,3012.992185108131,2064.4065375340388,948.585647574092,31.48317650017566,1827338.6061944168
2018-09-27,2989.945927647641,2042.474433690145,947.471493957496,31.6885829003244,1828286.0776883743
2018-09-28,2967.183515825076,2020.8297796778597,946.3537361472163,31.89400760350566,1829232.4314245216
2018-09-29,2944.625779378228,1999.4682217746258,945.1575576036021,32.09771388346592,1830177.5889821253
2018-09-30,2922.267397108022,1978.4495319834195,943.8178651246026,32.29745046803854,1831121.40684725
2018-10-01,2900.1827143421397,2232.6804595139924,667.5022548281472,23.01586901843043,1831788.909102078
2018-10-02,2878.423724981025,2218.455066525575,659.9686584554497,22.928127388881926,1832448.8777605335
2018-10-03,2856.9432339544874,2203.685512074467,653.2577218800202,22.86561784343899,1833102.1354824135
2018-10-04,2835.674465336604,2188.4846569758024,647.1898083608016,22.823134893376345,1833749.3252907742
2018-10-05,2814.625413966365,2172.9935073030297,641.6319066633355,22.79635163810835,1834390.9571974375
2018-10-06,2793.8452968967613,2157.386735235073,636.4585616616882,22.780737443430706,1835027.4157590992
2018-10-07,2773.612802516436,2141.8954812641837,631.7173212522525,22.775973657141677,1835659.1330803514
2018-10-08,2753.8470083801076,2126.3385457466006,627.508462633507,22.786613080681832,1836286.6415429849
2018-10-09,2734.281713918317,2110.822801620199,623.4589122981183,22.80156097758782,1836910.100455283
2018-10-10,2714.8486882245634,2095.2527301075984,619.595958116965,22.82248586466024,1837529.6964134
2018-10-11,2695.584517583484,2079.6440858069923,615.9404317764916,22.849976610218288,1838145.6368451763
2018-10-12,2676.4954372989014,2064.037719147245,612.4577181516565,22.88282317304244,1838758.094563328
2018-10-13,2657.5452026450075,2048.462964417378,609.0822382276297,22.918979425878476,1839367.1768015556
2018-10-14,2638.738117734203,2032.3235776978195,606.4145400363836,22.981232429275387,1839973.591341592
2018-10-15,2620.0873712881003,2016.5270810299203,603.56029025818,23.03588410341655,1840577.15163185
2018-10-16,2601.617222391069,2000.945105949149,600.67211644192,23.088412517882247,1841177.823748292
2018-10-17,2583.299251283519,1985.4235830101766,597.8756682733424,23.14387959413863,1841775.6994165652
2018-10-18,2565.1303302231245,1969.969881954335,595.1604482687894,23.201957470013625,1842370.859864834
2018-10-19,2547.109779735096,1954.589571864542,592.5202078705538,23.26245270559862,1842963.3800727045
2018-10-20,2529.2368663465604,1939.2871356203336,589.9497307262268,23.325206847012282,1843553.3298034307
2018-10-21,2511.5096596633084,1924.0658029701676,587.4438566931408,23.39006957161746,1844140.7736601238
2018-10-22,2493.916703114519,1908.937581478583,584.9791216359358,23.45624137748413,1844725.7527817597
2018-10-23,2476.465631907573,1893.9580912482575,582.5075406593155,23.521729240014583,1845308.260322419
2018-10-24,2459.160235445015,1879.0724197395261,580.087815705489,23.58885799080575,1845888.3481381244
2018-10-25,2442.043212312972,1864.3267167578101,577.716495555162,23.657095527313786,1846466.0646336796
2018-10-26,2425.1803618706763,1849.7055883607477,575.4747735099286,23.729153615033933,1847041.5394071895
2018-10-27,2408.5531057438347,1835.1697149427723,573.3833908010624,23.8061344561462,1847614.9227979905
2018-10-28,2392.096538813086,1820.7325501038808,571.3639887092054,23.885490382119176,1848186.2867866997
2018-10-29,2375.916038498748,1806.5308782192528,569.3851602794953,23.96486875181281,1848755.6719469791
2018-10-30,2359.975217375206,1792.6792656012926,567.2959517739132,24.038216486225092,1849322.967898753
2018-10-31,2344.169460881967,1779.0791479162522,565.0903129657149,24.106205732801676,1849888.0582117187
2018-11-01,2328.617166867014,1917.3432979222498,411.2738689447642,17.661721076208654,1850299.3320806634
2018-11-02,2313.3293879758567,1907.9221995498165,405.4071884260402,17.524836304473183,1850704.7392690894
2018-11-03,2298.181548052933,1898.229536948923,399.9520111040101,17.402977212259742,1851104.6912801934
2018-11-04,2283.256808224134,1888.2484941503144,395.00831407381975,17.300214003568364,1851499.6995942672
2018-11-05,2268.6364118880592,1878.064683708094,390.57172817996525,17.21614473492975,1851890.271322447
2018-11-06,2254.2366483514197,1867.7417312229163,386.4949171285034,17.145268107106542,1852276.7662395756
2018-11-07,2239.9628435387276,1857.2912553760334,382.6715881626942,17.083836424632107,1852659.4378277382
2018-11-08,2225.824525905773,1846.7755023629516,379.0490235428215,17.029600452828685,1853038.486851281
2018-11-09,2211.779271067353,1836.3259115409683,375.4533595263847,16.97517308520573,1853413.9402108074
2018-11-10,2197.851568310056,1825.7870332095417,372.06453510051415,16.9285560710816,1853786.0047459078
2018-11-11,2183.9955986239947,1815.2705772055424,368.72502141845234,16.88304782531448,1854154.7297673263
2018-11-12,2170.2105745470617,1804.865876014076,365.3446985329856,16.834527617636166,1854520.0744658592
2018-11-13,2156.619491329184,1794.597999434417,362.02149189476677,16.78652601213592,1854882.095957754
2018-11-14,2143.441745611606,1784.4442996563967,358.9974459552095,16.748644869411823,1855241.0934037091
2018-11-15,2130.347589887446,1774.2760826700478,356.071507217398,16.7142446100174,1855597.1649109265
2018-11-16,2117.440976783866,1764.1021775474883,353.3387992363778,16.6870672245635,1855950.5037101628
2018-11-17,2104.6656524098944,1753.9294766280445,350.73617578184985,16.664698042667645,1856301.2398859446
2018-11-18,2091.954839992104,1743.7607970093022,348.1940429828019,16.644434015799124,1856649.4339289274
2018-11-19,2079.312307756394,1733.5956500367838,345.71665771961034,16.626490230928475,1856995.150586647
2018-11-20,2066.7428629877977,1723.436675534781,343.3061874530167,16.610977282230184,1857338.4567741
2018-11-21,2054.3744267788716,1713.4294849433581,340.9449418355134,16.59604682531477,1857679.4017159354
2018-11-22,2042.22497395752,1703.5920400200057,338.6329339375143,16.581568546843073,1858018.034649873
2018-11-23,2030.1531318295747,1693.7815790408868,336.37155278868795,16.568777375209613,1858354.4062026616
2018-11-24,2018.1716274465434,1683.7894139187056,334.38221352783785,16.568571720082556,1858688.7884161894
2018-11-25,2006.3160837425385,1674.122101406997,332.1939823355415,16.557410122330975,1859020.9823985249
2018-11-26,1994.5261529400013,1664.7291818582098,329.7969710817915,16.53510386893946,1859350.7793696066
2018-11-27,1982.7940938572865,1655.1436714452802,327.65042241200626,16.524682185965254,1859678.4297920186
2018-11-28,1971.1329779096413,1645.3620239309612,325.77095397868015,16.52709165893798,1860004.2007459973
2018-11-29,1959.5446233649272,1636.0983218871634,323.4463014777639,16.506197287936335,1860327.647047475
2018-11-30,1948.1277126404457,1626.918680593336,321.20903204710976,16.488089048933592,1860648.856079522
2018-12-01,1936.9116567589808,1615.4906294651785,321.42102729380235,16.5945114828641,1860970.277106816
2018-12-02,1925.789133649785,1606.4366084910919,319.3525251586932,16.582943562125692,1861289.6296319747
2018-12-03,1914.7461303069722,1597.4364827017755,317.3096476051967,16.571891311477703,1861606.93927958
2018-12-04,1903.8611566654872,1588.6476494272695,315.21350723821774,16.556538597084337,1861922.1527868183
2018-12-05,1893.233986462932,1580.039325626892,313.19466083604016,16.54283955789171,1862235.3474476545
2018-12-06,1882.7731400015764,1571.4786743052293,311.29446569634706,16.533827633428338,1862546.641913351
2018-12-07,1872.4967297508847,1562.9425505675365,309.5541791833482,16.531627226101005,1862856.1960925343
2018-12-08,1862.4016443490982,1554.4379560142745,307.9636883348237,16.53583636318447,1863164.1597808693
2018-12-09,1852.3695348836482,1545.9735657000904,306.3959691835578,16.540758386139366,1863470.555750053
2018-12-10,1842.4026769888587,1537.6026115320612,304.8000654567975,16.54361824717652,1863775.3558155098
2018-12-11,1832.482108041644,1529.2871490084556,303.1949590331885,16.545589051191886,1864078.550774543
2018-12-12,1822.6335133891553,1520.8590325287998,301.7744808603554,16.557057611610084,1864380.3252554035
2018-12-13,1812.9216156341136,1512.2779243451998,300.6436912889137,16.583380588341445,1864680.9689466925
2018-12-14,1803.2769327315036,1504.3492248524901,298.9277078790135,16.576916304597454,1864979.8966545716
2018-12-15,1793.6796804063488,1496.2175940029313,297.4620864034175,16.583902335116438,1865277.3587409751
2018-12-16,1784.13188561704,1488.3261309527782,295.80575466426194,16.57981436512233,1865573.1644956395
2018-12-17,1774.6878972095437,1480.5138277240087,294.17406948553503,16.576101631621192,1865867.3385651251
2018-12-18,1765.319619430462,1472.709637166093,292.6099822643689,16.57546764017569,1866159.9485473896
2018-12-19,1756.00254051527,1464.9039452824265,291.09859523284354,16.577344765539202,1866451.0471426225
2018-12-20,1746.73834979604,1457.0655240470999,289.6728257489401,16.583641492886677,1866740.7199683716
2018-12-21,1737.555533069186,1448.9708452314128,288.5846878377731,16.608659829595343,1867029.3046562094
2018-12-22,1728.4578174366616,1441.2580094394264,287.1998079972352,16.615957016709753,1867316.5044642068
2018-12-23,1719.4072074699216,1433.5776144676831,285.8295930022384,16.623728908455128,1867602.334057209
2018-12-24,1710.4362270969432,1425.930470257624,284.50575683931925,16.633520287523364,1867886.8398140485
2018-12-25,1701.662689087214,1418.3170019803558,283.3456871068581,16.65110770330441,1868170.1855011554
2018-12-26,1692.9875497594476,1410.73625288261,282.2512968768376,16.671788101273517,1868452.4367980324
2018-12-27,1684.3709266455844,1403.1899158871722,281.1810107584122,16.693532660195142,1868733.6178087909
2018-12-28,1675.8946380959824,1395.6787670113602,280.2158710846222,16.72037517841701,1869013.8336798756
2018-12-29,1667.4873332288116,1388.2035482277618,279.28378500104986,16.74878000184045,1869293.1174648767
2018-12-30,1659.1224341089837,1380.7650842350897,278.357349873894,16.77738448659958,1869571.4748147507
2018-12-31,1650.7993247665,1373.3636744912703,277.4356502752296,16.806140280828618,1869848.910465026
2019-01-01,1642.524233041564,1363.4203316273931,279.1039014141709,16.992376477596125,1870128.0143664402
2019-01-02,1634.4001610088162,1356.0278424967844,278.3723185120318,17.032078505193578,1870406.3866849523
2019-01-03,1626.350758610526,1348.5656986122783,277.7850599982478,17.080267496267144,1870684.1717449506
2019-01-04,1618.3311651402619,1341.1887590627018,277.14240607756005,17.12519736672932,1870961.3141510282
2019-01-05,1610.3427385701798,1333.9159193442035,276.42681922597626,17.16571339784567,1871237.7409702542
2019-01-06,49061.04088212084,47169.774711895036,1891.2661702258047,3.854924673877094,1873129.00714048
2019-01-07,15513.960759103144,15141.83664213481,372.1241169683344,2.398640313370541,1873501.1312574483
2019-01-08,66203.04660410015,64831.18760498107,1371.858999119082,2.0721991954885635,1874872.9902565675
2019-01-09,26525.560324275866,26038.589650082195,486.9706741936716,1.835854429615958,1875359.9609307612
2019-01-10,20607.568850092124,20207.581748590368,399.9871015017561,1.9409718070648008,1875759.948032263
2019-01-11,44230.637755225616,43392.59420576159,838.043549464026,1.8947127873258296,1876597.991581727
2019-01-12,24036.941671017557,23618.123402198573,418.8182688189845,1.7423941637466005,1877016.809850546
2019-01-13,22078.94732526038,21671.122452116368,407.8248731440108,1.8471210023560363,1877424.63472369
2019-01-14,25119.78950037768,24629.71166840788,490.0778319698002,1.950963131926053,1877914.71255566
2019-01-15,78530.40977961873,77132.36697603908,1398.0428035796504,1.7802566005996945,1879312.7553592396
2019-01-16,225576.003403201,222943.63406248763,2632.3693407133687,1.1669545080148427,1881945.124699953
2019-01-17,73512.79151266094,72732.99372289568,779.79778976526,1.0607647644981038,1882724.9224897183
2019-01-18,62559.071876135604,61862.31132300452,696.7605531310837,1.1137642107457109,1883421.6830428494
2019-01-19,109624.39661220877,108243.07705425823,1381.319557950541,1.260047581230385,1884803.0026008
2019-01-20,88525.46665577381,87581.93336195221,943.5332938216015,1.0658326123153652,1885746.5358946216
2019-01-21,59662.189638769254,59142.131637145096,520.0580016241584,0.8716709942643776,1886266.5938962458
2019-01-22,54456.814154431224,53966.46572930299,490.34842512823525,0.900435386722554,1886756.942321374
2019-01-23,50603.39131466858,50135.75855816927,467.63275649931165,0.9241134721414557,1887224.5750778734
2019-01-24,47392.02682422381,46940.79260352792,451.2342206958856,0.952131088145914,1887675.8092985693
2019-01-25,44566.17544974759,44127.42520761004,438.75024213755387,0.984491573956766,1888114.559540707
2019-01-26,42034.80187186599,41610.838156373036,423.96371549295145,1.0086016743585784,1888538.5232562
2019-01-27,39771.38633974688,39358.56835814731,412.81798159956816,1.037977349024428,1888951.3412377995
2019-01-28,37722.47909710789,37321.77080186762,400.7082952402707,1.0622533429172,1889352.0495330398
2019-01-29,35854.013929049484,35462.81030038025,391.20362866923097,1.0911013462631352,1889743.253161709
2019-01-30,39749.00508039698,39295.98796560662,453.0171147903602,1.1396942234757335,1890196.2702764994
2019-01-31,33999.8295171014,33617.340048174636,382.4894689267676,1.124974667106437,1890578.7597454262
2019-02-01,191525.56464514416,188779.3902859121,2746.174359232071,1.4338421945499253,1893324.9341046582
2019-02-02,83420.8296623397,82631.9450268913,788.8846354483976,0.9456686521118828,1894113.8187401067
2019-02-03,212941.63437935594,210643.8582053951,2297.776173960825,1.0790638386231846,1896411.5949140675
2019-02-04,113056.14804972071,112067.15739924341,988.9906504772953,0.874778300462129,1897400.585564545
2019-02-05,70926.85531762568,70477.29422187578,449.56109574990114,0.6338376257295916,1897850.1466602948
2019-02-06,64148.97311944468,63720.7492171615,428.2239022831782,0.6675459971679204,1898278.370562578
2019-02-07,59203.745433635544,58791.489686962275,412.25574667326873,0.6963338951847007,1898690.6263092514
2019-02-08,109599.4838795368,108472.61801710722,1126.8658624295786,1.0281671250095863,1899817.492171681
2019-02-09,106096.05606340419,105115.8348050415,980.221258362697,0.9238998080917407,1900797.7134300438
2019-02-10,64063.499044130556,63654.11575814063,409.38328598992666,0.639027358945724,1901207.0967160338
2019-02-11,63336.06177198673,62894.21217985336,441.84959213336697,0.6976271965314951,1901648.9463081672
2019-02-12,519147.73865323723,512844.3035753297,6303.435077907518,1.2141890657676297,1907952.3813860747
2019-02-13,708277.1101003212,702062.0528027359,6215.057297585299,0.8774895036075626,1914167.43868366
2019-02-14,326355.3224691671,324257.1037738684,2098.2186952987104,0.6429246134010708,1916265.6573789588
2019-02-15,204326.25155555765,203442.1424000704,884.1091554872401,0.43269484403321756,1917149.766534446
2019-02-16,144805.68630114725,144429.92095593244,375.7653452148079,0.2594962634501397,1917525.531879661
2019-02-17,116732.93955272809,116497.93691417767,235.00263855041703,0.20131647455366844,1917760.5345182114
2019-02-18,104862.58884931915,104633.63612253038,228.95272678876063,0.21833594735845316,1917989.4872450002
2019-02-19,95429.77109553013,95203.37635682995,226.39473870018264,0.23723701325192303,1918215.8819837004
2019-02-20,87528.3657304314,87307.5775316442,220.78819878719514,0.252247596473097,1918436.6701824877
2019-02-21,80788.98443853622,80568.9392785803,220.04515995591646,0.2723702513222276,1918656.7153424437
2019-02-22,74962.55842153635,74747.11416562932,215.4442559070303,0.28740248524539996,1918872.1595983508
2019-02-23,69881.01121388283,69670.42112845468,210.5900854281499,0.3013552348056367,1919082.749683779
2019-02-24,65434.869160710834,65236.45712917956,198.41203153127572,0.30322064378850866,1919281.1617153103
2019-02-25,1032859.373772522,1025673.1427219594,7186.231050562579,0.6957608395724626,1926467.3927658729
2019-02-26,1663189.756534791,1658676.7006597272,4513.055875063874,0.2713494270471397,1930980.4486409368
2019-02-27,210438.5522449029,210329.6989606688,108.85328423412284,0.05172687374670883,1931089.301925171
2019-02-28,163922.06407469604,163836.771934907,85.29213978903135,0.05203212896963365,1931174.59406496
2019-03-01,305705.6542001022,305338.8549639498,366.7992361523793,0.11998444618635933,1931541.3933011123
2019-03-02,178160.5763628488,177977.9988857344,182.5774771143915,0.10247916842306745,1931723.9707782269
2019-03-03,143033.87133384607,142874.4850870912,159.38624675487517,0.11143251963226396,1931883.3570249816
2019-03-04,122550.82131347976,122409.49480943914,141.32650404061133,0.11532073186119592,1932024.6835290221
2019-03-05,426476.38227241114,425751.5464083534,724.8358640577644,0.1699592038826611,1932749.51939308
2019-03-06,165208.43739461922,165013.14608673207,195.29130788714974,0.11820904002661446,1932944.810700967
2019-03-07,121664.54912455752,121521.37675645752,143.1723681000003,0.11767796710726601,1933087.983069067
2019-03-08,196033.68389606333,195690.92473525216,342.75916081116884,0.17484707423694545,1933430.742229878
2019-03-09,243791.3288476977,243367.16262648127,424.1662212164374,0.17398741096383466,1933854.9084510943
2019-03-10,123158.2784917856,122985.58441379176,172.69407799384499,0.14022125033630065,1934027.602529088
2019-03-11,104272.20700985007,104126.68842927963,145.51858057043864,0.13955644053519672,1934173.1211096584
2019-03-12,94665.7704660506,94518.04923093403,147.72123511656537,0.1560450354857057,1934320.8423447749
2019-03-13,86895.3928026366,86747.42408842352,147.96871421308606,0.1702837278716995,1934468.8110589879
2019-03-14,80365.93768334994,80219.79119300834,146.14649034160539,0.18185128495288339,1934614.9575493294
2019-03-15,74734.83310476644,74589.92214641898,144.91095834746375,0.19390015649639766,1934759.8685076768
2019-03-16,69842.74963551853,69699.54681017148,143.20282534704893,0.20503606472306343,1934903.0713330237
2019-03-17,65534.00910943886,65393.24368950063,140.76541993823048,0.21479751025632893,1935043.8367529619
2019-03-18,61655.1397325811,61515.83874691641,139.3009856646895,0.22593572290791056,1935183.1377386265
2019-03-19,58149.86864755396,58008.110886829345,141.75776072461304,0.24378001880589975,1935324.895499351
2019-03-20,75376.51015575226,75152.77085012091,223.7393056313449,0.29682895263926,1935548.6348049822
2019-03-21,62517.48750685903,62337.73033839085,179.7571684681825,0.2875310183386059,1935728.3919734503
2019-03-22,359428.28512617445,358159.86394567695,1268.4211804975057,0.35289965564402825,1936996.8131539477
2019-03-23,88185.13292194251,88013.03814351364,172.09477842887281,0.1951516913641252,1937168.9079323765
2019-03-24,78722.46235070005,78556.18399514715,166.2783555529022,0.21122097885118243,1937335.1862879293
2019-03-25,172667.72744672955,172145.18647667032,522.5409700592281,0.30262804624010553,1937857.7272579884
2019-03-26,166907.59174083747,166486.33913459312,421.2526062443503,0.2523867260025189,1938278.9798642327
2019-03-27,122247.33743591279,121953.357284889,293.9801510237885,0.24047979873418943,1938572.9600152564
2019-03-28,256450.00020737702,255761.1852884579,688.8149189191172,0.26859618575243144,1939261.7749341754
2019-03-29,94131.43715933012,93955.70699981498,175.73015951513662,0.18668594129471294,1939437.5050936905
2019-03-30,84212.26951066637,84044.22521286077,168.04429780560895,0.19954847290313718,1939605.549391496
2019-03-31,77188.11608610908,77022.44423619044,165.67184991863905,0.2146338818968192,1939771.2212414145
2019-04-01,71526.47402998945,71333.69896801042,192.7750619790313,0.26951567876560645,1939963.9963033935
2019-04-02,66705.6604879396,66522.70400481105,182.95648312855337,0.27427429964752686,1940146.952786522
2019-04-03,62505.33251809189,62327.472779586846,177.85973850504524,0.28455130360847936,1940324.812525027
2019-04-04,99430.04006899081,99008.7126510923,421.3274178985157,0.42374258081981286,1940746.1399429254
2019-04-05,98608.24937965862,98199.41967409283,408.8297055657895,0.4145999022776738,1941154.9696484911
2019-04-06,100711.45470642103,100307.62310370135,403.8316027196852,0.40097882003281027,1941558.8012512107
2019-04-07,65791.80529591208,65594.9422150626,196.86308084947814,0.299221278340131,1941755.6643320601
2019-04-08,73247.98158650823,72971.67379815568,276.3077883525548,0.3772223921641122,1942031.9721204126
2019-04-09,59434.754486345686,59243.637063349066,191.11742299662,0.32155836201952614,1942223.0895434092
2019-04-10,55602.10731695872,55412.129278715634,189.97803824308357,0.34167416921829513,1942413.0675816522
2019-04-11,52416.52473507216,52224.89924652449,191.62548854767374,0.36558220812272996,1942604.6930701998
2019-04-12,49601.29391827481,49409.25496679538,192.03895147942967,0.3871652053993615,1942796.7320216792
2019-04-13,47076.57222086843,46882.30513736785,194.26708350057743,0.41266191299812044,1942990.9991051797
2019-04-14,44788.76310601272,44592.330513290995,196.43259272172145,0.43857561383594257,1943187.4316979013
2019-04-15,42705.549600385595,42508.13859918055,197.41100120504416,0.4622607671656372,1943384.8426991063
2019-04-16,40801.33204487618,40603.55823139095,197.7738134852334,0.4847239135911245,1943582.6165125915
2019-04-17,39061.55706438422,38860.45512556837,201.10193881585292,0.5148333910099422,1943783.7184514073
2019-04-18,37449.055376450066,37245.69136185425,203.36401459581248,0.5430417738218798,1943987.082466003
2019-04-19,35946.09958168678,35739.53910933475,206.56047235203005,0.5746394595125003,1944193.642938355
2019-04-20,34536.038648378104,34326.60756020474,209.4310881733618,0.6064131740922671,1944403.0740265283
2019-04-21,33202.28584575094,32988.95771142694,213.32813432400144,0.6425103841195382,1944616.4021608522
2019-04-22,31953.94491766859,31737.808929520128,216.13598814846046,0.6763984500359779,1944832.5381490006
2019-04-23,30793.349906787276,30574.85345950949,218.4964472777865,0.7095572516117413,1945051.0345962783
2019-04-24,29709.118705531117,29486.84466511936,222.2740404117576,0.7481677346772847,1945273.30863669
2019-04-25,28686.69808349153,28464.173524821577,222.52455866995297,0.7757064198267218,1945495.83319536
2019-04-26,27728.901175078005,27505.20923702645,223.69193805155373,0.8067104305330428,1945719.5251334114
2019-04-27,26826.629685627297,26599.714242890877,226.9154427364192,0.8458589297111444,1945946.4405761478
2019-04-28,25970.458058465272,25739.770871833367,230.6871866319052,0.8882676852005347,1946177.1277627796
2019-04-29,25153.555956088938,24920.469270961294,233.08668512764416,0.9266550047021113,1946410.2144479072
2019-04-30,24377.94196967315,24143.799425022145,234.14254465100385,0.9604688736329088,1946644.356992558
2019-05-01,23645.487733619753,23346.476472346185,299.0112612735684,1.26455949922499,1946943.3682538318
2019-05-02,22958.305390803143,22658.48871045241,299.8166803507338,1.3059181644601574,1947243.1849341826
2019-05-03,22307.532691839617,22005.71413185548,301.8185599841381,1.3529894325540863,1947545.0034941668
2019-05-04,21689.12263049651,21383.10117297627,306.0214575202408,1.4109443831994937,1947851.024951687
2019-05-05,21097.484701410867,20782.773437481446,314.71126392942097,1.4917004011780373,1948165.7362156166
2019-05-06,20534.439577830024,20213.52561358463,320.9139642453956,1.5628084858564626,1948486.650179862
2019-05-07,19998.441218139604,19674.24888570288,324.1923324367235,1.6210880083126908,1948810.8425122988
2019-05-08,19486.149133649655,19159.02819476284,327.12093888681557,1.6787356837063654,1949137.9634511857
2019-05-09,18998.253606252838,18668.501346834077,329.75225941876124,1.7356977449244644,1949467.7157106046
2019-05-10,18533.763670143206,18202.929889125822,330.83378101738344,1.785032910235804,1949798.549491622
2019-05-11,18096.67939698603,17762.338721889144,334.3406750968861,1.8475249948483363,1950132.890166719
2019-05-12,17679.626376864035,17341.518810576832,338.10756628720264,1.9124135266210036,1950470.9977330063
2019-05-13,17277.07763322955,16936.100412629152,340.97722060039814,1.9735815734519004,1950811.9749536067
2019-05-14,16890.600498706568,16545.897794045115,344.702704661453,2.040796031424989,1951156.6776582683
2019-05-15,16519.397432904225,16171.2755489229,348.1218839813246,2.1073521924469025,1951504.7995422496
2019-05-16,16160.012299189344,15806.20614833811,353.80615085123463,2.189392831520203,1951858.605693101
2019-05-17,15812.876830997877,15454.950604797878,357.9262261999993,2.2635111246699835,1952216.531919301
2019-05-18,111082.17693239392,108983.2497206931,2098.927211700822,1.8895265376175128,1954315.459131002
2019-05-19,50850.03522978192,50182.092420066125,667.9428097157943,1.313554271294964,1954983.4019407178
2019-05-20,51060.04952709016,50438.985777958034,621.0637491321249,1.216339887807231,1955604.46568985
2019-05-21,35475.65665895911,35095.60769658962,380.04896236948844,1.0712950743182648,1955984.5146522196
2019-05-22,33032.093156934716,32647.00404550841,385.0891114263068,1.1658029347300436,1956369.603763646
2019-05-23,31314.44321307121,30927.28292266892,387.1602904022875,1.2363633220873615,1956756.7640540483
2019-05-24,29894.497393976897,29509.283926815333,385.21346716156404,1.2885764964865285,1957141.97752121
2019-05-25,28673.529165867716,28285.633826886842,387.89533898087393,1.3527994295261543,1957529.872860191
2019-05-26,27579.45693472121,27200.877525988573,378.5794087326358,1.372686233919358,1957908.4522689236
2019-05-27,26547.840065031312,26170.224269357117,377.6157956741954,1.4223974332721294,1958286.068064598
2019-05-28,25576.3288833471,25195.970494275985,380.3583890711161,1.4871500550603636,1958666.426453669
2019-05-29,24674.957470383495,24292.886604765037,382.0708656184579,1.5484154980896905,1959048.4973192876
2019-05-30,23832.745764514897,23451.890767130142,380.8549973847548,1.5980323926914803,1959429.3523166724
2019-05-31,23046.164811264258,22664.515890929455,381.6489203348028,1.6560192268878706,1959811.0012370073
2019-06-01,22306.471780228894,21844.04239119776,462.42938903113463,2.073072754791298,1960273.4306260385
2019-06-02,21613.294111856725,21137.266664601866,476.027447254859,2.2024752209970506,1960749.4580732933
2019-06-03,20960.01576964557,20463.47769264458,496.5380770009906,2.368977592660403,1961245.9961502943
2019-06-04,20343.00745488191,19834.799488134686,508.2079667472244,2.4981948606879403,1961754.2041170415
2019-06-05,19763.753220829647,19241.435244018216,522.3179768114314,2.6428076235081903,1962276.522093853
2019-06-06,19218.388307267334,18682.258363737263,536.1299435300716,2.7896717193883362,1962812.652037383
2019-06-07,18697.864418436307,18150.737516170837,547.1269022654706,2.9261464840123517,1963359.7789396485
2019-06-08,18201.178261035122,17638.60504727811,562.5732137570121,3.090861512858003,1963922.3521534055
2019-06-09,17730.99277261924,17154.70475860639,576.2880140128509,3.2501734189569635,1964498.6401674184
2019-06-10,17280.329451061785,16686.462344955657,593.8671061061286,3.436665416524444,1965092.5072735245
2019-06-11,16848.334353602026,16244.524883660491,603.8094699415342,3.5837932537968955,1965696.316743466
2019-06-12,16434.976528019644,15823.851491159763,611.1250368598812,3.7184417989157885,1966307.441780326
2019-06-13,16041.576221341267,15422.918452217247,618.65776912402,3.856589655454025,1966926.09954945
2019-06-14,15666.191342657898,15038.710726900961,627.4806157569365,4.005316940361583,1967553.580165207
2019-06-15,15305.121455073357,14669.262104540136,635.859350533221,4.154552790709451,1968189.4395157401
2019-06-16,14957.805900366511,14316.46058203001,641.3453183365018,4.287696488432083,1968830.7848340767
2019-06-17,14626.186485273764,13982.760866386354,643.4256188874097,4.399134521737683,1969474.210452964
2019-06-18,14307.337860745843,13664.687294161417,642.650566584427,4.491755019972147,1970116.8610195485
2019-06-19,14001.574891484343,13358.259272434287,643.3156190500558,4.5945947083518135,1970760.1766385986
2019-06-20,13707.392849137075,13062.449173323814,644.9436758132615,4.705079097910751,1971405.1203144118
2019-06-21,13423.833335287403,12775.764918350153,648.0684169372507,4.827744808434599,1972053.188731349
2019-06-22,13151.907743250486,12496.677349103618,655.2303941468672,4.982017871005286,1972708.419125496
2019-06-23,12889.240313061513,12230.827331893615,658.4129811678977,5.108237298521656,1973366.8321066638
2019-06-24,12635.33134280704,11973.142318185888,662.1890246211515,5.240772929932844,1974029.021131285
2019-06-25,12389.11427719146,11720.844981419858,668.2692957716026,5.39400380705097,1974697.2904270566
2019-06-26,12152.346772380173,11468.009163443934,684.3376089362391,5.631320614480819,1975381.6280359928
2019-06-27,11922.80794342421,11231.326950110499,691.4809933137112,5.799648846101593,1976073.1090293066
2019-06-28,11699.69956757361,11001.646671327766,698.0528962458447,5.966417276051588,1976771.1619255524
2019-06-29,11484.760662219487,10780.494812677152,704.2658495423348,6.132176980048898,1977475.4277750948
2019-06-30,11276.413369718939,10566.556431250185,709.8569384687544,6.295059565437404,1978185.2847135635
2019-07-01,11073.384755089413,10098.208448520167,975.1763065692467,8.80648806247835,1979160.4610201328
2019-07-02,10876.096006494947,9869.724922856087,1006.37108363886,9.25305443274755,1980166.8321037716
2019-07-03,10685.715798467398,9661.624363585146,1024.0914348822516,9.583742017817208,1981190.9235386539
2019-07-04,10502.098381387535,9460.339955510808,1041.7584258767274,9.919526441715645,1982232.6819645306
2019-07-05,10324.111885666382,9267.549237391217,1056.562648275165,10.233932564621446,1983289.2446128058
2019-07-06,10151.756068816409,9078.410828610187,1073.3452402062212,10.573000699881497,1984362.589853012
2019-07-07,9983.77911363123,8897.888456901772,1085.890656729458,10.87654929431332,1985448.4805097415
2019-07-08,9820.12917500129,8713.62370400038,1106.50547100091,11.267728267950861,1986554.9859807424
2019-07-09,9660.473340085242,8536.541363362925,1123.931976722317,11.634336508736741,1987678.9179574647
2019-07-10,9505.606712849345,8358.999816341795,1146.6068965075501,12.062427272081509,1988825.5248539723
2019-07-11,9356.695823837072,8201.094948313901,1155.6008755231705,12.35052306156162,1989981.1257294954
2019-07-12,9213.273549217265,8048.778580102841,1164.4949691144238,12.639318293261315,1991145.6206986099
2019-07-13,9074.926380581921,7900.270188256404,1174.6561923255167,12.943974893713605,1992320.2768909354
2019-07-14,8939.990930807311,7755.39316608082,1184.5977647264908,13.250547723089442,1993504.8746556619
2019-07-15,8808.74759722664,7616.428823841507,1192.3187733851328,13.535621951076498,1994697.193429047
2019-07-16,8680.453036694787,7482.565920142229,1197.8871165525588,13.799822560973988,1995895.0805455996
2019-07-17,8555.396558741806,7352.46932746843,1202.9272312733765,14.0604497174855,1997098.007776873
2019-07-18,8434.098955738591,7224.919591722083,1209.1793640165079,14.336793655874501,1998307.1871408895
2019-07-19,8316.763040649472,7100.035423827129,1216.7276168223425,14.629821853471082,1999523.9147577118
2019-07-20,8202.041117743589,6978.255420625447,1223.7856971181418,14.920501854967652,2000747.70045483
2019-07-21,8090.262618947541,6860.3293776672845,1229.9332412802569,15.202636789561454,2001977.6336961102
2019-07-22,7981.238267346285,6742.420791893038,1238.8174754532474,15.521620003773512,2003216.4511715635
2019-07-23,7874.47684618202,6624.7782778574665,1249.698568324554,15.870242464811824,2004466.149739888
2019-07-24,7769.771423379192,6512.9687171396845,1256.8027062395076,16.1755428539094,2005722.9524461275
2019-07-25,7667.0783970290795,6405.048911794792,1262.0294852342877,16.460370168163564,2006984.9819313618
2019-07-26,7566.68680213904,6297.960625387733,1268.7261767513073,16.767261681726392,2008253.7081081131
2019-07-27,7468.1969194673,6193.321394523843,1274.875524943457,17.07072722761564,2009528.5836330566
2019-07-28,7371.814438255271,6091.793043400864,1280.021394854407,17.363722399357584,2010808.605027911
2019-07-29,7277.415052474244,5989.084254720486,1288.330797753758,17.703137562777034,2012096.9358256648
2019-07-30,7184.914371923078,5887.26409048378,1297.650281439298,18.060761955775064,2013394.586107104
2019-07-31,7094.53706123936,5790.179360653278,1304.3577005860816,18.385381446696123,2014698.9438076902
2019-08-01,7006.894413590198,5868.251886148433,1138.6425274417652,16.25031662006088,2015837.586335132
2019-08-02,6921.359281343175,5783.314766693124,1138.0445146500515,16.44250021405044,2016975.630849782
2019-08-03,6837.334813977359,5698.967001198054,1138.3678127793046,16.64929162825511,2018113.9986625612
2019-08-04,6754.60687576863,5616.7441202385435,1137.8627555300864,16.845728796031597,2019251.8614180912
2019-08-05,6673.170551278861,5534.460792043907,1138.7097592349546,17.06399904640126,2020390.5711773261
2019-08-06,6593.471854284871,5455.272558919349,1138.1992953655226,17.2625184503646,2021528.7704726916
2019-08-07,6516.2016349225305,5376.438800181457,1139.7628347410737,17.491214953090136,2022668.5333074327
2019-08-08,6441.1813554363325,5296.268807911043,1144.9125475252895,17.77488451802382,2023813.445854958
2019-08-09,6367.461443121079,5214.358542626918,1153.102900494161,18.10930322538326,2024966.548755452
2019-08-10,6295.246916265925,5140.970850173811,1154.276066092114,18.335675811375193,2026120.824821544
2019-08-11,6224.536341861356,5068.499146408596,1156.03719545276,18.572261963966046,2027276.8620169968
2019-08-12,6155.086225133622,4997.984585100281,1157.101640033341,18.799113411416446,2028433.9636570301
2019-08-13,6087.394812121056,4929.128494513416,1158.2663176076403,19.02729087492948,2029592.2299746377
2019-08-14,6020.97025731625,4861.850916104586,1159.1193412116645,19.25137131848785,2030751.3493158494
2019-08-15,5955.537820837926,4795.778758370978,1159.7590624669483,19.47362433681554,2031911.1083783163
2019-08-16,5891.274643360637,4729.138020468605,1162.1366228920324,19.726403762244217,2033073.2450012083
2019-08-17,5827.951666755136,4663.958936873785,1163.992729881351,19.97258722170279,2034237.2377310896
2019-08-18,5765.523901966168,4600.939026619735,1164.5848753464325,20.199116249423298,2035401.822606436
2019-08-19,5704.055707952706,4538.726602449975,1165.3291055027312,20.429833879041652,2036567.1517119387
2019-08-20,5643.606479977956,4476.117773099299,1167.4887068786575,20.686926188432928,2037734.6404188173
2019-08-21,5584.349729866954,4415.450573038504,1168.8991568284491,20.931696855889754,2038903.5395756457
2019-08-22,5526.217625662917,4356.256316793113,1169.9613088698043,21.171104508021564,2040073.5008845155
2019-08-23,5469.173330884427,4297.594559880401,1171.5787710040258,21.421496451540847,2041245.0796555195
2019-08-24,5412.880060895113,4240.489957735603,1172.3901031595105,21.659266231102034,2042417.469758679
2019-08-25,5357.337651244365,4184.343819002117,1172.9938322422477,21.895088728816503,2043590.4635909211
2019-08-26,5302.718544923002,4129.054183418824,1173.6643615041776,22.133257716042323,2044764.1279524253
2019-08-27,5249.047258644598,4074.6722239411524,1174.3750347034452,22.37310842971322,2045938.5029871287
2019-08-28,5196.254151279572,4021.141757787633,1175.1123934919392,22.61460581566375,2047113.6153806206
2019-08-29,5144.279511240311,3968.7173220635946,1175.5621891767164,22.851833509592534,2048289.1775697973
2019-08-30,5093.273607417941,3917.43880928304,1175.8347981349011,23.086032457050663,2049465.0123679321
2019-08-31,5043.582587450044,3867.5668045421685,1176.0157829078757,23.317071992320656,2050641.02815084
2019-09-01,4995.506889232434,4015.0363451040566,980.4705441283777,19.627048182872752,2051621.4986949684
2019-09-02,4948.760719547281,3972.78008809483,975.9806314524512,19.721717956525794,2052597.479326421
2019-09-03,4902.866017551627,3931.099450568271,971.7665669833559,19.82037778524963,2053569.2458934044
2019-09-04,4857.736862175167,3889.8583229059104,967.8785392692562,19.92447443593858,2054537.1244326737
2019-09-05,4813.529252405278,3848.9783893230588,964.5508630822196,20.038329726577274,2055501.675295756
2019-09-06,4769.96896326961,3808.205515129327,961.7634481402829,20.162886919101357,2056463.4387438963
2019-09-07,4726.870586937992,3767.829720249235,959.040866688757,20.289128907800535,2057422.4796105851
2019-09-08,4684.347831237363,3727.9979653259024,956.3498659114603,20.415859376071182,2058378.8294764967
2019-09-09,4642.512694275007,3687.6964445573494,954.8162497176572,20.56679889955078,2059333.6457262144
2019-09-10,4601.263849311043,3648.118629401618,953.1452199094247,20.714856855082136,2060286.790946124
2019-09-11,4560.4181530876085,3609.3057255843405,951.112427503268,20.855816189998325,2061237.9033736272
2019-09-12,4520.046311800834,3570.894999713938,949.1513120868958,20.99870768157559,2062187.0546857142
2019-09-13,4480.386216140585,3532.922014366205,947.46420177438,21.146931448926022,2063134.5188874886
2019-09-14,4441.3621126895305,3495.3873345668644,945.9747781226661,21.299204030671063,2064080.4936656114
2019-09-15,4402.773710700218,3458.284906030468,944.4888046697497,21.452131468267947,2065024.9824702812
2019-09-16,4364.697351491079,3421.6556371257857,943.041714365293,21.60611924313902,2065968.0241846466
2019-09-17,4327.156299012946,3385.123950862161,942.0323481507849,21.77024084768255,2066910.0565327974
2019-09-18,4290.052077577915,3348.8970571042255,941.1550204736895,21.938079152760505,2067851.2115532712
2019-09-19,4253.3723289372865,3313.268743899952,940.1035850373346,22.10254622294544,2068791.3151383086
2019-09-20,4217.0794562774245,3277.976392372114,939.1030639053106,22.26903888442008,2069730.418202214
2019-09-21,4181.185982011259,3243.018120957141,938.1678610541176,22.43784096403276,2070668.5860632681
2019-09-22,4145.650593383471,3208.4500144408767,937.2005789425939,22.606839573947262,2071605.7866422108
2019-09-23,4110.569246246479,3174.395210855243,936.1740353912364,22.774802692986945,2072541.960677602
2019-09-24,4075.912693239283,3140.725247630685,935.187445608598,22.94424625826244,2073477.1481232108
2019-09-25,4041.695749808103,3107.3814842242964,934.3142655838064,23.116887648660022,2074411.4623887946
2019-09-26,4007.9958495413885,3072.7086993640505,935.2871501773379,23.335531903915456,2075346.749538972
2019-09-27,3974.751951383194,3035.3754925786734,939.3764588045206,23.63358695824081,2076286.1259977766
2019-09-28,3941.8513245710637,3003.031302676837,938.8200218942266,23.81672834899183,2077224.946019671
2019-09-29,3909.2829320512246,2971.0412444927015,938.2416875585232,24.000352593211307,2078163.1877072295
2019-09-30,3877.00632063346,2937.901406250264,939.104914383196,24.222424126194273,2079102.2926216128
2019-10-01,3845.0973543508444,3163.3644578943145,681.7328964565299,17.729925503319922,2079784.0255180693
2019-10-02,3813.5696068196557,3139.1948766598593,674.3747301597964,17.68355634452925,2080458.400248229
2019-10-03,3782.610961476341,3114.4778529100236,668.1331085663173,17.66327849654269,2081126.5333567953
2019-10-04,3751.982715935912,3089.404287563136,662.5784283727758,17.659421125758016,2081789.111785168
2019-10-05,3721.6526779900305,3064.1078541006077,657.5448238894228,17.6680867556009,2082446.6566090574
2019-10-06,3691.6212920211256,3038.704488859244,652.9168031618815,17.686451331642854,2083099.5734122193
2019-10-07,3661.9146011327393,3013.3433483633794,648.57125276936,17.711261004523084,2083748.1446649886
2019-10-08,3632.516670551384,2988.206865358364,644.3098051930197,17.73728419242792,2084392.4544701816
2019-10-09,3603.4973553142045,2963.341904971015,640.1554503431894,17.764837523722047,2085032.6099205248
2019-10-10,3574.8792456965894,2938.532156607334,636.3470890892554,17.800519831691794,2085668.957009614
2019-10-11,3546.7542956122197,2913.9977625275146,632.7565330847051,17.840438901209037,2086301.7135426986
2019-10-12,3518.9074168913066,2889.8388284144107,629.0685884768959,17.87681555522797,2086930.7821311755
2019-10-13,3491.4798419862054,2865.872804609325,625.6070373768803,17.918105379093063,2087556.3891685524
2019-10-14,3464.72824258497,2842.2254856906015,622.5027568943683,17.966856656842168,2088178.8919254467
2019-10-15,3438.317958759377,2818.731529510778,619.586429248599,18.020044588085735,2088798.4783546953
2019-10-16,3412.201234492706,2795.404584885074,616.7966496076319,18.076209672883827,2089415.2750043028
2019-10-17,3386.3303328878246,2772.225850024924,614.1044828629006,18.134807372416002,2090029.3794871657
2019-10-18,3360.75982769439,2749.2730187885113,611.4868089058787,18.19489759032802,2090640.8662960716
2019-10-19,3335.402661469998,2726.4659047093824,608.9367567606155,18.256768929129574,2091249.8030528321
2019-10-20,3310.2508960699197,2703.778829823213,606.4720662467066,18.32103019643429,2091856.2751190788
2019-10-21,3285.2872189208865,2681.2561458698124,604.0310730510741,18.385944144313793,2092460.3061921299
2019-10-22,3260.5296671034303,2658.9660816387855,601.5635854646448,18.449873084548813,2093061.8697775945
2019-10-23,3235.9817227923777,2636.902984619804,599.0787381725736,18.513044556247355,2093660.948515767
2019-10-24,3211.6508829589,2615.0663139454205,596.5845690134797,18.575635732357224,2094257.5330847804
2019-10-25,3187.6295290049165,2593.4107543839723,594.2187746209443,18.64140011296864,2094851.7518594014
2019-10-26,3163.917564249132,2572.0289385963347,591.8886256527971,18.707460407340466,2095443.640485054
2019-10-27,3140.454699227819,2550.8098095103283,589.644889717491,18.775780776665048,2096033.2853747716
2019-10-28,3117.3234085440636,2529.7828740113996,587.540534532664,18.84759640024238,2096620.8259093042
2019-10-29,3094.468071350595,2508.9507630259845,585.5173083246104,18.921420251366776,2097206.343217629
2019-10-30,3071.8741201122757,2488.2642728557926,583.6098472564831,18.998494874365242,2097789.9530648855
2019-10-31,3049.5654768396635,2467.750400702434,581.8150761372294,19.078622202274474,2098371.768141023
2019-11-01,3027.4233327463735,2595.8751384019497,431.5481943444238,14.254636597285462,2098803.3163353675
2019-11-02,3005.4260045725387,2579.3664770142286,426.05952755831004,14.176343949579568,2099229.375862926
2019-11-03,2983.6025566221215,2562.6354525819997,420.96710404012174,14.109355922952375,2099650.342966966
2019-11-04,2962.0736744327005,2545.780863575136,416.2928108575643,14.054100492192962,2100066.6357778236
2019-11-05,2940.7306414556224,2528.8500037178974,411.880637737725,14.006064749060105,2100478.5164155615
2019-11-06,2919.6121288873255,2511.9370210580173,407.6751078293082,13.963331080717033,2100886.191523391
2019-11-07,2898.838102777023,2495.1375877975597,403.70051497946315,13.926287038683775,2101289.8920383705
2019-11-08,2878.231246732641,2478.310762523405,399.92048420923584,13.89466133630591,2101689.81252258
2019-11-09,2857.745573271066,2461.4839726753644,396.26160059570157,13.86623093049281,2102086.074123176
2019-11-10,2837.426911046263,2444.6881980506814,392.7387129955814,13.841368440773838,2102478.8128361716
2019-11-11,2817.3031866177917,2427.9413345874864,389.3618520303053,13.820374529790639,2102868.174688202
2019-11-12,2797.3937572971918,2411.2219131732936,386.17184412389815,13.804701004874364,2103254.3465323257
2019-11-13,2777.7114020402078,2394.644163510028,383.06723853017957,13.790750120722391,2103637.413770856
2019-11-14,2758.201975173317,2378.1642081609107,380.0377670124062,13.77846040402918,2104017.4515378685
2019-11-15,2738.847673161188,2361.754699534701,377.09297362648704,13.768307647107841,2104394.544511495
2019-11-16,2719.651601180667,2345.4204348995927,374.23116628107437,13.760261281945507,2104768.7756777764
2019-11-17,2700.614441995742,2329.2169621160365,371.3974798797053,13.752332584182,2105140.173157656
2019-11-18,2681.734025648795,2313.1758179652616,368.5582076835335,13.743279689877813,2105508.73136534
2019-11-19,2663.0112943286076,2297.3561963198817,365.6550980087259,13.730887990879287,2105874.3864633488
2019-11-20,2644.5137216886505,2281.653183153562,362.8605385350884,13.721257543840018,2106237.247001884
2019-11-21,2626.2015659052413,2266.021790982887,360.1797749223542,13.714856452695843,2106597.4267768064
2019-11-22,2608.0512275444344,2250.485421525512,357.56580601892256,13.710076023145545,2106954.9925828255
2019-11-23,2590.231042187428,2235.2426896353363,354.9883525520918,13.704891446760946,2107309.9809353775
2019-11-24,2572.721960579045,2220.1867787206656,352.5351818583795,13.702809213749395,2107662.516117236
2019-11-25,2555.372632493265,2205.309629339922,350.06300315334283,13.699098076815044,2108012.5791203897
2019-11-26,2538.206340114353,2190.668551315751,347.5377887986024,13.692259108569749,2108360.116909188
2019-11-27,2521.2335510875564,2176.170913220115,345.0626378674415,13.68626233450668,2108705.1795470556
2019-11-28,2504.4199664811604,2162.065034660708,342.3549318204523,13.670028845101353,2109047.5344788763
2019-11-29,2487.7459323112853,2148.212259181274,339.53367313001127,13.64824553504792,2109387.0681520062
2019-11-30,2471.239743615035,2134.5957314846682,336.6440121303667,13.62247483272948,2109723.7121641366
2019-12-01,2454.9872408369556,2118.9256403365625,336.06160050039307,13.688934708508821,2110059.773764637
2019-12-02,2439.049269432202,2105.4676916365033,333.58157779569865,13.676705180841006,2110393.3553424324
2019-12-03,2423.3843004796654,2092.154280041902,331.2300204377634,13.668076514822777,2110724.5853628702
2019-12-04,2408.0263699847274,2079.0432380280445,328.9831319566829,13.661940585757348,2111053.568494827
2019-12-05,2392.809404210653,2066.0165030302933,326.7929011803599,13.657289235210243,2111380.3613960072
2019-12-06,2377.7076056119986,2053.1217454647167,324.5858601472819,13.651210072305616,2111704.9472561544
2019-12-07,2362.8047985914163,2040.323254426102,322.4815441653143,13.648251618481616,2112027.42880032
2019-12-08,2348.0055770841427,2027.5744511986607,320.43112588548206,13.646949096407498,2112347.859926205
2019-12-09,2333.322606816655,2014.8626787626174,318.4599280540376,13.648345373403444,2112666.319854259
2019-12-10,2318.729298387887,2002.2057524340682,316.5235459538187,13.650733018894615,2112982.843400213
2019-12-11,2304.2675640229136,1989.6529511558813,314.6146128670323,13.653562536711721,2113297.45801308
2019-12-12,2290.0066996803507,1977.2729038471346,312.73379583321616,13.65645768096962,2113610.1918089134
2019-12-13,2275.8560687699355,1965.005141473933,310.8509272960025,13.658637361193607,2113921.0427362095
2019-12-14,2261.898371015908,1952.8998764418986,308.99849457400956,13.661024674385617,2114230.0412307833
2019-12-15,2248.211186448345,1940.6848435437762,307.52634290456876,13.678712425160978,2114537.567573688
2019-12-16,2234.654149004724,1928.9367728485715,305.71737615615234,13.68074680783662,2114843.2849498442
2019-12-17,2221.168776792474,1917.2842774282665,303.8844993642076,13.68128809207549,2115147.1694492083
2019-12-18,2207.8319822526537,1905.693933929176,302.13804832347773,13.684829767490092,2115449.3074975316
2019-12-19,2194.738449023105,1894.220203328737,300.51824569436826,13.692667836029903,2115749.825743226
2019-12-20,2181.8058673641644,1882.8183210660693,298.98754629809514,13.703673217237307,2116048.813289524
2019-12-21,2168.9581019149628,1871.4716890380707,297.486412876892,13.71563667432039,2116346.299702401
2019-12-22,2156.1873989023734,1860.2333696802136,295.95402922215976,13.725802746682309,2116642.253731623
2019-12-23,2143.496516332729,1849.0635665218335,294.43294981089525,13.736105823705069,2116936.6866814336
2019-12-24,2130.881600894034,1837.9292333066453,292.9523675873886,13.747942047295231,2117229.639049021
2019-12-25,2118.3468868325,1827.0351381223638,291.31174871013604,13.751843502162467,2117520.950797731
2019-12-26,2106.025122664403,1816.2401810980857,289.78494156631746,13.759804593389694,2117810.7357392972
2019-12-27,2093.9523947043344,1805.5102392738675,288.442155430467,13.77501017501379,2118099.177894728
2019-12-28,2082.134945799131,1794.889660464459,287.24528533467196,13.795709346995574,2118386.4231800623
2019-12-29,2070.385446706321,1784.4465376023193,285.9389091040018,13.810902194994107,2118672.3620891664
2019-12-30,2058.7015045818407,1774.069031737837,284.6324728440038,13.825825269497619,2118956.9945620103
2019-12-31,2047.2098756160121,1763.2031803912007,284.00669522481144,13.872866607745966,2119241.001257235
2020-01-01,2035.8060401310213,1750.663673353644,285.1423667773772,14.006362156142629,2119526.1436240124
2020-01-02,2024.4825900816359,1740.5855129477866,283.8970771338493,14.023191828110576,2119810.0407011462
2020-01-03,2013.27146692737,1730.5372981943954,282.7341687329747,14.043519385117003,2120092.7748698792
2020-01-04,2002.0980086645577,1720.5735258742068,281.52448279035093,14.061473592800475,2120374.2993526696
2020-01-05,1990.966030685231,1710.7293086934667,280.2367219917644,14.075414531071395,2120654.536074661
2020-01-06,1979.9125749380328,1701.0256742367353,278.88690070129746,14.085818951375975,2120933.4229753623
2020-01-07,1968.9416815396398,1691.3658969798423,277.5757845597975,14.09771488725575,2121210.998759922
2020-01-08,1958.0159109209199,1681.7427233225033,276.2731875984166,14.10985406489757,2121487.2719475203
2020-01-09,1947.1574128575157,1672.158562969679,274.99884988783674,14.123092877440616,2121762.270797408
2020-01-10,1936.4734290600754,1662.611335008202,273.8620940518733,14.14231096291367,2122036.13289146
2020-01-11,1925.866989558097,1653.0964419225063,272.7705476355907,14.163519553247014,2122308.9034390952
2020-01-12,1915.3180241482332,1643.625557246182,271.69246690205114,14.185240439267327,2122580.5959059973
2020-01-13,5440.255384881391,5100.821614633445,339.4337702479461,6.23929845630485,2122920.029676245
2020-01-14,3149.3978821076453,2929.9708843366543,219.42699777099097,6.967268220303294,2123139.456674016
2020-01-15,20694.091197172733,19943.717097189103,750.37409998363,3.626030700425963,2123889.830774
2020-01-16,23194.111925331497,22628.425813824957,565.6861115065403,2.4389211939980555,2124455.5168855065
2020-01-17,11795.747544937534,11486.814025367872,308.93351956966217,2.619024511950066,2124764.450405076
2020-01-18,10285.344195018522,9989.438795812224,295.90539920629817,2.8769615639077335,2125060.3558042822
2020-01-19,9458.137090126052,9166.087186590332,292.04990353572066,3.0878163506491147,2125352.405707818
2020-01-20,21997.211793998053,21499.80798773357,497.40380626448314,2.2612129706374877,2125849.8095140825
2020-01-21,45834.7300896041,44951.82179102203,882.9082985820714,1.9262866757501127,2126732.717812665
2020-01-22,19823.70565361972,19485.53143863895,338.17421498076874,1.705908173223,2127070.8920276454
2020-01-23,17445.1480715503,17113.338335711072,331.80973583922605,1.9020173086426495,2127402.7017634846
2020-01-24,16203.694697583793,15885.478403539193,318.21629404459964,1.963850220481199,2127720.9180575293
2020-01-25,38384.19159272101,37665.08321905037,719.108373670635,1.873449312937994,2128440.0264312
2020-01-26,21006.40417168569,20662.408085450792,343.9960862348962,1.637577204662971,2128784.022517435
2020-01-27,24688.718957266312,24257.542996083648,431.17596118266374,1.7464493071875702,2129215.1984786172
2020-01-28,25498.263307448986,25045.64406859487,452.6192388541167,1.7750983013885886,2129667.817717471
2020-01-29,20552.27618194977,20203.427631106024,348.8485508437443,1.6973718519320204,2130016.6662683147
2020-01-30,19438.11936003901,19106.815686177724,331.30367386128637,1.7044018905572844,2130347.969942176
2020-01-31,18569.999282760546,18248.477048721892,321.52223403865355,1.731406819908381,2130669.4921762142
2020-02-01,17808.000093222596,17499.370181090722,308.6299121318734,1.73309698178479,2130978.122088346
2020-02-02,17132.34760472458,16832.291405958647,300.0561987659312,1.751401534038364,2131278.178287112
2020-02-03,16508.410579353105,16214.501565636428,293.9090137166768,1.7803592435740947,2131572.0873008287
2020-02-04,15937.989425699227,15648.461467757881,289.52795794134545,1.8165902248278305,2131861.61525877
2020-02-05,15406.3004936371,15120.742881542597,285.5576120945025,1.8535118941269488,2132147.1728708646
2020-02-06,14905.819081596332,14623.776633631032,282.0424479652993,1.8921633653364731,2132429.2153188298
2020-02-07,14438.074017104926,14160.158793050157,277.91522405476826,1.92487740210723,2132707.1305428846
2020-02-08,14002.333989773644,13728.12381393515,274.21017583849425,1.958317635036836,2132981.340718723
2020-02-09,13591.111496213125,13320.24155495508,270.8699412580445,1.9929932981089638,2133252.210659981
2020-02-10,13200.86137553025,12934.011502944692,266.84987258555884,2.021458032126635,2133519.060532566
2020-02-11,12830.557407820132,12564.79313429288,265.76427352725113,2.071338485772019,2133784.8248060932
2020-02-12,12481.48745452147,12213.094120013588,268.3933345078822,2.1503313245782705,2134053.218140601
2020-02-13,12147.038184142672,11878.029840891775,269.00834325089636,2.2146002932803226,2134322.226483852
2020-02-14,11825.119919059565,11557.248307637465,267.8716114221006,2.265276067013484,2134590.098095274
2020-02-15,11514.990213501267,11250.41649440356,264.573719097707,2.2976460612836274,2134854.671814372
2020-02-16,11217.035778323887,10955.936127257593,261.0996510662935,2.327706323009594,2135115.771465438
2020-02-17,10929.238859157776,10670.75822577911,258.48063337866733,2.3650378284310483,2135374.2520988164
2020-02-18,10651.11771330703,10395.077487028031,256.0402262789994,2.4038812936891514,2135630.2923250953
2020-02-19,10383.807261463953,10129.61476669676,254.19249476719233,2.4479700784753895,2135884.4848198625
2020-02-20,10126.723925731145,9874.1332436463,252.59068208484496,2.4942980961792935,2136137.075501947
2020-02-21,9879.188253537519,9628.165302464799,251.0229510727204,2.5409268922761403,2136388.0984530197
2020-02-22,9642.58664244623,9392.938325171186,249.64831727504315,2.5890181393455425,2136637.746770295
2020-02-23,9417.22265228373,9168.439742341698,248.78290994203235,2.6417864282066335,2136886.5296802367
2020-02-24,9199.153488079086,8951.31641970348,247.83706837560567,2.694129070645147,2137134.3667486124
2020-02-25,8988.313293410232,8741.896799722746,246.41649368748585,2.7415209688801756,2137380.7832422997
2020-02-26,8787.856109349756,8544.762380737639,243.09372861211705,2.766246119499838,2137623.876970912
2020-02-27,8596.584312114166,8355.790782289174,240.79352982499222,2.801037261807226,2137864.6705007367
2020-02-28,8410.807716296054,8171.700831106457,239.10688518959705,2.842852830012083,2138103.7773859263
2020-02-29,8231.404347845353,7992.878216356564,238.52613148878936,2.8977574349293844,2138342.303517415
2020-03-01,8057.899253653828,7807.088723971183,250.8105296826452,3.1126044368067274,2138593.114047098
2020-03-02,7891.448020722251,7638.705487876572,252.7425328456793,3.2027396262637673,2138845.8565799436
2020-03-03,7729.959276743233,7474.84698515283,255.1122915904034,3.300305764325924,2139100.968871534
2020-03-04,7573.254469640087,7311.372353144363,261.8821164957244,3.4579864910860456,2139362.8509880295
2020-03-05,7421.070207390469,7150.545773622254,270.5244337682143,3.645356076793417,2139633.375421798
2020-03-06,7273.304537112825,7001.934618107183,271.36991900564135,3.731040239288028,2139904.7453408036
2020-03-07,7130.860932191135,6858.512277148106,272.3486550430298,3.8192955609827584,2140177.093995847
2020-03-08,6992.753372338833,6719.195940118656,273.55743222017736,3.9120131606855444,2140450.651428067
2020-03-09,6858.195010385942,6583.378779516463,274.8162308694791,4.007121851351584,2140725.4676589365
2020-03-10,6727.389821186196,6451.2427518071145,276.1470693790816,4.104817421303979,2141001.6147283157
2020-03-11,6600.956848490052,6324.051853976818,276.90499451323376,4.194922052498721,2141278.519722829
2020-03-12,6479.777172235306,6200.952955817711,278.8242164175954,4.302990812898746,2141557.3439392466
2020-03-13,6363.7059964709915,6082.307936251536,281.39806021945515,4.421921131735267,2141838.741999466
2020-03-14,6252.994067918975,5970.822434592899,282.1716333260756,4.512584375759429,2142120.913632792
2020-03-15,6145.694223567843,5862.710011031153,282.9842125366904,4.604593106039788,2142403.897845329
2020-03-16,6041.260747111868,5757.610034417035,283.6507126948327,4.695223804574847,2142687.5485580238
2020-03-17,5939.532293783035,5642.624704223965,296.9075895590704,4.998837869268703,2142984.4561475827
2020-03-18,5840.7847455753945,5534.754691183707,306.0300543916874,5.239536598631138,2143290.4862019746
2020-03-19,5745.266964151058,5437.888861430949,307.3781027201094,5.350110005993929,2143597.864304695
2020-03-20,5652.631790267304,5344.522007684131,308.109782583173,5.450731517904211,2143905.974087278
2020-03-21,5562.973099923693,5254.042590954248,308.9305089694444,5.553334582431866,2144214.9045962472
2020-03-22,5475.9624090795405,5165.81438480285,310.1480242766902,5.663808498072273,2144525.052620524
2020-03-23,5391.978430997813,5081.11506114495,310.8633698528629,5.765293274649395,2144835.915990377
2020-03-24,5310.569686179282,4996.155564537412,314.4141216418702,5.920534711372503,2145150.3301120186
2020-03-25,5230.918334105983,4901.937581773289,328.98075233269446,6.289158639463268,2145479.310864351
2020-03-26,5153.600239816587,4823.714389547613,329.88585026897454,6.401075654263686,2145809.19671462
2020-03-27,5079.282648812048,4748.207134492137,331.07551431991124,6.51815496814976,2146140.27222894
2020-03-28,5006.630060591036,4673.500258018403,333.1298025726337,6.653773067733058,2146473.4020315125
2020-03-29,4936.043901490513,4601.929462373862,334.11443911665083,6.768870897111752,2146807.5164706293
2020-03-30,4867.144496006658,4531.951083910792,335.19341209586673,6.886859684788125,2147142.709882725
2020-03-31,4799.712098943302,4463.482555425167,336.22954351813496,7.005202324367721,2147478.9394262433
2020-04-01,4733.648290604586,4301.40525910857,432.24303149601565,9.131287433287723,2147911.1824577395
2020-04-02,4668.875052045099,4233.124101553046,435.75095049205356,9.333103705595683,2148346.9334082315
2020-04-03,4605.371414758498,4166.107004180251,439.2644105782465,9.538088701609775,2148786.1978188097
2020-04-04,4543.118778340286,4100.676067566898,442.44271077338726,9.738744073405508,2149228.640529583
2020-04-05,4482.122635585722,4036.979960613119,445.14267497260244,9.931514846077642,2149673.783204556
2020-04-06,4422.622845742386,3974.9336922484717,447.6891534939141,10.122707024970486,2150121.47235805
2020-04-07,4364.45849501784,3914.0045659068774,450.45392911096224,10.320958020912993,2150571.9262871607
2020-04-08,4307.4772747557145,3854.463964078276,453.0133106774383,10.51690541311398,2151024.939597838
2020-04-09,4251.9457430555485,3796.836962055814,455.10878099973434,10.703541590177545,2151480.0483788378
2020-04-10,4197.79937964119,3740.694747791559,457.104631849631,10.889149063829304,2151937.1530106873
2020-04-11,4144.830922149122,3685.807411064793,459.0235110843287,11.074601587037042,2152396.1765217716
2020-04-12,4093.157398259733,3632.810049018756,460.34734924097665,11.246754142332769,2152856.5238710125
2020-04-13,4042.680673080962,3580.977050802837,461.7036222781253,11.420729451932123,2153318.227493291
2020-04-14,3993.8576275564265,3530.5607060232933,463.2969215331332,11.600236281246547,2153781.524414824
2020-04-15,3946.320643962128,3481.196770470523,465.1238734916051,11.78626663809604,2154246.6482883156
2020-04-16,3899.740224462701,3432.790686980289,466.94953748241187,11.973862632010245,2154713.597825798
2020-04-17,3853.9629501227755,3384.9282115026645,469.03473862011106,12.170193244986152,2155182.6325644185
2020-04-18,3808.995982872322,3338.4841473916813,470.5118354806409,12.352647196173546,2155653.144399899
2020-04-19,3764.948215195909,3293.0613079792156,471.88690721669354,12.533689183614413,2156125.0313071157
2020-04-20,3721.8771756531205,3249.01482698175,472.86234867137046,12.70494232761434,2156597.893655787
2020-04-21,3679.994409637293,3206.406129517526,473.58828011976675,12.869266292348646,2157071.481935907
2020-04-22,3639.4278494738974,3165.1103357273887,474.31751374650867,13.03274946953748,2157545.799449654
2020-04-23,3599.832734901458,3124.7432511494762,475.0894837519818,13.197543295438333,2158020.8889334057
2020-04-24,3560.9170398330316,3085.186305363829,475.7307344692026,13.35978145931502,2158496.619667875
2020-04-25,3522.693868074566,3046.0283798099763,476.66548826458984,13.531277656128706,2158973.2851561396
2020-04-26,3485.1803491455503,3008.1050016201834,477.07534752536685,13.688684651350389,2159450.360503665
2020-04-27,3448.3411192824133,2970.9135303571156,477.42758892529764,13.84513806524595,2159927.7880925904
2020-04-28,3412.1000575926155,2933.99077604425,478.1092815483653,14.012170612771893,2160405.8973741387
2020-04-29,3376.764451969182,2898.461265638637,478.30318633054503,14.164541031330135,2160884.200560469
2020-04-30,3342.3134808605537,2863.742423440496,478.5710574200575,14.318556896609191,2161362.7716178894
2020-05-01,3308.456031306414,2841.1028948403678,467.3531364660462,14.126019268314167,2161830.1247543553
2020-05-02,3275.267190626124,2802.203819504079,473.0633711220448,14.443504715461417,2162303.188125477
2020-05-03,3242.819837595802,2764.943815204619,477.8760223911827,14.736434533022832,2162781.064147868
2020-05-04,3211.027460371377,2730.1761422910045,480.8513180803725,14.974998626288883,2163261.9154659486
2020-05-05,3179.946871735854,2691.4618413367557,488.4850303990984,15.361421121241769,2163750.400496348
2020-05-06,3149.316172430059,2658.36115720689,490.9550152231691,15.589257741763696,2164241.355511571
2020-05-07,3119.117215486709,2625.7297685067883,493.3874469799207,15.81817587778381,2164734.742958551
2020-05-08,3089.6434384176973,2594.8185324725478,494.82490594514957,16.015599075036466,2165229.567864496
2020-05-09,3060.8622660483234,2561.405941016345,499.4563250319784,16.317504076287413,2165729.0241895276
2020-05-10,3032.608781984076,2531.5972422527398,501.01153973133614,16.520810158821433,2166230.035729259
2020-05-11,3004.7594872198533,2498.047883726262,506.71160349359116,16.86363270167839,2166736.747332752
2020-05-12,2977.305304499343,2467.3508018118578,509.9545026874853,17.128055423702612,2167246.7018354395
2020-05-13,2950.2831030513626,2437.4013789336445,512.881724117718,17.384152849171137,2167759.5835595573
2020-05-14,2923.7269200151786,2408.0715591843023,515.6553608308764,17.63691941613341,2168275.2389203883
2020-05-15,2897.5635716083925,2378.8526980193114,518.7108735890811,17.90162185470715,2168793.949793977
2020-05-16,2871.8252427151892,2351.337912849222,520.4873298659672,18.123920708137117,2169314.437123843
2020-05-17,2846.5707096082624,2325.183362072638,521.3873475356245,18.316332201962986,2169835.8244713787
2020-05-18,2821.702415167587,2299.501154248907,522.20126091868,18.506602897303235,2170358.0257322975
2020-05-19,2797.182643052889,2273.497548050784,523.6850950021048,18.72187703948237,2170881.7108272994
2020-05-20,2772.9474244038574,2248.4802963101088,524.4671280937487,18.913706169762715,2171406.177955393
2020-05-21,2749.009292060975,2223.9427342040713,525.0665578569037,19.100210369360127,2171931.24451325
2020-05-22,2725.382273677271,2199.4305558854962,525.9517177917746,19.298273232038195,2172457.1962310416
2020-05-23,2702.030288884416,2175.0561983129724,526.9740905714439,19.50289353673437,2172984.170321613
2020-05-24,2678.95019981917,2151.509851103487,527.4403487156828,19.688322267106166,2173511.6106703286
2020-05-25,2656.1392655870877,2127.1163960982362,529.0228694888515,19.916985390896713,2174040.6335398173
2020-05-26,2633.6230141222477,2103.2757765907577,530.34723753149,20.13755327499854,2174570.980777349
2020-05-27,2611.418831690913,2080.5480087167366,530.8708229741765,20.328827246391327,2175101.851600323
2020-05-28,2589.4734265150037,2057.866810722348,531.6066157926557,20.52952582363855,2175633.4582161154
2020-05-29,2567.7817474850453,2035.786259077095,531.9954884079502,20.718096034797387,2176165.4537045234
2020-05-30,2546.3394873163197,2014.1183723528652,532.2211149634545,20.901420160765046,2176697.6748194867
2020-05-31,2525.1485906529706,1991.871586626467,533.2770040265036,21.11863856251743,2177230.951823513
2020-06-01,2504.2502055878285,1758.8467406765585,745.40346491127,29.765534739620787,2177976.355288424
2020-06-02,2483.7595448824577,1730.0188156836693,753.7407291987884,30.34676729282418,2178730.096017623
2020-06-03,2463.6763119858224,1696.280605240262,767.3957067455603,31.148398148416195,2179497.491724368
2020-06-04,2443.8795799328946,1666.3521271324744,777.5274528004202,31.81529315866578,2180275.0191771686
2020-06-05,2424.353088732809,1639.0387820955393,785.3143066372695,32.39273644944794,2181060.333483806
2020-06-06,2405.1441296217963,1615.7920965228723,789.352033098924,32.81932352316233,2181849.6855169046
2020-06-07,2386.3685708234552,1593.8603267809403,792.5082440425149,33.209800603812305,2182642.193760947
2020-06-08,2367.8307796521112,1572.4145867824582,795.4161928696531,33.592611419069314,2183437.6099538165
2020-06-09,2349.557353325421,1551.1221600899034,798.4351932355175,33.98236659792368,2184236.045147052
2020-06-10,2331.635930596851,1527.7254922646125,803.9104383322383,34.478386088622926,2185039.9555853843
2020-06-11,2314.2024032804184,1506.962857331152,807.2395459492664,34.881976822986246,2185847.1951313335
2020-06-12,2297.1226795890834,1487.8953445297693,809.2273350593141,35.227867551421824,2186656.4224663926
2020-06-13,2280.2315456524957,1469.064071524891,811.1674741276047,35.573908082895436,2187467.58994052
2020-06-14,2263.546783272177,1449.8143670978052,813.7324161743718,35.94944103598524,2188281.3223566944
2020-06-15,2247.0255403355695,1431.3996730269891,815.6258673085804,36.29802388391079,2189096.948224003
2020-06-16,2230.6967613305897,1412.8969015167122,817.7998598138774,36.66118470204204,2189914.748083817
2020-06-17,2214.6797557207756,1393.2900466946912,821.3897090260843,37.088419077491416,2190736.137792843
2020-06-18,2198.9104963191785,1374.5109617225853,824.3995345965932,37.49127288157385,2191560.5373274395
2020-06-19,2183.3121461691335,1355.8723931657178,827.4397530034157,37.89837172184709,2192387.977080443
2020-06-20,2167.9304992761463,1337.463638753633,830.4668605225133,38.30689502268635,2193218.4439409655
2020-06-21,2152.7593828698155,1320.5432237261002,832.2161591437152,38.65811319954851,2194050.660100109
2020-06-22,2137.7160887080245,1304.3982849223567,833.3178037856678,38.98168742741239,2194883.9779038946
2020-06-23,2122.7971555965487,1288.6548742640325,834.1422813325162,39.29448836566325,2195718.120185227
2020-06-24,2108.005530949682,1273.1502126478617,834.8553183018203,39.60403832174519,2196552.975503529
2020-06-25,2093.3768183556385,1257.929998742652,835.4468196129865,39.90905088311982,2197388.4223231417
2020-06-26,2078.9465580093674,1242.8254064596285,836.1211515497389,40.21850144865395,2198224.5434746915
2020-06-27,2064.884110388346,1227.8353144673192,837.0487959210268,40.53732564020756,2199061.5922706123
2020-06-28,2050.967760312604,1213.0550269717378,837.912733340866,40.85450534888726,2199899.505003953
2020-06-29,2037.1527707506903,1198.4269901381367,838.7257806125535,41.171471902104,2200738.230784565
2020-06-30,2023.4503991899546,1183.94938843814,839.5010107518146,41.48858855585939,2201577.731795317
2020-07-01,2009.8615318499506,735.059695888548,1274.8018359614025,63.42734639973073,2202852.533631278
2020-07-02,1996.4223398219328,711.7925526164518,1284.629787205481,64.34659448461497,2204137.1634184835
2020-07-03,1983.153652797686,689.8349537623626,1293.3186990353233,65.21525436068987,2205430.482117519
2020-07-04,1969.996902264189,668.6807112095457,1301.3161910546432,66.05676331566782,2206731.798308573
2020-07-05,1957.057299200911,648.1456823686649,1308.9116168322462,66.88161952982622,2208040.709925405
2020-07-06,1944.2764596198685,629.027250175136,1315.2492094447325,67.6472321072015,2209355.9591348497
2020-07-07,1931.5911313400138,610.513582404009,1321.0775489360049,68.39322916229824,2210677.0366837857
2020-07-08,1919.0868732358795,591.4655192785476,1327.6213539573318,69.17984654434926,2212004.658037743
2020-07-09,1906.7193732308224,573.1328830453613,1333.5864901854611,69.94141397565905,2213338.2445279285
2020-07-10,1894.5440937990788,554.680511397547,1339.8635824015319,70.72221685348791,2214678.10811033
2020-07-11,1882.6312351846136,538.3648238254291,1344.2664113591845,71.40359653213572,2216022.374521689
2020-07-12,1870.8473253522534,522.1722716884733,1348.67505366378,72.08899600665404,2217371.0495753526
2020-07-13,1859.294801052194,506.6404969519981,1352.654304100196,72.75093241452161,2218723.703879453
2020-07-14,1847.8531466112472,491.9030666276858,1355.9500799835614,73.37975328127237,2220079.6539594363
2020-07-15,1836.5446463115513,476.24789503892407,1360.2967512726273,74.06826477127018,2221439.9507107087
2020-07-16,1825.4457197529264,458.15731219342433,1367.288407559502,74.90161952033085,2222807.2391182682
2020-07-17,1814.4543301593512,443.3882565842987,1371.0660735750525,75.56354826823562,2224178.3051918433
2020-07-18,1803.5509586611297,424.2461165103641,1379.3048421507656,76.47717606907518,2225557.610033994
2020-07-19,1792.7341236507054,406.1550374659755,1386.57908618473,77.34437962061628,2226944.1891201786
2020-07-20,1782.0012520914897,390.0176690113776,1391.983583080112,78.11350196563421,2228336.1727032587
2020-07-21,1771.3554786206223,373.1206433384259,1398.2348352821964,78.93586872641849,2229734.4075385407
2020-07-22,1760.7964513835032,359.85104089626566,1400.9454104872375,79.56316639475725,2231135.352949028
2020-07-23,1750.3233894493897,347.0706520970025,1403.2527373523872,80.17105557812475,2232538.60568638
2020-07-24,1739.934701046208,333.6572590647311,1406.2774419814768,80.82357580062597,2233944.8831283613
2020-07-25,1729.628642991418,320.8455443952744,1408.7830985961436,81.45003289027596,2235353.6662269575
2020-07-26,1719.4467161127832,308.7057755461474,1410.7409405666358,82.04621447973392,2236764.407167524
2020-07-27,1709.4991021580063,297.01387488772616,1412.4852272702801,82.62567821692406,2238176.892394794
2020-07-28,1699.6800887889694,285.3351443863985,1414.344944402571,83.21242060382662,2239591.2373391967
2020-07-29,1689.9909739617724,273.9786851611034,1416.012288800669,83.7881568965527,2241007.249627997
2020-07-30,1680.555991007248,262.9607513768178,1417.5952396304301,84.35275273278987,2242424.8448676276
2020-07-31,1671.2281043629628,252.0933455396489,1419.1347588233139,84.9156829710124,2243843.9796264507
2020-08-01,1662.1416467914823,474.6230994436978,1187.5185473477845,71.44508710434594,2245031.4981737984
2020-08-02,1653.235708191758,468.6296592743224,1184.6060489174356,71.65379038498446,2246216.104222716
2020-08-03,1644.392397155054,460.654602716872,1183.737794438182,71.98633346190084,2247399.842017154
2020-08-04,1635.6140812749509,451.6192046694546,1183.9948766054963,72.38840079455538,2248583.8368937597
2020-08-05,1626.9001022423618,441.1193240533671,1185.7807781889946,72.88589978909148,2249769.617671949
2020-08-06,1618.2723992506508,430.58484896408345,1187.6875502865673,73.39231336062656,2250957.3052222356
2020-08-07,1609.7433159325738,419.57413435351054,1190.1691815790632,73.93533924317379,2252147.474403815
2020-08-08,1601.2761619435623,411.6018401998649,1189.6743217436974,74.29538701804692,2253337.1487255585
2020-08-09,1592.8667150896508,403.67764137774657,1189.1890737119043,74.65716135859952,2254526.3377992706
2020-08-10,1584.5172055186704,395.7089784063487,1188.8082271123217,75.02652687972432,2255715.146026383
2020-08-11,1576.2414576739538,386.1071926953359,1190.134264978618,75.50456557175504,2256905.2802913617
2020-08-12,1568.175482568331,377.66193847889963,1190.5135440894314,75.9171124228794,2258095.7938354514
2020-08-13,1560.266029428225,369.62504305011544,1190.6409863781096,76.31012685794562,2259286.4348218297
2020-08-14,1552.416503121378,361.82490922693114,1190.5915938944468,76.69279420185077,2260477.0264157243
2020-08-15,1544.6185047724284,354.0461978690787,1190.5723069033497,77.07872871034644,2261667.598722628
2020-08-16,1536.8664615701418,346.2836052679545,1190.5828563021873,77.4682046926723,2262858.18157893
2020-08-17,1529.15567709459,338.55669343793716,1190.5989836566528,77.85989363220375,2264048.7805625866
2020-08-18,1521.57968616765,330.8896038459702,1190.6900823216797,78.25354749054448,2265239.4706449085
2020-08-19,1514.1280463398434,323.28686437635633,1190.841181963487,78.6486443363988,2266430.311826872
2020-08-20,1506.794331178302,315.8927821255843,1190.9015490527177,79.03544129486083,2267621.213375925
2020-08-21,1499.5418191717472,308.5752443610313,1190.9665748107159,79.42203142214007,2268812.179950736
2020-08-22,1492.3410949844401,300.6233638547915,1191.7177311296487,79.8555863089781,2270003.897681866
2020-08-23,1485.1919573422056,292.60159459473516,1192.5903627474704,80.29873558443218,2271196.4880446135
2020-08-24,1478.0938355897088,284.47576477002303,1193.6180708196857,80.75387651850082,2272390.1061154334
2020-08-25,1471.0920861111954,277.24259988773565,1193.8494862234597,81.15396021056566,2273583.955601657
2020-08-26,1464.1940647165757,269.7412269634283,1194.4528377531474,81.57749485102289,2274778.40843941
2020-08-27,1457.3387010400183,259.8714594817343,1197.467241558284,82.1680808108452,2275975.875680968
2020-08-28,1450.5261323689483,252.4843389689545,1198.0417933999938,82.59360287728109,2277173.917474368
2020-08-29,1443.7679831339046,245.37243435085702,1198.3955487830476,83.00471840231273,2278372.3130231514
2020-08-30,1437.051923181396,238.29764693296465,1198.7542762484313,83.41760356122603,2279571.0672994
2020-08-31,1430.3768581557088,231.26783346427555,1199.1090246914332,83.83168518522689,2280770.1763240914
2020-09-01,1423.7424772626255,487.422487597515,936.3199896651105,65.76470145537392,2281706.4963137563
2020-09-02,1417.1485827942379,485.21550881380506,931.9330739804328,65.76114073676807,2282638.4293877366
2020-09-03,1410.6246172997635,482.48847893469326,928.1361383650702,65.79611095556525,2283566.5655261017
2020-09-04,1404.183209644165,479.4653750358365,924.7178346083284,65.85450020034507,2284491.28336071
2020-09-05,1397.7947415024973,476.1193757013633,921.675365801134,65.93781893974075,2285412.958726511
2020-09-06,1391.657801750116,472.4970866863831,919.1607150637329,66.04789725662573,2286332.1194415744
2020-09-07,1385.6391564370133,468.64492217248596,916.9942342645273,66.17842964415469,2287249.113675839
2020-09-08,1379.7625997848809,464.7104714681144,915.0521283167665,66.3195341328597,2288164.1658041556
2020-09-09,1373.9335790751502,460.5953894884541,913.3381895866961,66.47615310497766,2289077.503993742
2020-09-10,1368.116265723016,456.29822376563504,911.8180419573811,66.64770128111206,2289989.3220356996
2020-09-11,1362.3164599430747,451.55892312696494,910.7575368161098,66.85359559218467,2290900.0795725156
2020-09-12,1356.5372668886557,445.7883446214936,910.7489222671621,67.13777383765131,2291810.8284947826
2020-09-13,1350.780659712851,440.90611005581275,909.8745496570383,67.35916324493863,2292720.7030444397
2020-09-14,1345.0476933182217,436.15342148353636,908.8942718346854,67.57338615944916,2293629.5973162744
2020-09-15,1339.3703812253661,431.4358899708121,907.934491254554,67.78815658323734,2294537.531807529
2020-09-16,1333.793952780543,426.69781784836493,907.096134932178,68.00871551720313,2295444.627942461
2020-09-17,1328.2450816954952,421.9030944475188,906.3419872479764,68.23605069111474,2296350.969929709
2020-09-18,1322.736383526586,417.0679535519547,905.6684299746313,68.46930660212145,2297256.6383596836
2020-09-19,1317.300188643625,412.19954455604136,905.1006440875836,68.7087614418041,2298161.739003771
2020-09-20,1311.8873668673914,407.3140154397796,904.5733514276118,68.95205901613413,2299066.3123551984
2020-09-21,1306.5005355016328,402.40915883828245,904.0913766633504,69.19946468420108,2299970.4037318616
2020-09-22,1301.2114894744009,396.88832664636254,904.3231628280383,69.49855347444881,2300874.7268946897
2020-09-23,1295.9641426904127,390.9538881998259,905.0102544905868,69.83297027121381,2301779.7371491804
2020-09-24,1290.7450698940083,385.99810408993915,904.7469658040692,70.09493872235855,2302684.4841149845
2020-09-25,1285.5556369209662,381.03563263786316,904.520004283103,70.36023788511547,2303589.0041192677
2020-09-26,1280.38444172428,376.0414815156936,904.3429602085863,70.6305802178225,2304493.3470794763
2020-09-27,1275.2661866766866,371.0135226257361,904.2526640509506,70.90697404966187,2305397.5997435274
2020-09-28,1270.1734578153118,365.98913756229274,904.1843202530191,71.18589313054997,2306301.78406378
2020-09-29,1265.0963782365434,360.9698437038559,904.1265345326875,71.46700837077546,2307205.910598313
2020-09-30,1260.0351054833736,355.95739274595223,904.0777127374214,71.750200355775,2308109.9883110505
2020-10-01,1254.9906262394506,682.8860573495855,572.1045688898652,45.586361916037795,2308682.0928799403
2020-10-02,1249.9641474238597,684.1335372225964,565.8306102012633,45.26774718838328,2309247.9234901415
2020-10-03,1244.9566372339614,684.4985803044052,560.4580569295562,45.01827936551904,2309808.381547071
2020-10-04,1239.9688705913723,684.1900840906543,555.778786500718,44.82199510667176,2310364.160333572
2020-10-05,1235.0014655680861,683.2491653794074,551.7523001886788,44.676246593349525,2310915.912633761
2020-10-06,1230.054912374122,681.8968016455998,548.1581107285223,44.56371054772875,2311464.0707444893
2020-10-07,1225.129596546758,680.3035484482185,544.8260480985394,44.4708910497491,2312008.896792588
2020-10-08,1220.2258175897878,678.4377163732075,541.7881012165802,44.40064235706223,2312550.6848938046
2020-10-09,1215.3438040248584,676.3438482524012,538.9999557724572,44.34958684015577,2313089.684849577
2020-10-10,1210.4837256097235,674.0605309705367,536.4231946391868,44.31477956211177,2313626.1080442164
2020-10-11,1205.6456840839237,671.6204192430829,534.0252648408408,44.29371513460897,2314160.1333090574
2020-10-12,1200.8289629467763,668.7404451127746,532.0885178340017,44.31010029340749,2314692.2218268914
2020-10-13,1196.0462293466553,665.3599855755107,530.6862437711446,44.3700444640032,2315222.9080706625
2020-10-14,1191.3121844115667,662.5289013229427,528.783283088624,44.38662594136143,2315751.6913537513
2020-10-15,1186.5968723972328,659.6034711657209,526.9934012315119,44.412168402808014,2316278.684754983
2020-10-16,1181.899703431176,656.5953193602269,525.3043840709491,44.44576663704514,2316803.989139054
2020-10-17,1177.2212606950197,653.5167530181003,523.7045076769194,44.4864975822582,2317327.693646731
2020-10-18,1172.5619987975806,650.3791475144332,522.1828512831474,44.533496038471895,2317849.876498014
2020-10-19,1167.9291777852923,647.1931727234856,520.7360050618066,44.58626558583476,2318370.612503076
2020-10-20,1163.3451316049322,643.9905308552203,519.354600749712,44.643209193923276,2318889.967103826
2020-10-21,1158.7825485174544,640.7433765572147,518.0391719602397,44.70546890985014,2319408.006275786
2020-10-22,1154.2385190327186,637.4427906055586,516.79572842716,44.773737828490425,2319924.8020042134
2020-10-23,1149.7134852518793,634.088156009058,515.6253292428213,44.84815876799584,2320440.4273334565
2020-10-24,1145.207771155052,630.8052845610888,514.4024865939631,44.9178305937567,2320954.8298200504
2020-10-25,1140.7216061884537,627.5022669746191,513.2193392138346,44.990761674855825,2321468.049159264
2020-10-26,1136.2687110998668,624.176554640953,512.0921564589138,45.067874478672145,2321980.1413157233
2020-10-27,1131.8974775741808,620.8802728738752,511.01720470030557,45.1469514531907,2322491.158520424
2020-10-28,1127.5485750946682,617.5592624551733,509.98931263949487,45.229919482331525,2323001.1478330633
2020-10-29,1123.2136293963995,614.2082330453792,509.0053963510203,45.31688211658839,2323510.1532294145
2020-10-30,1118.8933076141402,610.8306451693294,508.0626624448108,45.40760580007156,2324018.2158918595
2020-10-31,1114.5881633763202,607.4293752624304,507.1587881138897,45.501899695184264,2324525.3746799733
2020-11-01,1110.2986555323005,788.7335334571189,321.56512207518153,28.962038319412038,2324846.9398020487
2020-11-02,1106.02721186704,788.7194906940795,317.30772117296056,28.68896151635602,2325164.2475232217
2020-11-03,1101.801281324355,788.303996530326,313.49728479402893,28.45316030284591,2325477.744808016
2020-11-04,1097.601321451366,787.5469836650527,310.0543377863132,28.248356823798844,2325787.7991458024
2020-11-05,1093.447058034595,786.503270547103,306.94378748749205,28.07120703577592,2326094.74293329
2020-11-06,1089.3732676310465,785.2260094030871,304.14725822795936,27.919471430518822,2326398.8901915182
2020-11-07,1085.3112094483804,783.7534258274472,301.55778362093315,27.78537446178251,2326700.447975139
2020-11-08,1081.2586401689332,782.1174399007223,299.1412002682109,27.666017098506035,2326999.5891754073
2020-11-09,1077.2167077586055,780.345739355741,296.8709684028645,27.55907574257478,2327296.46014381
2020-11-10,1073.1863186387345,778.4520864861197,294.7342321526148,27.463472747813782,2327591.194375963
2020-11-11,1069.166685874341,776.465587799169,292.701098075172,27.376563630563133,2327883.895474038
2020-11-12,1065.1545970353764,774.392067638656,290.7625293967203,27.297683379107024,2328174.658003435
2020-11-13,1061.1554922978394,772.2363264241367,288.9191658737027,27.226845450149206,2328463.577169309
2020-11-14,1057.1702285395004,770.0083504235017,287.16187811599866,27.16325813608258,2328750.739047425
2020-11-15,1053.1990817228798,767.716600949142,285.48248077373773,27.106221960118894,2329036.2215281986
2020-11-16,1049.2532089324668,765.3677290782443,283.88547985422247,27.055955363058054,2329320.107008053
2020-11-17,1045.3314979809802,762.9716208695545,282.3598771114257,27.011515261598213,2329602.4668851644
2020-11-18,1041.4230331233703,760.5219743896387,280.9010587337316,26.972810260521207,2329883.3679438983
2020-11-19,1037.5345218121074,757.8309595328401,279.7035622792673,26.958482479286634,2330163.0715061775
2020-11-20,1033.6691111850087,755.3114369860496,278.3576741989591,26.929088930581184,2330441.4291803767
2020-11-21,1029.8158935627434,752.756049213197,277.05984434954644,26.90382291450487,2330718.489024726
2020-11-22,1025.975265453104,750.1381338368747,275.83713161622927,26.88535882923168,2330994.3261563424
2020-11-23,1022.1464585014619,747.5054257223028,274.6410327791591,26.869048999279617,2331268.9671891215
2020-11-24,1018.3298553316854,744.8861397371738,273.44371559451156,26.852175074985578,2331542.4109047162
2020-11-25,1014.5264069363475,742.2852061909734,272.24120074537404,26.834313910811268,2331814.652105462
2020-11-26,1010.7775137138087,739.6758070571459,271.1017066566628,26.821105829766463,2332085.7538121184
2020-11-27,1007.0691771435086,737.1205280809309,269.9486490625777,26.805372976290553,2332355.702461181
2020-11-28,1003.3744833194651,734.5391358541901,268.83534746527494,26.793121803923757,2332624.5378086464
2020-11-29,999.69366148673,731.9529724663234,267.74068902040653,26.782273343838796,2332892.278497667
2020-11-30,996.02689532144,729.3602653902135,266.66662993122645,26.773035063994655,2333158.9451275985
2020-12-01,992.3743298433255,723.6781278474712,268.6962019958544,27.076093558191467,2333427.6413295944
2020-12-02,988.7360773717519,720.9961411960878,267.73993617566407,27.07900948525795,2333695.38126577
2020-12-03,985.1508507039398,718.3181364809618,266.832714222978,27.08546757405859,2333962.213979993
2020-12-04,981.6194325289689,715.6487694646687,265.9706630643002,27.095089425753706,2334228.184643057
2020-12-05,978.1015835625585,712.9713308560652,265.13025270649337,27.106617263700183,2334493.3148957635
2020-12-06,974.5973073216155,710.2862817783364,264.31102554327913,27.120024194367794,2334757.6259213067
2020-12-07,971.1066114872228,707.5943548700063,263.5122566172165,27.135255130603507,2335021.138177924
2020-12-08,967.6293929545209,704.896168690849,262.7332242636719,27.152257483772047,2335283.8714021877
2020-12-09,964.1664511777926,702.1938067909553,261.9726443868374,27.170893995203897,2335545.8440465746
2020-12-10,960.721958357608,699.5103312590848,261.2116270985232,27.18909720197036,2335807.0556736733
2020-12-11,957.2911229818128,696.8280883606978,260.46303462111496,27.208341158519588,2336067.5187082943
2020-12-12,953.8890190296806,694.1546118561866,259.734407173494,27.228996454713588,2336327.2531154677
2020-12-13,950.5487309354357,691.5239493498568,259.0247815855789,27.250026553680467,2336586.2778970534
2020-12-14,947.2248895717785,688.8916689632217,258.33322060855676,27.272638573226686,2336844.611117662
2020-12-15,943.9208524220157,686.2621783260013,257.65867409601447,27.296639695466578,2337102.269791758
2020-12-16,940.6655992281158,683.6654540871725,257.00014514094323,27.32109533417938,2337359.269936899
2020-12-17,937.428086529253,681.0712107944757,256.3568757347773,27.346831124285664,2337615.626812634
2020-12-18,934.2031408769544,678.474900981387,255.7282398955674,27.373943493222512,2337871.35505253
2020-12-19,930.9909550971352,675.8772739956378,255.11368110149738,27.402380195506844,2338126.4687336315
2020-12-20,927.7916681442875,673.279003671579,254.5126644727086,27.432092053787176,2338380.981398104
2020-12-21,924.6053764973767,670.6807012279507,253.92467526942596,27.463032524356773,2338634.9060733737
2020-12-22,921.4321430840064,668.082925045722,253.34921803828433,27.495157396000092,2338888.255291412
2020-12-23,918.2720042862929,665.4861883276365,252.78581595865649,27.528424560338067,2339141.041107371
2020-12-24,915.1249753092416,662.8909659356334,252.23400937360816,27.562793736273296,2339393.2751167445
2020-12-25,911.9910526880994,660.297702080313,251.69335060778644,27.598225867010285,2339644.9684673524
2020-12-26,908.8702180497348,657.7064187584667,251.1637992912681,27.63472653226756,2339896.132266644
2020-12-27,905.7624436835758,654.9907032273234,250.77174045625247,27.686259482829527,2340146.9040071
2020-12-28,902.6676946496591,652.3820591487213,250.28563550093781,27.7273283384843,2340397.189642601
2020-12-29,899.585929104127,649.6250453350124,249.96088376911462,27.78621537778429,2340647.1505263704
2020-12-30,896.5167113528587,646.9188984014083,249.59781295145035,27.84084332067866,2340896.748339322
2020-12-31,893.458327219123,644.3278426819936,249.1304845371294,27.883839340615324,2341145.878823859
2021-01-01,890.4105366538279,638.4304620115151,251.98007464231273,28.29931411068612,2341397.8588985014
2021-01-02,887.3748695410322,635.7749557348732,251.59991380615907,28.353283650718158,2341649.4588123076
2021-01-03,884.3514920035377,633.133771362395,251.2177206411427,28.40699913017592,2341900.676532949
2021-01-04,881.340508872876,630.5056528466819,250.83485602619407,28.460606712266117,2342151.511388975
2021-01-05,878.3419419373386,627.8895509011643,250.45239103617428,28.514224253456145,2342401.9637800115
2021-01-06,875.3561553780455,625.2849937135186,250.07116166452693,28.56793319246463,2342652.034941676
2021-01-07,872.3834242029116,622.6915487805679,249.69187542234363,28.621804185525964,2342901.7268170984
2021-01-08,869.423655548133,620.1082166107669,249.31543893736603,28.67594381017661,2343151.042256036
2021-01-09,866.4809073666111,617.5391467553861,248.94176061122494,28.73020726651705,2343399.984016647
2021-01-10,863.5614072233438,614.9939110935964,248.5674961297475,28.783997762125583,2343648.551512777
2021-01-11,860.6502497554757,612.5098576064054,248.1403921490703,28.83173417071231,2343896.6919049257
2021-01-12,857.7500145644881,609.656483088999,248.09353147548904,28.923757185997307,2344144.785436401
2021-01-13,854.8735220902599,607.1232250157343,247.75029707452563,28.980930005733345,2344392.535733476
2021-01-14,852.0221792082302,604.6610522612762,247.36112694695407,29.032240355153967,2344639.8968604226
2021-01-15,849.1796350893565,602.2017796699954,246.97785541936105,29.084288554961912,2344886.874715842
2021-01-16,846.3296646568924,599.7460890848022,246.58357557209024,29.135641330976725,2345133.4582914137
2021-01-17,843.4756611105986,597.2945711713116,246.18108993928695,29.186507837717805,2345379.639381353
2021-01-18,840.6336216910277,594.8477350109322,245.78588668009547,29.238169915886775,2345625.425268033
2021-01-19,837.803638812853,592.4027407070687,245.40089810578434,29.290980217454216,2345870.826166139
2021-01-20,834.985760286916,589.9422668664781,245.04349342043793,29.34702662908127,2346115.8696595593
2021-01-21,832.1800006551202,587.5057767692786,244.67422388584168,29.40159865572663,2346360.543883445
2021-01-22,829.3863496955018,585.0754418638833,244.31090783161858,29.4568276800449,2346604.8547912766
2021-01-23,826.6047788229771,582.6513638873882,243.95341493558885,29.51270319087196,2346848.8082062122
2021-01-24,823.8352459031157,580.2329265275337,243.60231937558206,29.56930048659633,2347092.410525588
2021-01-25,821.0776989364531,577.8212664011232,243.25643253532985,29.6264814950426,2347335.666958123
2021-01-26,818.3320799323265,575.4167463606288,242.9153335716976,29.684200281111544,2347578.582291695
2021-01-27,815.5983275268227,573.0195070969937,242.57882042982897,29.74243720746856,2347821.1611121246
2021-01-28,812.8763768998906,570.6296117990576,242.24676510083304,29.801181579996488,2348063.4078772254
2021-01-29,810.1661606309935,568.2438779196534,241.92228271134013,29.860822935744473,2348305.3301599366
2021-01-30,807.4676095747855,565.8680744689489,241.5995351058366,29.920647248384803,2348546.9296950423
2021-01-31,804.7896146110725,563.5312835919037,241.25833101916874,29.977813659506612,2348788.1880260613
2021-02-01,802.1531831610482,577.5325525011294,224.6206306599188,28.002211469728934,2349012.8086567214
2021-02-02,799.5335175103974,575.5602456428469,223.97327186755047,28.012993447099337,2349236.781928589
2021-02-03,796.9379371651448,573.4486059003402,223.4893312648046,28.043505126609652,2349460.271259854
2021-02-04,794.3521349413786,571.4130837123967,222.93905122898195,28.065519235425025,2349683.210311083
2021-02-05,791.7747493598145,569.3800965485289,222.3946528112856,28.088121399564926,2349905.6049638945
2021-02-06,789.2052460997365,567.316358998477,221.88888710125957,28.11548557207869,2350127.493850996
2021-02-07,786.6444570668973,565.2466740261889,221.39778304070842,28.144580572806404,2350348.8916340363
2021-02-08,784.0912633258849,562.9506044008895,221.14065892499548,28.203433613962453,2350570.032292961
2021-02-09,781.5451716114767,560.8207626632075,220.72440894826923,28.242053942084382,2350790.7567019095
2021-02-10,779.009386905469,558.7132972367699,220.2960896686991,28.279003227907385,2351011.052791578
2021-02-11,776.4839658697601,556.6019116517282,219.88205421803195,28.317655467841668,2351230.9348457963
2021-02-12,773.9688908380922,554.4882162288422,219.48067460924995,28.357816083742758,2351450.4155204054
2021-02-13,771.4641720745713,552.3735641667745,219.09060790779677,28.39932375843619,2351669.506128313
2021-02-14,768.9738417451736,550.2590974183413,218.71474432683226,28.442416692674843,2351888.2208726397
2021-02-15,766.5004795438144,548.1457836463242,218.35469589749027,28.487222346872485,2352106.575568537
2021-02-16,764.0361351701431,546.0344474365129,218.0016877336302,28.532902790662305,2352324.5772562707
2021-02-17,761.5857370933518,543.9257943505081,217.65994274284367,28.579834435129907,2352542.2371990136
2021-02-18,759.1643749222858,541.8191409209403,217.3452340013455,28.629535470970264,2352759.582433015
2021-02-19,756.7515270268777,539.711675252941,217.0398517739368,28.680464329770437,2352976.622284789
2021-02-20,754.3452593194088,537.6083894217745,216.73686989763428,28.731786568550888,2353193.359154687
2021-02-21,751.9461147271795,535.5101039272859,216.43601079989367,28.783446920052352,2353409.7951654866
2021-02-22,749.5544850857696,533.4218886430035,216.13259644276604,28.83480797503794,2353625.9277619296
2021-02-23,747.1701452044072,531.3994479228868,215.77069728152037,28.87838849911366,2353841.6984592113
2021-02-24,744.7909559493419,529.4071066681654,215.38384928117648,28.918698268380442,2354057.0823084926
2021-02-25,742.4247980350628,527.4190562308659,215.005741804197,28.959935386485135,2354272.088050297
2021-02-26,740.0672706408659,525.4356882849834,214.63158235588253,29.00163145574874,2354486.719632653
2021-02-27,737.7178711980814,523.4573842638065,214.26048693427492,29.043689369529286,2354700.9801195874
2021-02-28,735.3767953221686,521.4844421799653,213.89235314220332,29.08608953978444,2354914.8724727295
2021-03-01,733.0441959851887,480.0305841347674,253.01361185042128,34.51546485684657,2355167.88608458
2021-03-02,730.751400473062,443.23132020342223,287.5200802696397,39.345813101898905,2355455.4061648496
2021-03-03,728.510902862763,437.72515080114886,290.7857520616142,39.91508581668989,2355746.1919169114
2021-03-04,726.2731923670508,401.2935774703749,324.9796148966759,44.74619445026062,2356071.171531808
2021-03-05,724.038631607662,397.29414877099975,326.7444828366622,45.12804546231957,2356397.916014645
2021-03-06,721.8079730744939,393.4404925492365,328.3674805252574,45.49235984836764,2356726.28349517
2021-03-07,719.5818434068933,389.70890977922886,329.87293362766445,45.842309203615514,2357056.1564287976
2021-03-08,717.3607652670471,386.08312264401525,331.27764262303185,46.18006150638993,2357387.4340714207
2021-03-09,715.1451751898276,382.5210148457211,332.6241603441065,46.51141780489744,2357720.058231765
2021-03-10,712.9354381769663,378.8804942015797,334.05494397538655,46.85626861663549,2358054.1131757405
2021-03-11,710.7318596574478,375.3085862660321,335.4232733914157,47.194067471954895,2358389.536449132
2021-03-12,708.5346952998079,371.82483996488213,336.7098553349258,47.52199963792191,2358726.246304467
2021-03-13,706.3441591032315,368.4217129019328,337.9224462012987,47.841047716784715,2359064.168750668
2021-03-14,704.1604301243788,365.0929420695413,339.06748805483744,48.152022401336374,2359403.2362387227
2021-03-15,701.9836581143318,361.83325229412935,340.1504058202024,48.45560176342485,2359743.3866445427
2021-03-16,699.8139682528563,358.64083739360854,341.17313085924775,48.751975001444286,2360084.559775402
2021-03-17,697.6514649876626,355.52096046567954,342.1305045219831,49.040319083689354,2360426.690279924
2021-03-18,695.4962348486297,352.4957615850965,343.0004732635332,49.31737313260726,2360769.6907531875
2021-03-19,693.3483490532963,349.529693250219,343.81865580307726,49.58815525738688,2361113.5094089904
2021-03-20,691.2078659259714,346.61147140888556,344.59639451708586,49.854235101252776,2361458.1058035074
2021-03-21,689.0748328996124,343.7350237451267,345.3398091544857,50.11644492968972,2361803.445612662
2021-03-22,686.9492881478509,340.9180595667806,346.0312285810703,50.37216495471418,2362149.476841243
2021-03-23,684.8312619270291,338.15337045458205,346.6778914724471,50.622381124503434,2362496.1547327153
2021-03-24,682.7207776820287,335.42970806385915,347.29106961816956,50.86868321150134,2362843.4458023333
2021-03-25,680.6178529622266,332.7442694433505,347.8735835188761,51.11143970215289,2363191.319385852
2021-03-26,678.5225002523512,330.09619562900684,348.4263046233443,51.350737004853954,2363539.7456904757
2021-03-27,676.4347278767964,327.4842549630214,348.950472913775,51.58671761413937,2363888.6961633894
2021-03-28,674.3545402819291,324.90722460802704,349.44731567390204,51.819524419277684,2364238.143479063
2021-03-29,672.281938449014,322.36390433334805,349.91803411566593,52.04929868009592,2364588.061513179
2021-03-30,670.2169205828104,319.85292790331937,350.36399267949105,52.27620818269104,2364938.4255058584
2021-03-31,668.1594822462648,317.3689228877431,350.7905593585217,52.50102238753085,2365289.216065217
2021-04-01,666.1096078414703,222.19611885904192,443.91348898242836,66.642709211316,2365733.129554199
2021-04-02,664.0671951720724,216.91959837689387,447.1475967951785,67.3346914357536,2366180.277150994
2021-04-03,662.0320300676394,211.9330002242266,450.09902984341284,67.98750051374802,2366630.3761808374
2021-04-04,660.004333939869,207.19134670466042,452.81298723520854,68.6075778521271,2367083.189168073
2021-04-05,657.9841070445254,202.50117981927792,455.4829272252475,69.2240013624562,2367538.672095298
2021-04-06,655.9712494250853,198.0382782293516,457.93297119573367,69.80991493104021,2367996.6050664936
2021-04-07,653.9853015963454,193.83147909823197,460.1538224981134,70.36149304501201,2368456.7588889915
2021-04-08,652.0347682125866,189.76442677288173,462.2703414397049,70.89657852247969,2368919.029230431
2021-04-09,650.0914834607393,185.8222036336581,464.26927982708116,71.41599169328599,2369383.298510258
2021-04-10,648.1551049164264,181.99411986936207,466.1609850470643,71.9212085982369,2369849.459495305
2021-04-11,646.2255252791801,178.33095810730333,467.8945671718768,72.40422249952732,2370317.354062477
2021-04-12,644.3018404949689,174.78656338567703,469.5152771092919,72.87194411063585,2370786.8693395862
2021-04-13,642.3839958563913,171.2835655658771,471.10043029051417,73.33626512012785,2371257.969769877
2021-04-14,640.4723081673728,167.86151555709398,472.61079261027885,73.7909799664239,2371730.5805624872
2021-04-15,638.5666529287118,164.5323579618041,474.03429496690774,74.23411366578641,2372204.6148574543
2021-04-16,636.6610589443007,161.26777369196384,475.3932852523369,74.669760082488,2372680.0081427065
2021-04-17,634.7832275667461,158.04962924092865,476.7335983258174,75.10179501012256,2373156.7417410323
2021-04-18,632.9611732051708,154.8850672970791,478.0761059080917,75.5300840156156,2373634.8178469404
2021-04-19,631.1533226405736,151.7532288545542,479.4000937860194,75.95620217609566,2374114.2179407263
2021-04-20,629.3604301367886,148.62583880143097,480.73459133535766,76.38462291486489,2374594.952532062
2021-04-21,627.5731189409271,145.31502398853513,482.25809495239196,76.84492537956945,2375077.2106270143
2021-04-22,625.7915143755963,142.14826835894814,483.64324601664816,77.2850438055586,2375560.8538730307
2021-04-23,624.0157100585056,139.22048261312625,484.7952274453794,77.68958691759966,2376045.649100476
2021-04-24,622.2458665033337,136.33550634496237,485.9103601583713,78.08976906329808,2376531.5594606344
2021-04-25,620.4820882841013,133.53092437719783,486.9511639069035,78.47948765991488,2377018.5106245414
2021-04-26,618.734634777531,130.76533622450984,487.9692985530212,78.86568346516967,2377506.4799230946
2021-04-27,617.0087529415032,128.00883976386717,488.999913177636,79.25331866791146,2377995.479836272
2021-04-28,615.2890428857645,125.29207967075376,489.99696321501074,79.63687455197935,2378485.476799487
2021-04-29,613.5750677764881,122.61936407820644,490.9557036982817,80.01558887935877,2378976.4325031852
2021-04-30,611.866243561497,119.98898235620322,491.87726120529373,80.38967117097653,2379468.3097643903
2021-05-01,610.1633063723566,33.78226853879323,576.3810378335634,94.46340542179746,2380044.690802224
2021-05-02,608.4662575023249,29.141252471438293,579.3250050308866,95.21070361550377,2380624.0158072547
2021-05-03,606.7750276888255,27.12178094948331,579.6532467393422,95.5301751535839,2381203.669053994
2021-05-04,605.0895468107192,25.207229874517452,579.8823169362017,95.83413231853389,2381783.5513709304
2021-05-05,603.4097452493152,23.33621381987041,580.0735314294448,96.13260905983074,2382363.6249023597
2021-05-06,601.7349932327634,21.106415593136717,580.6285776396267,96.49240681853244,2382944.2534799995
2021-05-07,600.0610287812306,17.878918084270936,582.1821106969596,97.02048337973483,2383526.4355906965
2021-05-08,598.3918111685198,14.85038634210514,583.5414248264146,97.51828382926801,2384109.977015523
2021-05-09,596.7284284427296,13.285678298516814,583.4427501442128,97.77358046554139,2384693.419765667
2021-05-10,595.0708065106301,11.784595704243202,583.2862108063869,98.01963134885652,2385276.7059764736
2021-05-11,593.4188740658574,10.337607187057529,583.0812668787999,98.2579578036963,2385859.7872433523
2021-05-12,591.77255872963,8.440720497818347,583.3318382318116,98.57365462907943,2386443.1190815843
2021-05-13,590.1317808985477,4.4221645490747505,585.709616349473,99.25064795826765,2387028.828697934
2021-05-14,588.4964647229062,2.5158789146939853,585.9805858082123,99.57249039450414,2387614.809283742
2021-05-15,586.8665445586666,1.1656106166324207,585.7009339420342,99.80138404081136,2388200.5102176843
2021-05-16,585.2419629397336,0.0,585.2419629397336,100.0,2388785.752180624
2021-05-17,583.6226687914459,0.0,583.6226687914459,100.0,2389369.3748494154
2021-05-18,582.0086161006475,0.0,582.0086161006475,100.0,2389951.383465516
2021-05-19,580.3997629230144,0.0,580.3997629230144,100.0,2390531.783228439
2021-05-20,578.7960706359008,0.0,578.7960706359008,100.0,2391110.5792990746
2021-05-21,577.1975033752387,0.0,577.1975033752387,100.0,2391687.77680245
2021-05-22,575.6040276052663,0.0,575.6040276052663,100.0,2392263.380830055
2021-05-23,574.0296042939881,0.0,574.0296042939881,100.0,2392837.410434349
2021-05-24,572.49876967608,0.0,572.49876967608,100.0,2393409.909204025
2021-05-25,571.0042811293388,0.0,571.0042811293388,100.0,2393980.913485154
2021-05-26,569.5212103178492,0.0,569.5212103178492,100.0,2394550.434695472
2021-05-27,568.042907048366,0.0,568.042907048366,100.0,2395118.4776025205
2021-05-28,566.5693382271565,0.0,566.5693382271565,100.0,2395685.0469407476
2021-05-29,565.1004696037853,0.0,565.1004696037853,100.0,2396250.1474103513
2021-05-30,563.6362663129112,0.0,563.6362663129112,100.0,2396813.7836766643
2021-05-31,562.1766934155021,0.0,562.1766934155021,100.0,2397375.9603700796
2021-06-01,560.7217163612368,0.0,560.7217163612368,100.0,2397936.6820864407
2021-06-02,559.2713013669709,0.0,559.2713013669709,100.0,2398495.9533878076
2021-06-03,557.8254156941548,0.0,557.8254156941548,100.0,2399053.7788035017
2021-06-04,556.3840278786374,0.0,556.3840278786374,100.0,2399610.1628313805
2021-06-05,554.9471174962819,0.0,554.9471174962819,100.0,2400165.109948877
2021-06-06,553.514670172357,0.0,553.514670172357,100.0,2400718.624619049
2021-06-07,552.0865607083542,0.0,552.0865607083542,100.0,2401270.7111797575
2021-06-08,550.6626874773065,0.0,550.6626874773065,100.0,2401821.3738672347
2021-06-09,549.2430465623038,0.0,549.2430465623038,100.0,2402370.616913797
2021-06-10,547.8276318806456,0.0,547.8276318806456,100.0,2402918.4445456774
2021-06-11,546.4164329670602,0.0,546.4164329670602,100.0,2403464.8609786443
2021-06-12,545.0094396012137,0.0,545.0094396012137,100.0,2404009.8704182454
2021-06-13,543.6151485239388,0.0,543.6151485239388,100.0,2404553.4855667693
2021-06-14,542.2318265842041,0.0,542.2318265842041,100.0,2405095.7173933536
2021-06-15,540.8469807135407,0.0,540.8469807135407,100.0,2405636.564374067
2021-06-16,539.465373752988,0.0,539.465373752988,100.0,2406176.02974782
2021-06-17,538.0873710956657,0.0,538.0873710956657,100.0,2406714.1171189155
2021-06-18,536.7130117777269,0.0,536.7130117777269,100.0,2407250.8301306935
2021-06-19,535.3423268817132,0.0,535.3423268817132,100.0,2407786.1724575753
2021-06-20,533.9752775216475,0.0,533.9752775216475,100.0,2408320.147735097
2021-06-21,532.611830146634,0.0,532.611830146634,100.0,2408852.7595652435
2021-06-22,531.2520278050797,0.0,531.2520278050797,100.0,2409384.0115930485
2021-06-23,529.8959111602744,0.0,529.8959111602744,100.0,2409913.907504209
2021-06-24,528.5435150887351,0.0,528.5435150887351,100.0,2410442.4510192974
2021-06-25,527.1948694060557,0.0,527.1948694060557,100.0,2410969.6458887034
2021-06-26,525.8459350191988,0.0,525.8459350191988,100.0,2411495.4918237226
2021-06-27,524.4832921584602,0.0,524.4832921584602,100.0,2412019.9751158813
2021-06-28,523.1250021677697,0.0,523.1250021677697,100.0,2412543.100118049
2021-06-29,521.7730455131968,0.0,521.7730455131968,100.0,2413064.8731635623
2021-06-30,520.4268960217014,0.0,520.4268960217014,100.0,2413585.300059584
2021-07-01,519.0862827660749,0.0,519.0862827660749,100.0,2414104.38634235
2021-07-02,517.75100699428,0.0,517.75100699428,100.0,2414622.1373493443
2021-07-03,516.4208955749637,0.0,516.4208955749637,100.0,2415138.5582449194
2021-07-04,515.0957974030171,0.0,515.0957974030171,100.0,2415653.654042322
2021-07-05,513.7755849413807,0.0,513.7755849413807,100.0,2416167.4296272635
2021-07-06,512.4601566558704,0.0,512.4601566558704,100.0,2416679.8897839193
2021-07-07,511.149386057863,0.0,511.149386057863,100.0,2417191.0391699774
2021-07-08,509.84274740016554,0.0,509.84274740016554,100.0,2417700.8819173775
2021-07-09,508.54052274662536,0.0,508.54052274662536,100.0,2418209.422440124
2021-07-10,507.242796742823,0.0,507.242796742823,100.0,2418716.665236867
2021-07-11,505.9495015167631,0.0,505.9495015167631,100.0,2419222.614738384
2021-07-12,504.6612194509944,0.0,504.6612194509944,100.0,2419727.275957835
2021-07-13,503.3826095958939,0.0,503.3826095958939,100.0,2420230.658567431
2021-07-14,502.1090893748915,0.0,502.1090893748915,100.0,2420732.767656806
2021-07-15,500.8393627771875,0.0,500.8393627771875,100.0,2421233.607019583
2021-07-16,499.5738028688356,0.0,499.5738028688356,100.0,2421733.180822452
2021-07-17,498.3224109233124,0.0,498.3224109233124,100.0,2422231.5032333755
2021-07-18,497.07880528399255,0.0,497.07880528399255,100.0,2422728.5820386596
2021-07-19,495.8380620259559,0.0,495.8380620259559,100.0,2423224.4201006857
2021-07-20,494.599831821979,0.0,494.599831821979,100.0,2423719.0199325075
2021-07-21,493.36325056734495,0.0,493.36325056734495,100.0,2424212.383183075
2021-07-22,492.1297058694763,0.0,492.1297058694763,100.0,2424704.5128889447
2021-07-23,490.8993459637277,0.0,490.8993459637277,100.0,2425195.4122349084
2021-07-24,489.67219275876414,0.0,489.67219275876414,100.0,2425685.0844276673
2021-07-25,488.44827026710846,0.0,488.44827026710846,100.0,2426173.5326979347
2021-07-26,487.2343710202258,0.0,487.2343710202258,100.0,2426660.767068955
2021-07-27,486.04448881570715,0.0,486.04448881570715,100.0,2427146.8115577707
2021-07-28,484.85782057838514,0.0,484.85782057838514,100.0,2427631.669378349
2021-07-29,483.67298293102067,0.0,483.67298293102067,100.0,2428115.34236128
2021-07-30,482.4901995633263,0.0,482.4901995633263,100.0,2428597.832560844
2021-07-31,481.3096543014981,0.0,481.3096543014981,100.0,2429079.1422151453
2021-08-01,480.1314905224135,0.0,480.1314905224135,100.0,2429559.273705668
2021-08-02,478.9558145952178,0.0,478.9558145952178,100.0,2430038.229520263
2021-08-03,477.7827348279534,0.0,477.7827348279534,100.0,2430516.012255091
2021-08-04,476.6123445321573,0.0,476.6123445321573,100.0,2430992.6245996235
2021-08-05,475.4447209915379,0.0,475.4447209915379,100.0,2431468.069320615
2021-08-06,474.27992843615357,0.0,474.27992843615357,100.0,2431942.349249051
2021-08-07,473.1180204269476,0.0,473.1180204269476,100.0,2432415.467269478
2021-08-08,471.9590417694999,0.0,471.9590417694999,100.0,2432887.4263112475
2021-08-09,470.803030057461,0.0,470.803030057461,100.0,2433358.229341305
2021-08-10,469.6500165052712,0.0,469.6500165052712,100.0,2433827.87935781
2021-08-11,468.5000047730282,0.0,468.5000047730282,100.0,2434296.379362583
2021-08-12,467.35298773564864,0.0,467.35298773564864,100.0,2434763.7323503187
2021-08-13,466.20899134792853,0.0,466.20899134792853,100.0,2435229.9413416665
2021-08-14,465.0680401849095,0.0,465.0680401849095,100.0,2435695.009381851
2021-08-15,463.93015484698117,0.0,463.93015484698117,100.0,2436158.939536698
2021-08-16,462.795352584566,0.0,462.795352584566,100.0,2436621.734889283
2021-08-17,461.6636478061555,0.0,461.6636478061555,100.0,2437083.398537089
2021-08-18,460.5350523851812,0.0,460.5350523851812,100.0,2437543.9335894743
2021-08-19,459.4095284794457,0.0,459.4095284794457,100.0,2438003.3431179537
2021-08-20,458.2870961946901,0.0,458.2870961946901,100.0,2438461.630214148
2021-08-21,457.1678031068295,0.0,457.1678031068295,100.0,2438918.798017255
2021-08-22,456.05165400891565,0.0,456.05165400891565,100.0,2439374.849671264
2021-08-23,454.938652497367,0.0,454.938652497367,100.0,2439829.7883237614
2021-08-24,453.8288011099212,0.0,453.8288011099212,100.0,2440283.6171248714
2021-08-25,452.7221014412353,0.0,452.7221014412353,100.0,2440736.3392263125
2021-08-26,451.61855424614623,0.0,451.61855424614623,100.0,2441187.9577805586
2021-08-27,450.51815952232573,0.0,450.51815952232573,100.0,2441638.475940081
2021-08-28,449.42091658792924,0.0,449.42091658792924,100.0,2442087.896856669
2021-08-29,448.3268241471378,0.0,448.3268241471378,100.0,2442536.223680816
2021-08-30,447.2358803395182,0.0,447.2358803395182,100.0,2442983.4595611556
2021-08-31,446.14808277296834,0.0,446.14808277296834,100.0,2443429.6076439284
2021-09-01,445.06342700042296,0.0,445.06342700042296,100.0,2443874.6710709287
2021-09-02,443.98203530942556,0.0,443.98203530942556,100.0,2444318.653106238
2021-09-03,442.9340207868954,0.0,442.9340207868954,100.0,2444761.5871270252
2021-09-04,441.9102938894648,0.0,441.9102938894648,100.0,2445203.4974209145
2021-09-05,440.8891356693348,0.0,440.8891356693348,100.0,2445644.386556584
2021-09-06,439.87074680114165,0.0,439.87074680114165,100.0,2446084.257303385
2021-09-07,438.85507692338433,0.0,438.85507692338433,100.0,2446523.1123803086
2021-09-08,437.84575901483186,0.0,437.84575901483186,100.0,2446960.9581393236
2021-09-09,436.8421136039542,0.0,436.8421136039542,100.0,2447397.8002529275
2021-09-10,435.84035693469923,0.0,435.84035693469923,100.0,2447833.6406098623
2021-09-11,434.84060696989764,0.0,434.84060696989764,100.0,2448268.481216832
2021-09-12,433.84295376145747,0.0,433.84295376145747,100.0,2448702.3241705936
2021-09-13,432.8474645438837,0.0,432.8474645438837,100.0,2449135.1716351374
2021-09-14,431.85418920975644,0.0,431.85418920975644,100.0,2449567.025824347
2021-09-15,430.86316465516575,0.0,430.86316465516575,100.0,2449997.8889890024
2021-09-16,429.8744180635549,0.0,429.8744180635549,100.0,2450427.763407066
2021-09-17,428.8879693779163,0.0,428.8879693779163,100.0,2450856.651376444
2021-09-18,427.90383316599764,0.0,427.90383316599764,100.0,2451284.5552096097
2021-09-19,426.9220200208947,0.0,426.9220200208947,100.0,2451711.4772296306
2021-09-20,425.9425376105355,0.0,425.9425376105355,100.0,2452137.419767241
2021-09-21,424.96539146394935,0.0,424.96539146394935,100.0,2452562.385158705
2021-09-22,423.9905855534598,0.0,423.9905855534598,100.0,2452986.3757442585
2021-09-23,423.0181227301946,0.0,423.0181227301946,100.0,2453409.393866989
2021-09-24,422.0480050413171,0.0,422.0480050413171,100.0,2453831.44187203
2021-09-25,421.08023396204226,0.0,421.08023396204226,100.0,2454252.522105992
2021-09-26,420.1148105667671,0.0,420.1148105667671,100.0,2454672.6369165587
2021-09-27,419.15173360460903,0.0,419.15173360460903,100.0,2455091.7886501634
2021-09-28,418.190988367307,0.0,418.190988367307,100.0,2455509.979638531
2021-09-29,417.2325552623952,0.0,417.2325552623952,100.0,2455927.212193793
2021-09-30,416.2764203087427,0.0,416.2764203087427,100.0,2456343.488614102
2021-10-01,415.3225741501665,0.0,415.3225741501665,100.0,2456758.811188252
2021-10-02,414.3710108344676,0.0,414.3710108344676,100.0,2457173.1821990865
2021-10-03,413.42247808980756,0.0,413.42247808980756,100.0,2457586.604677176
2021-10-04,412.4843261144124,0.0,412.4843261144124,100.0,2457999.0890032905
2021-10-05,411.5503525233362,0.0,411.5503525233362,100.0,2458410.639355814
2021-10-06,410.61830664635636,0.0,410.61830664635636,100.0,2458821.25766246
2021-10-07,409.68822603696026,0.0,409.68822603696026,100.0,2459230.945888497
2021-10-08,408.7601438644342,0.0,408.7601438644342,100.0,2459639.7060323614
2021-10-09,407.8340298193507,0.0,407.8340298193507,100.0,2460047.5400621807
2021-10-10,406.90993155376054,0.0,406.90993155376054,100.0,2460454.4499937342
2021-10-11,405.98792282748036,0.0,405.98792282748036,100.0,2460860.437916562
2021-10-12,405.0680225742981,0.0,405.0680225742981,100.0,2461265.5059391363
2021-10-13,404.1502476960886,0.0,404.1502476960886,100.0,2461669.656186832
2021-10-14,403.23461318947375,0.0,403.23461318947375,100.0,2462072.8908000216
2021-10-15,402.32102608832065,0.0,402.32102608832065,100.0,2462475.21182611
2021-10-16,401.4092090409249,0.0,401.4092090409249,100.0,2462876.6210351507
2021-10-17,400.4991832538508,0.0,400.4991832538508,100.0,2463277.1202184046
2021-10-18,399.59102115256246,0.0,399.59102115256246,100.0,2463676.7112395572
2021-10-19,398.68478220456745,0.0,398.68478220456745,100.0,2464075.396021762
2021-10-20,397.7805163569283,0.0,397.7805163569283,100.0,2464473.176538119
2021-10-21,396.8782663056627,0.0,396.8782663056627,100.0,2464870.0548044248
2021-10-22,395.97806878609117,0.0,395.97806878609117,100.0,2465266.032873211
2021-10-23,395.0799555670237,0.0,395.0799555670237,100.0,2465661.112828778
2021-10-24,394.18395423074253,0.0,394.18395423074253,100.0,2466055.2967830086
2021-10-25,393.29008878872264,0.0,393.29008878872264,100.0,2466448.586871797
2021-10-26,392.3983801784925,0.0,392.3983801784925,100.0,2466840.9852519757
2021-10-27,391.50884666573256,0.0,391.50884666573256,100.0,2467232.4940986414
2021-10-28,390.62040332891047,0.0,390.62040332891047,100.0,2467623.1145019704
2021-10-29,389.7302634289954,0.0,389.7302634289954,100.0,2468012.8447653996
2021-10-30,388.84226879721973,0.0,388.84226879721973,100.0,2468401.6870341967
2021-10-31,387.9567836011993,0.0,387.9567836011993,100.0,2468789.643817798
2021-11-01,387.0737920681713,89.69188680950268,297.38190525866867,76.8282201876106,2469087.0257230564
2021-11-02,386.1932808305137,93.07466871718592,293.1186121133278,75.89945932849282,2469380.14433517
2021-11-03,385.31523818476126,95.99368204242731,289.321556142334,75.08697488979202,2469669.4658913123
2021-11-04,384.43965358135756,98.53399530841219,285.9056582729454,74.369450604148,2469955.3715495854
2021-11-05,383.56651727634016,100.74522723230714,282.82129004403305,73.73461376459893,2470238.1928396295
2021-11-06,382.6958200930385,102.64442535195215,280.05139474108637,73.17858728454418,2470518.2442343705
2021-11-07,381.8275532668922,104.32537216433505,277.5021811025572,72.67735885696729,2470795.746415473
2021-11-08,29029.104955158895,28152.373511820682,876.7314433382126,3.0201807623503893,2471672.477858811
2021-11-09,17649.68371323157,17267.55585527963,382.12785795194213,2.165069154556404,2472054.605716763
2021-11-10,10906.461031413171,10683.242408720509,223.2186226926624,2.0466641016709297,2472277.824339456
2021-11-11,9188.234227125999,8969.843033979147,218.39119314685195,2.3768570516204925,2472496.2155326027
2021-11-12,8246.986573424423,8031.0303340963665,215.95623932805665,2.618607868526994,2472712.171771931
2021-11-13,7601.885098872241,7390.381689117487,211.5034097547532,2.782249494748747,2472923.675181686
2021-11-14,7142.684680877952,6934.945215685258,207.7394651926943,2.9084227356255035,2473131.414646879
2021-11-15,6799.242729398655,6593.097727036068,206.14500236258664,3.031881792824577,2473337.5596492416
2021-11-16,6511.282165407436,6306.027716557227,205.25444885020897,3.15228926709192,2473542.814098092
2021-11-17,6247.76579968771,6042.716268047422,205.04953164028757,3.2819657172574686,2473747.8636297323
2021-11-18,5995.956368611427,5791.312785968615,204.64358264281236,3.4130265475931862,2473952.5072123753
2021-11-19,5774.900709116831,5570.511327864101,204.38938125273035,3.5392709164689355,2474156.896593628
2021-11-20,5601.614831424085,5398.251058101153,203.3637733229325,3.6304490659032305,2474360.260366951
2021-11-21,5447.713110878132,5245.12107630769,202.5920345704426,3.7188455127327034,2474562.8524015215
2021-11-22,5284.503291854169,5082.440478278521,202.06281357564785,3.823686019594667,2474764.9152150974
2021-11-23,5128.029905322939,4926.595912100945,201.43399322199457,3.928097084864976,2474966.3492083196
2021-11-24,4984.727279233979,4783.92775724359,200.7995219903887,4.028295044884508,2475167.14873031
2021-11-25,4862.68964634859,4661.851014311856,200.83863203673445,4.130196386017455,2475367.987362347
2021-11-26,4749.109424710274,4547.7405678087025,201.36885690157123,4.240139337573929,2475569.356219249
2021-11-27,4631.483268210664,4430.457777749944,201.02549046072,4.340412753739355,2475770.3817097098
2021-11-28,4516.301530840807,4315.689632417366,200.61189842344083,4.441950942679697,2475970.9936081334
2021-11-29,4406.168944858015,4205.929036291281,200.2399085667339,4.544535424598579,2476171.2335167
2021-11-30,4307.157919811085,4107.412018603144,199.74590120794073,4.637533727035988,2476370.979417908
2021-12-01,4222.868083019741,4026.29456059737,196.57352242237084,4.654976630996311,2476567.5529403305
2021-12-02,4144.069411443081,3947.3359813844772,196.73343005860352,4.747348814075377,2476764.286370389
2021-12-03,4065.169092059601,3867.764293799967,197.40479825963394,4.856004603725342,2476961.6911686487
2021-12-04,3990.2433256017976,3791.4160784355818,198.82724716621578,4.982835154200257,2477160.5184158147
2021-12-05,3921.538356346311,3721.850759953585,199.68759639272594,5.0920730143966875,2477360.2060122075
2021-12-06,3848.680063361535,3649.1748312188765,199.50523214265831,5.183731275610511,2477559.7112443503
2021-12-07,3773.7305238950066,3574.2940880983124,199.43643579669424,5.284861611974575,2477759.147680147
2021-12-08,3699.618826439604,3499.570203660148,200.0486227794563,5.4072765915719145,2477959.1963029266
2021-12-09,3627.076345312409,3426.354904404933,200.72144090747588,5.533973420958891,2478159.917743834
2021-12-10,3557.7318637135904,3357.342305468953,200.38955824463756,5.632508742113838,2478360.3073020787
2021-12-11,23368.79824440833,22705.012951170153,663.7852932381793,2.8404768028540333,2479024.092595317
2021-12-12,87465.11231326894,85541.96164332516,1923.1506699437741,2.19876316291201,2480947.243265261
2021-12-13,89012.69520155957,87748.82514496957,1263.8700565900072,1.4198761802775557,2482211.113321851
2021-12-14,32044.47419408569,31659.452155368494,385.0220387171976,1.2015239706702987,2482596.1353605683
2021-12-15,124406.49265322706,122406.51197625813,1999.9806769689312,1.6076176044474737,2484596.1160375373
2021-12-16,43818.60767612979,43265.41609213604,553.1915839937501,1.2624581503877896,2485149.307621531
2021-12-17,39344.087275968865,38800.509466115946,543.577809852919,1.3815997459545417,2485692.885431384
2021-12-18,36765.153347581625,36247.70427923473,517.4490683468975,1.4074443358222382,2486210.334499731
2021-12-19,34680.3742000591,34179.40038651377,500.9738135453299,1.4445455826266032,2486711.3083132766
2021-12-20,32904.30286956485,32421.972562852407,482.33030671244705,1.4658578503378141,2487193.638619989
2021-12-21,58348.4682435703,57151.601565661666,1196.8666779086343,2.051239242326679,2488390.505297898
2021-12-22,129129.59291068779,126704.2576378443,2425.335272843484,1.8782180119788359,2490815.8405707413
2021-12-23,122540.4535034498,121022.2170355334,1518.236467916402,1.2389675609235933,2492334.077038658
2021-12-24,109956.90552945805,108707.22657480839,1249.6789546496584,1.1365170278594852,2493583.7559933076
2021-12-25,91241.44937039279,90251.8996613592,989.5497090335848,1.0845396646610994,2494573.3057023413
2021-12-26,118275.74447761479,117005.81896932953,1269.9255082852615,1.073699019096524,2495843.2312106267
2021-12-27,67199.24360457652,66564.96047075598,634.2831338205433,0.943884335295325,2496477.5143444473
2021-12-28,93281.6894695998,92251.304989422,1030.3844801778032,1.1045945737438665,2497507.898824625
2021-12-29,64234.646633062075,63618.611235961434,616.0353971006407,0.9590391313580644,2498123.934221726
2021-12-30,56523.10013969056,55975.30541561274,547.794724077823,0.969151944468738,2498671.728945804
2021-12-31,52339.69631822547,51818.18228575178,521.5140324736931,0.9964024806389524,2499193.2429782776
2022-01-01,48880.34756968077,48380.21975939514,500.1278102856304,1.0231674592180005,2499693.370788563
2022-01-02,50211.04919405393,49674.962492274106,536.0867017798228,1.067666799209818,2500229.4574903427
2022-01-03,136055.3203140531,134424.14006807463,1631.1802459784667,1.198909562825808,2501860.637736321
2022-01-04,60483.81223810404,59949.68839335035,534.1238447536889,0.8830856141326316,2502394.7615810744
2022-01-05,53970.210739794195,53478.645432096244,491.56530769795063,0.9108085756194791,2502886.326888772
2022-01-06,62101.47822010129,61470.36201850475,631.1162015965456,1.016265988644797,2503517.4430903685
2022-01-07,61603.95603101898,60982.72161330972,621.23441770926,1.008432668506637,2504138.6775080776
2022-01-08,48593.46943437541,48142.5326902259,450.9367441495124,0.9279780789443203,2504589.614252227
2022-01-09,45297.47752331244,44862.24559110662,435.23193220581743,0.960830394985735,2505024.8461844325
2022-01-10,42602.306473862845,42179.90825273868,422.3982211241673,0.9914914381063265,2505447.2444055565
2022-01-11,40250.4588336302,39840.42241572568,410.03641790451366,1.0187124067314202,2505857.280823461
2022-01-12,38140.78306298703,37742.287106110045,398.49595687698456,1.0448027672082516,2506255.7767803376
2022-01-13,36235.74305535853,35847.43359869419,388.30945666434127,1.071619963943083,2506644.0862370017
2022-01-14,34500.783784502186,34121.16585298887,379.6179315133195,1.1003168330449482,2507023.704168515
2022-01-15,32908.50144423172,32537.08606200645,371.41538222527015,1.1286304934142564,2507395.11955074
2022-01-16,31444.974377432838,31078.83039086897,366.14398656386766,1.1643958814182997,2507761.2635373035
2022-01-17,30092.273634342477,29731.928652068862,360.34498227361473,1.1974667871635163,2508121.608519577
2022-01-18,28830.63830802124,28476.177523408347,354.4607846128929,1.229458678042085,2508476.0693041896
2022-01-19,27655.909165405203,27307.534363492654,348.3748019125487,1.259675824898684,2508824.444106102
2022-01-20,26555.11334136175,26211.61809392672,343.49524743502843,1.2935182878696534,2509167.939353537
2022-01-21,25528.33182794135,25190.438247806655,337.8935801346961,1.3236022722207947,2509505.8329336713
2022-01-22,24576.498017621227,24244.551754224376,331.94626339685055,1.3506654331257724,2509837.779197068
2022-01-23,23695.316125359852,23367.502879145817,327.81324621403473,1.383451668168265,2510165.592443282
2022-01-24,22867.376415864564,22543.622508134955,323.75390772960964,1.4157894716116222,2510489.346351011
2022-01-25,22085.765066978056,21765.519151252956,320.2459157250996,1.4500105147089575,2510809.592266736
2022-01-26,21348.316710645333,21030.878840341495,317.4378703038383,1.4869456669881047,2511127.0301370397
2022-01-27,20652.242598303594,20337.91919759827,314.3234007053252,1.5219819310622673,2511441.353537745
2022-01-28,19989.01328610629,19677.642129190528,311.37115691576037,1.5577114911028864,2511752.7246946604
2022-01-29,19359.991918669082,19052.545673874003,307.4462447950791,1.5880494479886889,2512060.1709394553
2022-01-30,18769.368484663777,18465.27612482969,304.0923598340887,1.6201523246909395,2512364.263299289
2022-01-31,18211.326254927088,17909.51808081221,301.80817411487806,1.6572553250108493,2512666.071473404
2022-02-01,17682.737175622024,17387.143054980843,295.5941206411808,1.6716536456171283,2512961.665594045
2022-02-02,17181.042709531728,16888.599892709462,292.44281682226574,1.7021249627650588,2513254.1084108674
2022-02-03,16703.629613946192,16414.091015463753,289.53859848243883,1.7333873246368998,2513543.64700935
2022-02-04,16248.571407056414,15961.378136800662,287.1932702557515,1.7674985884053134,2513830.8402796057
2022-02-05,15814.285999066196,15529.726850754641,284.55914831155496,1.7993803092239362,2514115.3994279173
2022-02-06,15399.040526807308,15117.483899433691,281.5566273736167,1.8284037040065637,2514396.956055291
2022-02-07,15004.84807870444,14727.62917924818,277.21889945625844,1.8475288653518596,2514674.1749547473
2022-02-08,14628.15792561043,14355.494529100195,272.66339651023554,1.863962625347835,2514946.8383512576
2022-02-09,14272.776779363863,14003.479315280043,269.29746408382016,1.8867909745017588,2515216.1358153415
2022-02-10,13931.582053251565,13664.459671942112,267.122381309453,1.9173872736665103,2515483.258196651
2022-02-11,13602.222723270766,13337.403587014009,264.8191362567577,1.946881341706775,2515748.077332908
2022-02-12,13285.01706927456,13022.591958751962,262.4251105225976,1.9753464309017075,2516010.5024434305
2022-02-13,12980.120302992407,12720.356778673888,259.76352431851956,2.001241269378946,2516270.265967749
2022-02-14,12686.549119329546,12429.379842912373,257.169276417173,2.027101885613192,2516527.4352441663
2022-02-15,12403.952586634085,12149.947508569401,254.0050780646834,2.047775306222851,2516781.440322231
2022-02-16,12133.41721078381,11882.28541117121,251.13179961259993,2.069753271068613,2517032.5721218437
2022-02-17,11874.256840035785,11625.803817073875,248.4530229619104,2.0923669271176184,2517281.0251448057
2022-02-18,11624.023799020797,11377.760938234222,246.2628607865754,2.1185681055412195,2517527.2880055923
2022-02-19,11382.186104594963,11137.595493156523,244.59061143843974,2.1488895822894607,2517771.8786170306
2022-02-20,11148.81292985892,10905.259713109177,243.5532167497422,2.184566359504107,2518015.4318337804
2022-02-21,10923.055494468426,10680.995529573936,242.0599648944899,2.216046279514666,2518257.4917986747
2022-02-22,10703.412338010734,10463.10729693022,240.30504108051355,2.245125512236176,2518497.796839755
2022-02-23,10490.215144973015,10251.812228537923,238.40291643509227,2.2726218017495725,2518736.19975619
2022-02-24,10283.85083010653,10047.184440561863,236.66638954466725,2.3013401638597633,2518972.8661457347
2022-02-25,10084.203358774772,9848.978246518936,235.22511225583548,2.3326097648670907,2519208.0912579903
2022-02-26,9889.700424805516,9656.05824114039,233.64218366512614,2.362479889472696,2519441.7334416555
2022-02-27,9700.832645440008,9469.080329377497,231.75231606251145,2.388994064045104,2519673.485757718
2022-02-28,9517.772881832905,9288.00346419291,229.76941763999457,2.414109061990416,2519903.2551753577
2022-03-01,9341.577376359142,9099.608769300301,241.96860705884137,2.590232862291487,2520145.2237824164
2022-03-02,9171.659334672615,8928.059655414103,243.59967925851197,2.6560044411768082,2520388.823461675
2022-03-03,9007.625259260647,8762.823881108454,244.80137815219314,2.7177127278970157,2520633.6248398274
2022-03-04,8850.664424947463,8604.710509634717,245.95391531274618,2.7789316542097477,2520879.5787551403
2022-03-05,8699.266048512422,8452.142349899188,247.1236986132335,2.8407419342634284,2521126.7024537534
2022-03-06,8551.898330357857,8303.077350984235,248.82097937362232,2.9095408967895238,2521375.523433127
2022-03-07,8409.44229910872,8153.82082261974,255.62147648897917,3.039695944118332,2521631.144909616
2022-03-08,8271.487003725255,8007.927491729986,263.5595119952686,3.186361918680021,2521894.7044216115
2022-03-09,8137.280800319044,7872.920891294629,264.3599090244152,3.2487499880064385,2522159.064330636
2022-03-10,8006.610253942199,7741.588918141462,265.0213358007368,3.3100316787650392,2522424.0856664367
2022-03-11,7881.875378254568,7616.642242917698,265.23313533686996,3.3651018648255455,2522689.3188017737
2022-03-12,7762.277372958604,7496.492830013298,265.7845429453064,3.424053665889579,2522955.103344719
2022-03-13,7645.354192333063,7379.030852747523,266.32333958554045,3.4834663363617033,2523221.4266843046
2022-03-14,7531.520180101739,7264.4741408381615,267.04603926357777,3.545712324705879,2523488.4727235683
2022-03-15,7420.80183637701,7153.156957548485,267.6448788285252,3.606684085222723,2523756.1176023968
2022-03-16,7312.307650656905,7043.962799003255,268.34485165365004,3.669769715303802,2524024.4624540503
2022-03-17,7206.240385116078,6936.518476340594,269.7219087754838,3.742893580577373,2524294.184362826
2022-03-18,7102.223011113005,6831.872435916355,270.3505751966495,3.8065627448423687,2524564.5349380225
2022-03-19,7000.369229505537,6729.813443349116,270.55578615642116,3.864878798336349,2524835.090724179
2022-03-20,6901.333574195625,6630.188979377412,271.1445948182136,3.9288724694026467,2525106.2353189974
2022-03-21,6805.531145704677,6521.429996463145,284.10114924153277,4.174562472186226,2525390.336468239
2022-03-22,6711.94425542932,6420.667168321228,291.277087108092,4.339682750977509,2525681.613555347
2022-03-23,6620.388861524174,6325.316965569184,295.0718959549904,4.457017588043275,2525976.685451302
2022-03-24,6531.2127048878465,6233.560138707189,297.65256618065723,4.557385888808968,2526274.338017483
2022-03-25,6443.7231661845,6144.934592630389,298.7885735541113,4.63689338986659,2526573.126591037
2022-03-26,6357.864056067076,6058.139400732611,299.72465533446484,4.7142350432681654,2526872.8512463714
2022-03-27,6273.893941606861,5973.636149221473,300.2577923853878,4.7858283098181635,2527173.1090387567
2022-03-28,6191.695840636268,5886.455520364829,305.2403202714395,4.929833895717858,2527478.349359028
2022-03-29,6111.436300128233,5794.444679462258,316.99162066597455,5.186859603843425,2527795.340979694
2022-03-30,6032.6282781497575,5714.284486282291,318.3437918674663,5.277033113750947,2528113.6847715615
2022-03-31,5955.174290554132,5635.59015537696,319.58413517717236,5.3664950778029175,2528433.2689067386
2022-04-01,5879.056694937171,5462.990821329112,416.0658736080595,7.07708558018092,2528849.3347803466
2022-04-02,5804.500519706169,5384.4918245481595,420.0086951580097,7.235914506891474,2529269.343475505
2022-04-03,5732.536576184444,5308.992565621788,423.5440105626558,7.388422296723752,2529692.8874860676
2022-04-04,5662.474715018878,5235.804237196854,426.6704778220237,7.535053122450918,2530119.5579638896
2022-04-05,5594.176516868407,5164.943245001769,429.23327186663755,7.672858919849033,2530548.791235756
2022-04-06,5527.252848746721,5095.558747262162,431.6941014845588,7.810283214788038,2530980.4853372406
2022-04-07,5462.0854650186375,5027.892438104543,434.19302691409484,7.949217010514377,2531414.678364155
2022-04-08,5398.40981210256,4961.736796007891,436.67301609466904,8.088919353912383,2531851.3513802495
2022-04-09,5335.916681499686,4896.63960515282,439.2770763468661,8.232457561976119,2532290.6284565963
2022-04-10,5274.519821885042,4833.129113986789,441.3907078982529,8.368358121754216,2532732.0191644947
2022-04-11,5214.405159992399,4771.071912440172,443.33324755222657,8.502086699240548,2533175.352412047
2022-04-12,5155.52667780011,4710.3459036750055,445.1807741251041,8.635020279151481,2533620.533186172
2022-04-13,5097.664504888933,4650.741396363758,446.92310852517494,8.76721306583734,2534067.4562946972
2022-04-14,5041.036495804787,4592.205188685496,448.8313071192906,8.903552027302592,2534516.2876018165
2022-04-15,4985.343227015343,4534.213192487069,451.1300345282734,9.049126890273488,2534967.4176363447
2022-04-16,4930.575412759557,4477.436105148568,453.1393076109898,9.190394014425502,2535420.556943956
2022-04-17,4876.862598062959,4421.986936172404,454.8756618905545,9.327219144357821,2535875.4326058463
2022-04-18,4824.306889677886,4367.555705983358,456.75118369452775,9.467705810171305,2536332.183789541
2022-04-19,4772.991051696707,4314.651361259565,458.33969043714114,9.602777073596444,2536790.523479978
2022-04-20,4722.609908765415,4262.860736275957,459.74917248945803,9.735065596591816,2537250.2726524677
2022-04-21,4672.933591291308,4211.952068657315,460.98152263399334,9.864927751019177,2537711.254175102
2022-04-22,4624.133589823265,4162.0335872668575,462.10000255640716,9.99322345646309,2538173.3541776584
2022-04-23,4576.008114204509,4112.685936048095,463.32217815641434,10.125029645778023,2538636.676355815
2022-04-24,4528.51327647781,4063.923047319454,464.5902291583561,10.259221974053819,2539101.2665849733
2022-04-25,4481.744029744528,4015.867472944715,465.87655679981344,10.394983598078664,2539567.143141773
2022-04-26,4435.6072844509035,3968.117778829931,467.4895056209725,10.539470147859232,2540034.632647394
2022-04-27,4390.137632776517,3921.6581943691044,468.479438407413,10.671178846644173,2540503.1120858015
2022-04-28,4345.29194181948,3875.7410424686304,469.55089935084925,10.80596898063049,2540972.6629851526
2022-04-29,4301.172066108324,3830.8449733114603,470.3270927968633,10.93485881448153,2541442.9900779496
2022-04-30,4257.649527391186,3786.802232631416,470.8472947597702,11.058855167167202,2541913.8373727095
2022-05-01,4214.728103233036,3765.6572336536615,449.0708695793742,10.654800465892466,2542362.908242289
2022-05-02,4172.442694819765,3717.320772964113,455.1219218556521,10.907805214933257,2542818.0301641445
2022-05-03,4131.182885076618,3663.320110368381,467.8627747082369,11.32515281272908,2543285.892938853
2022-05-04,4090.701895802282,3616.9831679578188,473.71872784446305,11.58037764449604,2543759.611666697
2022-05-05,4051.3087037140504,3571.2209876927795,480.0877160212708,11.85018844851662,2544239.699382718
2022-05-06,4012.6438339753076,3526.862469835511,485.78136413979655,12.106266696950655,2544725.480746858
2022-05-07,3974.948678739369,3484.9612964045505,489.98738233481845,12.326885752150515,2545215.4681291925
2022-05-08,3937.7822602333035,3444.6541579252357,493.1281023080678,12.522990600268772,2545708.5962315006
2022-05-09,3901.0192385674454,3405.6872700060035,495.33196856144195,12.697501300796985,2546203.928200062
2022-05-10,3864.748526111711,3367.93498220395,496.81354390776096,12.855003127657588,2546700.7417439697
2022-05-11,3829.0771402979735,3330.3992938737633,498.6778464242102,13.023447377855746,2547199.419590394
2022-05-12,3793.950388308149,3292.7190056341483,501.23138267400054,13.211332025285566,2547700.650973068
2022-05-13,3759.4341275696643,3255.971306672391,503.4628208972731,13.391984107532249,2548204.1137939654
2022-05-14,3725.3185390413273,3221.1170665222003,504.20147251912704,13.534452617543899,2548708.3152664844
2022-05-15,3691.629695151234,3186.6272183713286,505.00247677990546,13.679662330249437,2549213.317743264
2022-05-16,3658.5586255800445,3151.1078196778676,507.45080590217685,13.870238469165525,2549720.768549166
2022-05-17,3626.0833793408237,3117.468428480976,508.6149508598478,14.026565239994774,2550229.383500026
2022-05-18,3593.987650000723,3084.6278477423607,509.3598022583624,14.172552937355249,2550738.7433022843
2022-05-19,3562.2448285864666,3052.0156688765405,510.2291597099261,14.323247959135642,2551248.9724619943
2022-05-20,3530.9049936395604,3020.0063843699886,510.8986092695718,14.469338885919766,2551759.8710712637
2022-05-21,3499.9327051409055,2987.967960974273,511.9647441666325,14.627845370130368,2552271.83581543
2022-05-22,3469.3108602853026,2956.037424837776,513.2734354475265,14.794679869226734,2552785.1092508775
2022-05-23,3439.0159710359294,2925.0761483961965,513.9398226397329,14.944386038571366,2553299.0490735173
2022-05-24,3409.151269840542,2893.8517944711043,515.2994753694379,15.11518365078415,2553814.348548887
2022-05-25,3379.77386702504,2863.8902831220316,515.8835839030085,15.263849127193287,2554330.2321327897
2022-05-26,3350.923143037595,2834.245642480512,516.677500557083,15.418960044804772,2554846.909633347
2022-05-27,3322.605172662763,2805.3435430946543,517.2616295681087,15.567953539107116,2555364.171262915
2022-05-28,3294.593130116118,2773.2306660470335,521.3624640690846,15.824790603224173,2555885.5337269837
2022-05-29,3266.86587368045,2745.3903354840136,521.4755381964364,15.962563458687157,2556407.00926518
2022-05-30,3239.550259103067,2717.932756012377,521.6175030906902,16.101540688401304,2556928.626768271
2022-05-31,3212.595412905561,2690.801850461007,521.793562444554,16.2421187662915,2557450.4203307154
2022-06-01,3185.9900819091126,2452.706013788006,733.2840681211064,23.015892996179925,2558183.7043988365
2022-06-02,3159.7092679745983,2420.692358864474,739.0169091101243,23.388762902981917,2558922.7213079464
2022-06-03,3133.68183393497,2390.1397422512555,743.5420916837147,23.727427706023605,2559666.26339963
2022-06-04,3107.905057306867,2360.2262043533874,747.6788529534797,24.057326049765994,2560413.9422525833
2022-06-05,3082.377252844628,2331.008618012772,751.3686348318561,24.37627107903297,2561165.310887415
2022-06-06,3057.103342059301,2302.5772686160662,754.526073443235,24.68107842684105,2561919.836960858
2022-06-07,3032.0973901988473,2274.8030797021956,757.2943104966516,24.975923034153848,2562677.131271355
2022-06-08,3007.3744630471338,2247.7869936805246,759.5874693666092,25.25749548983599,2563436.7187407212
2022-06-09,2983.2334122511093,2221.402494045443,761.8309182056664,25.537087211382453,2564198.5496589267
2022-06-10,2959.403259667568,2195.3789844475714,764.0242752199965,25.816835631444835,2564962.5739341467
2022-06-11,2935.7895461877342,2169.689655571713,766.0998906160212,26.09519104020379,2565728.6738247625
2022-06-12,2912.4003276985604,2144.417538105513,767.9827895930475,26.369410217719746,2566496.6566143553
2022-06-13,2889.3364991822746,2118.4484369044685,770.8880622778061,26.68045284777245,2567267.544676633
2022-06-14,2866.5323385291267,2090.2818950510145,776.2504434781122,27.079772763924975,2568043.795120111
2022-06-15,2844.0730851008557,2065.5671594466576,778.5059256541981,27.372922648596106,2568822.301045765
2022-06-16,2821.961843062192,2041.735580249925,780.2262628122671,27.648363309038267,2569602.527308577
2022-06-17,2800.051198175177,2018.3809685127371,781.6702296624399,27.91628346552601,2570384.1975382394
2022-06-18,2778.350263667293,1992.5583115017535,785.7919521655394,28.282681361000563,2571169.9894904047
2022-06-19,2756.942716455087,1959.715674638751,797.2270418163362,28.91706951537321,2571967.216532221
2022-06-20,2735.8237181268632,1936.0256603988846,799.7980577279786,29.23426872969639,2572767.014589949
2022-06-21,2714.985549631994,1913.6577336159562,801.327816016038,29.51499377684183,2573568.342405965
2022-06-22,2694.409832086414,1891.5386693961946,802.8711626902195,29.797663040314724,2574371.2135686553
2022-06-23,2674.071976570878,1869.7274151644697,804.3445614064085,30.07939084862882,2575175.5581300617
2022-06-24,2654.040869214572,1848.2886793059324,805.7521899086396,30.359449217791855,2575981.3103199704
2022-06-25,2634.1977055319585,1827.0832735169706,807.1144320149879,30.63985783299422,2576788.4247519854
2022-06-26,2614.59582541883,1806.1500789299635,808.4457464888665,30.920486395229453,2577596.870498474
2022-06-27,2595.2657096621115,1785.6694587445845,809.596250917527,31.195119941030303,2578406.4667493915
2022-06-28,2576.2965717271436,1765.6138571503134,810.6827145768302,31.466979519106776,2579217.1494639684
2022-06-29,2557.6293137362227,1745.9225846992367,811.706729036986,31.736683837550828,2580028.856193005
2022-06-30,2539.2521559563465,1726.4079752888092,812.8441806675373,32.01116434068359,2580841.7003736724
2022-07-01,2521.0975101357326,1284.1375045590148,1236.9600055767178,49.06434600818441,2582078.660379249
2022-07-02,2503.08815201628,1253.6019749336456,1249.4861770826346,49.91778559920681,2583328.146556332
2022-07-03,2485.2215025031473,1226.4558566326787,1258.7656458704687,50.650038421228196,2584586.9122022022
2022-07-04,2467.5002132891677,1198.5194514647637,1268.980761824404,51.42778732054729,2585855.8929640264
2022-07-05,2449.926045462489,1171.9552826841873,1277.9707627783018,52.163646537218256,2587133.8637268045
2022-07-06,2432.499989119824,1144.3569854705174,1288.1430036493066,52.95551940024503,2588422.0067304536
2022-07-07,2415.22214800003,1118.4750393594195,1296.7471086406103,53.69059362570049,2589718.753839094
2022-07-08,2398.092933914857,1094.274500770266,1303.818433144591,54.36897022235596,2591022.572272239
2022-07-09,2381.1125784916803,1071.9029094202024,1309.209669071478,54.98310667447731,2592331.78194131
2022-07-10,2364.2805931414478,1050.0245068229315,1314.2560863185163,55.587991126393696,2593646.0380276283
2022-07-11,2347.5961604467593,1025.9144775529903,1321.681682893769,56.299362946744914,2594967.719710522
2022-07-12,2331.0586934909225,1004.4390057614119,1326.6196877295106,56.91060853310413,2596294.3393982514
2022-07-13,2314.693075871095,982.7952665931125,1331.8978092779826,57.54101151301651,2597626.237207529
2022-07-14,2298.4843381962273,960.6387877895077,1337.8455504067197,58.20555433745594,2598964.082757936
2022-07-15,2282.414453833597,940.6999731359583,1341.7144806976385,58.78487486985825,2600305.7972386335
2022-07-16,2266.4835976460017,920.3469486760487,1346.136648969953,59.393178506478826,2601651.933887603
2022-07-17,2250.735630686162,900.7013194393412,1350.0343112468208,59.981914039155626,2603001.96819885
2022-07-18,2235.144025552552,881.7697250729007,1353.3743004796515,60.549758091990626,2604355.3424993292
2022-07-19,2219.6811504089274,860.948110529459,1358.7330398794684,61.212982757868254,2605714.0755392085
2022-07-20,2204.3474532605615,841.0405705655039,1363.3068826950575,61.84627930041253,2607077.3824219033
2022-07-21,2189.2144102470484,823.1731461263307,1366.0412641207176,62.398696889929695,2608443.423686024
2022-07-22,2174.507079551462,805.9051559567497,1368.6019235947124,62.93849012793352,2609812.0256096185
2022-07-23,2160.1116333378013,789.0174217950598,1371.0942115427415,63.473303434051175,2611183.119821161
2022-07-24,2145.9696305445395,772.3056214235303,1373.6640091210093,64.01134431582996,2612556.783830282
2022-07-25,2132.008033484919,754.4227899436419,1377.5852435412771,64.61444900324864,2613934.369073823
2022-07-26,2118.159122357378,737.7498974110977,1380.4092249462801,65.17023250878204,2615314.778298769
2022-07-27,2104.365666865371,709.2154202722058,1395.1502465931653,66.29790005419345,2616709.9285453623
2022-07-28,2090.8227057422046,690.4845959828281,1400.3381097593765,66.975459273209,2618110.2666551215
2022-07-29,2077.5380979389884,673.0952270892494,1404.442870849739,67.6013052296374,2619514.709525971
2022-07-30,2064.3357509723864,654.1778610898227,1410.1578898825637,68.31049112133634,2620924.867415854
2022-07-31,2051.2547569721937,637.9208685788371,1413.3338883933566,68.90094385348526,2622338.201304247
2022-08-01,2038.265222595306,863.3558208357631,1174.909401759543,57.642616315826686,2623513.1107060066
2022-08-02,2025.4479144841898,852.6091080417013,1172.8388064424885,57.90515757306793,2624685.949512449
2022-08-03,2012.8722857278772,841.5750017130836,1171.2972840147936,58.19034284091399,2625857.246796464
2022-08-04,2000.465575774433,830.2434467996559,1170.2221289747772,58.497488941880604,2627027.468925439
2022-08-05,1988.1364244385622,818.0323168912059,1170.1041075473563,58.8543166939757,2628197.5730329864
2022-08-06,1976.0272982737515,805.9492440474774,1170.0780542262742,59.2136583967463,2629367.651087213
2022-08-07,1964.0300647716504,794.320188594013,1169.7098761776374,59.55661764849993,2630537.3609633907
2022-08-08,1952.1052412104327,782.6540384252644,1169.4512027851683,59.90718010981991,2631706.812166176
2022-08-09,1940.253911922453,771.0350871753967,1169.2188247470563,60.2611244622393,2632876.030990923
2022-08-10,1928.4772656941786,759.4635319057475,1169.0137337884312,60.61848664664608,2634045.044724711
2022-08-11,1916.776298864046,748.0260436795274,1168.7502551845187,60.974786461892506,2635213.794979896
2022-08-12,1905.1517603392713,736.6036391737493,1168.548121165522,61.33622242027721,2636382.3431010614
2022-08-13,1893.615551345516,721.2978514798074,1172.3176998657086,61.908960297284935,2637554.6608009273
2022-08-14,1882.3416967771482,709.1522879714234,1173.1894088057247,62.32605965295256,2638727.850209733
2022-08-15,1871.214405949926,697.9593317363965,1173.2550742135295,62.70019461601591,2639901.1052839467
2022-08-16,1860.185582172824,685.5476734295576,1174.6379087432665,63.14627529642548,2641075.74319269
2022-08-17,1849.3027069743257,670.2638520120731,1179.0388549622526,63.75586054763838,2642254.782047652
2022-08-18,1838.5416074444074,658.6103740578606,1179.9312333865469,64.17756490301375,2643434.7132810387
2022-08-19,1827.9748092559166,647.2831961598336,1180.691613096083,64.59014681808924,2644615.404894135
2022-08-20,1817.5963346580975,636.3831575994468,1181.2131770586507,64.98765179788091,2645796.618071194
2022-08-21,1807.2871024878696,626.0120938594541,1181.2750086284154,65.36177937651962,2646977.8930798224
2022-08-22,1797.0601947782561,614.4020945631987,1182.6581002150574,65.81071149711758,2648160.5511800377
2022-08-23,1787.0525159484241,601.9957692320081,1185.056746716416,66.31348190052954,2649345.6079267543
2022-08-24,1777.153727490222,591.8876261068131,1185.266101383409,66.69462990448756,2650530.874028138
2022-08-25,1767.3925626422279,581.8307116843848,1185.561850957843,67.07971256739047,2651716.435879096
2022-08-26,1757.674254198093,571.0410196871585,1186.6332345109345,67.51155577757008,2652903.069113607
2022-08-27,1748.0417037406005,560.2976038748952,1187.7440998657053,67.947126051059,2654090.8132134727
2022-08-28,1738.6485783166718,550.5300851205452,1188.1184931961266,68.33574697115857,2655278.931706669
2022-08-29,1729.3841074418742,540.8571998185566,1188.5269076233176,68.72544407623826,2656467.458614292
2022-08-30,1720.1694761323743,531.2407043960034,1188.928771736371,69.11695552286837,2657656.3873860287
2022-08-31,1711.0177433737554,521.7714590699966,1189.2462843037588,69.5051988156957,2658845.6336703324
2022-09-01,1701.9253462248016,778.8115568443417,923.1137893804599,54.23938196984399,2659768.747459713
2022-09-02,1692.922980963951,773.5438164247415,919.3791645392095,54.30720563647347,2660688.126624252
2022-09-03,1683.997872130014,767.359078045304,916.63879408471,54.43230120744121,2661604.7654183367
2022-09-04,1675.111800046172,761.4936973511457,913.6181026950263,54.54072394868472,2662518.3835210316
2022-09-05,1666.3427081722766,755.3198531333572,911.0228550389194,54.671998177264044,2663429.4063760703
2022-09-06,1657.6974123441614,748.9013749904215,908.79603735374,54.82279399040656,2664338.202413424
2022-09-07,1649.0840408247896,742.3252278634562,906.7588129613333,54.98560355406858,2665244.961226385
2022-09-08,1640.519817752298,735.6375203156593,904.8822974366386,55.15826676671496,2666149.843523822
2022-09-09,1632.1294904598035,728.8268850793346,903.3026053804689,55.34503301732453,2667053.146129202
2022-09-10,1623.8103104899637,721.9263285054575,901.8839819845062,55.54121538447274,2667955.0301111867
2022-09-11,1615.5308736171573,713.9942757853522,901.5365978318051,55.804355865590715,2668856.5667090183
2022-09-12,1607.2925700470805,706.2900369403168,901.0025331067637,56.0571578502582,2669757.569242125
2022-09-13,1599.1206389158033,699.267682172659,899.8529567431443,56.27173678111244,2670657.422198868
2022-09-14,1591.0724646353628,692.1984881414782,898.8739764938847,56.49484837888173,2671556.2961753616
2022-09-15,1583.0826465010177,685.0902106192178,897.9924358817999,56.724292813554165,2672454.2886112435
2022-09-16,1575.2072039861232,677.7536978042434,897.4535061818798,56.97367964740376,2673351.7421174254
2022-09-17,1567.3775901431218,670.5853903087071,896.7921998344146,57.21609173654997,2674248.5343172597
2022-09-18,1559.586981780827,663.4946599773347,896.0923218034924,57.45702755099187,2675144.626639063
2022-09-19,1551.938250611769,656.4791661089502,895.4590845028189,57.69940164499663,2676040.085723566
2022-09-20,1544.394963077968,649.0512923224113,895.3436707555567,57.97374973116612,2676935.4293943215
2022-09-21,1536.9506877670065,641.9258822685323,895.0248054984742,58.23380103357976,2677830.45419982
2022-09-22,1529.559007320553,634.5544418355665,895.0045654849865,58.51389591388405,2678725.4587653046
2022-09-23,1522.200839743251,627.1391060553241,895.0617336879269,58.8005018995323,2679620.5204989924
2022-09-24,1514.877130246954,620.1651657792489,894.7119644677051,59.06168537390554,2680515.23246346
2022-09-25,1507.5851307339035,613.2194311526354,894.3656995812681,59.32439113046202,2681409.5981630413
2022-09-26,1500.3524296018295,606.2892029016028,894.0632267002267,59.59021420970387,2682303.6613897416
2022-09-27,1493.2189170848578,599.4057720041118,893.813145080746,59.85814503513631,2683197.474534822
2022-09-28,1486.1263601477258,592.5705309094145,893.5558292383113,60.12650425967069,2684091.0303640603
2022-09-29,1479.0724648954347,585.7526595278858,893.3198053675488,60.39729807495966,2684984.3501694277
2022-09-30,1472.0792363306973,576.4622418999887,895.6169944307086,60.84027084459953,2685879.9671638585
2022-10-01,1465.168073238572,897.0036090872833,568.1644641512888,38.77810843198568,2686448.13162801
2022-10-02,1458.2973212720826,896.2748525242438,562.0224687478388,38.53963526845012,2687010.154096758
2022-10-03,1451.4657720371615,894.744552134967,556.7212199021945,38.355793889705375,2687566.8753166604
2022-10-04,1444.673274765024,892.608844006632,552.064430758392,38.2137913396498,2688118.9397474187
2022-10-05,1437.936024134513,890.0090999004548,547.9269242340582,38.105097517384536,2688666.866671653
2022-10-06,1431.3579552266747,887.0378273937037,544.320127832971,38.02823227029682,2689211.186799486
2022-10-07,1424.8423734777607,883.7589995662798,541.0833739114809,37.97496368603935,2689752.270173398
2022-10-08,1418.3645319007337,880.295820751891,538.0687111488427,37.93585492636248,2690290.338884547
2022-10-09,1411.924039231846,876.9697925203596,534.9542467114865,37.88831635748103,2690825.2931312583
2022-10-10,1405.5212856035214,873.5312663598103,531.9900192437111,37.85001512910409,2691357.283150502
2022-10-11,1399.1560444007628,869.9499258699012,529.2061185308615,37.82323784746343,2691886.489269033
2022-10-12,1392.8495352524333,866.248028433614,526.6015068188193,37.807494168663425,2692413.090775852
2022-10-13,1386.8991013921332,862.4436696429854,524.4554317491478,37.81496658428238,2692937.546207601
2022-10-14,1381.0909799027722,858.5499048095313,522.5410750932409,37.83538396073135,2693460.0872826944
2022-10-15,1375.315727520967,854.6271915498306,520.6885359711363,37.859563847909115,2693980.7758186655
2022-10-16,1369.5737223143224,850.6973119941191,518.8764103202033,37.88597881707307,2694499.652228986
2022-10-17,1363.865460853558,846.6179919605726,517.2474688929855,37.92510945832389,2695016.899697879
2022-10-18,1358.2123015378602,842.5036692099762,515.708632327884,37.96966289761649,2695532.608330207
2022-10-19,1352.60147082014,838.3972954919678,514.2041753281723,38.01594086811012,2696046.8125055353
2022-10-20,1347.0206650830805,834.2628290552763,512.7578360278043,38.066070500572366,2696559.5703415633
2022-10-21,1341.470004754141,830.0894678455894,511.38053690855156,38.12090729544678,2697070.950878472
2022-10-22,1335.9495172044262,825.8824466331513,510.06707057127494,38.180115640793694,2697581.0179490433
2022-10-23,1330.459163746331,821.646122571046,508.81304117528487,38.24341663689699,2698089.8309902186
2022-10-24,1324.998766493285,817.4030132677523,507.5957532255328,38.309149114827136,2698597.426743444
2022-10-25,1319.5658675888553,813.1746247426723,506.391242846183,38.375594222626724,2699103.8179862904
2022-10-26,1314.1618209655862,808.9254766988685,505.23634426671777,38.4455198900462,2699609.054330557
2022-10-27,1308.8063442236744,804.5270729597775,504.27927126389693,38.52970865319368,2700113.333601821
2022-10-28,1303.5392168234102,800.1159817184904,503.42323510491985,38.61972302848778,2700616.756836926
2022-10-29,1298.3464468196034,794.802417917375,503.54402890222843,38.78348726841723,2701120.3008658285
2022-10-30,1293.1838244590908,790.3522121351795,502.8316123239114,38.88322779897393,2701623.1324781524
2022-10-31,1288.0405747396871,786.0662840872188,501.9742906524683,38.971931513408826,2702125.106768805
2022-11-01,1282.9178754310124,961.0050782996341,321.9127971313783,25.092237258228835,2702447.0195659366
2022-11-02,1277.816593953874,959.9767256874702,317.83986826640376,24.87366886377099,2702764.8594342032
2022-11-03,1272.7502657186706,958.573385030927,314.1768806877435,24.684880384632294,2703079.036314891
2022-11-04,1267.7378468678799,956.8874400329887,310.85040683489115,24.52008572615306,2703389.886721726
2022-11-05,1262.7470299392007,954.9395746835153,307.80745525568545,24.37601894581418,2703697.6941769817
2022-11-06,1257.8312706700526,952.8238937195501,305.0073769505025,24.248671826072794,2704002.7015539324
2022-11-07,1252.957552973181,950.5706638085767,302.3868891646043,24.133849422676874,2704305.088443097
2022-11-08,1248.0996071631089,948.1909324964154,299.9086746666935,24.02922594843023,2704604.997117764
2022-11-09,1243.2653149794787,945.6814562219306,297.5838587575481,23.935668048654605,2704902.5809765216
2022-11-10,1238.458359807497,943.0681750273443,295.3901847801526,23.851442597235756,2705197.9711613017
2022-11-11,1233.6819574802648,940.3532937881182,293.3286636921466,23.776684251041175,2705491.299824994
2022-11-12,1228.9121351782233,937.5508902265801,291.36124495164313,23.708875241059314,2705782.661069946
2022-11-13,1224.1562634557486,934.6710248251557,289.4852386305929,23.64773577299573,2706072.1463085767
2022-11-14,1219.4171249622013,931.7234547747876,287.6936701874138,23.59272018558305,2706359.8399787643
2022-11-15,1214.6953027544077,928.7154785971734,285.97982415723436,23.543338276583007,2706645.8198029217
2022-11-16,1209.9912639851682,925.6550573890208,284.33620659614735,23.49902970866678,2706930.156009518
2022-11-17,1205.305375562515,922.5482794714271,282.757096091088,23.459374016242602,2707212.9131056094
2022-11-18,1200.644618325401,919.4015870689991,281.243031256402,23.424336141086084,2707494.1561368657
2022-11-19,1196.0256067358423,916.2204670218862,279.8051397139561,23.394577686141023,2707773.9612765796
2022-11-20,1191.4211885228287,913.0090529338568,278.412135588972,23.368069853966453,2708052.3734121686
2022-11-21,1186.8303500134498,909.770824959699,277.0595250537508,23.344492753375494,2708329.4329372225
2022-11-22,1182.254220356699,906.508712239528,275.7455081171711,23.323706811042353,2708605.1784453397
2022-11-23,1177.7307768245228,903.2251679300907,274.50560889443204,23.308010140872142,2708879.684054234
2022-11-24,1173.256376392208,899.9222801152728,273.33409627693527,23.29704758285178,2709153.018150511
2022-11-25,1168.79394606594,896.6018219203334,272.1921241456066,23.28829004135262,2709425.210274657
2022-11-26,1164.373436478898,893.2653036922793,271.1081327866186,23.283606813159373,2709696.3184074434
2022-11-27,1159.992870029062,889.914034702314,270.07883532674805,23.282801326182426,2709966.39724277
2022-11-28,1155.6221058149822,886.5491676840111,269.0729381309711,23.28381715588697,2710235.4701809012
2022-11-29,1151.2624162090942,883.1791203955299,268.0832958135643,23.28602862727993,2710503.553476715
2022-11-30,1146.9148290269077,879.8344464185293,267.0803826083784,23.286854075727746,2710770.6338593233
2022-12-01,1142.580175475916,873.6623397037376,268.91783577217825,23.536014499828568,2711039.5516950954
2022-12-02,1138.259129686281,870.2295770713583,268.02955261492275,23.547322892002207,2711307.58124771
2022-12-03,1133.9522414826788,866.7621758120124,267.1900656706664,23.56272653258367,2711574.771313381
2022-12-04,1129.6599606613163,863.3190580481653,266.340902613151,23.577086193019703,2711841.112215994
2022-12-05,1125.3826552198734,859.8848644845177,265.4977907353557,23.59177916097202,2712106.610006729
2022-12-06,1121.1206578284036,856.4426301446267,264.6780276837769,23.608344546648073,2712371.288034413
2022-12-07,1116.8744024280459,852.9936233347737,263.88077909327217,23.62671921924297,2712635.168813506
2022-12-08,1112.6441354395356,849.5388398041007,263.1052956354349,23.64685052975169,2712898.2741091414
2022-12-09,1108.4299877511803,845.9634373626661,262.4665503885142,23.679127530735165,2713160.74065953
2022-12-10,1104.2359865729231,842.5063353782509,261.7296511946722,23.70232942751388,2713422.4703107243
2022-12-11,1100.0708501825575,839.0629267018278,261.0079234807297,23.72646483973421,2713683.478234205
2022-12-12,1095.9218920068815,835.6139001763415,260.30799183054,23.75242193162663,2713943.7862260356
2022-12-13,1091.8064977787435,832.1602941992217,259.64620357952185,23.781338919283442,2714203.432429615
2022-12-14,1087.730147918919,828.7005815308996,259.0295663880195,23.813770987556364,2714462.461996003
2022-12-15,1083.664190607611,825.2349976630405,258.42919294457056,23.847719172086805,2714720.8911889475
2022-12-16,1079.6092805827502,821.7685482386489,257.8407323441013,23.882782130672712,2714978.7319212914
2022-12-17,1075.5661674165167,818.3021534852207,257.26401393129595,23.918938855174083,2715235.9959352226
2022-12-18,1071.5354645843618,814.7975139236999,256.7379506606619,23.959818330441173,2715492.7338858834
2022-12-19,1067.5176832331344,811.1910571023811,256.3266261307533,24.011464180567987,2715749.060512014
2022-12-20,1063.5132605773397,807.7213201283932,255.79194044894643,24.051598595967388,2716004.852452463
2022-12-21,1059.5229679637123,804.2541192139954,255.26884874971688,24.092809355545715,2716260.121301213
2022-12-22,1055.5476238902193,800.7908965205763,254.75672736964293,24.135029211731574,2716514.8780285823
2022-12-23,1051.6269708706532,797.3336786970951,254.29329217355803,24.180940506216373,2716769.171320756
2022-12-24,1047.752023801906,793.9451192369208,253.8069045649852,24.223947918899118,2717022.978225321
2022-12-25,1043.9029873097315,790.5753308810283,253.32765642870322,24.26735621109393,2717276.30588175
2022-12-26,1040.0677953578997,787.2101515755978,252.85764378230192,24.31165015500654,2717529.163525532
2022-12-27,1036.245984225301,783.8525336425275,252.39345058277354,24.356519052902602,2717781.556976115
2022-12-28,1032.4377517285757,780.5524582591363,251.88529346943938,24.397140946048935,2718033.442269584
2022-12-29,1028.6432522153482,777.3414067149617,251.30184550038643,24.430417927611696,2718284.7441150844
2022-12-30,25289.381009769975,24490.982748009264,798.3982617607107,3.1570494408394887,2719083.1423768452
2022-12-31,51951.13026731543,50511.24131761887,1439.8889496965567,2.771621988371732,2720523.0313265417
2023-01-01,18067.385269733597,17704.790837036693,362.5944326969038,2.0069004301597553,2720885.6257592384
2023-01-02,35934.34846815132,34873.5988359265,1060.749632224819,2.9519100176950843,2721946.3753914633
2023-01-03,51934.59988894922,50605.300203150226,1329.2996857989929,2.5595646999137562,2723275.6750772623
2023-01-04,188217.0967606887,184773.67389760807,3443.422863080632,1.8294952596462695,2726719.097940343
2023-01-05,129787.78916192974,127685.75361403037,2102.0355478993733,1.6195942326105643,2728821.1334882425
2023-01-06,109046.31285438899,107400.97129958592,1645.3415548030753,1.5088465732904899,2730466.4750430454
2023-01-07,400152.9765401917,394360.93175971485,5792.044780476834,1.4474576274693975,2736258.5198235223
2023-01-08,521398.98935025476,513296.11535347556,8102.873996779206,1.5540640013277862,2744361.3938203016
2023-01-09,223694.4223300337,221656.65916734748,2037.7631626862276,0.9109584143675062,2746399.1569829877
2023-01-10,264543.74728975166,261807.52866979252,2736.218619959138,1.0343161189752823,2749135.3756029466
2023-01-11,460166.09050873143,454462.365338327,5703.725170404417,1.2394927153582151,2754839.1007733513
2023-01-12,285205.0164692922,282493.5207544837,2711.495714808523,0.9507181003951476,2757550.5964881596
2023-01-13,535984.1033531748,529637.6771769004,6346.426176274312,1.184069851432231,2763897.022664434
2023-01-14,313322.110236579,310735.0950557149,2587.0151808641385,0.8256727170995912,2766484.0378452977
2023-01-15,256053.7432328771,254168.9844641568,1884.7587687203195,0.7360793655752804,2768368.7966140183
2023-01-16,141529.12908470817,141121.544141738,407.58494297016296,0.287986611382463,2768776.381556988
2023-01-17,124389.54939458892,124003.37165781323,386.17773677568766,0.31045834529929317,2769162.5592937637
2023-01-18,155399.3126520707,154463.09155755112,936.2210945195693,0.6024615415228441,2770098.780388283
2023-01-19,108665.15738409618,108295.91945917837,369.2379249178048,0.33979422089517447,2770468.0183132007
2023-01-20,98455.88826374663,98100.33366138328,355.55460236335057,0.3611308664555238,2770823.572915564
2023-01-21,90205.8805994438,89859.57679873359,346.303800710215,0.3839037969685873,2771169.876716274
2023-01-22,83187.50688630156,82850.26303241475,337.2438538868155,0.40540204474182795,2771507.1205701604
2023-01-23,77149.84316266607,76827.44021594783,322.40294671824086,0.4178919016574959,2771829.5235168785
2023-01-24,71877.70067173569,71566.82386391264,310.8768078230496,0.43250800306317394,2772140.4003247013
2023-01-25,67255.06041258387,66956.60101459807,298.45939798580366,0.4437724033773374,2772438.859722687
2023-01-26,63159.614884861745,62870.60898467971,289.00590018203366,0.45758021278135325,2772727.8656228688
2023-01-27,59448.45823868504,59166.47252045412,281.9857182309206,0.474336469919456,2773009.8513410995
2023-01-28,56088.04722994054,55812.88816742718,275.159062513354,0.4905841370894982,2773285.0104036126
2023-01-29,53036.73404986365,52767.743433264346,268.9906165993016,0.5071779426433086,2773554.0010202117
2023-01-30,50283.91352930851,50021.31069666639,262.60283264212194,0.5222402438685706,2773816.6038528536
2023-01-31,47800.510091907345,47543.385817317554,257.12427458979073,0.5379111521935872,2774073.728127443
2023-02-01,45543.75029294938,45295.50529683108,248.24499611830106,0.5450692894667741,2774321.9731235616
2023-02-02,83437.17737127087,82752.64102202514,684.5363492457254,0.820421268806518,2775006.5094728074
2023-02-03,49539.92479201872,49271.56324859994,268.36154341878137,0.5417076116797347,2775274.8710162262
2023-02-04,112206.6650677989,111163.90882723319,1042.7562405657081,0.9293175587525404,2776317.627256792
2023-02-05,74266.80467703046,73792.69079086276,474.11388616770273,0.6383927357983379,2776791.74114296
2023-02-06,55171.386161242146,54910.95713790372,260.4290233384236,0.4720363968693879,2777052.1701662983
2023-02-07,51324.0961909052,51075.35911609145,248.7370748137473,0.48463995135646315,2777300.907241112
2023-02-08,48363.81163051305,48119.05041465402,244.76121585903456,0.5060833867457483,2777545.668456971
2023-02-09,45797.89006084949,45555.734243711515,242.15581713797292,0.5287488502553981,2777787.824274109
2023-02-10,43502.02641823236,43269.00343609514,233.02298213721951,0.5356600630437668,2778020.8472562465
2023-02-11,41437.95888108201,41214.33439461567,223.62448646634584,0.5396609594311819,2778244.471742713
2023-02-12,39564.30568617815,39345.27697051928,219.02871565887472,0.5536018182555715,2778463.500458372
2023-02-13,37846.12751514278,37629.78652467817,216.3409904646105,0.5716330960890235,2778679.8414488365
2023-02-14,36252.318791931495,36039.60930466658,212.7094872649177,0.586747260184249,2778892.5509361015
2023-02-15,34767.674082682934,34557.854043942934,209.8200387399993,0.6034917326969145,2779102.3709748415
2023-02-16,33372.10985468514,33164.726268956496,207.38358572864672,0.6214278528737731,2779309.75456057
2023-02-17,32063.261000955943,31857.540171101748,205.72082985419547,0.6416091920533662,2779515.4753904245
2023-02-18,30840.87998697115,30637.779995629622,203.09999134152895,0.6585414924195722,2779718.575381766
2023-02-19,29701.926371788606,29501.832934010366,200.0934377782396,0.6736715837000113,2779918.6688195444
2023-02-20,28638.563148859423,28440.360911187774,198.20223767164862,0.6920816405537522,2780116.871057216
2023-02-21,27637.76065147994,27441.941815818718,195.8188356612227,0.7085191818923181,2780312.6898928774
2023-02-22,26703.386284171604,26509.164536414726,194.22174775687745,0.7273300310680153,2780506.9116406343
2023-02-23,63650.667729704204,63126.25264424278,524.4150854614272,0.8238956544625463,2781031.3267260958
2023-02-24,46609.636122420445,46241.47279793683,368.1633244836121,0.7898867168081494,2781399.4900505794
2023-02-25,36687.4231577115,36445.075290623165,242.34786708833417,0.6605747862054301,2781641.837917668
2023-02-26,77748.07746499666,77109.72106423313,638.3564007635287,0.8210574738017493,2782280.1943184314
2023-02-27,134187.7714093646,133195.96621365403,991.8051957105636,0.7391174212774415,2783271.999514142
2023-02-28,87922.42851842534,87432.32140580352,490.10711262181576,0.5574312730899,2783762.106626764
2023-03-01,52869.12018052861,52619.57569658654,249.5444839420743,0.47200423061698704,2784011.651110706
2023-03-02,48492.03576686792,48249.536283163725,242.49948370419588,0.5000810542787794,2784254.15059441
2023-03-03,45435.898272177204,45192.928638808335,242.96963336886984,0.5347525692424858,2784497.120227779
2023-03-04,114849.29125604639,113996.79298428626,852.4982717601233,0.7422756052186281,2785349.618499539
2023-03-05,80472.0682702511,80003.96756832194,468.10070192915737,0.581693390005989,2785817.719201468
2023-03-06,61312.147634222994,60988.033811608126,324.1138226148687,0.5286290484366527,2786141.8330240827
2023-03-07,99105.26120972689,98472.93286566486,632.3283440620289,0.6380371095777585,2786774.1613681447
2023-03-08,55497.0475652758,55236.11142092189,260.93614435391646,0.47018022724002123,2787035.0975124985
2023-03-09,717023.2206234296,711812.5649679934,5210.655655436218,0.7267066819545556,2792245.7531679347
2023-03-10,109319.7385852711,109100.1826487771,219.55593649399816,0.2008383292306733,2792465.3091044286
2023-03-11,240871.57895133842,239795.91629956156,1075.66265177686,0.4465710136745392,2793540.9717562054
2023-03-12,257043.18188034242,256033.12433795817,1010.0575423842529,0.3929524739755401,2794551.0292985896
2023-03-13,406307.9027606776,404810.17549478123,1497.727265896392,0.3686187878010779,2796048.756564486
2023-03-14,503587.37087887456,501752.8795932161,1834.4912856584415,0.36428460913482336,2797883.2478501443
2023-03-15,137622.19987569842,137436.78549686438,185.41437883404433,0.13472708545678838,2798068.6622289782
2023-03-16,120106.05432617478,119928.33154937057,177.72277680420666,0.14797153882148256,2798246.3850057824
2023-03-17,107806.31069449894,107628.3429677113,177.96772678763955,0.16508099167957221,2798424.35273257
2023-03-18,165544.7923715109,165121.9359045739,422.8564669369953,0.25543326424188134,2798847.209199507
2023-03-19,157752.31477651236,157381.74326603994,370.57151047242223,0.234907177747224,2799217.780709979
2023-03-20,102244.84042574753,102047.43449699598,197.40592875155562,0.1930717754847651,2799415.1866387306
2023-03-21,385696.77800699463,384564.4563969228,1132.3216100718128,0.2935781874878089,2800547.5082488023
2023-03-22,113966.39086312987,113788.55800843137,177.83285469849943,0.15603973535677831,2800725.3411035007
2023-03-23,100820.0818582084,100647.06064093663,173.0212172717729,0.17161384327688498,2800898.3623207724
2023-03-24,91470.9177563875,91297.12081192611,173.79694446138456,0.19000240592780993,2801072.1592652337
2023-03-25,83947.46813448332,83775.00855706344,172.4595774198824,0.2054374971066468,2801244.6188426535
2023-03-26,77642.62672944413,77476.56591802175,166.0608114223869,0.21387840470808317,2801410.6796540758
2023-03-27,142953.4714731558,142481.80338725602,471.6680858997861,0.32994517799335654,2801882.3477399754
2023-03-28,367591.7083249538,366524.3588931805,1067.3494317732984,0.290362760530429,2802949.6971717486
2023-03-29,133726.8102627881,133464.98108560534,261.82917718274985,0.1957940794880446,2803211.5263489312
2023-03-30,96274.48557078745,96095.3347995569,179.15077123054652,0.18608333263834775,2803390.6771201617
2023-03-31,86991.36301198835,86818.60468589925,172.75832608909695,0.19859250402282924,2803563.4354462507
2023-04-01,79875.8663364998,79670.72602808748,205.14030841233034,0.25682389164721975,2803768.575754663
2023-04-02,74035.39891406614,73834.20148887664,201.1974251895008,0.2717584130572907,2803969.7731798524
2023-04-03,69008.17349937186,68816.02235303253,192.15114633932535,0.278446938377632,2804161.9243261917
2023-04-04,64593.27001958294,64407.4836493972,185.786370185735,0.28762496484449473,2804347.7106963773
2023-04-05,60715.33454490453,60528.839497596426,186.4950473081044,0.3071630070162494,2804534.2057436854
2023-04-06,75995.56519126672,75695.67463499268,299.89055627404014,0.3946158641221646,2804834.0962999593
2023-04-07,70579.86019563157,70299.98347520211,279.8767204294563,0.3965390688699308,2805113.9730203887
2023-04-08,56884.90646237973,56689.100361084966,195.80610129476554,0.3442145086838808,2805309.7791216834
2023-04-09,53434.955017922446,53243.83562553248,191.11939238996274,0.35766735898974744,2805500.8985140733
2023-04-10,50555.685718296096,50363.969803244276,191.71591505182005,0.3792173171581334,2805692.614429125
2023-04-11,48000.71575630829,47806.682980781356,194.0327755269318,0.40422892131859905,2805886.647204652
2023-04-12,45675.71554355882,45479.08231556828,196.63322799054004,0.4304984074152489,2806083.2804326424
2023-04-13,43553.37661233172,43353.38859622919,199.9880161025285,0.45917913066217647,2806283.268448745
2023-04-14,41610.73648071196,41410.10470517765,200.6317755343116,0.4821634811181761,2806483.900224279
2023-04-15,39833.47196735861,39630.793899664124,202.67806769448362,0.5088134618558167,2806686.5782919736
2023-04-16,38186.65856040083,37980.09714651381,206.56141388702235,0.5409256051044603,2806893.1397058605
2023-04-17,36649.0121026258,36440.18534670298,208.82675592281885,0.5698018689782282,2807101.9664617833
2023-04-18,35215.33049776498,35003.07429313141,212.25620463357336,0.6027380735417055,2807314.222666417
2023-04-19,33869.145973464474,33655.01091628003,214.13505718444503,0.6322422695636136,2807528.357723601
2023-04-20,32606.827563623898,32389.880987150063,216.94657647383428,0.66534095060465,2807745.304300075
2023-04-21,31412.39589216374,31190.551427839724,221.84446432401455,0.7062322310134794,2807967.148764399
2023-04-22,30289.586668990552,30063.90855083282,225.67811815773166,0.7450683319781752,2808192.8268825565
2023-04-23,29238.075289280154,29011.028341170335,227.0469481098189,0.7765454663599672,2808419.8738306663
2023-04-24,28247.715601284057,28020.71866450033,226.9969367837257,0.8035939613233966,2808646.87076745
2023-04-25,27318.818896591663,27090.59356388443,228.22533270723216,0.8354143477839223,2808875.096100157
2023-04-26,26441.715788895264,26210.368944087,231.346844808264,0.8749312890860993,2809106.4429449653
2023-04-27,25607.480766105466,25373.70137024385,233.77939586161665,0.9129339898638188,2809340.222340827
2023-04-28,24811.683618152514,24576.62219404283,235.0614241096846,0.9473819984457279,2809575.2837649365
2023-04-29,24056.357911314815,23820.576196320755,235.78171499406017,0.9801222440374532,2809811.0654799305
2023-04-30,23345.89824137278,23110.567619502013,235.33062187076575,1.00801699483861,2810046.396101801
2023-05-01,22676.67129823845,22376.155278897917,300.5160193405318,1.3252210405496165,2810346.912121142
2023-05-02,22040.954409890808,21738.102337306904,302.8520725839044,1.3740424618273357,2810649.764193726
2023-05-03,21436.700605013873,21129.86001922803,306.8405857858452,1.4313797232120582,2810956.6047795117
2023-05-04,20856.875099037774,20543.641846554427,313.2332524833473,1.5018225453044893,2811269.838031995
2023-05-05,20304.294079132844,19986.063321527166,318.23075760567735,1.567307665883001,2811588.068789601
2023-05-06,19780.309973353054,19460.77504072858,319.5349326244759,1.615419237893318,2811907.6037222254
2023-05-07,19280.917739367113,18957.340324231962,323.57741513515066,1.6782262105422578,2812231.1811373606
2023-05-08,18802.36797074089,18475.940259131676,326.42771160921257,1.7360989430542988,2812557.60884897
2023-05-09,18348.206459128298,18019.276192298697,328.93026682960044,1.7927107347647946,2812886.5391157996
2023-05-10,17917.63757382147,17584.80376175193,332.8338120695407,1.8575764282442397,2813219.372927869
2023-05-11,17506.808179322165,17167.613975629283,339.1942036928813,1.9374988302751504,2813558.567131562
2023-05-12,17112.77599168988,16770.362305946255,342.4136857436242,2.000924256297771,2813900.980817306
2023-05-13,16734.87878631195,16389.13651995042,345.7422663615289,2.065998031872951,2814246.7230836675
2023-05-14,16370.12677901471,16019.163949330408,350.96282968430205,2.1439224901679466,2814597.685913352
2023-05-15,16015.785626998171,15657.910453718227,357.87517327994465,2.234515256477125,2814955.561086632
2023-05-16,15672.524387576617,15311.389267703124,361.13511987349375,2.30425623175141,2815316.6962065054
2023-05-17,15343.270157416351,14980.006159921713,363.2639974946378,2.3675787088911413,2815679.960204
2023-05-18,15026.557883941103,14660.441269887217,366.1166140538862,2.436463605847853,2816046.076818054
2023-05-19,14720.146335323341,14351.334027097631,368.8123082257098,2.5054934905143282,2816414.88912628
2023-05-20,14425.818783155177,14054.335948803533,371.48283435164376,2.5751247810309317,2816786.3719606316
2023-05-21,14141.675303829834,13767.431209791057,374.2440940387769,2.64639150594431,2817160.6160546704
2023-05-22,13865.67209623009,13488.714210321732,376.95788590835764,2.718641283972437,2817537.573940579
2023-05-23,13596.931726779789,13217.41132573092,379.52040104886873,2.7912209068564025,2817917.094341628
2023-05-24,13335.630940912291,12954.68396613009,380.94697478220223,2.8566100581975284,2818298.04131641
2023-05-25,13082.935053247027,12699.917219614215,383.01783363281174,2.9276139648629638,2818681.059150043
2023-05-26,12838.147533073556,12452.756257559244,385.3912755143119,3.001922781471932,2819066.4504255573
2023-05-27,12600.63868208928,12212.463980272483,388.1747018167971,3.0805954492493615,2819454.625127374
2023-05-28,12369.658867088612,11978.921273894679,390.7375931939332,3.1588388765801043,2819845.362720568
2023-05-29,12146.27538513951,11754.553507429153,391.72187771035715,3.2250370199049945,2820237.0845982786
2023-05-30,11930.20281544188,11537.323196847528,392.879618594352,3.2931512118622788,2820629.964216873
2023-05-31,11720.657644459046,11319.605773034576,401.05187142446994,3.4217522906154305,2821031.0160882976
2023-06-01,11516.412972984836,10982.1028789687,534.3100940161348,4.639553090615261,2821565.3261823137
2023-06-02,11320.046645287424,10775.866035070274,544.1806102171504,4.807229398155304,2822109.506792531
2023-06-03,11132.133940164,10579.5173079595,552.6166322044992,4.964157233238948,2822662.1234247354
2023-06-04,10951.300394661725,10386.12559239101,565.1748022707143,5.160800835544718,2823227.298227006
2023-06-05,10775.716173035093,10196.541150568057,579.1750224670359,5.3748169789062405,2823806.473249473
2023-06-06,10604.293077524751,10013.328913946174,590.9641635785774,5.572876562899749,2824397.4374130517
2023-06-07,10437.804417220876,9836.202298388354,601.6021188325212,5.763684533501742,2824999.0395318842
2023-06-08,10277.654058875516,9665.532559439544,612.1214994359725,5.955848444882811,2825611.16103132
2023-06-09,10122.169533039443,9501.333662574183,620.8358704652601,6.133426914445663,2826231.9969017855
2023-06-10,9969.79464334622,9341.286633077081,628.508010269139,6.304121927813242,2826860.5049120546
2023-06-11,9821.04082934279,9183.157668418255,637.8831609245353,6.495066785779992,2827498.388072979
2023-06-12,9675.92315225862,9030.506397475492,645.4167547831275,6.670337751002807,2828143.8048277623
2023-06-13,9534.393538112752,8880.990899065513,653.4026390472391,6.853111699609729,2828797.2074668095
2023-06-14,9396.549379247706,8736.928700933237,659.6206783144698,7.019818144852653,2829456.828145124
2023-06-15,9262.688282701652,8596.262409565508,666.4258731361442,7.194734971063578,2830123.25401826
2023-06-16,9131.675453303382,8458.983996436236,672.6914568671455,7.366572107244564,2830795.945475127
2023-06-17,9003.375265534502,8314.291491441665,689.0837740928364,7.653616046980662,2831485.0292492197
2023-06-18,8878.400795337278,8184.28258409817,694.118211239108,7.81805448120389,2832179.147460459
2023-06-19,8756.39843610418,8056.4996174904545,699.8988186137258,7.992998762229904,2832879.0462790723
2023-06-20,8636.790739336284,7933.047201278622,703.7435380576617,8.148206426403966,2833582.7898171297
2023-06-21,8519.493903220398,7812.570085097107,706.9238181232913,8.297720805411595,2834289.713635253
2023-06-22,8404.981314259348,7695.32245312026,709.658861139088,8.44331277614058,2834999.3724963916
2023-06-23,8293.558543784078,7581.289267367686,712.2692764163921,8.588222686993985,2835711.641772808
2023-06-24,8184.893040594645,7468.648382236485,716.2446583581595,8.750812683877458,2836427.886431166
2023-06-25,8078.26034401753,7355.453066198158,722.8072778193718,8.947561071792604,2837150.693708985
2023-06-26,7974.1239415223245,7244.0704429755015,730.053498546823,9.155281556953703,2837880.7472075317
2023-06-27,7872.615243864013,7138.287175687964,734.3280681760489,9.327625514893425,2838615.0752757075
2023-06-28,7772.701975780772,7034.878606213492,737.8233695672798,9.492495297855093,2839352.898645275
2023-06-29,7674.336274655536,6933.376103820282,740.9601708352538,9.655039137159935,2840093.85881611
2023-06-30,7578.3261327159125,6831.704211510022,746.6219212058904,9.852069020660066,2840840.480737316
2023-07-01,7484.719724763185,6426.994256865238,1057.725467897947,14.131797940255048,2841898.206205214
2023-07-02,7393.314500691602,6306.143045570473,1087.171455121129,14.704791132846173,2842985.377660335
2023-07-03,7303.910331449239,6183.800417204159,1120.1099142450794,15.33575664835452,2844105.48757458
2023-07-04,7216.668717510998,6082.369555210001,1134.2991623009975,15.717766835391235,2845239.786736881
2023-07-05,7130.970860944362,5983.096308030891,1147.8745529134712,16.09703047870058,2846387.6612897944
2023-07-06,7047.038152385503,5888.328919860073,1158.7092325254298,16.442499777487278,2847546.37052232
2023-07-07,6964.311667707516,5794.83438863792,1169.477279069596,16.792431684128807,2848715.847801389
2023-07-08,6883.201818792382,5705.530352378269,1177.6714664141136,17.10935546301807,2849893.519267803
2023-07-09,6803.792911216617,5618.1859067969535,1185.607004419663,17.425677410978977,2851079.1262722225
2023-07-10,6726.80198437022,5533.139012552337,1193.6629718178838,17.74488047353511,2852272.7892440404
2023-07-11,6651.5325474683195,5449.110696501336,1202.4218509669836,18.07736551517958,2853475.211095007
2023-07-12,6577.417735235067,5366.559087601728,1210.8586476333394,18.40933169177927,2854686.0697426405
2023-07-13,6505.198280376149,5284.726669979053,1220.471610397096,18.761482091619268,2855906.5413530376
2023-07-14,6434.2750735576265,5205.926688764947,1228.348384792679,19.090703626282846,2857134.88973783
2023-07-15,6364.275469219778,5129.331966849514,1234.9435023702636,19.404306245745524,2858369.8332402003
2023-07-16,6295.492110951804,5054.972097767754,1240.5200131840493,19.704893459019797,2859610.353253384
2023-07-17,6227.861874082126,4982.828985263132,1245.0328888189933,19.991337540742883,2860855.386142203
2023-07-18,6161.50734155043,4912.447968914411,1249.0593726360194,20.271977348999094,2862104.445514839
2023-07-19,6096.364957748214,4843.67719273712,1252.6877650110937,20.548109794820967,2863357.1332798502
2023-07-20,6032.806015287526,4776.0828039122325,1256.7232113752934,20.831487175133336,2864613.8564912253
2023-07-21,5970.521186023019,4709.605310081276,1260.9158759417433,21.119025235075714,2865874.772367167
2023-07-22,5909.07918260619,4640.717707365057,1268.3614752411331,21.464621407928473,2867143.1338424077
2023-07-23,5848.744419788942,4575.3497806198475,1273.3946391690943,21.772102656095306,2868416.5284815766
2023-07-24,5789.215685587609,4511.825421573832,1277.3902640137776,22.0649969423988,2869693.9187455904
2023-07-25,5730.502496845322,4448.676775791454,1281.8257210538677,22.368469811495956,2870975.7444666442
2023-07-26,5672.715224080719,4384.4549750592605,1288.2602490214585,22.709764162896526,2872264.0047156657
2023-07-27,5615.8345851758495,4310.983640574156,1304.8509446016933,23.235209741506914,2873568.855660267
2023-07-28,5559.605417663697,4251.411220397572,1308.1941972661252,23.530342515132403,2874877.049857533
2023-07-29,5504.042041289154,4191.346998952334,1312.6950423368207,23.849655080566244,2876189.74489987
2023-07-30,5449.176399201853,4133.625569830886,1315.5508293709672,24.142195682335725,2877505.295729241
2023-07-31,5394.993929544231,4076.614768114877,1318.379161429354,24.43708331550858,2878823.67489067
2023-08-01,5341.532993091736,4203.451185560747,1138.081807530989,21.306276849789803,2879961.756698201
2023-08-02,5288.915026103379,4152.164544709454,1136.750481393925,21.493075154043996,2881098.507179595
2023-08-03,5236.984056198504,4098.268027049917,1138.716029148587,21.743736794478124,2882237.2232087436
2023-08-04,5185.894891474862,4047.7408740070737,1138.154017467788,21.947109250879908,2883375.3772262116
2023-08-05,5135.644431090215,3997.748863257197,1137.895567833018,22.156821468098816,2884513.2727940446
2023-08-06,5086.483245154843,3948.6017975818454,1137.8814475729973,22.370690961321703,2885651.154241618
2023-08-07,5038.695436567068,3900.718090061759,1137.977346505309,22.584761488990264,2886789.1315881233
2023-08-08,4991.808646862395,3853.524811181435,1138.2838356809602,22.803034254857295,2887927.4154238044
2023-08-09,4945.54439660348,3806.7230675741653,1138.8213290293147,23.02721879943973,2889066.2367528337
2023-08-10,4899.768681149464,3760.3763476553927,1139.3923334940714,23.25400253847851,2890205.6290863277
2023-08-11,4854.694239331875,3714.6695246176882,1140.0247147141868,23.482935454058218,2891345.653801042
2023-08-12,4810.58922922262,3670.372660411717,1140.216568810903,23.70222262762517,2892485.870369853
2023-08-13,4767.7336616485845,3626.9800338942646,1140.75362775432,23.926538450133783,2893626.6239976073
2023-08-14,4725.952001024503,3584.239561320012,1141.7124397044913,24.158358769978793,2894768.336437312
2023-08-15,4684.801898081321,3542.0529861359014,1142.7489119454199,24.39268376349995,2895911.0853492576
2023-08-16,4644.157714883331,3500.3179402611772,1143.839774622154,24.62964965544649,2897054.9251238797
2023-08-17,4604.0264515897725,3459.4025041763293,1144.6239474134431,24.861367749488146,2898199.5490712933
2023-08-18,4564.424231428886,3413.117215378638,1151.307016050248,25.22348838924276,2899350.856087344
2023-08-19,4525.204109410755,3369.3591800550553,1155.8449293557,25.542382208837143,2900506.7010166994
2023-08-20,4486.353415015619,3327.753595779612,1158.599819236007,25.82497882039847,2901665.3008359354
2023-08-21,4447.954403951997,3288.768362632449,1159.1860413195477,26.061104409919615,2902824.486877255
2023-08-22,4410.280865810346,3250.073750148024,1160.207115662322,26.306875932926445,2903984.6939929174
2023-08-23,4373.242701390758,3212.1750560924033,1161.0676452983548,26.5493530676703,2905145.7616382157
2023-08-24,4336.622361185262,3174.6674809383317,1161.9548802469303,26.794006567114394,2906307.7165184626
2023-08-25,4300.488398784772,3137.6646635983693,1162.8237351864022,27.03934128772425,2907470.540253649
2023-08-26,4264.855787530076,3101.03243426742,1163.823353262656,27.288691839605345,2908634.3636069116
2023-08-27,4229.732950343285,3064.7409565078183,1164.9919938354665,27.54292073547849,2909799.3556007473
2023-08-28,4194.920966009144,3028.8144783975645,1166.1064876115793,27.79805619844513,2910965.462088359
2023-08-29,4160.426574681653,2993.23189617061,1167.1946785110426,28.054687603767025,2912132.65676687
2023-08-30,4126.258209407562,2957.991350490795,1168.2668589167674,28.31298478251326,2913300.923625787
2023-08-31,4092.420805668924,2923.278135361112,1169.1426703078118,28.56848613144294,2914470.0662960946
2023-09-01,4058.951682395069,3098.204992529073,960.7466898659959,23.669823270699474,2915430.8129859604
2023-09-02,4025.8800032781437,3069.1845483508177,956.695454927326,23.7636356311743,2916387.5084408876
2023-09-03,3993.149730510544,3039.8751077326697,953.2746227778744,23.872749260919736,2917340.7830636655
2023-09-04,3960.825836636359,3010.3879155545246,950.4379210818342,23.995953376454747,2918291.220984747
2023-09-05,3928.8821810493246,2980.817822559572,948.0643584897525,24.13063855828183,2919239.2853432368
2023-09-06,3897.2649299390614,2951.3135381364946,945.9513918025668,24.27218597677828,2920185.2367350394
2023-09-07,3866.01734640589,2921.8842410473835,944.1331053585063,24.421336501147263,2921129.369840398
2023-09-08,3835.0566356719937,2892.7427938678984,942.3138418040953,24.571054128356554,2922071.683682202
2023-09-09,3804.374722241191,2863.612350931925,940.7623713092662,24.728436076745215,2923012.446053511
2023-09-10,3773.9461655262858,2832.580419116023,941.3657464102625,24.943804313090588,2923953.811799921
2023-09-11,3743.8274857776705,2803.8729571111717,939.9545286664988,25.10677995279611,2924893.7663285877
2023-09-12,3714.0890690349042,2775.4000358565927,938.6890331783115,25.27373511325692,2925832.455361766
2023-09-13,3684.7380457462277,2747.2804001772993,937.4576455689285,25.441636119863603,2926769.913007335
2023-09-14,3655.6321911253035,2719.3641166161497,936.2680745091538,25.611659640762298,2927706.181081844
2023-09-15,3626.79063212825,2691.9383168782324,934.8523152500175,25.776296733771847,2928641.033397094
2023-09-16,3598.225303266663,2664.807704134447,933.4175991322163,25.941054838472994,2929574.450996226
2023-09-17,3570.144826667849,2637.8918584034063,932.2529682644426,26.112469200151455,2930506.7039644904
2023-09-18,3542.4012479411904,2611.1255732614763,931.275674679714,26.289389865729145,2931437.97963917
2023-09-19,3515.018176904414,2584.94623108215,930.0719458222638,26.459946976472093,2932368.0515849926
2023-09-20,3488.2773068042006,2559.0281045584225,929.2492022457782,26.639200972732112,2933297.3007872384
2023-09-21,3461.9153331134003,2533.4008117290896,928.5145213843107,26.82083274836392,2934225.8153086226
2023-09-22,3435.7970899268985,2508.1511086906057,927.6459812362928,26.99944021595378,2935153.461289859
2023-09-23,3409.9432685400825,2483.177952591398,926.7653159486845,27.178320662955358,2936080.2266058074
2023-09-24,3384.4452529200353,2458.459184629678,925.9860682903573,27.360054575899373,2937006.2126740976
2023-09-25,3359.276751592988,2434.0911304264546,925.1856211665336,27.54121465960806,2937931.398295264
2023-09-26,3334.340455890866,2409.9209462756507,924.4195096152152,27.724208785639128,2938855.8178048795
2023-09-27,3309.6054098652676,2386.010305319748,923.5951045455195,27.906502140480804,2939779.412909425
2023-09-28,3285.1326322883833,2362.3314203310974,922.8012119572859,28.090226948142238,2940702.214121382
2023-09-29,3260.9584872748237,2338.9088352795907,922.049651995233,28.275418273287745,2941624.2637733775
2023-09-30,3237.0086505368818,2315.7368339224004,921.2718166144814,28.460591739897932,2942545.535589992
2023-10-01,3213.2815385553986,2553.927128063247,659.3544104921516,20.51965887771474,2943204.8900004844
2023-10-02,3189.7544012742583,2537.5420879933167,652.2123132809415,20.447101288437526,2943857.1023137653
2023-10-03,3166.5151669909246,2520.502647190087,646.0125198008377,20.401371404600923,2944503.1148335664
2023-10-04,3143.568858865183,2503.0409052308764,640.5279536343064,20.375820679987736,2945143.642787201
2023-10-05,3120.8300480530597,2485.262728791649,635.5673192614108,20.365329398757602,2945779.2101064622
2023-10-06,3098.2730277851224,2467.2396244327188,631.0334033524036,20.36726259091225,2946410.2435098146
2023-10-07,3075.940976468846,2449.093428737449,626.8475477313973,20.37904994038647,2947037.091057546
2023-10-08,3053.792069689138,2430.962382465799,622.8296872233391,20.395287989818517,2947659.9207447693
2023-10-09,3031.8285256002564,2412.8229003450483,619.0056252552081,20.416907487624297,2948278.9263700247
2023-10-10,3010.035979187116,2394.6358816781662,615.4000975089498,20.444941580902412,2948894.3264675336
2023-10-11,2988.403875729535,2376.500922698027,611.9029530315079,20.475912175094773,2949506.229420565
2023-10-12,2966.9417156884447,2358.4682196082663,608.4734960801784,20.508441162248754,2950114.7029166454
2023-10-13,2945.6891698255204,2340.513783156837,605.1753866686836,20.544441445752724,2950719.878303314
2023-10-14,2924.692217619624,2322.6063187173218,602.0858989023022,20.5862994839277,2951321.9642022164
2023-10-15,2903.900591108948,2304.732545126893,599.168045982055,20.633214780718212,2951921.1322481986
2023-10-16,2883.266697211191,2286.9383612370234,596.3283359741677,20.682385592389352,2952517.460584173
2023-10-17,2862.9639129829593,2269.394132316543,593.5697806664161,20.732702147403877,2953111.0303648394
2023-10-18,2842.8796499101445,2251.967894731753,590.9117551783916,20.785676073099633,2953701.942120018
2023-10-19,2823.031475444557,2234.6992186861694,588.3322567583878,20.840442689918646,2954290.2743767765
2023-10-20,2803.4163390523754,2217.590140260954,585.8261987914216,20.8968675337551,2954876.100575568
2023-10-21,2784.030719465809,2200.6464621056452,583.3842573601637,20.954663081882288,2955459.4848329285
2023-10-22,2764.8150274651125,2183.8284808396943,580.9865466254182,21.013577431184927,2956040.471379554
2023-10-23,2745.851247924613,2167.13048951301,578.7207584116027,21.07618753379358,2956619.1921379655
2023-10-24,2727.0351542134304,2150.0407093537156,576.9944448597148,21.1583060808081,2957196.186582825
2023-10-25,2708.327701369999,2132.693558023276,575.6341433467228,21.254227952383314,2957771.820726172
2023-10-26,2689.751172099961,2116.386913932359,573.3642581676017,21.316628248551368,2958345.18498434
2023-10-27,2671.3099849312566,2100.2245008202385,571.0854841110181,21.378480495804922,2958916.270468451
2023-10-28,2653.0049298673403,2084.2450883253127,568.7598415420275,21.43832584474193,2959485.0303099933
2023-10-29,2634.901346975239,2068.375085754052,566.5262612211868,21.500852844890613,2960051.5565712145
2023-10-30,2617.02467627055,2052.6110533503465,564.4136229202036,21.566996598768565,2960615.970194135
2023-10-31,2599.27579795965,2036.3212218358763,562.9545761237737,21.65813172136929,2961178.924770259
2023-11-01,2581.665814924054,2172.27816291569,409.38765200836406,15.857499822083177,2961588.312422267
2023-11-02,2564.2999278493226,2160.469000956474,403.83092689284877,15.748193981019282,2961992.14334916
2023-11-03,2547.185188125586,2148.360645287169,398.8245428384171,15.657461604976696,2962390.9678919986
2023-11-04,2530.199593357276,2136.035884578444,394.1637087788322,15.578364245005014,2962785.1316007776
2023-11-05,2513.493450097041,2123.5921567158884,389.90129338115275,15.512325817522992,2963175.0328941587
2023-11-06,2497.0456239748746,2111.139978349406,385.9056456254684,15.454489173937153,2963560.9385397844
2023-11-07,2480.7610467330087,2098.6505200906768,382.11052664233193,15.402955764141216,2963943.0490664267
2023-11-08,2464.740929799853,2086.278920130303,378.46200966954984,15.355042190997434,2964321.5110760964
2023-11-09,2448.8495419393294,2073.9248632029276,374.9246787364018,15.31023741211499,2964696.435754833
2023-11-10,2433.0606692831498,2061.637195013428,371.42347426972174,15.265688971872365,2965067.8592291027
2023-11-11,2417.4190772266593,2049.463548746856,367.95552847980343,15.221007062703162,2965435.8147575827
2023-11-12,2401.973677304806,2037.4781334860827,364.4955438187235,15.174835064292408,2965800.3103014017
2023-11-13,2386.863475558581,2025.7066269986908,361.15684855989,15.131022459312257,2966161.4671499617
2023-11-14,2371.9738271266688,2013.960196931811,358.0136301948578,15.093489907034252,2966519.480780157
2023-11-15,2357.312439668691,2002.3043103781174,355.0081292905734,15.059867470960622,2966874.4889094476
2023-11-16,2342.7849927088246,1990.7120732953417,352.07291941348285,15.027965456036222,2967226.561828861
2023-11-17,2328.342016784707,1979.1614994168858,349.18051736782127,14.996959847420415,2967575.742346229
2023-11-18,2314.0236894723494,1967.728594572015,346.29509490033433,14.965062651510607,2967922.0374411293
2023-11-19,2299.90771706705,1956.314756243687,343.5929608233628,14.939423798339554,2968265.6304019527
2023-11-20,2285.895056308713,1944.918174056068,340.9768822526448,14.916558890645568,2968606.6072842055
2023-11-21,2271.9636531623546,1933.5381189419068,338.42553422044784,14.895728360327954,2968945.032818426
2023-11-22,2258.111579724122,1922.1772817021347,335.93429802198716,14.876780272435827,2969280.967116448
2023-11-23,2244.3419955335557,1910.296058997942,334.0459365356137,14.883914180654973,2969615.0130529837
2023-11-24,2230.65859449259,1898.8918474942557,331.7667469983344,14.873040088584316,2969946.779799982
2023-11-25,2217.154467036715,1887.9811267610285,329.1733402756863,14.846657964956098,2970275.953140258
2023-11-26,2203.862857933622,1877.3364615353867,326.5263963982352,14.81609416950707,2970602.4795366563
2023-11-27,2190.6923308460973,1866.6196155736334,324.07271527246394,14.79316427548269,2970926.552251929
2023-11-28,2177.660662603099,1855.5829188539292,322.0777437491697,14.790079523417083,2971248.629995678
2023-11-29,2164.732971399557,1845.0967057821917,319.6362656173651,14.76562097221219,2971568.2662612954
2023-11-30,2152.088298839517,1834.6886807819474,317.39961805756957,14.748447739282947,2971885.665879353
2023-12-01,2139.8482931968756,1822.2466306056351,317.6016625912405,14.84225136898617,2972203.267541944
2023-12-02,2127.7513380066957,1812.1562912763086,315.59504673038714,14.832327494905517,2972518.8625886743
2023-12-03,2115.7002427915577,1802.067953848605,313.63228894295275,14.824041827831483,2972832.4948776173
2023-12-04,2103.6978325876407,1791.98913483587,311.70869775177084,14.817180154069726,2973144.203575369
2023-12-05,2091.7532424337696,1781.9450973962423,309.8081450375273,14.810931746283007,2973454.0117204064
2023-12-06,2079.875166234793,1771.9275561981824,307.94761003661074,14.806062163533094,2973761.959330443
2023-12-07,2068.0545843080617,1761.92919652569,306.1253877823717,14.802577751340952,2974068.084718225
2023-12-08,2056.316420043353,1751.9625544937783,304.3538655495747,14.800925703017928,2974372.4385837745
2023-12-09,2044.7513788274955,1742.0374830980775,302.713895729418,14.804435339371219,2974675.152479504
2023-12-10,2033.369661838049,1732.1398038171221,301.22985802092694,14.814318501665483,2974976.3823375246
2023-12-11,2022.0633249341045,1722.272254078741,299.7910708553634,14.825998135599095,2975276.17340838
2023-12-12,2010.8680160213262,1712.4397701240134,298.42824589731276,14.840767445681417,2975574.601654277
2023-12-13,1999.7586720937397,1702.71774857873,297.0409235150098,14.85383849862289,2975871.642577792
2023-12-14,1988.7016695276834,1693.1353848258489,295.56628470183455,14.86227367486605,2976167.2088624937
2023-12-15,1977.7177182952873,1683.5857224686526,294.1319958266347,14.872294114863093,2976461.3408583202
2023-12-16,1966.8719471748918,1674.062371970712,292.80957520417974,14.887068556992514,2976754.1504335245
2023-12-17,1956.0807458017953,1664.586619236133,291.4941265656623,14.901947539296453,2977045.6445600903
2023-12-18,1945.3358927445952,1655.152266053575,290.1836266910202,14.916890588062504,2977335.828186781
2023-12-19,1934.64024387463,1645.819106506043,288.82113736858696,14.928932564234582,2977624.64932415
2023-12-20,1924.0102459727786,1636.5237486544986,287.48649731828004,14.94204606862304,2977912.135821468
2023-12-21,1913.4931386760436,1627.265373981417,286.22776469462656,14.958389915767825,2978198.3635861627
2023-12-22,1903.0571481268853,1618.0591054932204,284.9980426336649,14.97580053831693,2978483.3616287964
2023-12-23,1892.6819150191732,1608.9051800454956,283.77673497367755,14.993366435310545,2978767.13836377
2023-12-24,1882.401395152323,1599.7967614066777,282.6046337456453,15.012984715875493,2979049.742997516
2023-12-25,1872.2412189184688,1590.8141683105835,281.42705060788535,15.03155938263427,2979331.1700481237
2023-12-26,1862.2057428818662,1582.0429622787972,280.162780603069,15.044673859157024,2979611.3328287266
2023-12-27,1852.2348973564804,1573.3516657746852,278.88323158179514,15.056580133535913,2979890.2160603083
2023-12-28,1842.3208412707318,1564.7321090484959,277.5887322222359,15.06733930398195,2980167.8047925304
2023-12-29,53113.70268678584,51519.806589400745,1593.8960973850917,3.0009131669550073,2981761.700889915
2023-12-30,16338.846731406069,16000.301779399615,338.54495200645397,2.0720247736684647,2982100.245841922
2023-12-31,13527.53398976814,13198.329060265085,329.2049295030556,2.433591589953182,2982429.450771425
2024-01-01,12109.495819841512,11784.418981427822,325.07683841369,2.6844787202539746,2982754.5276098386
2024-01-02,64055.6790903199,62835.0184847755,1220.660605544399,1.905624330082023,2983975.188215383
2024-01-03,23098.250780566595,22729.72528910663,368.52549145996454,1.595469262850062,2984343.7137068426
2024-01-04,20093.57316744048,19738.229975219147,355.3431922213349,1.7684420250208714,2984699.0568990638
2024-01-05,18683.774601421785,18332.231749379338,351.5428520424466,1.881540853183356,2985050.599751106
2024-01-06,25427.88912547635,24948.911127605956,478.9779978703955,1.8836718828953232,2985529.577748976
2024-01-07,19435.688899642322,19080.832111339347,354.8567883029755,1.8257998990172453,2985884.434537279
2024-01-08,18416.666412176422,18068.743967609604,347.92244456681874,1.8891716708121793,2986232.3569818456
2024-01-09,20627.989926957092,20220.966046568305,407.0238803887878,1.973163075171374,2986639.380862234
2024-01-10,18826.064229232405,18462.666626105725,363.3976031266793,1.9302898295779167,2987002.778465361
2024-01-11,17552.2406969429,17213.2427175185,338.9979794243991,1.9313658311638977,2987341.7764447853
2024-01-12,25687.87670129843,25186.985237029454,500.89146426897787,1.9499138449370537,2987842.667909054
2024-01-13,116570.23362680664,114827.85889355803,1742.3747332486091,1.4946995292355068,2989585.042642303
2024-01-14,37197.03658548277,36781.80056640718,415.2360190755862,1.1163147852419089,2990000.278661378
2024-01-15,33060.564012223855,32666.114860760776,394.44915146307903,1.1931107748713388,2990394.727812841
2024-01-16,54898.42997540708,54177.839941351354,720.5900340557273,1.3125876903556821,2991115.3178468966
2024-01-17,34778.59736214578,34373.046049003286,405.5513131424959,1.1660945061111403,2991520.869160039
2024-01-18,32197.142329167575,31810.210716530477,386.9316126370977,1.2017576239571242,2991907.800772676
2024-01-19,109356.02454158542,107955.77132071916,1400.2532208662597,1.2804536620054048,2993308.053993542
2024-01-20,168141.18434243463,166228.92261810583,1912.2617243287968,1.1372952627919546,2995220.315717871
2024-01-21,424856.85465641785,419660.2296485773,5196.625007840572,1.223147267340923,3000416.940725711
2024-01-22,93536.09526729288,93040.02318974408,496.07207754880073,0.5303536310033076,3000913.01280326
2024-01-23,105918.5193388492,105141.4203089853,777.0990298639081,0.7336762586133327,3001690.1118331235
2024-01-24,107124.44039511094,106312.85147440757,811.5889207033761,0.757613218524142,3002501.7007538266
2024-01-25,77576.27109374432,77144.59002697867,431.68106676565367,0.5564601916016353,3002933.381820592
2024-01-26,70729.44974671537,70317.13669921251,412.31304750285926,0.5829439490613411,3003345.6948680948
2024-01-27,65318.01858159527,64919.4974079619,398.5211736333731,0.6101244071504411,3003744.216041728
2024-01-28,60716.47736688238,60335.616157750395,380.861209131981,0.6272781716742359,3004125.0772508597
2024-01-29,56728.26132875215,56361.457415670884,366.80391308126855,0.6465981937214029,3004491.8811639408
2024-01-30,53200.46034083143,52843.635409978015,356.8249308534141,0.6707177504995205,3004848.706094794
2024-01-31,399014.3745244986,394386.77583885833,4627.59868564026,1.159757387476309,3009476.3047804344
2024-02-01,142549.3743504967,141609.69319490128,939.6811555954337,0.6591969693847761,3010415.98593603
2024-02-02,94193.45601462774,93759.91827410573,433.53774052200606,0.46026312109694756,3010849.523676552
2024-02-03,250980.05258285947,248828.93292212812,2151.119660731347,0.8570878994541483,3013000.6433372833
2024-02-04,609306.1640304677,604452.4443275208,4853.7197029469535,0.7965978336474286,3017854.3630402302
2024-02-05,136580.16239928748,136242.96072358006,337.20167570741614,0.24688920395453803,3018191.5647159377
2024-02-06,113163.85408721957,112904.57374940353,259.2803378160461,0.2291193949758985,3018450.845053754
2024-02-07,124220.25663836232,123799.01654184968,421.2400965126435,0.33910741123243987,3018872.0851502665
2024-02-08,96384.75915358216,96138.97472739738,245.78442618477857,0.2550034137587446,3019117.8695764514
2024-02-09,87775.87656382145,87534.62990787305,241.2466559484019,0.27484391542702796,3019359.1162324
2024-02-10,80751.94767597783,80516.14262453193,235.8050514459028,0.2920115962924945,3019594.921283846
2024-02-11,74746.71236339957,74516.53752009716,230.17484330240404,0.30793975550837915,3019825.0961271483
2024-02-12,69565.66347602801,69348.68945495371,216.9740210743039,0.31189815525740233,3020042.0701482226
2024-02-13,65042.26843983075,64834.02740495937,208.24103487137472,0.32016262634507314,3020250.311183094
2024-02-14,158667.07948423823,157727.46011110902,939.6193731292151,0.592195543135686,3021189.9305562233
2024-02-15,73889.49158019153,73658.31378427247,231.17779591906583,0.31286965301171527,3021421.1083521424
2024-02-16,67593.26996576786,67374.33163328894,218.93833247892326,0.3239055198687725,3021640.0466846214
2024-02-17,307729.75192391383,305666.71971208125,2063.0322118325857,0.6704038848810012,3023703.078896454
2024-02-18,380717.018165595,378256.3055656479,2460.7125999471173,0.6463363817576488,3026163.791496401
2024-02-19,317739.09649248724,316217.37972522975,1521.716767257487,0.4789202160060486,3027685.5082636587
2024-02-20,228037.91665555074,227317.4666107009,720.4500448498293,0.31593432154445733,3028405.9583085086
2024-02-21,128926.7791691147,128684.33569170114,242.44347741355887,0.18804741650727427,3028648.4017859222
2024-02-22,103695.36253422499,103533.29383189563,162.06870232935762,0.1562931054663764,3028810.4704882517
2024-02-23,93661.59084035736,93514.53220907092,147.0586312864325,0.15701060591324825,3028957.529119538
2024-02-24,85725.1924322173,85585.84567550482,139.34675671247533,0.16255053241514328,3029096.8758762507
2024-02-25,79099.47747271042,78962.24743268365,137.23004002677044,0.17349045077335087,3029234.1059162775
2024-02-26,73441.32711889269,73308.72800902935,132.59910986333853,0.1805510807949814,3029366.705026141
2024-02-27,68538.2059214972,68410.19827399735,128.00764749984955,0.18676830795143357,3029494.712673641
2024-02-28,64208.70423969021,64080.58228695678,128.1219527334324,0.19953985094474874,3029622.8346263743
2024-02-29,144427.53967892617,143875.64837950113,551.8912994250422,0.38212331294429036,3030174.7259257995
2024-03-01,176173.32902625215,175532.57472359302,640.7543026591302,0.36370675754424175,3030815.4802284585
2024-03-02,131304.50339311705,130901.28387044565,403.2195226713957,0.3070873521102189,3031218.69975113
2024-03-03,88375.24999699729,88142.51393480157,232.73606219571957,0.26334982045722893,3031451.4358133255
2024-03-04,151542.21796042513,151024.7506496048,517.4673108203278,0.34146742589940393,3031968.9031241457
2024-03-05,106219.9819379928,105898.96605389923,321.0158840935619,0.3022179803052112,3032289.919008239
2024-03-06,76432.16765824286,76245.08300819239,187.08465005047037,0.24477213689267147,3032477.0036582896
2024-03-07,70074.38172205398,69894.3287994274,180.05292262657895,0.256945431699631,3032657.056580916
2024-03-08,65133.21581704542,64956.72238564389,176.4934314015336,0.2709730038469022,3032833.5500123175
2024-03-09,60951.193227721844,60776.179131287055,175.01409643478837,0.28713809716720756,3033008.564108752
2024-03-10,88894.76018468881,88533.57608553745,361.18409915136,0.4063052742377162,3033369.7482079035
2024-03-11,133068.88030992815,132466.66358939637,602.2167205317819,0.45256014714272086,3033971.964928435
2024-03-12,67162.53005007468,66972.91374570309,189.6163043715933,0.28232454052910183,3034161.5812328067
2024-03-13,61636.33665808849,61456.4185791946,179.9180788938902,0.29190261564690134,3034341.4993117005
2024-03-14,57549.58286940446,57371.812031498084,177.77083790637698,0.30890030655788936,3034519.2701496067
2024-03-15,54104.33931480674,53927.266867806575,177.072447000166,0.3272795661912954,3034696.342596607
2024-03-16,51087.102913171984,50909.809130999165,177.2937821728192,0.34704215362172525,3034873.6363787795
2024-03-17,48398.09479276836,48222.25440119058,175.8403915777817,0.3633208958548835,3035049.476770357
2024-03-18,45978.06998034613,45803.216541396825,174.85343894930702,0.38029747447870293,3035224.3302093064
2024-03-19,43780.97022178443,43606.681131569574,174.28909021485742,0.39809325680072544,3035398.619299521
2024-03-20,41776.115109980106,41600.928483964315,175.18662601579126,0.41934637903642713,3035573.805925537
2024-03-21,39936.98819931224,39760.77124971095,176.21694960128661,0.4412374531645861,3035750.022875138
2024-03-22,54943.82103587246,54689.029658830405,254.7913770420564,0.4637307202855528,3036004.81425218
2024-03-23,62240.03600901361,61912.4718561176,327.56415289601136,0.526291714947873,3036332.378405076
2024-03-24,42686.83646582859,42487.82224438656,199.0142214420266,0.4662191858638676,3036531.392626518
2024-03-25,40222.13703762321,40031.96896598758,190.1680716356277,0.4727945495729062,3036721.5606981535
2024-03-26,38285.88117116736,38099.19429605119,186.68687511617463,0.4876128468391274,3036908.2475732695
2024-03-27,93411.70784818125,92866.31964805035,545.3882001308957,0.583854222018182,3037453.6357734003
2024-03-28,48022.856229585064,47805.14782687866,217.70840270640474,0.45334330316713406,3037671.3441761066
2024-03-29,138992.43981428514,138259.020530942,733.4192833431298,0.5276684719853026,3038404.7634594496
2024-03-30,55554.34820973454,55351.6213964046,202.72681332994398,0.36491619443466183,3038607.4902727795
2024-03-31,50637.79744307045,50444.939614045805,192.85782902464416,0.380857459768989,3038800.348101804
2024-04-01,47376.725801316556,47163.192071373975,213.53372994258098,0.4507144095142326,3039013.8818317465
2024-04-02,44741.97526924079,44525.87387081648,216.1013984243109,0.4829947652598973,3039229.983230171
2024-04-03,42443.9420365314,42227.44644017511,216.49559635628975,0.5100741966190429,3039446.478826527
2024-04-04,40383.492300992366,40169.596803192915,213.89549779945082,0.5296607242514156,3039660.3743243264
2024-04-05,38527.71853694692,38314.36179902864,213.35673791828594,0.5537746485395528,3039873.7310622446
2024-04-06,36831.111596750095,36617.1559398481,213.95565690199874,0.5809101263206994,3040087.6867191466
2024-04-07,35267.45033437293,35049.49983128899,217.95050308394275,0.6179933650364294,3040305.6372222304
2024-04-08,33814.220125828404,33594.5556706236,219.66445520480192,0.6496215331520098,3040525.301677435
2024-04-09,32461.377608528826,32241.600373046407,219.7772354824192,0.6770422319497477,3040745.0789129175
2024-04-10,31202.892086665146,30980.253776687132,222.63830997801415,0.7135181872232951,3040967.7172228955
2024-04-11,30029.874027794227,29803.4465009942,226.4275268000274,0.7540075812188117,3041194.1447496954
2024-04-12,36871.12847277935,36590.227193558916,280.9012792204376,0.7618461675991746,3041475.046028916
2024-04-13,38547.309985595166,38253.584606601195,293.7253789939714,0.7619867095881252,3041768.7714079097
2024-04-14,30558.49324072711,30323.94873923895,234.5445014881625,0.7675263948406041,3042003.315909398
2024-04-15,29180.362769507803,28942.89971085445,237.46305865335307,0.8137769243276561,3042240.778968051
2024-04-16,28044.75235576043,27804.350747156823,240.4016086036063,0.8572071008294265,3042481.1805766546
2024-04-17,27013.504033506382,26770.733399324054,242.77063418232865,0.8987010122093249,3042723.951210837
2024-04-18,26063.561573937535,25819.421460072444,244.14011386509083,0.9367104843768577,3042968.091324702
2024-04-19,25177.75861495454,24933.473763987357,244.28485096718214,0.970240658444025,3043212.376175669
2024-04-20,24354.821647793986,24111.106735690897,243.71491210308886,1.0006844460926863,3043456.091087772
2024-04-21,23587.140652966686,23344.86599114298,242.274661823707,1.0271472298751683,3043698.3657495957
2024-04-22,22865.519547688775,22622.00698246195,243.51256522682525,1.0649771798053864,3043941.8783148224
2024-04-23,22183.18921095878,21936.45648709166,246.7327238671205,1.1122509100054532,3044188.6110386895
2024-04-24,21534.23053856194,21285.2003792533,249.03015930864058,1.1564386239048356,3044437.641197998
2024-04-25,20920.73818501085,20670.834698771527,249.90348623932368,1.19452518371638,3044687.5446842373
2024-04-26,20338.092866798863,20089.097667468646,248.99519933021656,1.2242799802369446,3044936.5398835675
2024-04-27,19787.190246734768,19537.301569627998,249.88867710677005,1.2628810558285608,3045186.428560674
2024-04-28,19265.251047023572,18997.796784042315,267.45426298125676,1.3882729185746983,3045453.8828236554
2024-04-29,18766.72472502105,18499.011343159647,267.713381861402,1.4265322574080743,3045721.5962055167
2024-04-30,18294.331353498623,18025.924902745923,268.40645075270004,1.4671563861303396,3045990.0026562694
2024-05-01,17845.700916470494,17534.38104626404,311.31987020645465,1.7445090650327184,3046301.322526476
2024-05-02,17418.61983209243,17105.321945649644,313.29788644278597,1.7986378338974904,3046614.6204129187
2024-05-03,17010.114016870968,16691.452676360568,318.6613405103999,1.8733639303907386,3046933.281753429
2024-05-04,16616.689353690483,16290.618692705479,326.070660985004,1.9623082194323225,3047259.3524144143
2024-05-05,16238.666211063974,15904.245684079897,334.4205269840768,2.0594088371385104,3047593.7729413984
2024-05-06,15876.215990805067,15537.371298305761,338.8446924993059,2.134291273786855,3047932.617633898
2024-05-07,15526.04246933572,15182.787191481866,343.25527785385384,2.2108356236419593,3048275.8729117517
2024-05-08,15188.738986480981,14841.59452149605,347.1444649849309,2.2855384195746153,3048623.0173767367
2024-05-09,14867.935797885992,14515.165733792424,352.77006409356727,2.3726902570007478,3048975.7874408304
2024-05-10,14560.305245786905,14203.113428687748,357.19181709915756,2.4531890717230174,3049332.9792579296
2024-05-11,14262.856961976737,13900.203522143025,362.6534398337117,2.5426423387720094,3049695.6326977634
2024-05-12,13973.841169260442,13607.914516875126,365.92665238531663,2.618654727450885,3050061.559350149
2024-05-13,13694.499069967773,13322.684499946494,371.814570021279,2.7150651376264907,3050433.37392017
2024-05-14,13423.842273753602,13047.609737176519,376.232536577083,2.802718691895656,3050809.6064567473
2024-05-15,13161.473007555585,12780.663339901786,380.8096676537989,2.8933666272398852,3051190.416124401
2024-05-16,12907.727164341602,12524.159132860206,383.56803148139625,2.9716155803248365,3051573.9841558826
2024-05-17,12663.22743633017,12276.44455056179,386.78288576837986,3.054378417453982,3051960.767041651
2024-05-18,12426.592940809205,12036.270654364094,390.3222864451109,3.1410241592712342,3052351.0893280962
2024-05-19,12197.641843841411,11803.830819486246,393.8110243551655,3.228583273692371,3052744.9003524515
2024-05-20,11975.285934053361,11579.976415639814,395.30951841354727,3.3010445060808995,3053140.209870865
2024-05-21,11759.835421265103,11363.73227108929,396.1031501758134,3.368271204370319,3053536.313021041
2024-05-22,11551.160851108842,11153.930327957101,397.2305231517403,3.438879678604844,3053933.543544193
2024-05-23,11349.841064248234,10950.73582903722,399.1052352110146,3.516394925283913,3054332.648779404
2024-05-24,11155.531670137309,10753.934823699832,401.5968464374764,3.5999794390125497,3054734.2456258414
2024-05-25,10967.926437135786,10563.916130382173,404.0103067536129,3.6835614194647897,3055138.255932595
2024-05-26,10786.32754711248,10378.734008718819,407.5935383936612,3.7787980813059474,3055545.849470989
2024-05-27,10609.226342353038,10199.082154285234,410.14418806780486,3.8659198591180046,3055955.9936590567
2024-05-28,10436.817286527716,10024.634096973647,412.18318955406903,3.949318822378279,3056368.176848611
2024-05-29,10268.912707124371,9854.405107656565,414.50759946780636,4.036528611059563,3056782.6844480787
2024-05-30,10106.005237326492,9688.627107075486,417.37813025100513,4.130001127541678,3057200.06257833
2024-05-31,9948.022302093916,9527.77739515768,420.24490693623557,4.224406562174474,3057620.307485266
2024-06-01,9794.758308942895,9237.91582382657,556.8424851163254,5.685106947538586,3058177.1499703825
2024-06-02,9646.042740577366,9075.400408936668,570.6423316406981,5.9158179886578255,3058747.792302023
2024-06-03,9501.397555855103,8920.044680016119,581.3528758389839,6.118603841397347,3059329.145177862
2024-06-04,9361.364467020612,8766.302087276712,595.0623797439002,6.356577418177238,3059924.207557606
2024-06-05,9225.770746330265,8618.823939762082,606.9468065681831,6.578819518245761,3060531.154364174
2024-06-06,9093.473578620702,8474.52025678661,618.9533218340912,6.806566451012595,3061150.1076860083
2024-06-07,8963.944230502937,8337.354679004526,626.5895514984113,6.990109882279527,3061776.6972375065
2024-06-08,8837.185705860145,8202.144024363257,635.0416814968885,7.186017162407003,3062411.7389190034
2024-06-09,8713.072829422541,8058.202102726794,654.8707266957472,7.515956075615045,3063066.609645699
2024-06-10,8592.132611425593,7927.501204878793,664.6314065468005,7.735348563673132,3063731.2410522457
2024-06-11,8474.09061870561,7803.508539625679,670.5820790799307,7.913322021830821,3064401.8231313257
2024-06-12,8358.818156596273,7682.7762528446065,676.0419037516667,8.087769001388976,3065077.865035077
2024-06-13,8246.533197086072,7562.915652011058,683.6175450750134,8.2897567830876,3065761.482580152
2024-06-14,8137.234790364979,7448.3694543691845,688.8653359957943,8.465594931726146,3066450.3479161477
2024-06-15,8030.624482872896,7337.598125169289,693.0263577036067,8.629794098598937,3067143.374273851
2024-06-16,7926.240373546025,7229.646775951146,696.5935975948787,8.788449059907052,3067839.9678714457
2024-06-17,7823.743710202631,7123.585670249074,700.1580399535569,8.949143349883878,3068540.1259113993
2024-06-18,7723.447368287714,7018.227243401811,705.2201248859028,9.130898305613105,3069245.346036285
2024-06-19,7625.7645440869965,6912.080373557986,713.6841705290108,9.358854006086514,3069959.030206814
2024-06-20,7530.206045379862,6811.862381969581,718.3436634102809,9.5394954544573,3070677.373870224
2024-06-21,7436.427028687438,6706.096542932794,730.3304857546436,9.820986381460536,3071407.704355979
2024-06-22,7344.156167389825,6605.774977332449,738.3811900573755,10.05399630982796,3072146.0855460363
2024-06-23,7253.652124315733,6510.828263663224,742.8238606525092,10.24068769664885,3072888.9094066885
2024-06-24,7165.028535279911,6419.22223338648,745.8063018934308,10.4089788089629,3073634.7157085817
2024-06-25,7078.099948703544,6328.274806639648,749.8251420638962,10.59359358440873,3074384.5408506454
2024-06-26,6992.81488194922,6239.016448448182,753.7984335010378,10.779613735333424,3075138.339284146
2024-06-27,6909.43730676407,6152.552550564057,756.8847562000128,10.95436173158489,3075895.224040346
2024-06-28,6827.660734219011,6067.228180456211,760.4325537628001,11.13752694171883,3076655.656594109
2024-06-29,6747.302507573739,5983.871010950304,763.4314966234351,11.314617890134548,3077419.088090732
2024-06-30,6668.944481965853,5903.0757899992195,765.8686919666334,11.48410657845022,3078184.9567826986
2024-07-01,6593.5148043814115,5501.153129390678,1092.3616749907333,16.567213502953773,3079277.318457689
2024-07-02,6520.033764817519,5404.143926802794,1115.8898380147248,17.11478618463805,3080393.208295704
2024-07-03,6447.842941684648,5313.110807978087,1134.7321337065614,17.59863172799439,3081527.9404294104
2024-07-04,6376.649427458877,5227.205656438139,1149.4437710207376,18.02582663665103,3082677.384200431
2024-07-05,6306.66982398578,5144.372242160612,1162.297581825168,18.429656447284923,3083839.681782256
2024-07-06,6237.997826184612,5064.718605404724,1173.2792207798875,18.808586560497538,3085012.961003036
2024-07-07,6170.701260007452,4986.946848511933,1183.754411495519,19.183466539977815,3086196.715414531
2024-07-08,6104.484684351832,4912.731430449295,1191.753253902537,19.522585697650516,3087388.4686684334
2024-07-09,6039.598702243529,4840.46822365141,1199.1304785921193,19.854472750758728,3088587.5991470255
2024-07-10,5975.912456780672,4768.854703530208,1207.057753250464,20.198718806211012,3089794.656900276
2024-07-11,5913.448376461165,4697.264755505607,1216.1836209555577,20.56640294344412,3091010.8405212313
2024-07-12,5852.199769745348,4628.873069893806,1223.326699851542,20.903707118405045,3092234.167221083
2024-07-13,5792.070015375037,4558.88985060994,1233.1801647650964,21.29083663511702,3093467.347385848
2024-07-14,5732.772617126349,4493.872621158608,1238.8999959677412,21.610834385208204,3094706.2473818157
2024-07-15,5674.375911358977,4430.42418193771,1243.9517294212665,21.922265088767233,3095950.1991112367
2024-07-16,5616.838557107607,4354.383180769863,1262.4553763377435,22.47626246512318,3097212.6544875745
2024-07-17,5560.0327753960155,4289.048667216445,1270.9841081795703,22.85929165388857,3098483.638595754
2024-07-18,5504.0172314073425,4228.5418858195235,1275.475345587819,23.17353474675965,3099759.1139413416
2024-07-19,5448.941619459307,4168.855447513754,1280.0861719455525,23.4923818485061,3101039.200113287
2024-07-20,5394.610723842401,4108.523808180126,1286.0869156622748,23.84021723714363,3102325.2870289492
2024-07-21,5340.94900371274,4050.8975972116505,1290.0514065010893,24.153973490559732,3103615.33843545
2024-07-22,5288.069111463614,3994.121704702503,1293.9474067611109,24.46918486666632,3104909.285842211
2024-07-23,5235.893127918709,3938.1670066833076,1297.7261212354015,24.78519117045564,3106207.011963446
2024-07-24,5184.480482810643,3880.197000922407,1304.2834818882357,25.157457651015196,3107511.295445334
2024-07-25,5133.710219067987,3824.723767370223,1308.986451697764,25.497864036731848,3108820.2818970317
2024-07-26,5083.567195719108,3771.0949628707067,1312.4722328484013,25.81793811939064,3110132.75412988
2024-07-27,5034.823223941028,3719.021103578624,1315.802120362404,26.134028184061137,3111448.5562502425
2024-07-28,4987.376931141131,3668.317784699616,1319.0591464415147,26.447953797222002,3112767.615396684
2024-07-29,4940.978156532859,3617.053215826866,1323.9249407059933,26.794794446834924,3114091.54033739
2024-07-30,4895.505314725451,3558.2109799755317,1337.2943347499195,27.31677832577161,3115428.8346721395
2024-07-31,4851.133109630318,3510.2187053291173,1340.914404301201,27.64126182477367,3116769.7490764405
2024-08-01,4807.766240714584,3655.6141777908983,1152.1520629236852,23.964394382711077,3117921.901139364
2024-08-02,4765.084354249295,3613.263738497821,1151.8206157514737,24.17209287647406,3119073.721755116
2024-08-03,4723.041686048266,3571.311634164033,1151.7300518842326,24.385345894498695,3120225.451807
2024-08-04,4681.532065157313,3529.860678177522,1151.671386979791,24.600309705260802,3121377.12319398
2024-08-05,4640.4399419389665,3488.5359199561267,1151.9040219828398,24.823164105029385,3122529.027215963
2024-08-06,4599.868860426359,3445.731863164305,1154.1369972620537,25.09065002246776,3123683.1642132252
2024-08-07,4560.194303798024,3405.8836371018174,1154.3106666962062,25.31275182144809,3124837.4748799214
2024-08-08,4520.951753654284,3366.316339129777,1154.6354145245073,25.539653538466002,3125992.110294446
2024-08-09,4482.09348711255,3327.121009398447,1154.9724777141032,25.76859409637523,3127147.08277216
2024-08-10,4443.698569758562,3288.0012745575136,1155.6972952010487,26.00755377662443,3128302.780067361
2024-08-11,4405.697936085286,3247.4785547253764,1158.2193813599092,26.289123724833786,3129460.999448721
2024-08-12,4368.206988526508,3209.5069591495762,1158.700029376932,26.525758335636628,3130619.6994780977
2024-08-13,4331.308053120971,3171.849820941649,1159.4582321793218,26.769239637523857,3131779.157710277
2024-08-14,4294.83863877831,3134.5465977482586,1160.2920410300517,27.015963546423315,3132939.4497513073
2024-08-15,4258.861530078575,3097.3612404439687,1161.5002896346064,27.272553508288798,3134100.950040942
2024-08-16,4223.257267228328,3060.6365039047873,1162.6207633235404,27.529006398574296,3135263.570804266
2024-08-17,4188.072843497386,3024.513520481493,1163.5593230158934,27.7826906669614,3136427.130127282
2024-08-18,4153.272647077916,2988.945145335942,1164.3275017419742,28.03397707494957,3137591.457629024
2024-08-19,4118.906269107014,2953.81007535682,1165.0961937501938,28.28654301965431,3138756.5538227744
2024-08-20,4085.109741552733,2918.9913328706375,1166.1184086820954,28.545583410419194,3139922.6722314567
2024-08-21,4051.6358607867733,2884.497522948039,1167.138337838734,28.80659511222935,3141089.8105692957
2024-08-22,4018.4745967732742,2850.333909840518,1168.1406869327561,29.069256475348666,3142257.9512562286
2024-08-23,3985.633974884404,2816.60614242983,1169.0278324545739,29.331038420016466,3143426.979088683
2024-08-24,3953.199824852636,2783.4661039064727,1169.7337209461634,29.589541960221243,3144596.7128096293
2024-08-25,3921.2187199383043,2750.7275374615188,1170.4911824767855,29.850188578493825,3145767.203992106
2024-08-26,3889.627773483284,2718.2939886748413,1171.3337848084425,30.11428992752888,3146938.5377769144
2024-08-27,3858.3313441779464,2686.1645458058542,1172.1667983720922,30.380148665584173,3148110.7045752867
2024-08-28,3827.318395052338,2654.3345383475157,1172.9838567048223,30.647668566617437,3149283.6884319917
2024-08-29,3796.5690492542926,2619.755211253147,1176.8138380011455,30.996771630751475,3150460.502269993
2024-08-30,3766.1139765735716,2588.4828732451047,1177.631103328467,31.269130744680258,3151638.1333733215
2024-08-31,3735.982184065506,2557.6197381380102,1178.3624459274956,31.54090110368777,3152816.495819249
2024-09-01,3706.096301981248,2736.0869655716915,970.0093364095565,26.17334406261914,3153786.505155659
2024-09-02,3676.488653796725,2710.7782228361566,965.7104309605684,26.267194649527216,3154752.2155866195
2024-09-03,3647.1684796912596,2685.1808715684556,961.987608122804,26.376286521434245,3155714.203194742
2024-09-04,3618.186326634139,2659.5717717547186,958.6145548794202,26.494339106388225,3156672.8177496213
2024-09-05,3589.6175049373414,2634.021975535269,955.5955294020723,26.62109620559009,3157628.4132790235
2024-09-06,3561.4114533553366,2608.434119133114,952.9773342222225,26.758417181041732,3158581.390613246
2024-09-07,3533.4880733019672,2582.8560283543293,950.632044947638,26.903502296508197,3159532.0226581935
2024-09-08,3505.9172745058313,2557.4257220263344,948.4915524794969,27.05401976757108,3160480.514210673
2024-09-09,3478.740796318045,2532.210824373945,946.5299719441,27.20898242680002,3161427.044182617
2024-09-10,3452.0492874977645,2507.6088900850837,944.4403974126808,27.358832935356585,3162371.4845800297
2024-09-11,3425.816308693029,2483.2213044265036,942.5950042665254,27.514464271615648,3163314.0795842963
2024-09-12,3400.145201737527,2459.1238124483016,941.0213892892252,27.6759177463465,3164255.1009735856
2024-09-13,3374.7525886930525,2435.1519762513444,939.6006124417081,27.84205916575322,3165194.701586027
2024-09-14,3349.61186207016,2411.3029624836736,938.3088995864864,28.012466465490228,3166133.0104856137
2024-09-15,3324.668713695137,2387.559374130632,937.1093395645048,28.18654790188022,3167070.1198251783
2024-09-16,3299.918161564041,2364.0622698667676,935.8558916972734,28.359972759255093,3168005.9757168754
2024-09-17,3275.350872606039,2340.7873451566074,934.5635274494316,28.533233958713083,3168940.539244325
2024-09-18,3251.0112228284124,2317.709958454895,933.3012643735174,28.708029606909076,3169873.8405086985
2024-09-19,3226.9512262956705,2294.9949270268653,931.9562992688052,28.880396197950294,3170805.796807967
2024-09-20,3203.175788674038,2272.5199633707043,930.6558253033336,29.05416020544351,3171736.4526332705
2024-09-21,3179.7877636456396,2250.3073238961615,929.4804397494781,29.2308955451739,3172665.93307302
2024-09-22,3156.7640810576268,2228.3145596166823,928.4495214409444,29.411432010778622,3173594.382594461
2024-09-23,3133.924952101661,2206.4786190603145,927.4463330413464,29.59376332287044,3174521.8289275025
2024-09-24,3111.2680967717897,2184.8439026764345,926.4241940953552,29.776418016068774,3175448.2531215977
2024-09-25,3088.80731536611,2163.3524750299503,925.4548403361596,29.961559457989935,3176373.7079619337
2024-09-26,3066.587553861318,2141.9750094258443,924.6125444354739,30.151186887563036,3177298.320506369
2024-09-27,3044.616649330361,2120.8238767644607,923.7927725659001,30.341841977678243,3178222.113278935
2024-09-28,3022.8179458025843,2099.9543146917813,922.863631110803,30.529911084862725,3179144.976910046
2024-09-29,3001.1742245762143,2079.120202218949,922.0540223572652,30.72310880210446,3180067.030932403
2024-09-30,2979.721835762495,2057.190541098894,922.5312946636013,30.96031594598596,3180989.5622270666
